id;name;geb;gebmwhg;whg;wgeb;ntz;wgeb_1whg;wgeb_2whg;wgeb_3pwhg;wgeb_gem;geb_hotel;geb_buero;geb_handel;geb_verkehr;geb_indust;geb_kultur;geb_sonst;geb_unbekannt;bp_vor1919;bp_1919b1944;bp_1945b1960;bp_1961b1970;bp_1971b1980;bp_1981b1990;bp_1991b2000;bp_2001b2005;bp_2006b2010;bp_2011b2015;bp_2016b2020;bp_2021b2025;bp_unbekannt;gfl_lt50;gfl_50b74;gfl_75b99;gfl_100b149;gfl_150b249;gfl_250b499;gfl_500b999;gfl_ge1000;gfl_unbekannt;rwg_01b02;rwg_03b10;rwg_11b20;rwg_21p;rwg_gem;wgnn_01b02;wgnn_03b10;wgnn_11b20;wgnn_21p;wgnn_gem;nwg_01b02;nwg_03b10;nwg_11b20;nwg_21p;nwg_gem;nwg_unbekannt;nurhws;nurnws;hwsnws;ohnews;whg1wfl_lt60;whg1wfl_60b89;whg1wfl_90b119;whg1wfl_120b149;whg1wfl_150b199;whg1wfl_ge200;whg2wfl_lt120;whg2wfl_120b149;whg2wfl_150b199;whg2wfl_200b249;whg2wfl_250b299;whg2wfl_ge300;whg3pwfl_lt200;whg3pwfl_200b299;whg3pwfl_300b499;whg3pwfl_500b799;whg3pwfl_800b1499;whg3pwfl_ge1500
10101;Eisenstadt;4444;3909;9838;3740;10795;2988;221;501;30;43;141;119;7;116;64;120;94;340;269;490;563;480;479;225;181;231;143;263;215;565;112;309;517;1166;1214;665;232;135;94;3200;268;171;47;30;9;6;5;4;0;156;27;3;0;424;94;2361;149;1044;890;64;281;833;1006;531;273;5;16;73;70;36;21;18;38;88;142;162;53
10201;Rust;1624;1268;1589;1230;2026;1109;81;39;1;46;10;18;1;20;7;283;9;152;26;167;247;366;152;51;35;40;34;47;11;296;295;423;121;304;300;122;39;11;9;1188;29;7;0;1;2;3;0;0;0;38;0;0;0;347;9;473;360;184;607;420;150;185;186;104;64;4;11;35;23;5;3;5;7;10;10;7;0
10301;Breitenbrunn am Neusiedler See;1516;1067;1414;1049;2213;917;84;47;1;15;15;8;1;19;15;394;0;82;52;81;94;548;219;131;81;78;68;47;35;0;136;302;167;270;403;200;32;6;0;988;41;4;1;1;13;1;0;0;0;18;1;0;0;448;0;551;206;232;527;70;221;181;223;144;78;8;6;28;29;8;5;3;9;17;13;5;0
10302;Donnerskirchen;1033;897;1196;876;1447;781;59;36;0;12;11;9;0;26;9;75;15;74;37;97;122;171;135;102;41;37;39;34;15;129;70;62;111;273;311;148;33;10;15;836;32;4;0;0;4;0;0;0;0;21;0;0;0;121;15;505;105;195;228;54;171;172;219;116;49;2;5;21;20;8;3;4;1;11;18;2;0
10303;Großhöflein;1028;874;1137;864;1807;749;80;35;0;8;11;6;0;25;11;103;0;46;26;86;118;159;135;103;86;80;84;81;22;2;63;41;75;310;394;117;17;11;0;825;31;3;0;0;4;0;1;0;0;9;1;0;0;154;0;640;24;110;254;25;83;180;280;120;61;3;10;26;25;12;4;0;10;14;9;2;0
10304;Hornstein;2315;2149;2569;2121;3022;2022;54;44;1;8;15;19;1;67;5;71;8;94;147;252;345;554;315;107;85;107;91;73;88;57;207;314;341;610;587;169;51;28;8;2069;34;4;5;1;7;0;1;0;0;25;2;1;0;158;8;1038;305;192;780;425;463;411;405;220;98;2;10;23;11;5;3;6;4;12;12;6;4
10305;Klingenbach;575;527;680;521;837;489;8;23;1;4;7;3;0;6;7;27;0;62;56;74;83;81;52;55;28;26;20;24;12;2;14;24;43;190;220;71;8;5;0;496;21;2;0;1;1;0;0;0;0;6;0;0;0;48;0;302;38;122;113;28;77;141;142;66;35;0;2;4;2;0;0;2;0;6;12;3;0
10306;Leithaprodersdorf;584;498;560;490;779;463;21;6;0;4;6;5;0;20;7;52;0;16;17;37;75;81;64;67;37;60;49;41;40;0;19;15;25;112;251;96;45;21;0;482;5;1;0;0;2;0;0;0;0;7;1;0;0;86;0;333;11;111;129;9;29;89;141;115;80;0;1;1;12;3;4;0;0;2;4;0;0
10307;Mörbisch am See;1341;1048;1436;1009;2390;810;145;54;0;45;13;19;2;116;11;126;0;78;88;158;163;226;163;127;97;76;53;59;53;0;59;64;116;315;439;281;58;9;0;949;49;4;0;0;6;1;0;0;0;37;2;0;0;293;0;639;86;188;428;44;134;176;226;149;81;7;14;45;39;26;14;5;15;22;9;3;0
10308;Müllendorf;722;666;792;659;1010;630;12;17;0;3;5;5;1;22;4;22;1;76;37;61;84;103;57;61;52;43;49;40;58;1;12;13;81;208;271;82;23;31;1;640;14;2;0;0;2;1;0;0;0;4;3;0;0;55;1;473;26;79;144;22;103;184;186;89;46;0;2;6;0;3;1;0;1;9;5;2;0
10309;Neufeld an der Leitha;1589;1437;2332;1404;2642;1270;43;88;3;15;17;21;1;28;9;90;4;69;89;168;258;282;210;148;91;47;104;94;25;4;230;159;251;437;342;108;37;21;4;1308;45;33;5;3;5;2;3;0;0;30;3;0;0;148;4;714;224;221;430;261;214;290;242;170;93;1;3;12;14;9;4;6;13;10;29;26;4
10310;Oggau am Neusiedler See;1055;814;1083;806;1419;680;97;29;0;9;7;9;0;13;7;202;2;73;51;107;93;190;198;101;69;51;38;56;24;4;139;58;92;241;368;129;21;5;2;776;25;4;0;0;1;0;0;0;0;8;0;0;0;239;2;519;153;155;228;40;101;178;207;109;45;6;14;35;31;9;2;3;8;7;7;4;0
10311;Oslip;690;634;735;623;904;584;26;13;0;5;7;1;0;20;4;30;0;99;37;68;75;92;78;93;25;33;27;36;26;1;18;25;65;170;315;89;5;3;0;608;13;0;0;0;2;0;0;0;0;11;0;0;0;56;0;363;57;153;117;37;87;142;217;65;36;2;3;10;6;5;0;1;1;2;7;2;0
10312;Purbach am Neusiedler See;1675;1400;2099;1355;3059;1167;141;46;1;41;12;19;0;48;13;185;2;98;57;174;171;258;186;150;122;99;112;125;117;6;117;75;186;410;605;215;56;9;2;1298;36;7;1;1;10;0;2;0;0;40;5;1;0;272;2;854;114;266;441;59;174;306;389;176;63;10;22;40;40;21;8;6;9;12;9;9;1
10313;Sankt Margarethen im Burgenland;1692;1360;1586;1336;2417;1204;109;21;2;17;12;18;0;46;20;242;1;164;93;196;197;262;205;163;119;63;47;84;95;4;142;75;210;443;577;190;48;6;1;1301;18;1;1;2;12;1;0;0;0;26;0;0;0;329;1;920;89;210;473;51;185;328;398;174;68;4;13;43;31;13;5;5;7;4;4;1;0
10314;Schützen am Gebirge;743;636;732;629;1019;574;46;9;0;11;8;5;3;20;6;61;0;47;32;64;107;129;83;75;45;30;29;46;56;0;35;39;78;191;268;103;25;4;0;616;8;1;0;0;4;0;0;0;0;7;0;0;0;107;0;408;23;139;173;25;72;127;178;109;63;2;5;14;13;7;5;1;1;5;1;1;0
10315;Siegendorf;1540;1244;1630;1231;2361;1119;54;57;1;9;20;15;3;57;8;194;3;90;107;206;193;185;116;113;106;119;91;139;45;30;143;63;132;396;577;164;36;26;3;1168;51;3;0;1;5;1;1;1;0;12;1;1;0;292;3;826;58;276;380;25;139;310;372;196;77;5;9;17;15;4;4;4;5;28;14;6;0
10316;Steinbrunn;2011;1931;2160;1923;2280;1887;10;26;0;2;4;14;1;23;7;21;16;37;51;109;281;556;218;128;134;285;63;94;13;42;291;481;276;428;311;118;67;23;16;1895;19;5;0;0;2;2;0;0;0;7;1;0;0;64;16;872;281;246;612;619;397;322;282;194;73;0;1;4;1;3;1;1;2;4;10;9;0
10317;Trausdorf an der Wulka;1466;1356;1542;1347;1934;1278;47;21;1;11;6;1;0;20;7;74;0;59;43;52;100;469;344;88;59;95;70;44;41;2;62;151;264;436;393;137;17;6;0;1324;17;4;0;1;1;0;0;0;0;8;2;0;0;109;0;660;216;221;369;117;353;342;299;119;48;3;5;14;12;9;4;1;2;7;8;3;0
10318;Wimpassing an der Leitha;906;699;885;694;1203;630;34;29;1;4;2;1;2;11;6;174;12;27;22;49;44;69;239;105;66;65;84;94;10;32;166;83;128;247;215;45;7;3;12;660;27;0;0;1;4;2;0;0;0;5;0;0;0;195;12;475;51;134;246;42;95;181;168;87;57;2;8;11;10;2;1;2;8;8;8;3;0
10319;Wulkaprodersdorf;956;838;967;827;1183;758;55;14;0;5;8;8;4;18;12;72;2;64;68;96;134;147;123;79;81;35;42;44;38;5;38;36;66;248;400;128;25;13;2;809;14;0;0;0;4;0;0;0;0;11;0;0;0;116;2;544;36;181;195;11;84;170;291;139;63;2;6;21;14;11;1;1;4;3;6;0;0
10320;Loretto;358;332;368;327;506;312;11;4;0;1;2;2;0;10;4;11;1;27;3;13;81;79;41;40;18;19;12;15;8;2;41;62;43;80;94;28;6;3;1;322;4;0;0;0;1;0;0;0;0;4;1;0;0;25;1;177;47;44;90;75;63;55;78;29;12;0;1;4;3;0;3;0;0;2;2;0;0
10321;Stotzing;391;358;432;354;608;312;35;7;0;0;4;2;0;1;3;27;0;12;17;14;52;88;64;36;47;14;20;12;13;2;15;15;33;118;168;35;7;0;0;347;7;0;0;0;0;0;0;0;0;4;0;0;0;33;0;227;16;87;61;17;43;68;114;50;20;0;3;11;12;5;4;0;1;3;2;0;1
10322;Zillingtal;565;524;643;518;703;481;29;8;0;2;5;3;1;3;5;26;2;30;23;49;101;78;71;86;47;26;16;28;8;2;43;62;57;188;148;43;18;4;2;510;2;6;0;0;0;0;0;0;0;6;0;0;0;39;2;277;53;102;133;76;108;83;144;39;31;2;2;14;4;3;4;0;2;0;0;6;0
10323;Zagersdorf;519;462;558;455;713;420;16;18;1;3;3;3;1;17;3;34;0;17;36;57;60;78;61;33;41;24;41;50;19;2;21;21;31;128;215;87;14;2;0;430;18;0;0;1;6;0;0;0;0;7;0;0;0;57;0;273;18;135;93;12;53;109;133;83;30;0;1;4;7;3;1;0;1;9;7;1;0
10401;Bocksdorf;461;385;462;381;619;341;27;13;0;1;2;2;0;18;9;48;0;49;35;33;29;88;70;34;31;11;20;40;21;0;21;15;30;131;172;78;10;4;0;368;12;1;0;0;0;0;0;0;0;3;1;0;0;76;0;259;33;46;123;10;73;110;95;33;20;1;0;6;6;9;5;0;0;11;2;0;0
10402;Burgauberg-Neudauberg;672;569;721;558;1263;460;77;20;1;9;8;1;1;26;4;65;0;103;37;43;28;78;79;85;61;39;38;27;54;0;32;32;19;140;268;145;29;7;0;535;19;0;0;1;2;1;0;0;0;7;4;0;0;103;0;332;38;154;148;13;51;109;169;72;46;0;2;23;29;10;13;0;8;11;1;0;0
10403;Eberau;616;560;627;550;755;519;14;15;2;10;5;5;0;10;6;28;2;72;87;56;51;79;52;38;26;23;15;27;17;73;35;61;60;171;195;74;10;8;2;533;14;0;0;2;0;1;0;0;0;12;0;0;0;52;2;236;95;137;148;59;104;111;147;73;25;1;0;0;6;5;2;2;2;11;0;0;0
10404;Gerersdorf-Sulz;579;504;547;497;762;470;21;6;0;1;4;2;0;12;5;58;0;47;61;51;61;84;79;68;30;27;23;25;20;3;23;27;42;153;217;100;15;2;0;487;6;0;0;0;4;0;0;0;0;7;0;0;0;75;0;302;42;122;113;17;78;132;140;71;32;1;2;1;5;9;3;0;1;5;0;0;0
10405;Güssing;1534;1332;2175;1284;2572;1123;73;82;6;10;28;39;2;70;21;65;15;161;89;171;206;281;179;168;68;95;40;32;29;15;46;57;116;466;559;189;50;36;15;1191;55;15;4;6;5;6;2;0;0;36;9;1;2;187;15;720;73;405;336;48;168;307;372;152;76;5;16;18;16;14;4;5;12;25;19;17;4
10406;Güttenbach;430;412;445;403;553;389;9;4;1;1;2;6;0;7;5;5;1;3;21;108;80;72;61;32;8;7;16;12;9;1;3;11;64;147;158;38;6;2;1;397;4;0;0;1;1;0;0;0;0;10;0;0;0;16;1;206;26;126;72;7;151;112;83;26;10;0;0;7;2;0;0;0;0;3;1;0;0
10407;Heiligenbrunn;517;401;463;395;619;360;25;10;0;3;1;1;0;3;16;98;0;94;86;60;27;69;67;49;29;12;9;5;10;0;78;16;35;156;165;57;10;0;0;385;9;1;0;0;0;0;0;0;0;6;0;0;0;116;0;224;52;73;168;16;79;90;102;45;28;2;1;9;7;4;2;0;3;6;1;0;0
10408;Kukmirn;988;904;1072;892;1381;801;60;29;2;10;4;4;0;14;10;54;0;78;79;82;110;173;133;80;66;58;41;37;49;2;30;26;43;237;365;225;54;8;0;848;27;1;0;2;13;1;0;0;0;13;0;0;0;83;0;569;71;155;193;30;131;183;268;121;68;4;6;9;22;9;10;0;3;23;2;1;0
10409;Neuberg im Burgenland;537;496;571;495;631;453;32;10;0;0;2;5;0;5;6;24;0;20;53;101;61;81;69;42;26;21;12;20;31;0;19;17;48;184;208;55;6;0;0;485;9;1;0;0;0;0;0;0;0;1;0;0;0;41;0;258;51;122;106;21;88;145;136;37;26;3;3;13;10;2;1;0;1;8;1;0;0
10410;Neustift bei Güssing;271;258;291;253;311;241;7;5;0;2;3;2;0;3;3;4;1;59;14;26;31;48;43;18;11;9;3;4;1;4;8;11;15;92;100;42;2;0;1;248;5;0;0;0;0;0;0;0;0;4;1;0;0;12;1;137;27;57;50;25;71;62;60;17;6;0;0;0;6;1;0;0;1;3;1;0;0
10411;Olbendorf;791;750;837;743;1002;704;22;16;1;6;5;2;0;11;6;17;1;83;69;103;93;119;109;54;37;43;25;29;21;6;14;24;99;250;262;132;8;1;1;723;16;0;0;1;3;0;0;0;0;6;2;0;0;39;1;422;69;161;139;48;172;204;169;67;44;3;0;11;4;2;2;0;2;14;0;0;0
10412;Ollersdorf im Burgenland;516;462;539;456;784;408;36;11;1;4;3;4;0;13;3;33;0;42;29;44;60;88;63;54;29;22;40;26;19;0;13;15;36;153;191;94;13;1;0;443;11;0;0;1;1;0;0;0;0;7;0;0;0;53;0;255;43;131;87;17;62;106;122;73;28;1;3;15;7;5;5;0;6;3;2;0;0
10413;Sankt Michael im Burgenland;582;499;597;482;798;446;20;16;0;8;8;6;0;17;8;53;0;67;34;80;84;87;56;48;21;23;13;33;35;1;18;24;54;169;199;89;17;12;0;465;16;0;0;0;1;0;0;0;0;15;2;0;0;83;0;264;50;141;127;13;77;110;152;68;26;0;2;5;4;6;3;2;1;8;5;0;0
10414;Stegersbach;1341;1202;1690;1153;2276;999;84;67;3;13;24;37;2;40;14;53;5;137;102;202;168;178;106;84;81;42;77;70;34;60;30;63;88;385;444;265;41;20;5;1079;54;2;1;3;4;8;2;0;0;46;3;0;0;134;5;708;85;263;285;35;243;292;278;105;46;6;15;22;24;13;4;4;13;20;26;3;1
10415;Stinatz;635;588;630;577;776;551;21;5;0;5;4;2;0;4;8;35;0;54;32;90;101;99;74;61;24;20;30;17;9;24;19;15;60;200;255;76;8;2;0;572;5;0;0;0;0;0;0;0;0;10;1;0;0;47;0;299;66;150;120;39;109;151;165;64;23;3;1;8;6;3;0;0;0;5;0;0;0
10416;Strem;713;585;687;584;848;550;10;17;7;2;2;3;1;13;12;96;0;34;44;48;159;118;75;40;31;17;25;55;66;1;52;85;146;156;201;53;12;8;0;557;16;0;0;7;3;1;0;0;0;5;1;0;0;123;0;264;41;75;333;57;120;79;51;63;180;1;0;0;1;0;8;1;2;9;5;0;0
10417;Tobaj;725;644;755;631;980;563;50;16;2;8;4;5;3;17;7;50;0;45;47;85;86;88;78;74;70;45;29;54;23;1;23;27;49;203;267;127;24;5;0;613;16;0;0;2;0;0;0;0;0;12;2;0;0;80;0;417;43;104;161;17;88;146;171;90;51;0;2;10;13;16;9;0;1;14;1;0;0
10418;Hackerberg;205;186;212;185;292;172;7;6;0;0;0;0;0;3;2;15;0;26;18;20;12;31;25;15;20;12;6;14;6;0;7;5;11;48;82;48;4;0;0;178;5;0;0;0;1;1;0;0;0;1;0;0;0;19;0;132;16;22;35;8;35;29;53;38;9;0;1;1;2;2;1;1;1;4;0;0;0
10419;Wörterberg;251;228;245;228;288;222;1;4;1;2;2;1;0;0;1;17;0;32;19;18;19;43;33;35;18;13;9;7;4;1;8;11;23;53;90;58;8;0;0;221;4;0;0;1;2;0;0;0;0;0;0;0;0;23;0;131;18;50;52;11;34;50;64;36;27;0;0;1;0;0;0;0;2;2;0;0;0
10420;Großmürbisch;150;143;152;140;164;138;1;1;0;2;1;0;0;1;1;5;0;29;12;28;12;18;21;12;7;5;2;3;1;0;6;4;10;53;56;18;3;0;0;139;1;0;0;0;0;0;0;0;0;3;0;0;0;7;0;57;18;47;28;13;32;32;36;19;6;0;0;0;1;0;0;0;0;0;1;0;0
10421;Inzenhof;211;188;208;185;240;173;9;3;0;1;2;0;0;4;2;15;2;44;15;32;21;24;22;21;5;14;1;2;8;2;12;18;28;60;61;29;1;0;2;182;3;0;0;0;0;0;0;0;0;2;1;0;0;21;2;90;34;51;36;26;42;50;35;11;9;1;1;2;4;1;0;0;2;1;0;0;0
10422;Kleinmürbisch;125;120;129;120;142;114;4;2;0;0;0;0;0;1;0;4;0;17;4;8;18;21;17;14;11;11;0;4;0;0;4;6;12;49;42;12;0;0;0;118;2;0;0;0;0;0;0;0;0;0;0;0;0;5;0;69;14;27;15;5;13;35;38;18;5;0;0;0;2;1;1;0;1;1;0;0;0
10423;Tschanigraben;52;50;52;50;54;48;2;0;0;0;0;0;0;0;0;2;0;8;1;10;2;7;9;1;4;2;2;5;1;0;1;4;4;20;18;4;0;1;0;50;0;0;0;0;0;0;0;0;0;0;0;0;0;2;0;24;14;9;5;5;7;18;13;2;3;1;0;1;0;0;0;0;0;0;0;0;0
10424;Heugraben;150;128;137;127;184;122;3;2;0;1;1;0;0;1;1;19;0;11;12;13;16;15;22;15;8;4;14;12;8;0;7;8;6;47;60;21;1;0;0;125;2;0;0;0;0;0;0;0;0;1;0;0;0;22;0;60;15;37;38;3;29;33;36;14;7;0;1;1;0;0;1;0;0;2;0;0;0
10425;Rohr im Burgenland;240;203;222;202;312;185;15;2;0;1;4;2;0;6;1;24;0;39;15;9;7;35;33;29;9;11;22;18;13;0;16;14;15;65;80;46;4;0;0;200;1;0;0;0;0;1;0;0;0;1;0;0;0;37;0;118;23;38;61;10;44;54;38;23;16;1;1;3;8;1;1;0;1;1;0;0;0
10426;Bildein;191;177;188;177;202;174;1;2;0;0;1;0;0;4;1;8;0;43;33;25;22;24;10;12;4;7;5;4;2;0;7;11;21;83;56;11;2;0;0;175;2;0;0;0;0;0;0;0;0;0;0;0;0;14;0;85;21;49;36;6;47;48;40;20;13;1;0;0;0;0;0;0;0;2;0;0;0
10427;Rauchwart;340;288;330;284;450;265;11;8;0;4;0;1;0;1;6;44;0;43;20;33;22;36;38;20;23;24;17;26;38;0;38;37;27;60;112;57;7;2;0;275;8;0;0;0;1;0;0;0;0;3;1;0;0;52;0;136;41;61;102;25;72;72;51;25;20;0;2;2;5;2;0;1;5;2;0;0;0
10428;Moschendorf;243;194;209;193;279;183;8;2;0;2;3;0;0;0;2;42;1;20;39;75;26;22;26;15;5;8;4;2;0;1;34;18;18;63;69;32;7;1;1;191;2;0;0;0;0;0;0;0;0;1;0;0;0;48;1;110;20;32;81;11;30;44;44;33;21;2;0;0;0;3;3;0;0;2;0;0;0
10501;Deutsch Kaltenbrunn;834;750;926;741;1096;638;81;22;0;2;8;2;0;11;10;59;1;93;23;61;107;133;144;71;47;56;29;26;42;2;29;25;50;239;266;178;36;10;1;713;18;1;0;0;6;3;0;0;0;9;0;0;0;83;1;455;47;177;155;25;100;144;190;113;66;3;10;20;25;13;10;1;2;14;4;1;0
10502;Eltendorf;497;440;532;431;724;391;31;8;1;9;5;2;0;14;9;26;1;101;49;31;41;70;55;55;22;23;13;14;21;2;36;20;25;92;169;128;24;2;1;422;5;1;0;1;0;2;0;0;0;9;0;0;0;56;1;250;32;99;116;57;112;96;68;38;20;0;6;8;7;6;4;0;1;3;4;0;0
10503;Heiligenkreuz im Lafnitztal;749;598;749;582;1132;519;43;19;1;18;12;3;1;27;11;95;0;118;46;85;67;70;90;75;43;24;20;52;57;2;64;39;51;172;222;163;24;14;0;560;17;1;0;1;2;0;1;0;0;15;1;0;0;151;0;333;55;147;214;32;100;157;143;63;24;3;7;11;16;6;0;1;1;12;4;1;0
10504;Jennersdorf;2003;1679;2468;1613;3083;1346;178;86;3;37;33;40;3;53;20;201;3;301;131;188;217;230;262;202;117;67;61;103;120;4;110;70;144;486;621;438;91;40;3;1502;67;11;0;3;22;4;2;2;0;62;5;0;0;320;3;1019;128;363;493;83;258;357;382;170;96;14;22;46;53;22;21;6;14;23;30;12;1
10505;Minihof-Liebau;502;465;567;455;649;390;53;12;0;4;4;3;0;9;4;22;1;141;31;29;27;57;75;65;29;13;12;10;5;8;19;14;40;126;194;91;13;4;1;438;12;0;0;0;5;0;0;0;0;10;0;0;0;36;1;275;41;99;87;32;80;111;107;41;19;6;7;12;20;6;2;1;5;4;2;0;0
10506;Mogersdorf;622;543;666;527;939;479;33;14;1;5;6;3;0;8;8;65;0;103;46;79;53;69;95;48;33;28;32;26;9;1;28;23;32;126;221;176;15;1;0;508;12;2;0;1;4;0;0;0;0;13;3;0;0;79;0;307;58;127;130;30;95;144;124;54;32;2;3;8;9;10;1;1;1;6;6;0;0
10507;Neuhaus am Klausenbach;467;426;493;412;582;384;18;9;1;6;5;3;0;8;8;25;0;120;25;31;34;68;74;39;29;16;18;9;4;0;16;17;32;119;156;102;22;3;0;402;9;0;0;1;0;0;0;0;0;13;2;0;0;40;0;265;36;67;99;25;86;85;107;56;25;0;1;2;7;6;2;1;2;3;3;0;0
10508;Rudersdorf;1090;849;1201;839;1852;683;103;52;1;6;9;7;1;25;8;195;0;101;72;83;115;126;126;126;58;50;35;56;142;0;103;51;91;240;334;199;62;10;0;783;44;4;0;1;3;4;0;0;0;9;2;0;0;240;0;550;38;217;285;12;95;195;239;110;32;0;11;32;34;18;8;1;12;27;6;6;0
10509;Sankt Martin an der Raab;1067;938;1101;920;1555;828;67;25;0;18;10;2;1;13;18;84;1;287;46;57;70;144;130;89;53;75;43;56;16;1;38;32;63;265;373;264;23;8;1;890;22;0;0;0;5;3;0;0;0;17;1;0;0;128;1;562;73;201;231;53;153;205;250;118;49;0;6;10;23;20;8;0;5;19;1;0;0
10510;Weichselbaum;429;386;444;375;549;339;28;7;1;7;3;2;0;14;6;22;0;124;30;17;33;50;58;34;18;22;22;9;11;1;8;27;30;99;146;108;11;0;0;363;7;0;0;1;4;0;0;0;0;11;0;0;0;43;0;233;31;63;102;19;88;92;94;33;13;2;3;8;7;3;5;0;2;4;1;0;0
10511;Königsdorf;393;335;431;328;541;280;31;17;0;2;5;2;0;12;2;40;2;75;14;34;29;58;32;21;21;18;18;17;54;2;25;9;29;70;95;126;36;1;2;310;15;0;0;0;1;2;0;0;0;7;0;0;0;56;2;205;38;64;86;10;57;77;82;37;17;0;1;5;15;6;4;0;2;14;1;0;0
10512;Mühlgraben;194;181;208;177;232;161;14;2;0;2;2;0;0;0;4;9;0;59;5;5;10;18;26;30;18;11;4;6;2;0;9;6;13;44;67;51;4;0;0;174;2;0;0;0;1;0;0;0;0;3;1;0;0;13;0;110;9;35;40;9;40;41;40;21;10;0;0;2;5;5;2;0;0;2;0;0;0
10601;Draßburg;613;569;653;565;827;533;19;11;2;4;5;2;1;4;4;26;2;73;93;90;75;69;56;33;10;28;33;32;19;2;8;23;60;193;258;57;7;5;2;551;11;0;0;2;1;0;0;0;0;5;0;0;0;41;2;322;41;138;112;22;113;144;140;69;45;0;3;7;6;3;0;2;1;6;2;0;0
10602;Forchtenstein;1911;1286;1537;1266;2752;1112;127;25;2;7;6;9;3;51;11;557;1;65;62;162;203;324;228;503;80;86;59;83;54;2;576;70;116;387;550;177;28;6;1;1229;24;0;0;2;10;1;0;0;0;20;1;0;0;623;1;781;200;243;687;106;140;229;338;191;108;2;7;39;43;26;10;0;2;16;7;0;0
10603;Hirm;468;408;567;403;757;365;20;17;1;1;5;1;0;12;4;37;5;44;65;46;44;59;63;28;24;21;20;17;32;5;32;18;50;170;143;33;8;9;5;385;11;4;0;1;0;2;0;0;0;4;1;0;0;55;5;270;14;76;108;20;76;118;98;38;15;3;2;8;6;1;0;0;1;4;8;4;0
10604;Loipersbach im Burgenland;633;548;706;542;924;459;68;15;0;3;6;2;2;17;7;54;0;38;30;73;95;95;67;69;42;21;20;37;46;0;36;25;49;153;268;82;11;9;0;526;14;0;0;0;1;0;0;1;0;6;0;0;0;85;0;353;25;112;143;26;87;97;146;65;38;7;13;21;15;9;3;0;3;7;3;1;1
10605;Marz;1054;862;1061;852;1618;702;125;23;2;7;6;6;1;50;6;126;0;55;65;109;126;146;110;105;48;81;81;88;40;0;62;37;57;190;437;198;49;24;0;823;21;0;0;2;4;2;0;0;0;11;0;0;0;191;0;657;28;114;255;20;85;126;281;137;53;6;16;29;50;15;9;1;13;8;1;0;0
10606;Mattersburg;2669;2419;4188;2335;4832;2043;137;152;3;15;44;80;3;97;33;43;19;140;290;437;352;336;248;200;210;153;92;130;54;27;58;92;227;852;944;305;95;77;19;2164;97;35;9;3;16;5;4;2;0;75;9;0;0;231;19;1604;76;481;508;54;263;475;591;382;278;11;19;48;29;21;9;4;15;26;53;45;9
10607;Neudörfl;2040;1699;2738;1683;3753;1470;76;131;6;14;35;9;2;80;22;193;2;92;75;149;188;287;310;265;132;130;159;183;61;9;221;153;330;567;518;152;58;39;2;1540;89;38;2;6;6;2;0;0;0;17;2;0;0;336;2;1095;100;269;576;150;244;423;407;182;64;4;10;34;13;9;6;2;19;49;33;26;2
10608;Pöttelsdorf;445;304;448;297;844;222;54;21;0;1;9;7;0;42;4;85;0;31;12;30;51;52;27;57;54;52;36;30;12;1;40;18;17;86;147;98;21;18;0;267;18;2;0;0;9;1;0;0;0;7;0;0;0;141;0;188;15;76;166;6;23;45;88;45;15;2;11;19;13;5;4;3;2;9;5;2;0
10609;Pöttsching;2059;1465;1810;1452;3580;1312;88;43;9;5;19;10;0;26;15;530;2;51;71;212;253;281;328;286;130;170;102;76;96;3;299;216;330;560;421;198;22;11;2;1387;34;4;0;8;13;4;0;1;1;12;3;0;0;590;2;905;188;266;700;159;227;335;333;182;76;3;8;41;19;14;3;2;11;14;13;3;0
10610;Rohrbach bei Mattersburg;1139;1063;1425;1051;1612;907;104;38;2;7;9;12;1;14;6;37;2;41;87;158;222;146;108;60;65;45;45;28;64;70;26;19;79;301;499;176;31;6;2;1011;27;9;0;2;0;1;1;0;0;10;3;0;0;73;2;765;25;150;199;34;136;208;316;132;81;9;21;38;24;8;4;3;5;13;8;9;0
10611;Bad Sauerbrunn;1068;968;1377;954;1603;850;59;43;2;12;8;9;2;10;5;64;4;122;80;117;128;127;96;66;46;41;33;101;62;49;55;69;156;408;264;96;10;6;4;908;34;7;0;2;1;1;0;1;0;14;0;1;0;95;4;586;63;203;216;27;140;257;233;107;86;5;12;20;12;7;3;3;3;7;21;8;1
10612;Schattendorf;1296;1146;1362;1130;1755;1063;39;28;0;5;7;12;2;24;11;105;0;62;91;208;191;167;160;91;66;63;95;50;52;0;58;108;141;418;446;106;12;7;0;1099;23;2;1;0;3;2;0;0;0;16;0;0;0;150;0;753;39;179;325;82;202;262;317;155;45;4;8;13;9;3;2;1;2;12;10;3;0
10613;Sieggraben;576;536;665;523;814;440;69;14;0;3;6;4;3;13;6;18;0;12;28;72;101;120;98;38;34;11;16;25;14;7;12;14;33;159;260;78;15;5;0;507;13;0;0;0;2;0;1;0;0;12;1;0;0;40;0;339;25;111;101;18;56;108;153;70;35;3;10;19;26;10;1;0;7;5;0;2;0
10614;Sigleß;654;550;624;545;852;511;24;10;0;1;5;7;0;10;8;78;0;55;69;60;84;74;67;65;30;39;38;40;31;2;57;19;41;189;244;86;15;3;0;534;10;0;0;0;1;0;0;0;0;4;1;0;0;104;0;359;27;105;163;32;88;141;151;75;24;0;2;4;10;4;4;0;0;9;1;0;0
10615;Wiesen;1774;1280;1610;1271;2466;1132;122;15;2;10;13;10;0;7;7;454;2;34;52;167;316;514;205;166;91;65;65;66;31;2;399;106;131;496;511;106;17;6;2;1253;13;1;0;2;1;1;0;0;0;10;0;0;0;491;2;804;299;265;406;83;174;263;400;159;53;8;13;43;38;16;4;1;0;11;3;0;0
10616;Antau;440;360;430;356;579;323;24;9;0;4;5;3;1;31;3;37;0;33;23;45;54;50;61;44;36;16;31;27;20;0;13;19;31;93;165;87;14;18;0;346;9;0;0;0;1;0;0;0;0;3;1;0;0;80;0;252;11;62;115;9;47;78;110;44;35;1;1;7;9;4;2;0;2;6;1;0;0
10617;Baumgarten;487;420;498;416;724;389;19;8;0;3;4;3;0;14;1;40;6;48;32;53;66;88;55;27;5;6;22;28;19;38;34;11;41;117;204;53;18;3;6;407;5;1;0;0;1;2;0;0;0;4;0;0;0;61;6;272;23;98;94;18;62;100;130;56;23;2;2;4;1;6;4;1;0;3;4;0;0
10618;Zemendorf-Stöttera;745;599;695;592;943;540;37;13;2;3;7;7;1;32;8;95;0;74;69;67;113;88;83;59;50;32;30;39;39;2;44;32;50;183;256;124;50;6;0;573;12;1;0;2;4;0;0;0;0;9;0;0;0;144;0;410;25;93;217;34;94;114;172;63;63;4;8;8;10;5;2;0;5;4;4;0;0
10619;Krensdorf;321;270;302;267;461;246;18;3;0;2;1;1;0;6;4;40;0;51;7;20;37;52;38;25;30;13;17;26;5;0;21;6;22;80;135;41;12;4;0;264;3;0;0;0;0;0;0;0;0;3;0;0;0;51;0;159;7;74;81;5;33;51;87;54;16;0;2;4;7;4;1;0;0;2;1;0;0
10701;Andau;1276;1040;1200;1018;1891;912;91;14;1;9;6;14;0;20;12;197;0;8;56;172;188;245;151;124;71;73;45;82;59;2;74;38;51;203;535;273;74;28;0;993;14;0;0;1;10;0;0;0;0;21;1;0;0;236;0;681;54;225;316;22;90;165;364;175;96;4;5;23;23;25;11;2;2;9;1;0;0
10702;Apetlon;1244;936;1093;923;1539;812;95;15;1;44;7;10;2;20;8;230;0;29;57;86;186;275;178;108;64;64;41;86;68;2;131;80;87;214;488;202;34;8;0;897;14;0;0;1;10;1;0;0;0;14;0;0;0;307;0;452;156;239;397;71;93;149;246;157;96;0;6;9;36;23;21;0;4;8;2;1;0
10703;Bruckneudorf;927;790;1731;771;2285;662;24;85;0;4;10;6;10;23;12;87;4;85;91;23;53;79;90;191;82;58;84;60;18;13;67;68;179;278;181;118;22;10;4;686;47;29;8;0;0;0;1;0;0;17;2;0;0;133;4;520;25;199;183;12;132;237;184;69;28;0;9;7;7;0;1;0;4;20;28;27;6
10704;Deutsch Jahrndorf;366;330;371;323;432;303;13;7;0;2;2;2;1;5;3;28;0;32;47;45;27;70;51;25;10;15;18;10;16;0;14;6;19;79;147;69;29;3;0;316;7;0;0;0;0;0;0;0;0;7;0;0;0;36;0;173;40;89;64;5;36;78;79;56;49;0;0;0;2;3;8;0;1;4;1;1;0
10705;Frauenkirchen;1469;1319;1842;1271;2282;1097;123;47;4;24;17;46;2;43;16;50;0;65;115;163;198;229;220;157;92;52;63;51;64;0;48;29;115;411;565;220;56;25;0;1205;36;3;4;4;15;3;1;0;0;47;3;0;0;148;0;789;109;283;288;31;151;251;419;165;80;3;11;31;44;22;12;9;11;6;14;5;2
10706;Gattendorf;693;621;773;611;885;544;44;22;1;5;8;6;0;18;6;37;2;17;17;58;77;117;90;87;42;53;40;45;47;3;14;23;35;198;290;104;19;8;2;586;19;0;0;1;2;2;1;0;0;9;1;0;0;70;2;398;42;125;128;12;46;155;156;112;63;0;6;11;14;8;5;2;3;10;7;0;0
10707;Gols;2045;1597;2041;1559;3210;1357;152;49;1;18;13;24;3;94;32;302;0;21;90;256;238;306;230;159;128;154;130;212;118;3;136;109;190;407;672;340;153;38;0;1501;44;4;1;1;8;0;0;0;0;36;3;0;0;447;0;1118;58;272;597;39;142;347;407;280;142;4;7;25;48;39;29;4;14;7;22;2;0
10708;Halbturn;826;795;945;786;1098;725;49;12;0;2;7;4;1;5;6;14;1;32;49;76;136;171;141;61;54;31;35;31;8;1;8;6;37;148;375;187;56;8;1;774;10;2;0;0;0;0;0;0;0;7;2;0;0;30;1;551;38;133;104;10;54;152;233;171;105;2;4;12;15;10;6;0;0;3;7;2;0
10709;Illmitz;1356;1132;1384;1085;1843;978;76;29;2;50;11;17;1;23;7;159;3;22;33;124;124;268;190;137;72;56;95;110;87;38;56;65;65;282;507;280;89;9;3;1053;24;5;0;2;1;0;0;0;0;46;1;0;0;221;3;645;122;228;361;18;106;207;350;168;129;3;6;22;24;12;9;2;6;14;5;2;0
10710;Jois;753;661;922;642;1053;539;79;24;0;14;4;3;0;28;5;22;35;25;47;77;95;121;82;45;60;43;52;35;35;36;18;19;27;165;296;131;51;11;35;614;21;3;0;0;4;0;0;0;0;16;3;0;0;57;35;408;60;165;120;25;76;105;160;101;72;3;9;17;27;13;10;4;5;2;10;3;0
10711;Kittsee;1442;1308;1889;1288;2477;1139;82;64;3;7;11;16;2;35;9;72;2;111;114;84;154;172;106;87;68;207;152;119;65;3;62;22;163;383;494;160;65;91;2;1218;48;14;1;2;3;1;0;0;1;17;5;0;0;130;2;793;59;274;316;26;153;342;319;212;87;2;2;19;33;15;11;1;5;24;17;16;1
10712;Mönchhof;1156;919;1115;905;1877;797;79;24;5;7;9;13;0;52;11;157;2;13;61;126;138;214;154;158;94;70;45;37;43;3;111;27;55;199;459;217;65;21;2;868;21;1;0;5;8;1;1;0;0;19;0;0;0;230;2;586;52;209;309;19;89;159;275;166;89;1;6;18;24;20;10;3;4;12;5;0;0
10713;Neusiedl am See;3265;2897;5251;2800;6749;2325;185;286;4;99;64;70;2;76;39;105;10;86;145;267;295;398;417;477;194;218;283;309;158;18;179;160;465;860;1042;377;117;55;10;2491;199;56;7;4;19;19;3;2;0;82;14;1;0;358;10;1659;204;744;658;58;256;689;661;409;252;12;30;46;59;30;8;15;37;92;83;50;9
10714;Nickelsdorf;947;870;1001;862;1262;806;38;17;1;5;11;7;1;14;7;39;1;40;59;96;147;176;124;89;28;33;77;46;23;9;37;14;70;266;378;147;25;9;1;841;15;1;0;1;3;1;0;0;0;9;0;0;0;75;1;512;72;192;171;22;103;209;246;158;68;2;4;10;7;8;7;1;2;9;4;1;0
10715;Pama;579;504;677;497;846;421;56;20;0;2;4;1;0;25;4;46;0;18;20;36;72;79;93;57;26;34;41;42;59;2;26;15;34;112;262;107;19;4;0;474;18;1;0;0;3;0;1;0;0;6;1;0;0;75;0;277;43;138;121;8;44;77;148;92;52;0;1;10;22;14;9;1;2;12;4;1;0
10716;Pamhagen;1190;731;825;715;2484;679;28;7;1;141;6;6;2;28;21;271;0;5;19;123;175;171;315;115;74;57;52;54;27;3;176;98;61;236;403;154;39;23;0;699;4;0;0;1;8;2;0;1;0;17;0;0;0;458;0;442;60;160;528;12;73;185;212;126;71;1;0;9;7;7;4;0;0;4;2;1;0
10717;Parndorf;2061;1782;2567;1757;3345;1582;82;91;2;8;37;33;2;82;25;117;0;84;98;210;169;188;227;239;199;136;165;202;139;5;86;73;210;596;745;208;72;71;0;1662;70;11;6;2;2;3;1;0;0;23;2;0;0;279;0;1160;82;371;448;34;163;468;527;276;114;2;4;12;35;16;13;0;13;24;38;14;2
10718;Podersdorf am See;1340;1095;1455;1042;2119;873;129;39;1;73;14;14;1;45;10;141;0;5;28;112;181;247;199;173;84;61;67;133;46;4;90;85;112;273;490;212;68;10;0;982;35;2;1;1;20;0;1;0;0;53;1;0;0;244;0;552;181;235;372;58;124;192;271;157;71;6;20;37;42;14;10;3;7;14;15;0;0
10719;Sankt Andrä am Zicksee;820;712;885;704;1065;624;67;13;0;8;4;7;0;13;3;77;4;6;23;68;233;169;94;52;42;35;22;41;28;7;56;67;88;123;269;136;61;16;4;691;10;2;0;0;0;1;0;0;0;8;0;0;0;104;4;408;99;114;199;68;105;112;163;120;56;1;4;22;23;13;4;0;2;6;3;2;0
10720;Tadten;702;561;606;558;985;533;20;5;0;2;6;2;0;8;9;117;0;4;31;84;103;155;94;70;33;37;35;24;30;2;22;18;37;128;306;136;40;15;0;552;4;0;0;0;1;1;0;0;0;3;0;0;0;141;0;303;52;148;199;4;53;101;183;114;78;0;0;3;8;8;1;0;2;1;2;0;0
10721;Wallern im Burgenland;964;711;858;702;1706;595;95;11;1;1;6;10;1;62;7;174;1;7;14;108;142;188;153;102;64;46;39;59;38;4;55;45;55;169;442;145;42;10;1;688;10;1;0;1;2;0;0;0;0;10;0;0;0;251;1;432;45;171;316;12;53;119;225;99;87;1;4;18;21;24;27;0;1;6;4;0;0
10722;Weiden am See;1896;1612;1994;1592;2884;1388;148;55;1;18;7;11;0;50;14;204;0;8;73;101;236;361;370;147;100;110;136;182;72;0;195;257;317;387;500;177;46;17;0;1528;51;2;1;1;8;0;1;0;0;21;0;0;0;283;0;693;371;282;550;225;314;271;275;196;107;6;16;43;36;23;24;16;16;13;6;2;2
10723;Winden am See;685;626;833;617;1206;533;56;28;0;2;4;7;0;7;8;40;0;39;40;54;107;96;59;81;31;53;49;47;26;3;23;26;55;182;251;102;37;9;0;589;24;3;0;0;0;1;0;0;0;9;0;0;0;59;0;360;55;141;129;30;67;127;172;105;32;1;9;19;17;9;1;2;5;16;4;1;0
10724;Zurndorf;1140;985;1317;976;1727;891;54;27;4;6;8;13;0;26;8;102;1;54;71;138;132;154;144;98;72;41;77;91;66;2;44;28;87;314;444;152;50;20;1;941;19;3;4;3;4;1;0;0;1;10;1;0;1;151;1;665;64;167;244;22;122;235;296;129;87;0;0;12;22;14;6;0;1;13;8;3;2
10725;Neudorf;437;398;482;396;585;363;24;9;0;0;6;4;0;10;7;14;0;24;22;37;55;69;61;55;13;16;18;27;40;0;12;8;36;121;171;66;19;4;0;386;7;2;0;0;1;0;0;0;0;2;0;0;0;39;0;221;46;79;91;12;58;97;96;71;29;1;0;1;11;8;3;0;1;5;2;1;0
10726;Potzneusiedl;378;341;422;337;499;297;30;9;1;2;3;3;0;15;7;11;0;30;17;43;34;64;40;37;9;19;20;35;30;0;12;17;31;137;132;32;11;6;0;327;9;0;0;1;0;0;0;0;0;5;0;0;0;36;0;180;32;77;89;18;55;88;72;47;17;1;3;3;20;3;0;0;1;4;4;0;0
10727;Edelstal;470;390;425;390;624;383;3;4;0;0;3;0;0;41;4;32;0;14;45;17;38;74;64;82;18;26;44;33;14;1;18;24;41;126;179;55;14;13;0;386;4;0;0;0;0;0;0;0;0;0;0;0;0;80;0;200;37;104;129;15;53;75;100;67;73;2;0;0;1;0;0;0;0;0;4;0;0
10801;Deutschkreutz;1754;1477;1757;1449;2356;1282;132;32;3;11;15;23;3;63;10;180;0;48;109;257;255;273;188;146;73;103;85;120;95;2;90;69;152;430;677;263;52;21;0;1412;30;0;0;2;2;2;0;0;1;29;1;0;0;275;0;867;103;352;432;32;235;320;382;185;128;3;14;48;32;27;8;0;9;18;5;0;0
10802;Draßmarkt;669;606;735;594;871;518;67;8;1;8;7;6;1;10;3;40;0;77;55;54;80;120;74;44;24;14;13;43;14;57;23;8;30;140;270;160;30;8;0;583;6;2;0;1;2;0;0;0;0;12;1;0;0;62;0;311;49;187;122;13;64;119;183;72;67;7;5;20;17;12;6;0;1;1;5;1;0
10803;Frankenau-Unterpullendorf;732;652;714;643;893;601;35;7;0;6;1;2;1;13;5;61;0;69;75;80;106;151;82;48;22;20;35;26;17;1;31;24;48;202;274;128;22;3;0;636;6;0;0;0;0;1;0;0;0;8;1;0;0;80;0;282;106;183;161;31;99;135;177;92;67;5;8;7;8;5;2;0;3;4;0;0;0
10804;Großwarasdorf;1024;900;972;891;1171;833;52;4;2;3;11;5;0;34;6;74;0;142;93;148;160;190;114;63;33;23;23;20;15;0;39;60;85;329;320;154;30;7;0;884;3;0;0;2;1;1;0;0;0;9;0;0;0;124;0;375;144;256;249;63;215;218;210;85;42;3;7;18;15;5;4;0;0;4;0;0;0
10805;Horitschon;918;781;974;766;1373;630;115;20;1;6;8;8;0;34;10;80;6;21;52;110;126;173;131;57;37;58;57;26;31;39;42;26;48;212;388;142;39;15;6;739;18;0;0;1;6;2;0;0;0;15;1;0;0;130;6;489;47;181;201;23;79;170;222;88;48;2;11;46;39;9;8;2;4;14;0;0;0
10806;Kaisersdorf;428;391;417;385;478;368;15;2;0;0;3;3;0;7;4;25;1;79;56;31;42;69;49;24;23;11;5;15;15;9;17;13;39;119;172;60;6;1;1;382;2;0;0;0;1;0;0;0;0;6;0;0;0;36;1;167;86;92;83;20;83;112;98;37;18;0;1;1;7;3;3;0;0;2;0;0;0
10807;Kobersdorf;1107;916;1133;906;2265;794;89;23;0;6;6;5;0;14;10;160;0;117;92;91;167;153;121;63;69;87;40;50;56;1;115;52;106;322;351;131;24;6;0;872;21;2;0;0;11;0;0;0;0;9;1;0;0;191;0;466;106;226;309;54;150;179;196;148;67;3;8;35;29;10;4;1;3;14;3;2;0
10808;Lackenbach;607;529;644;515;783;471;27;14;3;3;13;11;0;16;7;35;7;78;58;83;65;86;73;44;19;19;20;16;19;27;39;26;42;199;218;54;17;5;7;498;11;1;0;3;0;2;0;0;0;13;2;0;0;70;7;295;62;123;127;24;99;127;134;58;29;1;3;12;8;3;0;1;3;7;2;1;0
10809;Lockenhaus;1386;1116;1312;1095;1863;1010;53;31;1;11;11;9;0;26;14;219;1;180;87;140;169;209;160;81;64;62;58;79;96;1;147;111;161;396;394;133;35;8;1;1058;28;2;0;1;5;1;0;0;0;18;4;0;0;268;1;589;152;220;425;87;225;231;233;158;76;2;8;17;16;8;2;2;10;14;3;2;0
10810;Lutzmannsburg;710;531;656;513;1068;451;44;17;1;36;9;5;4;13;13;117;0;157;53;63;77;76;45;67;57;39;28;26;21;1;75;56;83;128;222;115;22;9;0;488;15;0;0;1;7;2;0;0;0;17;1;0;0;179;0;236;68;118;288;57;94;99;102;66;33;1;2;18;12;6;5;1;4;7;5;0;0
10811;Mannersdorf an der Rabnitz;1069;952;1069;934;1289;862;59;12;1;4;7;5;0;27;7;85;0;151;97;93;141;192;120;72;40;35;49;46;32;1;45;45;100;308;384;164;20;3;0;921;9;1;0;1;0;2;0;0;0;19;0;0;0;116;0;504;100;233;232;59;190;198;242;111;62;2;7;20;17;8;5;0;4;7;0;1;0
10812;Markt Sankt Martin;768;648;789;639;1013;565;54;20;0;3;4;8;2;22;8;81;1;92;56;64;108;140;61;49;45;32;33;44;43;1;36;28;75;214;266;115;24;9;1;617;20;0;0;0;2;0;0;0;0;9;0;0;0;119;1;322;90;166;190;30;117;147;153;75;43;1;9;9;20;12;3;0;4;16;0;0;0
10813;Neckenmarkt;865;737;918;725;1259;607;99;19;0;2;5;9;1;26;14;83;0;47;63;93;117;147;94;79;67;37;49;53;18;1;33;20;43;178;358;188;38;7;0;704;17;1;0;0;2;0;1;0;0;12;0;0;0;128;0;423;44;190;208;15;85;120;218;110;59;6;9;37;30;12;5;3;4;7;4;1;0
10814;Neutal;522;459;628;449;816;383;51;15;0;7;7;4;0;8;9;18;20;30;62;54;89;82;40;39;26;20;16;28;16;20;8;14;40;150;196;70;13;11;20;434;14;0;0;0;0;0;1;0;0;9;1;0;0;43;20;251;42;141;88;16;66;91;141;50;19;6;3;12;18;7;5;1;2;8;3;1;0
10815;Nikitsch;1065;958;1022;944;1265;907;31;5;1;10;5;2;0;15;13;76;0;84;117;224;170;148;99;66;36;14;34;37;35;1;32;39;77;269;407;185;46;10;0;935;3;1;0;1;3;1;0;0;0;13;2;0;0;106;0;326;185;258;296;74;197;235;235;125;41;0;3;7;8;8;5;1;0;3;1;0;0
10816;Oberpullendorf;1337;1119;1995;1034;2664;887;45;98;4;16;48;60;2;49;22;98;8;55;93;153;205;223;141;112;96;44;53;83;71;8;57;58;115;393;423;205;54;24;8;924;74;16;3;4;8;3;2;0;0;77;9;2;0;207;8;636;61;292;348;34;115;259;262;135;82;1;5;18;10;9;2;1;12;27;34;22;2
10817;Pilgersdorf;935;830;909;811;1129;766;37;8;0;5;8;3;1;14;10;83;0;94;39;50;94;227;173;83;46;29;32;46;22;0;29;46;109;296;330;107;17;1;0;800;7;0;0;0;3;1;0;0;0;18;1;0;0;105;0;431;106;193;205;48;139;187;263;93;36;2;3;11;13;5;3;1;0;4;3;0;0
10818;Piringsdorf;486;372;443;361;694;319;32;10;0;4;6;5;0;18;3;87;2;28;18;29;64;104;55;42;21;22;47;35;19;2;37;23;36;116;199;59;9;5;2;351;8;0;0;0;0;2;0;0;0;11;0;0;0;112;2;215;22;97;152;11;35;75;125;54;19;3;5;11;7;3;3;0;5;4;1;0;0
10819;Raiding;421;382;486;372;834;319;42;10;1;1;2;2;0;9;10;25;0;17;38;45;54;56;63;30;20;25;23;24;25;1;11;12;17;95;159;97;25;5;0;359;8;0;0;1;2;0;2;0;0;10;1;0;0;38;0;216;33;99;73;11;49;90;103;35;31;3;4;13;9;7;6;1;1;5;3;0;0
10820;Ritzing;657;563;620;559;821;529;19;9;2;3;4;3;0;3;4;81;0;41;122;53;61;58;78;82;47;37;26;38;13;1;53;60;53;203;205;69;11;3;0;546;7;1;0;2;2;1;0;0;0;5;0;0;0;93;0;272;83;120;182;30;131;157;127;57;27;0;5;2;7;5;0;0;6;2;1;0;0
10821;Steinberg-Dörfl;861;681;738;672;1222;631;34;7;0;3;10;7;3;14;10;141;1;87;81;84;91;107;94;97;44;36;47;60;31;2;98;37;64;236;301;102;13;9;1;665;6;0;0;0;0;1;0;0;0;9;0;0;0;179;1;362;75;153;271;32;142;142;147;100;68;1;3;14;10;6;0;0;1;6;0;0;0
10822;Stoob;681;591;759;578;950;512;46;20;0;4;10;9;1;25;7;43;4;59;53;70;95;113;59;70;57;22;27;10;38;8;35;29;42;185;264;88;23;11;4;556;18;2;0;0;2;0;0;0;0;13;0;0;0;86;4;346;34;149;152;20;88;138;144;72;50;1;4;22;15;2;2;0;1;13;4;2;0
10823;Weppersdorf;1017;825;1014;807;1622;720;66;21;0;5;8;13;0;21;12;150;1;57;75;76;111;176;137;80;55;54;64;74;56;2;75;54;67;269;364;161;16;10;1;782;17;2;0;0;4;2;0;0;0;17;1;0;0;191;1;496;68;187;266;29;133;172;196;118;72;1;5;13;21;15;11;0;2;9;6;3;1
10824;Lackendorf;332;275;311;271;389;250;17;4;0;0;3;2;0;14;4;37;1;20;20;40;33;41;42;32;26;18;15;26;18;1;25;20;17;76;128;53;9;3;1;266;4;0;0;0;1;0;0;0;0;4;0;0;0;56;1;174;16;56;86;10;33;56;79;41;31;1;4;4;3;2;3;0;0;4;0;0;0
10825;Unterfrauenhaid;376;291;331;289;452;270;9;6;4;1;3;3;0;25;1;52;2;16;26;40;39;51;50;36;20;24;22;34;16;2;22;16;15;88;164;58;7;4;2;279;6;0;0;4;0;0;0;0;0;3;0;0;0;82;2;159;19;90;108;12;34;66;85;40;33;1;0;2;1;4;1;0;0;3;3;0;0
10826;Unterrabnitz-Schwendgraben;396;288;301;282;567;275;6;1;0;3;3;2;2;6;5;93;0;36;22;23;31;80;35;29;23;25;45;37;8;2;38;34;26;95;161;39;2;1;0;279;1;0;0;0;2;0;0;0;0;6;0;0;0;108;0;170;23;69;134;11;29;68;82;54;31;0;0;2;3;0;1;0;0;0;1;0;0
10827;Weingraben;211;189;202;186;252;175;10;1;0;1;3;2;0;3;2;14;0;31;11;18;23;42;29;21;15;8;5;5;3;0;9;1;3;56;83;51;8;0;0;185;1;0;0;0;0;0;0;0;0;3;0;0;0;22;0;95;26;53;37;8;29;50;56;23;9;1;1;2;1;4;1;0;0;1;0;0;0
10828;Oberloisdorf;438;391;430;386;560;375;3;8;0;1;4;1;0;7;1;38;0;37;19;52;64;62;51;42;16;16;37;20;22;0;14;12;33;123;208;44;2;2;0;376;8;0;0;0;2;0;0;0;0;4;1;0;0;47;0;215;34;98;91;20;70;84;104;60;37;0;0;1;1;1;0;0;0;8;0;0;0
10901;Bad Tatzmannsdorf;687;626;1186;591;1430;489;48;50;4;32;5;10;0;8;13;27;1;30;33;55;93;111;88;103;45;24;52;24;28;1;20;17;37;173;263;132;32;12;1;536;35;13;2;3;1;0;0;0;1;32;2;0;1;60;1;350;53;166;118;5;55;113;170;87;59;2;8;15;16;6;1;1;8;9;21;9;2
10902;Bernstein;1158;1012;1239;981;1533;858;96;23;4;11;5;11;1;24;11;112;2;108;58;90;160;250;145;97;49;87;46;42;22;4;57;52;82;258;424;240;37;6;2;951;19;3;0;4;3;1;0;0;0;26;7;0;0;142;2;569;113;225;251;35;154;180;269;138;82;3;6;30;29;23;5;0;6;10;5;2;0
10903;Deutsch Schützen-Eisenberg;965;636;692;626;1063;599;17;10;0;16;10;5;0;7;7;289;5;92;74;82;352;104;92;74;27;19;23;12;8;6;309;32;48;222;250;80;15;4;5;615;10;0;0;0;1;0;0;0;0;10;0;0;0;324;5;321;72;137;435;64;108;173;149;78;27;1;0;7;4;4;1;0;5;5;0;0;0
10904;Grafenschachen;610;513;648;510;890;432;58;19;1;2;6;2;1;21;8;59;1;49;14;59;65;87;99;51;51;28;15;29;61;2;35;14;41;145;243;97;27;7;1;489;18;0;0;1;1;1;0;0;0;4;0;0;0;95;1;367;20;67;156;22;57;100;161;58;34;2;7;16;16;8;9;1;1;16;1;0;0
10905;Großpetersdorf;1699;1527;2055;1492;2380;1341;93;56;2;11;16;30;3;51;25;66;5;157;113;254;244;285;182;139;94;62;59;58;45;7;41;67;137;513;637;201;69;29;5;1427;47;6;0;0;7;3;0;0;2;31;4;1;0;166;5;977;96;287;339;62;232;408;400;157;82;3;8;29;32;13;8;1;10;14;22;7;2
10906;Hannersdorf;539;483;520;474;618;448;21;5;0;7;3;1;1;8;2;43;0;123;62;44;38;112;61;34;25;8;13;14;5;0;30;48;44;153;211;49;4;0;0;468;5;0;0;0;1;0;0;0;0;9;0;0;0;56;0;223;56;100;160;73;108;102;98;47;20;0;3;9;6;3;0;0;0;5;0;0;0
10907;Kemeten;919;749;874;739;1289;693;31;15;0;5;9;6;0;25;3;132;0;49;47;144;101;130;98;68;42;49;29;67;69;26;68;55;72;287;281;132;15;9;0;718;10;1;0;0;6;3;1;0;0;9;1;0;0;170;0;463;61;138;257;30;132;199;201;87;44;1;7;8;10;3;2;1;2;9;2;1;0
10908;Kohfidisch;865;712;814;697;1184;644;31;19;3;7;9;10;0;26;22;94;0;80;65;116;95;149;82;60;41;45;26;60;46;0;60;46;67;246;315;92;29;10;0;671;15;1;0;2;4;3;0;0;1;17;0;0;0;151;0;404;50;166;245;35;113;175;214;78;29;2;6;14;6;3;0;3;3;11;1;1;0
10909;Litzelsdorf;767;583;659;571;1103;539;19;12;1;5;4;9;1;21;19;137;0;36;32;63;95;121;79;69;41;39;53;66;72;1;74;61;61;195;230;124;15;7;0;557;10;0;0;1;1;2;0;0;0;10;2;0;0;184;0;341;50;122;254;27;109;157;141;70;35;1;1;11;3;2;1;0;1;10;1;0;0
10910;Loipersdorf-Kitzladen;586;507;632;499;923;422;61;15;1;7;6;4;0;22;10;38;0;41;16;55;58;93;81;68;36;33;24;35;44;2;28;18;16;116;260;124;21;3;0;482;15;0;0;1;1;0;0;0;0;7;1;0;0;79;0;374;16;60;136;10;38;92;165;84;33;2;6;15;22;11;5;1;1;9;4;0;0
10911;Mariasdorf;584;529;632;519;730;448;58;13;0;7;2;5;0;6;5;40;0;89;26;84;68;82;72;65;27;24;19;19;9;0;10;30;46;153;203;113;25;4;0;505;13;0;0;0;1;0;0;0;0;9;1;0;0;55;0;320;42;105;117;13;88;119;138;70;20;3;3;25;21;4;2;1;7;4;1;0;0
10912;Markt Allhau;1010;862;1148;836;1603;728;72;35;1;11;8;11;1;36;14;90;3;138;45;59;72;123;181;81;52;58;70;40;88;3;55;29;35;172;345;258;89;24;3;795;30;1;0;1;5;2;1;1;0;24;2;0;0;145;3;493;54;194;269;29;94;186;227;125;67;1;6;27;21;12;5;0;7;17;7;3;1
10913;Markt Neuhodis;431;383;400;375;491;366;6;3;0;5;6;3;1;12;4;24;1;5;71;70;57;59;68;38;11;16;12;8;15;1;27;28;55;130;134;52;3;1;1;372;3;0;0;0;0;0;0;0;0;8;0;0;0;47;1;184;52;106;89;20;90;92;100;40;24;1;0;0;2;3;0;1;0;1;1;0;0
10914;Mischendorf;850;756;809;751;989;716;27;7;1;6;2;1;0;14;7;69;0;90;61;144;123;154;93;54;41;43;9;18;18;2;40;26;71;260;339;101;12;1;0;740;7;0;0;1;3;0;0;0;0;5;1;0;0;93;0;491;49;122;188;36;124;179;244;86;47;1;3;8;12;3;0;0;3;4;0;0;0
10915;Oberdorf im Burgenland;594;521;591;517;769;467;39;10;1;5;1;1;0;15;4;51;0;62;47;82;71;61;58;71;43;22;29;39;8;1;34;18;40;180;250;68;3;1;0;503;10;0;0;1;3;0;0;0;0;5;0;0;0;72;0;307;37;106;144;22;76;150;143;53;23;0;8;11;15;4;1;1;3;6;0;0;0
10916;Oberschützen;1154;1006;1306;980;1783;852;85;38;5;29;8;9;0;28;18;80;2;216;44;99;149;182;131;71;71;44;38;49;32;28;52;27;76;257;389;254;76;21;2;935;34;1;0;5;2;1;2;0;0;27;0;0;0;145;2;559;71;264;260;42;134;185;273;143;75;4;9;24;22;22;4;2;8;21;7;0;0
10917;Oberwart;2751;2344;4764;2231;6190;1899;102;222;8;27;77;110;8;143;55;98;2;229;214;280;381;359;387;290;171;119;112;86;112;11;69;99;277;694;902;458;146;104;2;1973;146;47;17;8;28;5;6;1;0;92;18;2;3;403;2;1450;93;568;640;63;238;505;622;326;145;15;11;27;29;11;9;10;28;53;59;55;17
10918;Pinkafeld;2174;1922;3173;1878;4207;1601;137;115;25;8;19;43;3;69;30;104;20;150;201;311;315;270;190;206;117;85;115;107;86;21;87;89;259;670;679;258;70;42;20;1726;68;27;5;25;12;7;4;4;0;43;5;3;0;225;20;1257;84;425;408;61;253;524;445;226;92;16;12;59;42;6;2;8;12;37;25;26;7
10919;Rechnitz;1636;1518;1813;1486;2203;1382;63;35;6;13;16;14;4;37;8;55;3;168;194;272;227;273;179;130;78;34;33;26;19;3;81;154;219;467;550;133;17;12;3;1445;29;1;0;6;0;3;2;0;0;31;4;0;0;112;3;811;144;289;392;182;287;355;372;121;65;6;4;18;13;14;8;3;6;10;14;2;0
10920;Riedlingsdorf;798;714;854;711;1109;649;42;15;5;2;6;4;2;32;4;36;1;84;99;96;87;87;74;69;39;65;40;42;15;1;22;22;90;269;267;107;18;2;1;689;13;2;0;5;2;0;0;0;0;6;0;0;0;80;1;524;32;73;169;49;129;144;205;84;38;2;6;10;10;9;5;0;3;2;6;4;0
10921;Rotenturm an der Pinka;752;663;783;660;1062;594;45;20;1;4;8;1;0;20;11;48;0;97;42;89;89;96;98;66;63;30;26;36;19;1;29;21;45;242;277;115;15;8;0;638;19;0;0;1;1;1;0;0;0;4;0;0;0;88;0;470;38;76;168;24;95;170;202;72;31;1;3;18;10;10;3;2;0;16;1;1;0
10922;Schachendorf;512;441;479;439;615;417;15;6;1;3;5;1;0;9;7;48;0;55;74;87;66;68;47;23;21;14;31;22;4;0;18;28;41;140;198;72;14;1;0;432;5;0;0;1;0;1;0;0;0;2;1;0;0;70;0;197;78;116;121;29;101;114;90;55;28;1;0;5;3;3;3;0;4;2;0;0;0
10923;Stadtschlaining;1178;980;1124;963;1799;883;61;18;1;12;5;2;1;29;24;142;0;264;44;71;126;185;130;97;55;60;52;40;50;4;88;67;91;288;423;197;18;6;0;940;15;0;0;1;4;3;0;0;0;16;1;0;0;198;0;632;80;141;325;49;182;233;240;122;57;1;5;28;14;8;5;2;4;4;7;1;0
10924;Unterkohlstätten;528;443;498;432;639;381;50;1;0;4;5;5;1;8;9;64;0;29;26;40;53;133;78;44;15;30;21;33;26;0;14;21;34;147;202;84;22;4;0;430;1;0;0;0;1;0;0;0;0;11;0;0;0;85;0;233;49;123;123;7;41;84;135;62;52;0;3;14;16;11;6;0;1;0;0;0;0
10925;Unterwart;667;507;562;502;866;482;11;9;0;1;3;17;0;32;5;107;0;80;40;64;75;73;59;60;40;25;32;41;75;3;81;36;60;142;207;114;14;13;0;492;9;0;0;0;1;0;0;0;0;3;2;0;0;160;0;297;49;86;235;40;109;139;124;45;25;2;1;2;1;2;3;0;1;6;2;0;0
10926;Weiden bei Rechnitz;569;525;557;523;630;497;22;4;0;3;11;1;0;3;7;21;0;107;50;57;72;99;63;47;26;22;15;6;5;0;23;34;63;185;195;59;10;0;0;519;4;0;0;0;0;0;0;0;0;2;0;0;0;44;0;256;79;104;130;38;125;136;129;45;24;1;5;10;2;3;1;1;2;1;0;0;0
10927;Wiesfleck;581;502;579;493;790;430;57;5;1;3;3;2;0;12;4;64;0;75;21;37;43;85;88;52;30;25;26;40;59;0;23;26;40;103;199;135;48;7;0;486;4;0;0;1;1;1;0;0;0;8;1;0;0;79;0;347;27;66;141;27;62;91;116;68;66;2;1;13;18;18;5;0;0;4;1;0;0
10928;Wolfau;847;621;781;611;1550;523;68;20;0;6;6;6;2;8;9;199;0;85;24;42;82;96;112;96;50;75;51;72;62;0;101;63;46;167;310;132;23;5;0;582;19;1;0;0;9;0;0;0;0;9;1;0;0;226;0;455;23;72;297;24;73;117;170;95;44;2;7;28;14;13;4;1;4;13;1;1;0
10929;Neustift an der Lafnitz;334;276;397;273;568;209;45;19;0;3;2;1;0;5;2;47;1;12;18;16;20;46;45;28;29;29;29;31;30;1;25;17;19;75;128;58;11;0;1;254;19;0;0;0;0;0;0;0;0;2;1;0;0;57;1;197;6;54;77;4;25;46;82;31;21;0;4;10;18;8;5;0;3;13;3;0;0
10930;Jabing;379;358;395;353;459;342;4;7;0;1;4;3;0;8;2;8;0;74;26;29;40;59;43;38;27;7;12;10;14;0;7;8;21;120;164;57;2;0;0;346;7;0;0;0;0;0;0;0;0;5;0;0;0;21;0;221;36;55;67;15;63;102;109;42;11;0;1;2;1;0;0;0;0;6;1;0;0
10931;Badersdorf;160;144;159;140;199;132;7;1;0;2;3;0;0;1;1;12;1;22;22;19;16;17;23;16;8;3;5;4;4;1;5;4;14;43;68;21;4;0;1;139;1;0;0;0;0;0;0;0;0;4;0;0;0;15;1;86;5;28;41;5;26;40;44;10;7;0;0;3;3;1;0;0;0;1;0;0;0
10932;Schandorf;191;171;181;168;213;160;7;1;0;1;3;1;0;0;2;16;0;14;20;28;38;36;17;6;8;11;6;3;3;1;7;1;15;60;81;20;5;2;0;167;1;0;0;0;0;0;0;0;0;3;0;0;0;20;0;60;25;60;46;11;40;34;46;19;10;0;1;3;2;1;0;0;1;0;0;0;0
20101;Klagenfurt am Wörthersee;22937;19942;67556;19010;76932;11866;2300;4772;72;206;623;519;44;1008;384;864;279;1670;2229;3374;2726;2758;2435;2339;1264;965;857;939;847;534;858;1839;3606;6110;5533;2784;1152;776;279;14033;3070;1002;318;64;133;248;71;63;8;766;199;15;4;2664;279;12153;415;5746;4623;515;1354;2680;4322;2091;904;250;454;830;489;186;91;306;621;1177;1348;949;371
20201;Villach;14070;12126;41350;11540;46363;6606;1945;2953;36;251;284;339;28;441;181;870;136;1077;1209;2066;1759;1587;1606;1428;683;708;537;548;711;151;750;881;1987;3932;3689;1705;606;384;136;8475;1995;679;149;30;76;90;34;6;6;392;191;17;6;1788;136;7243;288;3860;2679;305;672;1420;2439;1283;487;165;390;705;477;147;61;142;479;773;840;574;145
20302;Dellach;814;431;605;416;1608;311;77;27;1;19;1;4;0;22;11;341;0;167;43;84;73;80;78;68;44;54;42;63;17;1;182;78;83;178;214;65;9;5;0;376;19;0;0;1;12;8;0;0;0;14;2;0;0;382;0;278;17;98;421;16;26;40;78;111;40;4;2;23;17;19;12;3;11;9;3;1;0
20305;Hermagor-Pressegger See;3472;2981;5759;2749;6891;1653;716;361;19;227;35;64;12;134;73;178;0;523;220;407;431;477;517;290;152;119;88;128;107;13;270;234;365;1116;966;357;122;42;0;2353;318;25;2;19;16;13;2;1;0;165;78;3;2;475;0;1371;251;721;1129;208;300;323;442;285;95;78;144;263;162;49;20;47;131;116;44;22;1
20306;Kirchbach;1012;907;1298;875;1500;599;223;48;5;38;8;4;2;36;16;33;0;255;72;138;122;130;89;77;36;34;25;22;12;0;41;44;94;382;319;102;21;9;0;810;46;1;0;5;12;1;0;0;0;29;5;0;0;103;0;558;46;205;203;24;68;105;179;149;74;9;41;91;43;21;18;8;18;17;4;1;0
20307;Kötschach-Mauthen;1582;1278;1891;1219;2845;934;206;76;3;58;21;25;2;63;22;172;0;309;137;225;185;197;126;102;67;92;48;37;57;0;94;134;180;420;486;211;40;17;0;1118;58;10;1;3;22;7;0;0;0;60;2;0;0;301;0;780;99;254;449;35;157;179;274;199;90;15;49;73;33;21;15;7;22;18;25;3;1
20316;St. Stefan im Gailtal;807;721;945;709;1077;530;163;15;1;12;3;3;1;20;10;47;2;209;72;128;93;88;76;37;15;21;13;9;14;32;82;43;75;211;300;83;7;4;2;692;14;1;0;1;1;0;0;0;0;12;0;0;0;84;2;358;57;182;210;94;73;96;112;100;55;9;26;67;41;15;5;3;4;5;3;0;0
20320;Gitschtal;639;468;672;442;1031;321;97;23;1;34;6;8;2;26;14;97;10;132;52;80;84;54;60;25;13;24;15;27;44;29;65;34;48;196;197;69;14;6;10;413;23;0;0;1;5;0;0;0;0;23;3;0;0;161;10;295;43;103;198;14;37;63;95;67;45;4;16;30;24;13;10;2;10;7;4;0;0
20321;Lesachtal;796;508;657;464;1451;357;89;17;1;63;7;3;1;30;23;205;0;197;37;37;66;102;82;99;46;45;22;28;34;1;106;79;72;193;220;103;17;6;0;413;16;0;0;1;33;1;0;0;0;42;3;0;0;287;0;284;39;102;371;40;51;50;76;81;59;5;9;23;25;14;13;0;7;10;0;0;0
20402;Ebenthal in Kärnten;3035;2621;4158;2583;5462;2033;384;163;3;15;22;15;1;76;17;306;0;123;107;210;322;481;442;467;186;195;167;191;120;24;216;210;385;1052;915;205;39;13;0;2410;123;36;0;2;7;4;0;0;1;35;2;0;1;414;0;1923;43;499;570;75;205;422;832;415;84;17;62;149;110;39;7;9;32;35;61;26;0
20403;Feistritz im Rosental;1171;994;1368;969;1814;843;80;45;1;15;15;14;2;43;17;96;0;185;66;138;107;130;178;114;60;42;49;51;51;0;48;76;184;367;371;86;21;18;0;921;29;12;0;1;2;4;0;0;0;22;4;0;0;176;0;630;50;208;283;43;154;189;221;174;62;4;9;26;28;10;3;5;7;14;7;12;0
20405;Ferlach;3319;2877;4360;2779;5198;2248;339;187;5;33;43;39;2;110;38;273;2;554;232;403;405;451;368;252;145;89;74;182;158;6;234;252;506;1006;933;281;61;44;2;2576;153;19;2;5;11;13;0;0;0;86;15;1;0;436;2;1889;116;522;792;182;420;558;642;318;128;37;52;147;67;24;12;30;42;47;50;15;3
20409;Grafenstein;1336;1085;1473;1058;2057;887;133;36;2;10;16;10;2;45;11;179;5;132;58;144;127;151;121;108;104;61;77;112;84;57;104;78;178;406;429;101;24;11;5;1019;29;4;3;1;1;0;0;0;1;28;0;0;0;245;5;805;16;195;320;27;84;198;311;189;78;15;25;41;31;16;5;6;7;7;11;2;3
20412;Keutschach am See;1116;1003;1420;959;1870;763;130;66;0;51;8;5;0;8;10;74;1;84;27;88;166;197;213;142;54;66;28;25;22;4;46;68;114;367;393;115;10;2;1;885;62;1;0;0;8;3;0;0;0;41;3;0;0;112;1;586;54;256;220;58;124;155;231;127;68;7;28;37;40;11;7;6;22;28;9;1;0
20414;Köttmannsdorf;1343;1204;1601;1179;1994;913;232;34;0;9;13;9;0;28;11;82;12;85;31;128;148;207;195;149;95;67;68;98;60;12;83;69;172;465;454;76;5;7;12;1137;29;0;0;0;8;5;0;0;0;23;2;0;0;127;12;899;12;218;214;36;89;198;326;201;63;12;38;83;60;29;10;2;15;13;4;0;0
20415;Krumpendorf am Wörthersee;1413;1237;2671;1161;3198;840;120;199;2;91;20;18;2;23;6;79;13;114;97;213;234;154;187;94;95;64;53;34;57;17;120;76;165;352;443;189;43;12;13;958;157;29;1;2;2;9;2;1;0;69;9;0;0;161;13;660;76;363;314;41;92;140;248;206;113;11;13;39;39;9;9;16;26;81;52;22;2
20416;Ludmannsdorf;918;744;935;727;1310;615;95;16;1;8;7;1;0;25;10;125;15;62;34;75;112;114;153;126;37;60;43;42;28;32;88;66;112;311;269;48;8;1;15;705;13;3;0;1;5;0;0;0;0;16;1;0;0;159;15;485;47;154;232;44;92;119;194;123;43;7;16;31;26;12;3;5;3;5;0;3;0
20417;Maria Rain;1151;1005;1383;999;1779;832;114;53;0;3;8;2;1;6;2;127;3;82;30;48;77;165;135;171;92;106;82;70;90;3;74;72;174;372;381;69;5;1;3;940;48;2;0;0;6;2;1;0;0;5;1;0;0;143;3;737;23;190;201;31;69;139;330;195;68;5;21;42;28;16;2;5;10;22;14;2;0
20418;Maria Saal;1806;1525;2041;1504;2728;1237;195;72;0;6;13;9;1;23;21;228;1;163;33;108;176;234;299;246;131;44;99;127;145;1;131;155;248;540;581;115;21;14;1;1422;66;5;0;0;10;1;0;0;0;21;0;0;0;280;1;1076;33;335;362;27;117;220;468;257;148;8;34;68;53;19;13;9;17;30;14;2;0
20419;Maria Wörth;1028;855;1687;803;2406;596;89;112;6;91;5;8;1;14;14;92;0;91;62;135;153;118;118;77;74;81;54;43;22;0;76;90;114;293;289;128;28;10;0;660;86;12;5;6;25;9;0;0;0;56;1;0;0;168;0;356;121;210;341;42;66;92;130;118;148;3;11;21;27;21;6;13;17;27;33;18;4
20421;Moosburg;1757;1619;2285;1589;2614;1266;194;104;25;23;12;8;0;32;22;71;0;146;71;125;179;241;348;251;116;119;65;56;39;1;55;79;163;640;651;144;17;8;0;1455;95;5;0;25;5;3;1;0;0;34;2;0;0;132;0;1115;52;343;247;48;146;250;452;283;87;14;33;71;55;16;5;10;33;43;12;6;0
20424;Pörtschach am Wörther See;1408;1185;2405;1089;2866;806;119;161;3;144;14;21;1;35;24;80;0;138;107;223;243;164;175;65;46;56;59;50;45;37;67;115;175;387;425;181;38;20;0;912;121;24;6;3;13;5;3;2;0;89;9;0;0;221;0;515;127;377;389;43;141;144;193;150;135;11;22;36;32;6;12;8;27;59;34;24;9
20425;Poggersdorf;1848;1255;1652;1242;3226;1013;186;42;1;9;10;3;1;43;16;524;0;85;49;122;142;207;261;211;130;109;163;194;151;24;343;136;166;526;508;118;32;19;0;1198;39;2;0;1;1;0;1;0;0;12;1;0;0;593;0;938;13;224;673;36;83;188;398;232;76;14;26;60;63;21;2;2;16;9;14;1;0
20428;St. Margareten im Rosental;564;474;587;466;957;377;80;9;0;6;4;0;0;9;7;72;0;87;39;57;51;72;74;49;34;9;37;45;10;0;37;50;74;197;163;34;9;0;0;456;8;0;0;0;1;1;0;0;0;8;0;0;0;90;0;321;18;75;150;33;59;69;103;72;41;5;4;22;26;17;6;0;4;3;2;0;0
20432;Schiefling am Wörthersee;1272;1158;1773;1124;2148;895;145;84;0;36;9;7;0;14;10;72;0;92;45;122;171;152;194;108;103;75;66;70;47;27;59;63;129;422;417;147;26;9;0;1032;74;6;1;0;8;2;1;0;0;32;2;0;0;114;0;723;78;217;254;41;104;248;238;189;75;12;24;52;40;13;4;7;27;22;20;7;1
20435;Techelsberg am Wörther See;1114;1009;1464;1006;1744;934;21;48;3;11;2;1;0;8;8;71;7;76;69;148;183;138;137;89;79;48;61;44;35;7;81;114;133;322;304;113;31;9;7;955;36;7;5;3;0;0;0;0;0;4;0;0;0;97;7;554;90;220;250;103;165;195;196;170;105;1;2;4;5;4;5;4;12;9;11;10;2
20441;Zell;347;319;398;313;440;248;56;9;0;3;3;2;0;3;3;20;0;75;35;49;47;16;33;25;15;11;9;7;2;23;35;43;47;127;79;14;2;0;0;304;9;0;0;0;0;0;0;0;0;6;0;0;0;28;0;146;24;56;121;56;46;48;54;34;10;13;10;18;12;2;1;4;3;2;0;0;0
20442;Magdalensberg;1461;1329;1680;1312;2209;1121;150;40;1;6;9;6;0;23;16;88;1;146;50;92;103;199;231;163;104;114;80;105;60;14;59;59;116;493;571;125;24;13;1;1269;36;3;0;1;2;1;0;0;0;15;3;0;0;130;1;964;25;258;214;42;99;214;407;270;89;9;17;55;49;15;5;1;10;22;4;3;0
20501;Althofen;1321;1021;2932;962;4504;658;79;221;4;17;22;46;2;149;26;96;1;114;35;113;149;179;122;133;64;95;119;71;82;45;123;46;113;277;400;204;109;48;1;720;161;40;10;4;17;7;2;1;0;56;5;0;0;297;1;650;23;276;372;3;21;121;263;161;89;3;17;28;20;9;2;4;31;75;67;31;13
20502;Brückl;1004;895;1485;874;1731;671;135;67;1;8;12;7;2;53;8;40;0;115;51;126;142;175;153;98;46;40;14;24;20;0;32;55;127;301;355;99;24;11;0;804;52;13;1;1;2;1;0;0;0;21;1;0;0;108;0;645;17;160;182;32;100;156;216;120;47;8;28;61;27;9;2;4;11;23;15;14;0
20503;Deutsch-Griffen;391;359;473;354;523;266;74;12;2;8;2;2;0;5;4;16;0;57;16;68;30;76;44;45;6;14;11;9;15;0;12;40;62;143;109;22;3;0;0;338;12;0;0;2;2;0;0;0;0;6;0;0;0;31;0;205;31;53;102;32;52;46;64;48;24;10;16;30;15;3;0;3;3;5;1;0;0
20504;Eberstein;587;546;769;529;839;433;64;29;3;12;6;2;0;10;6;22;0;131;28;96;67;71;73;32;17;10;11;7;5;39;40;50;100;173;161;58;3;2;0;494;27;1;0;2;3;1;0;0;1;16;2;0;0;40;0;309;29;83;166;50;79;103;107;60;34;6;13;19;16;7;3;5;7;5;11;1;0
20505;Friesach;1799;1624;2770;1568;3133;1172;228;158;10;20;20;38;1;58;28;57;9;399;88;262;204;200;217;137;122;79;44;28;9;10;50;119;216;570;555;191;64;25;9;1397;132;22;0;10;3;4;0;0;0;51;10;0;0;161;9;1044;41;392;322;60;160;239;381;217;115;20;50;89;45;11;13;21;34;54;37;12;0
20506;Glödnitz;614;557;688;541;826;481;45;14;1;14;3;4;1;9;3;39;0;54;28;86;81;84;60;28;27;25;18;45;11;67;54;129;124;171;96;28;8;4;0;525;11;3;0;0;1;0;0;0;1;16;0;0;0;57;0;252;75;72;215;74;153;106;74;51;23;7;13;13;6;1;5;3;2;3;6;0;0
20508;Gurk;460;397;687;378;820;263;75;40;0;8;4;7;0;16;11;36;0;111;32;57;49;39;48;33;18;28;23;14;5;3;27;28;56;132;146;54;14;3;0;336;36;2;0;0;2;2;0;0;0;18;1;0;0;63;0;227;16;107;110;21;37;56;74;41;34;6;13;25;16;9;6;4;9;10;16;1;0
20509;Guttaring;595;529;759;522;884;434;59;28;1;6;5;2;0;10;9;31;10;116;19;48;58;91;74;65;30;31;21;17;15;10;23;27;59;177;214;74;7;4;10;488;26;2;0;1;5;0;0;0;0;6;1;0;0;56;10;382;14;85;114;19;49;98;114;101;53;3;6;26;16;2;6;3;4;9;12;0;0
20511;Hüttenberg;899;749;1078;729;1240;565;119;44;1;15;7;4;1;27;18;69;29;310;211;81;73;57;63;45;8;8;3;8;3;29;93;130;125;240;181;85;13;3;29;681;41;2;0;1;3;1;0;0;0;18;2;0;0;121;29;413;67;123;296;103;162;124;98;46;32;34;20;30;24;4;7;5;16;17;5;1;0
20512;Kappel am Krappfeld;714;648;985;638;1172;496;95;45;2;5;8;3;0;8;10;34;8;105;28;76;83;57;131;66;26;42;26;30;15;29;22;27;54;230;284;73;12;4;8;588;38;6;0;2;3;1;0;0;0;11;0;0;0;57;8;461;11;137;105;16;40;95;177;106;62;7;17;36;17;12;6;3;11;17;8;6;0
20513;Klein St. Paul;738;608;1189;593;1356;366;172;55;0;9;10;7;3;9;8;55;44;99;83;115;94;88;76;46;25;22;19;12;14;45;36;51;97;235;184;67;13;11;44;532;46;8;0;0;6;0;1;0;0;13;2;0;0;86;44;402;28;124;184;55;78;80;90;37;26;14;28;77;33;10;10;5;9;22;17;2;0
20515;Liebenfels;1348;1152;1695;1143;2201;894;166;73;10;22;17;5;0;39;21;96;5;184;50;114;138;149;170;154;78;121;68;66;38;18;77;77;154;444;441;110;32;8;5;1055;58;11;1;10;5;3;0;0;0;17;0;0;0;183;5;805;20;220;303;52;105;180;272;187;98;13;24;65;45;9;10;6;23;21;14;8;1
20518;Metnitz;885;825;1002;805;1124;719;63;23;0;10;4;6;0;15;5;37;3;232;47;128;125;108;98;54;28;26;14;10;12;3;29;73;109;296;287;75;10;3;3;782;22;1;0;0;0;0;0;0;0;19;1;0;0;57;3;432;36;188;229;76;106;125;195;140;77;3;10;27;12;8;3;4;7;5;7;0;0
20519;Micheldorf;418;323;551;319;756;228;67;23;1;22;4;1;2;8;6;50;6;65;22;46;57;65;54;49;12;16;8;10;8;6;46;30;36;121;131;33;11;4;6;293;16;5;0;1;2;2;0;0;0;3;0;1;0;89;6;225;13;69;111;7;21;35;102;49;14;1;12;25;18;7;4;3;7;5;7;1;0
20520;Mölbling;591;487;730;472;833;368;79;25;0;8;4;1;0;21;11;42;32;108;22;47;31;67;70;65;44;30;29;20;25;33;22;30;61;174;168;79;18;7;32;447;23;2;0;0;0;0;0;0;0;13;2;0;0;72;32;363;13;91;124;20;57;64;123;56;48;9;16;20;15;5;14;3;10;8;2;2;0
20523;St. Georgen am Längsee;1627;1338;1947;1309;2658;1048;182;76;3;26;8;9;3;35;22;202;13;161;105;115;153;234;213;170;93;130;86;86;62;19;132;113;182;486;506;147;27;21;13;1227;69;5;1;3;3;1;0;0;0;27;3;0;0;275;13;867;50;319;391;58;95;201;380;214;100;16;39;60;34;19;14;4;19;28;17;7;1
20527;St. Veit an der Glan;3119;2691;7638;2511;8548;1475;417;613;6;35;75;102;18;157;54;105;62;368;311;441;308;313;398;381;213;87;63;74;46;116;133;175;331;905;926;358;151;78;62;1876;483;82;16;6;16;25;4;3;0;136;42;2;1;365;62;1758;43;716;602;57;168;327;529;293;101;45;100;144;82;33;13;30;122;221;167;55;18
20530;Straßburg;819;675;1042;652;1449;491;102;56;3;10;6;10;0;28;9;103;1;197;37;132;80;82;77;57;20;44;27;26;38;2;46;51;102;232;253;84;29;21;1;587;53;1;0;2;6;2;0;0;1;22;2;0;0;142;1;409;26;148;236;20;76;91;143;110;51;11;19;35;20;13;4;2;15;21;17;1;0
20531;Weitensfeld im Gurktal;886;706;1150;688;1250;584;80;23;1;5;7;9;2;15;6;23;131;99;46;155;91;87;93;82;25;26;15;21;10;136;32;62;119;262;192;67;18;3;131;663;22;0;0;1;1;1;0;0;0;18;0;0;0;49;131;500;50;191;145;37;103;131;179;82;52;13;16;27;15;3;6;2;9;7;5;0;0
20534;Frauenstein;1520;1371;1698;1340;2122;1124;185;31;0;16;7;2;0;16;15;122;2;178;37;125;161;190;244;194;104;81;64;68;52;22;75;87;197;468;564;107;16;4;2;1302;30;1;0;0;7;0;0;0;0;29;2;0;0;147;2;912;37;305;266;52;125;243;353;244;107;12;36;69;45;14;9;6;7;10;7;1;0
20601;Bad Kleinkirchheim;1354;1019;3045;909;4120;492;171;243;3;179;7;16;2;9;13;218;1;66;24;66;189;297;201;132;111;120;71;56;20;1;184;162;161;336;309;153;30;18;1;655;190;26;15;2;8;8;4;0;1;95;13;2;1;333;1;274;281;296;503;52;93;117;122;72;36;10;29;65;40;16;11;29;69;70;43;27;5
20602;Baldramsdorf;750;642;935;630;1113;488;105;37;0;10;6;3;0;10;5;78;8;61;43;102;80;133;102;92;31;42;21;24;9;10;45;55;116;267;206;41;8;4;8;593;36;0;0;0;0;0;1;0;0;9;3;0;0;100;8;456;9;138;147;23;61;110;162;97;35;11;20;41;23;7;3;4;9;19;5;0;0
20603;Berg im Drautal;532;482;698;458;854;327;105;26;0;24;2;6;1;16;5;18;2;94;24;53;71;86;61;39;14;20;29;27;12;2;20;44;82;191;149;35;8;1;2;431;26;0;0;0;1;0;0;0;0;24;0;0;0;48;2;278;18;103;133;17;42;79;97;63;29;9;11;36;38;6;5;3;11;4;8;0;0
20604;Dellach im Drautal;651;564;925;547;1127;356;147;43;1;10;7;6;1;20;7;50;3;105;52;84;88;68;65;47;18;23;25;47;25;4;37;57;72;242;166;50;15;9;3;497;38;5;0;1;6;0;0;0;0;14;4;0;0;83;3;350;20;122;159;22;53;77;85;69;50;9;26;49;45;7;11;2;17;12;8;4;0
20605;Großkirchheim;903;558;729;543;1794;445;69;29;0;29;4;2;0;10;11;303;1;114;34;75;97;122;73;117;62;52;47;51;57;2;105;109;146;305;166;61;10;0;1;501;27;1;0;0;13;1;0;0;0;13;2;0;0;344;1;341;51;102;409;9;29;63;112;141;91;0;8;25;20;7;9;6;7;13;2;1;0
20607;Flattach;583;496;697;478;868;356;95;27;0;28;8;7;1;18;7;36;0;74;26;62;92;75;71;82;25;14;25;26;10;1;25;47;82;213;157;40;13;6;0;451;25;1;0;0;0;1;0;0;0;16;2;0;0;87;0;275;45;115;148;21;33;75;110;82;35;6;10;45;24;8;2;5;10;8;4;0;0
20608;Gmünd in Kärnten;1134;903;1501;825;1963;592;146;85;2;61;10;25;3;68;22;108;12;162;48;117;117;129;140;98;90;42;40;77;61;13;105;104;152;319;266;116;47;13;12;728;70;13;0;2;10;2;0;0;0;77;2;0;0;218;12;568;37;175;354;31;63;106;185;135;72;17;21;47;35;19;7;5;38;15;16;11;0
20609;Greifenburg;728;631;990;598;1170;423;130;44;1;28;10;19;1;30;12;30;0;189;75;75;78;80;84;41;31;26;13;14;22;0;26;43;100;235;212;86;20;6;0;550;37;5;0;0;3;2;0;0;1;32;2;0;0;96;0;347;31;170;180;19;85;103;99;77;40;8;29;51;24;12;6;9;11;7;13;4;0
20610;Heiligenblut am Großglockner;622;440;694;382;1032;299;62;19;2;70;5;7;7;26;5;104;16;111;43;57;63;81;76;70;35;27;13;23;7;16;53;69;68;162;164;61;22;7;16;353;14;2;0;2;8;2;0;1;0;54;4;0;0;166;16;246;33;81;262;30;69;54;51;40;55;5;7;22;9;10;9;2;5;7;2;2;1
20611;Irschen;874;747;1033;733;1416;537;169;26;1;8;10;5;3;14;8;88;5;99;40;81;66;119;132;123;34;47;46;47;31;9;65;65;102;276;275;67;11;8;5;701;23;2;0;1;5;1;0;0;0;12;3;0;0;121;5;441;34;151;248;61;76;88;139;135;38;3;23;40;53;35;15;5;5;9;5;2;0
20613;Kleblach-Lind;435;403;547;396;643;302;78;16;0;1;4;3;0;9;2;14;6;76;36;50;50;51;51;18;13;9;19;14;22;26;7;12;63;133;144;60;8;2;6;380;15;0;0;0;0;1;0;0;0;7;0;0;0;26;6;264;13;93;65;15;25;67;85;78;32;7;21;25;14;10;1;3;4;6;3;0;0
20616;Lendorf;924;589;859;577;1774;420;124;33;0;10;9;5;1;21;17;284;0;58;43;124;107;132;127;83;47;59;38;39;66;1;131;96;112;242;238;68;25;12;0;539;28;4;0;0;5;1;0;0;0;11;1;0;0;335;0;383;12;135;394;24;26;76;120;95;79;11;18;34;36;9;16;9;12;7;1;4;0
20618;Mallnitz;470;359;643;302;821;215;56;31;0;83;8;4;5;14;5;39;10;44;53;68;68;98;55;11;13;12;11;23;4;10;40;60;65;122;106;53;11;3;10;268;24;7;0;0;3;0;0;0;0;50;7;0;0;101;10;144;58;102;166;9;51;51;45;31;28;1;12;21;15;6;1;7;5;10;2;7;0
20619;Malta;972;744;1082;727;1811;538;154;35;0;32;6;5;0;9;10;183;0;100;47;82;119;154;114;114;57;62;46;35;41;1;101;111;106;245;285;111;10;3;0;687;29;4;0;0;5;2;0;0;0;17;0;0;0;228;0;457;48;105;362;60;79;78;139;123;59;11;10;47;51;22;13;1;8;12;8;6;0
20620;Millstatt am See;1587;1429;2633;1338;2972;921;241;176;0;105;16;14;0;21;12;74;7;175;80;173;261;254;169;151;79;64;63;56;48;14;80;81;180;511;489;180;46;13;7;1152;148;22;0;0;10;5;1;0;0;88;2;1;0;151;7;727;174;423;263;41;161;159;239;212;109;22;61;80;56;16;6;16;35;63;42;20;0
20622;Mörtschach;464;379;468;366;697;303;52;11;0;11;2;2;0;9;10;63;1;58;25;53;45;58;51;50;20;20;24;39;18;3;48;61;67;146;107;30;4;0;1;355;11;0;0;0;0;0;0;0;0;13;0;0;0;84;1;211;13;50;190;50;57;40;72;65;19;7;8;16;12;7;2;0;3;8;0;0;0
20624;Mühldorf;351;302;519;290;593;213;40;36;1;12;2;5;5;16;6;10;5;54;29;59;38;57;24;29;6;24;10;5;9;7;12;29;28;105;112;38;15;7;5;253;34;1;0;1;0;0;1;0;0;11;1;0;0;44;5;195;12;77;67;14;26;49;61;44;19;1;10;18;7;2;2;5;12;10;7;2;0
20625;Oberdrauburg;472;367;681;343;829;244;72;26;1;15;5;5;1;14;11;26;52;84;27;40;63;57;60;22;9;14;18;5;9;64;7;13;53;158;133;42;13;1;52;315;22;3;0;1;1;1;0;0;0;22;2;0;0;53;52;262;25;103;82;15;41;42;78;48;20;7;11;28;12;8;6;1;6;11;8;0;0
20627;Obervellach;987;790;1252;754;1592;556;133;65;0;21;10;12;0;50;10;117;13;212;66;122;95;113;73;61;33;45;53;31;22;61;68;77;106;265;324;100;25;9;13;685;56;7;0;0;4;2;0;0;0;31;4;1;0;184;13;480;48;189;270;27;65;110;165;127;62;16;31;41;33;9;3;4;31;10;11;9;0
20630;Radenthein;2547;2131;3705;2058;4566;1399;474;183;2;78;17;57;3;37;32;219;46;170;237;403;425;342;313;193;107;58;64;88;99;48;188;220;456;868;537;161;49;22;46;1868;165;8;0;2;5;7;2;1;0;71;4;0;0;368;46;1383;117;415;632;98;254;342;438;194;73;71;94;175;94;30;10;27;44;64;38;9;1
20631;Rangersdorf;700;630;933;619;1068;441;131;47;0;12;6;1;0;19;8;31;4;127;28;82;66;83;85;74;46;42;27;27;9;4;32;68;126;232;201;27;6;4;4;571;46;0;0;0;1;0;1;0;0;11;0;0;0;66;4;409;31;139;121;30;71;82;113;92;53;22;25;44;19;12;9;14;17;9;6;1;0
20632;Rennweg am Katschberg;942;685;1245;656;2067;396;210;47;3;47;4;4;8;20;14;157;32;105;33;109;86;128;108;117;57;35;35;68;27;34;129;114;114;214;202;90;37;10;32;598;40;4;2;3;8;1;0;0;0;26;4;0;0;224;32;354;78;160;350;61;61;62;106;81;25;15;37;67;50;25;16;13;13;11;6;2;2
20633;Sachsenburg;523;438;718;429;837;300;92;37;0;6;7;3;1;17;6;48;6;49;31;70;71;54;39;46;28;21;19;20;41;34;34;41;73;164;145;44;8;8;6;392;34;1;0;0;0;2;0;0;0;9;0;0;0;79;6;324;11;80;108;13;37;68;123;49;10;5;28;33;12;11;3;6;7;10;13;1;0
20634;Seeboden am Millstätter See;2828;2374;4130;2267;5570;1560;459;242;6;110;34;23;4;52;15;287;36;180;114;292;410;436;340;266;132;140;105;196;174;43;245;216;377;877;830;179;50;18;36;2001;206;21;3;5;18;12;0;0;1;101;11;0;0;413;36;1459;145;599;625;103;211;282;468;371;125;37;86;166;117;38;15;11;68;91;53;16;3
20635;Spittal an der Drau;3918;3278;9134;3117;10948;2041;449;614;13;41;89;119;10;165;55;322;0;275;258;652;567;567;405;339;193;188;188;109;167;10;255;295;485;1143;1015;431;187;107;0;2465;375;160;35;9;25;32;9;3;4;129;31;5;0;636;0;2033;63;907;915;77;218;388;730;443;185;43;77;159;113;35;22;27;129;148;157;111;42
20636;Stall;567;524;753;515;852;347;144;24;0;6;2;2;0;6;6;20;10;105;37;66;79;68;60;61;28;19;17;10;7;10;16;52;101;228;134;24;2;0;10;487;24;0;0;0;4;0;0;0;0;8;1;0;0;33;10;368;15;100;84;24;51;60;114;68;30;24;41;42;27;7;3;12;8;0;4;0;0
20637;Steinfeld;884;605;1019;594;1343;435;103;55;1;7;9;10;1;26;18;217;2;157;50;143;112;102;74;64;32;37;36;22;53;2;157;95;109;201;213;75;26;6;2;537;47;8;0;1;1;0;0;0;0;10;1;0;0;277;2;396;32;125;331;5;41;76;101;71;141;3;12;31;16;17;24;3;13;18;16;4;1
20638;Trebesing;478;379;557;371;694;255;102;14;0;9;1;1;0;12;8;75;1;127;19;35;28;61;54;38;25;22;14;24;29;2;38;35;58;141;148;51;4;2;1;356;13;1;0;0;1;0;0;0;0;6;2;0;0;98;1;266;6;81;125;7;18;42;86;53;49;11;14;26;19;15;17;2;3;6;2;1;0
20639;Weißensee;493;385;689;275;1015;200;47;27;1;164;3;8;3;7;8;25;0;23;25;34;84;86;80;52;22;30;13;26;18;0;21;47;60;124;134;83;23;1;0;241;19;4;3;1;6;1;0;0;0;105;6;0;0;107;0;157;86;88;162;21;31;43;48;40;17;3;11;19;6;7;1;1;5;11;5;3;2
20640;Winklern;481;380;709;361;955;246;78;36;1;6;9;16;0;14;7;34;34;49;24;51;54;47;57;50;32;31;28;14;9;35;24;22;53;146;136;44;12;10;34;320;30;2;0;1;4;4;0;0;0;10;10;0;0;66;34;262;20;96;103;23;36;43;77;46;21;7;20;19;21;4;7;8;16;4;6;2;0
20642;Krems in Kärnten;843;772;1021;741;1133;622;92;26;1;40;3;6;0;18;12;22;1;211;68;102;103;113;98;93;21;7;8;11;7;1;39;106;134;293;195;67;6;2;1;712;23;3;0;1;2;0;0;0;0;30;2;0;0;69;1;369;107;159;208;68;116;115;154;118;51;9;21;25;20;12;5;2;4;9;10;1;0
20643;Lurnfeld;1000;892;1401;866;1595;637;159;66;4;16;15;11;1;25;8;33;25;120;67;124;112;113;118;82;51;33;46;37;16;81;34;44;122;307;294;148;19;7;25;792;61;3;0;4;4;2;0;0;0;24;3;0;0;82;25;678;20;157;145;17;77;103;248;131;61;10;31;46;52;16;4;6;20;22;17;1;0
20644;Reißeck;1236;931;1276;909;1683;713;147;48;1;37;7;4;3;28;10;234;4;161;79;152;133;224;178;125;51;43;38;16;32;4;227;102;167;343;293;76;18;6;4;859;46;0;0;1;1;2;0;0;0;19;3;0;0;301;4;546;76;194;420;62;99;136;207;134;75;9;26;60;32;10;10;3;13;23;8;1;0
20701;Afritz am See;633;529;855;517;1006;319;147;49;2;12;5;6;2;7;8;68;8;52;21;98;83;122;58;42;25;15;15;50;41;11;55;73;96;185;156;47;7;6;8;464;47;1;0;2;2;1;0;0;0;12;1;0;0;95;8;342;18;100;173;15;64;68;91;50;31;22;24;41;38;10;12;13;19;11;5;1;0
20702;Arnoldstein;2743;2085;3979;2039;6696;1329;467;242;1;47;35;31;4;100;35;451;1;277;157;348;306;320;305;389;151;120;82;123;162;3;255;181;256;682;901;353;68;46;1;1775;189;36;1;1;21;13;3;0;0;40;6;1;0;656;1;1435;53;491;764;51;131;326;463;270;88;22;89;166;123;49;18;20;54;66;69;32;1
20703;Arriach;1093;617;783;610;1385;508;77;25;0;7;2;3;2;6;9;453;1;102;116;131;145;177;164;100;44;40;23;34;16;1;252;110;92;270;299;61;5;3;1;580;24;1;0;0;5;0;0;0;0;7;0;0;0;475;1;333;50;119;591;62;64;58;101;133;90;3;10;32;21;8;3;6;8;7;3;1;0
20705;Bad Bleiberg;962;892;1507;864;1635;555;226;83;0;14;7;10;1;21;11;34;0;227;49;195;130;126;120;38;29;23;7;7;10;1;21;63;137;366;261;94;15;5;0;780;73;5;0;0;1;5;0;0;0;25;3;0;0;70;0;554;42;173;193;46;111;128;150;87;33;22;50;93;44;6;11;9;28;20;23;3;0
20707;Feistritz an der Gail;288;216;373;212;500;128;68;16;0;3;2;4;0;6;5;48;8;44;13;45;28;25;21;21;23;19;21;18;2;8;24;13;22;62;95;51;12;1;8;194;16;0;0;0;2;0;0;0;0;3;1;0;0;64;8;139;5;52;92;15;8;13;31;36;25;4;8;22;15;11;8;0;1;8;7;0;0
20708;Feld am See;617;485;709;459;977;309;116;33;1;22;4;7;1;8;10;106;0;61;40;91;98;92;50;43;29;36;21;34;22;0;71;73;86;182;139;57;9;0;0;417;33;0;0;1;8;0;0;0;0;26;0;0;0;132;0;254;40;101;222;31;52;67;87;49;23;11;21;42;28;8;6;7;10;11;5;0;0
20710;Ferndorf;816;721;1227;717;1327;531;134;51;1;3;4;4;1;29;5;20;33;41;54;131;134;136;95;66;30;40;24;19;13;33;17;85;148;301;151;37;39;5;33;664;45;5;1;1;1;0;0;0;0;4;0;1;0;61;33;486;34;140;156;24;140;105;164;60;38;18;34;46;29;5;2;3;17;10;13;7;1
20711;Finkenstein am Faaker See;4322;3578;5905;3450;7915;2636;513;296;5;152;41;21;4;148;28;419;59;369;223;478;517;480;399;407;345;253;224;363;198;66;306;388;591;1401;1165;292;75;45;59;3137;253;33;1;4;12;6;1;2;1;110;20;0;0;683;59;2241;205;762;1114;206;434;491;832;517;156;51;88;194;115;44;21;40;69;109;60;17;1
20712;Fresach;533;507;634;499;679;404;81;14;0;3;5;0;0;2;8;16;0;69;25;65;58;98;92;40;24;21;14;21;6;0;23;44;77;161;179;46;3;0;0;482;14;0;0;0;3;0;0;0;0;7;1;0;0;26;0;318;25;99;91;29;50;87;112;76;50;4;12;35;24;5;1;2;8;3;1;0;0
20713;Hohenthurn;420;340;475;334;630;234;86;14;0;4;4;1;1;4;5;61;6;103;15;39;25;41;48;39;18;18;18;25;25;6;36;36;34;103;146;50;4;5;6;320;14;0;0;0;0;0;0;0;0;6;0;0;0;74;6;204;16;74;126;26;47;41;52;55;13;7;8;23;26;11;11;2;6;5;1;0;0
20719;Nötsch im Gailtal;961;872;1283;840;1439;623;176;41;0;19;5;8;3;32;11;33;10;152;63;116;122;104;122;59;32;33;37;36;28;57;22;38;90;320;331;126;20;4;10;796;37;4;0;0;3;0;0;0;0;29;2;1;0;79;10;551;26;240;144;27;86;123;191;138;58;20;38;71;34;11;2;1;14;13;9;4;0
20720;Paternion;2307;1887;3022;1825;3669;1344;344;134;3;16;35;42;6;98;21;257;7;215;164;389;288;233;206;118;110;86;87;118;166;127;170;248;414;708;522;150;63;25;7;1682;112;13;3;3;6;6;0;0;0;58;6;0;0;411;7;1259;56;463;529;60;174;265;485;246;114;33;84;141;59;15;12;9;24;57;34;10;0
20721;Rosegg;769;694;1064;686;1188;542;98;46;0;3;9;2;1;9;4;32;23;99;25;81;94;80;83;81;61;37;29;51;25;23;21;35;101;275;231;72;5;6;23;640;46;0;0;0;0;0;0;0;0;8;0;0;0;52;23;474;28;156;111;21;76;133;141;100;71;3;13;36;35;9;2;3;11;17;14;1;0
20722;St. Jakob im Rosental;1965;1714;2492;1690;3104;1243;350;94;3;15;15;11;1;23;14;196;0;166;152;233;246;330;236;175;108;58;60;106;95;0;94;139;277;656;619;153;17;10;0;1583;82;5;0;3;10;7;0;0;0;24;2;0;0;249;0;1094;77;408;386;54;163;298;396;268;64;24;56;141;92;28;9;5;34;30;24;1;0
20723;Stockenboi;692;632;811;617;974;477;127;13;0;18;2;3;1;8;7;36;0;129;29;99;88;101;80;56;28;29;30;14;9;0;40;58;110;233;195;49;7;0;0;604;12;0;0;0;0;1;0;0;0;14;1;0;0;60;0;415;44;107;126;35;72;106;140;88;36;6;24;38;35;14;10;1;5;3;4;0;0
20724;Treffen am Ossiacher See;2232;1929;3333;1846;3954;1346;321;166;13;93;24;21;0;71;16;131;30;211;155;222;287;347;354;66;101;104;62;47;27;249;232;218;292;714;487;184;44;31;30;1660;148;10;6;12;7;1;1;0;1;87;4;0;0;265;30;959;207;462;604;174;254;264;362;192;100;32;77;120;59;22;11;21;41;55;29;14;6
20725;Velden am Wörther See;4905;3780;6718;3598;10153;2601;591;402;4;208;29;79;3;79;43;858;8;310;216;568;713;673;586;444;249;216;364;353;200;13;579;355;614;1413;1361;443;95;37;8;3167;347;29;8;3;25;15;2;1;1;167;17;1;0;1114;8;2092;269;975;1569;148;391;591;760;476;235;34;113;213;151;52;28;44;103;135;84;26;10
20726;Weißenstein;1224;1050;1502;1028;1703;766;208;54;0;8;10;2;3;85;16;64;8;95;104;185;151;149;197;122;58;26;22;33;36;46;55;60;156;436;369;100;29;11;8;974;47;5;0;0;0;1;1;0;0;20;2;0;0;166;8;706;36;253;229;30;88;182;245;144;77;26;38;77;41;14;12;6;19;16;8;5;0
20727;Wernberg;2492;2050;2768;2017;4012;1648;299;67;3;10;17;10;1;50;15;352;20;132;58;208;216;300;370;331;204;206;162;179;103;23;227;196;316;882;695;124;17;15;20;1937;46;17;0;2;10;3;1;0;1;30;3;0;0;422;20;1432;48;467;545;50;195;356;627;335;85;13;70;118;75;20;3;3;25;16;12;11;0
20801;Bleiburg;1679;1427;2127;1390;2753;1088;229;72;1;12;15;24;4;55;21;156;2;236;58;240;197;221;223;152;83;61;96;70;36;6;97;69;167;459;607;190;60;28;2;1309;44;14;0;1;8;10;4;0;0;34;3;1;0;249;2;902;43;322;412;50;158;245;304;225;106;18;39;66;66;26;14;7;10;28;16;11;0
20802;Diex;454;403;462;390;590;351;34;5;0;13;3;3;0;3;6;30;6;50;25;84;61;48;57;43;20;20;12;9;18;7;24;35;58;153;136;38;3;1;6;385;5;0;0;0;0;0;0;0;0;13;0;0;0;45;6;209;41;62;142;43;81;80;59;59;29;3;6;14;8;1;2;0;2;1;2;0;0
20803;Eberndorf;3413;2295;3236;2244;5980;1738;388;115;3;30;19;42;7;151;19;897;4;181;226;461;451;447;405;381;160;162;130;139;226;44;544;336;388;898;929;219;55;40;4;2115;95;5;0;3;11;14;1;0;0;47;7;0;0;1111;4;1630;62;402;1319;83;261;445;524;302;123;10;66;115;127;55;15;7;32;44;26;6;0
20804;Eisenkappel-Vellach;1010;904;1384;877;1597;663;144;66;4;21;13;8;0;26;24;41;0;270;49;189;133;139;94;59;16;19;16;15;10;1;28;74;168;356;277;83;17;7;0;799;50;6;0;4;8;9;0;1;0;26;1;0;1;105;0;553;39;146;272;55;151;163;161;83;50;16;32;46;33;11;6;6;18;25;15;2;0
20805;Feistritz ob Bleiburg;1062;876;1145;857;1623;675;152;29;1;19;6;4;2;27;17;129;1;133;32;121;115;136;138;97;56;61;63;64;42;4;75;82;96;286;411;89;13;9;1;822;26;0;0;1;5;3;0;0;0;20;0;0;0;184;1;582;30;182;268;44;89;134;193;165;50;6;21;51;43;20;11;2;4;21;2;0;0
20806;Gallizien;796;742;926;729;1016;632;78;18;1;6;8;2;0;14;5;22;10;80;47;106;92;116;147;70;15;35;10;7;32;39;19;37;133;287;247;53;8;2;10;710;15;3;0;1;0;0;0;0;0;12;2;0;0;43;10;518;25;123;130;36;129;127;210;97;33;3;13;33;20;3;6;2;8;4;1;3;0
20807;Globasnitz;711;636;798;627;896;518;96;13;0;3;4;3;0;12;8;54;0;105;38;119;65;66;108;82;33;24;19;27;15;10;28;41;68;230;281;53;7;3;0;611;11;2;0;0;3;0;0;0;0;8;1;0;0;75;0;428;20;130;133;29;84;112;127;75;91;4;10;35;33;7;7;2;4;4;2;1;0
20808;Griffen;1385;1218;1849;1184;2282;895;218;71;0;12;18;22;2;44;9;82;12;205;82;211;165;147;177;139;82;56;29;48;27;17;57;68;157;442;442;146;36;25;12;1104;60;5;0;0;9;4;2;0;0;26;8;0;0;155;12;799;38;239;309;50;136;197;254;190;68;8;39;82;47;27;15;5;19;24;16;7;0
20810;Neuhaus;449;385;451;382;557;344;27;9;2;5;3;0;0;5;15;38;1;60;30;70;53;61;78;46;19;14;4;4;5;5;21;24;47;148;161;40;5;2;1;371;9;0;0;2;0;0;0;0;0;5;0;0;0;61;1;217;23;107;102;28;59;77;88;63;29;0;2;15;5;3;2;0;0;6;3;0;0
20812;Ruden;685;570;760;557;982;459;74;24;0;7;8;3;4;16;10;76;4;94;33;96;72;79;82;46;18;34;29;51;10;41;42;43;100;221;214;49;7;5;4;533;20;2;0;0;0;2;0;0;0;13;0;0;0;111;4;368;16;137;164;21;69;130;137;80;22;3;11;26;22;8;4;1;8;10;4;1;0
20813;St. Kanzian am Klopeiner See;2356;1972;2938;1837;4541;1401;285;122;29;345;8;34;1;32;29;70;0;167;95;295;453;472;380;218;77;45;49;71;34;0;85;214;335;742;701;200;59;20;0;1637;102;12;0;27;49;7;1;0;2;153;5;0;0;361;0;1131;151;384;690;122;253;313;329;249;135;31;41;92;69;37;15;9;40;34;33;6;0
20815;Sittersdorf;987;886;1172;870;1363;681;158;27;4;12;7;5;1;22;11;59;0;124;39;165;151;142;135;90;59;22;22;20;18;0;39;56;156;362;289;62;19;4;0;834;23;3;0;4;5;1;0;0;0;15;3;0;0;99;0;608;36;116;227;45;133;162;177;114;50;19;31;45;42;17;4;4;6;13;2;2;0
20817;Völkermarkt;4734;3657;5957;3532;9634;2637;628;264;3;42;65;66;5;171;78;774;1;426;210;601;531;598;600;531;366;289;193;246;136;7;359;300;490;1322;1523;511;139;89;1;3204;178;37;4;2;61;42;2;1;1;102;24;1;0;1074;1;2469;87;778;1400;118;310;539;860;580;230;32;78;236;159;81;42;23;75;71;67;27;1
20901;Bad St. Leonhard im Lavanttal;1805;1518;2211;1475;2860;1146;247;82;0;38;13;17;1;88;11;159;3;220;52;242;211;252;217;141;70;84;111;93;47;65;104;142;169;512;614;177;54;30;3;1392;69;7;0;0;1;5;1;0;0;39;4;0;0;284;3;956;80;309;460;42;138;281;376;228;81;19;38;76;65;30;19;7;19;30;18;8;0
20905;Frantschach-St. Gertraud;896;753;1320;720;1560;527;120;71;2;42;14;13;2;57;16;30;2;100;67;211;164;102;87;39;40;39;17;19;7;4;25;79;97;294;260;73;45;21;2;644;56;12;0;2;3;3;0;0;0;32;3;0;0;139;2;450;24;161;261;38;122;107;123;92;45;9;18;50;28;11;4;5;17;20;21;8;0
20909;Lavamünd;1249;1057;1626;1037;2980;705;285;46;1;10;13;15;0;27;20;115;12;147;83;155;185;158;183;85;75;62;40;34;26;16;59;113;206;351;392;84;23;9;12;986;36;7;0;1;4;3;0;0;0;18;2;0;0;180;12;671;33;228;317;62;99;152;193;142;57;26;54;77;73;38;17;5;7;12;18;4;0
20911;Preitenegg;456;418;486;411;535;370;35;6;0;5;4;2;0;4;3;27;0;32;19;71;85;78;66;57;6;12;14;12;4;0;14;32;72;163;131;37;5;2;0;405;6;0;0;0;0;0;0;0;0;7;0;0;0;38;0;231;27;80;118;27;72;74;89;54;54;2;4;3;14;5;7;0;1;4;1;0;0
20912;Reichenfels;714;634;840;622;981;517;82;22;1;19;6;7;3;21;7;23;6;95;29;96;72;125;93;76;47;20;5;6;4;46;28;57;83;210;235;78;14;3;6;599;21;0;0;1;0;1;0;0;0;10;3;0;0;73;6;427;42;95;150;29;80;100;144;98;66;2;19;21;23;9;8;0;4;10;8;0;0
20913;St. Andrä;4008;3369;4963;3279;9278;2498;634;142;5;40;35;41;3;100;31;477;2;267;97;635;575;537;534;444;195;184;146;227;153;14;262;296;564;1180;1277;275;95;57;2;3090;104;24;2;5;42;9;3;0;0;86;6;0;0;635;2;2356;69;655;928;125;264;648;802;495;164;58;86;249;147;66;28;9;23;44;49;15;2
20914;St. Georgen im Lavanttal;790;675;931;662;1148;508;132;22;0;8;5;4;0;2;10;99;0;74;46;89;106;99;88;100;45;50;43;36;11;3;36;54;44;227;302;107;15;5;0;637;18;4;0;0;3;0;0;0;0;10;3;0;0;115;0;454;30;136;170;40;49;85;162;122;50;21;25;35;28;15;8;4;6;4;6;2;0
20918;St. Paul im Lavanttal;1165;1048;1639;1005;1983;748;186;71;0;8;14;14;6;44;12;60;2;151;45;149;153;192;160;115;39;29;19;29;18;66;27;53;106;357;426;142;30;22;2;929;57;10;0;0;5;4;0;0;0;37;5;1;0;115;2;695;34;241;195;25;97;152;246;155;73;12;33;52;51;25;13;9;12;25;17;8;0
20923;Wolfsberg;9056;7665;13932;7410;17680;5422;1330;635;23;146;115;162;11;241;97;871;3;721;384;1194;1115;1053;1009;1119;595;478;399;627;356;6;799;599;1017;2524;2859;850;258;147;3;6687;416;153;13;22;65;46;7;0;1;227;40;3;0;1373;3;5120;229;1622;2085;260;752;1105;1804;1112;389;125;202;439;345;167;52;32;99;195;186;110;13
21001;Albeck;819;662;817;646;1234;569;55;21;1;26;3;4;2;8;8;122;0;102;28;71;47;125;93;113;59;38;51;49;39;4;111;177;139;229;121;36;5;1;0;621;16;1;0;1;3;4;0;0;0;16;1;0;0;156;0;273;96;101;349;68;144;133;103;82;39;5;9;14;19;4;4;4;5;2;10;0;0
21002;Feldkirchen in Kärnten;6055;4554;7985;4401;12271;3192;744;446;19;83;61;126;10;187;53;1133;1;447;186;571;683;777;762;728;396;295;243;590;371;6;603;525;717;1751;1666;546;156;90;1;3894;350;45;7;16;42;37;4;3;3;128;36;2;1;1486;1;3312;104;790;1849;134;405;659;1111;664;219;59;140;266;162;84;33;47;131;120;101;40;7
21003;Glanegg;685;620;853;612;960;475;104;25;8;7;4;3;2;18;3;31;5;79;34;62;102;110;116;90;24;11;21;13;5;18;13;33;98;241;224;60;5;6;5;579;22;3;0;8;0;0;0;0;0;11;1;0;0;56;5;431;14;151;89;12;61;122;148;92;40;7;16;36;24;8;13;4;7;5;6;2;1
21004;Gnesau;513;434;606;418;755;337;64;17;0;11;6;1;0;19;5;46;7;134;13;53;43;56;57;28;16;29;16;26;15;27;33;62;66;168;122;38;9;8;7;399;16;0;0;0;2;1;0;0;0;15;1;0;0;72;7;253;44;72;144;24;57;62;99;63;32;7;11;23;19;4;0;1;4;5;7;0;0
21005;Himmelberg;1108;924;1224;896;1716;724;139;33;0;18;6;5;2;21;13;146;1;199;37;90;105;131;145;65;58;52;60;57;56;53;103;92;185;351;287;70;12;7;1;857;29;0;0;0;6;4;0;0;0;26;2;0;0;183;1;618;46;163;281;56;109;135;220;142;62;13;23;59;28;13;3;2;8;15;7;1;0
21006;Ossiach;548;404;723;363;1115;263;48;51;1;66;4;5;0;13;6;89;2;27;25;55;84;76;93;44;30;23;30;36;23;2;54;41;73;145;139;79;10;5;2;301;45;2;0;1;10;4;0;0;0;38;3;0;0;142;2;149;75;108;216;24;50;40;63;48;38;2;10;13;11;10;2;5;9;19;15;3;0
21007;Reichenau;1232;1136;1671;1085;1925;859;173;53;0;71;11;16;0;16;15;18;0;178;37;117;122;214;146;132;85;74;72;36;18;1;81;157;238;391;271;65;25;4;0;1030;46;1;5;0;2;1;0;0;0;47;4;0;0;96;0;403;177;182;470;99;202;203;166;126;63;12;25;67;34;17;18;11;19;8;9;2;4
21008;St. Urban;644;547;991;538;1472;411;89;36;2;14;7;0;2;17;8;58;0;35;19;57;46;84;129;104;38;45;33;36;17;1;37;38;79;231;171;53;26;9;0;497;30;1;5;2;3;0;0;0;0;10;0;0;0;96;0;388;27;83;146;22;62;73;116;87;51;6;13;30;19;13;8;8;10;7;4;4;3
21009;Steindorf am Ossiacher See;1743;1511;3116;1451;3833;1009;269;169;4;91;15;13;0;48;16;98;11;143;113;185;249;220;223;162;75;137;77;43;50;66;100;149;273;593;409;161;33;14;11;1267;139;21;5;2;11;3;0;1;2;55;6;1;0;219;11;866;110;370;397;72;143;209;291;190;104;30;53;80;65;27;14;20;53;51;25;14;6
21010;Steuerberg;677;576;798;563;1019;430;109;23;1;9;2;2;0;21;11;63;6;83;16;53;68;98;116;89;44;21;28;27;25;9;25;53;79;252;204;50;8;0;6;536;23;0;0;1;3;0;0;0;0;10;3;0;0;95;6;414;19;111;133;27;64;91;140;81;27;13;19;38;27;7;5;2;4;10;7;0;0
30101;Krems an der Donau;7276;5364;17277;5157;23046;3472;510;1159;16;85;151;180;19;468;186;1019;11;1175;710;587;711;866;681;529;296;555;442;446;259;19;981;600;755;1521;1632;1012;426;338;11;3895;643;254;80;13;87;133;35;14;3;133;64;15;6;1890;11;2637;268;1915;2456;329;440;887;949;516;351;33;79;181;131;52;34;82;188;299;306;188;96
30201;St. Pölten;14562;12563;34579;12141;39900;8810;1388;1880;63;80;362;317;40;451;257;912;2;1274;2018;1537;1721;1366;1260;1332;1088;1178;603;576;586;23;850;1011;2070;3990;3691;1577;775;596;2;10153;1069;525;177;62;45;66;23;20;1;355;96;8;1;1959;2;7774;483;3367;2938;533;1265;2449;2565;1372;626;118;232;487;347;127;77;96;237;496;485;398;168
30301;Waidhofen an der Ybbs;3447;3128;6638;3012;7879;1734;813;455;10;36;58;57;7;79;59;131;8;740;230;348;367;441;459;260;129;153;101;117;92;10;104;143;317;868;1249;447;193;118;8;2501;366;52;5;9;46;29;2;1;1;94;23;3;0;307;8;1854;120;907;566;51;213;320;504;368;278;52;92;233;179;126;131;30;130;131;111;50;3
30401;Wiener Neustadt;14915;9299;27553;9049;43583;6494;751;1751;53;89;255;260;20;454;212;4559;17;1356;1166;1393;1284;1157;1399;1250;1092;1174;1061;1422;1122;39;3789;1520;1954;3202;2306;1151;553;423;17;7178;1062;316;160;42;67;145;45;23;11;222;61;4;0;5562;17;5793;271;2681;6170;211;978;2094;1777;953;481;95;164;269;147;46;30;74;225;602;377;285;188
30501;Allhartsberg;787;649;978;640;1503;460;145;34;1;1;7;4;2;9;12;104;8;76;23;69;54;84;86;68;62;92;46;73;44;10;55;20;38;170;285;131;57;23;8;599;29;4;0;1;6;1;0;0;0;7;2;0;0;130;8;479;15;134;159;2;25;59;170;134;70;4;4;30;52;28;27;1;6;11;12;3;1
30502;Amstetten;8347;5683;13645;5429;21113;3255;1394;757;23;46;165;214;17;364;168;1895;49;648;726;935;1161;1016;1005;887;465;339;387;372;351;55;1403;641;754;2000;2045;816;374;265;49;4566;480;165;33;22;83;56;12;11;1;224;37;2;0;2606;49;3681;159;1592;2915;43;374;902;974;637;325;63;160;489;411;180;91;39;175;193;166;141;43
30503;Ardagger;1132;1025;1605;992;1824;623;303;65;1;10;8;7;2;41;24;40;8;187;18;33;58;157;154;85;104;155;73;78;22;8;22;12;42;186;517;191;119;35;8;915;57;4;0;1;11;4;0;0;0;30;4;0;0;98;8;746;10;234;142;4;31;54;86;114;334;1;4;23;55;73;147;1;15;30;14;5;0
30504;Aschbach-Markt;1282;1072;1732;1046;2428;704;262;78;2;6;16;11;2;34;14;148;5;316;33;74;105;101;108;98;95;89;53;81;122;7;79;56;70;222;439;185;165;61;5;957;66;8;0;2;9;3;1;0;0;26;1;0;0;204;5;753;21;249;259;10;59;135;234;168;98;0;11;70;84;61;36;2;19;30;18;9;0
30506;Behamberg;1394;990;1742;963;3265;594;295;74;0;8;11;5;1;50;10;287;59;92;28;56;96;197;221;152;81;91;130;121;70;59;182;44;65;233;525;157;90;39;59;884;69;3;0;0;5;2;0;0;0;24;2;1;0;345;59;748;32;220;394;9;46;102;200;164;73;2;18;66;63;86;60;5;17;30;21;1;0
30507;Biberbach;713;616;1010;610;1266;408;160;41;1;3;0;2;1;7;9;44;37;175;13;16;39;64;91;39;40;40;44;48;30;74;20;10;39;135;266;119;62;25;37;568;40;1;0;1;0;0;0;0;0;6;0;0;0;60;37;475;10;150;78;9;34;66;135;82;82;4;8;27;49;27;45;0;10;20;11;0;0
30508;Ennsdorf;1092;929;1677;918;1985;618;217;82;1;2;11;9;0;45;6;83;18;53;37;42;165;131;99;100;73;150;51;99;50;42;100;78;128;256;338;114;29;31;18;834;76;5;0;1;1;1;0;0;0;11;1;0;0;144;18;674;19;201;198;24;92;129;177;106;90;7;18;80;75;23;14;5;10;23;39;5;0
30509;Ernsthofen;1015;704;1143;699;1842;493;162;43;1;5;9;1;2;25;7;244;23;108;23;73;77;135;139;134;68;52;77;70;35;24;146;72;67;187;320;109;62;29;23;650;39;1;2;1;5;1;0;0;0;6;0;0;0;287;23;537;13;145;320;12;52;94;182;107;46;8;9;35;54;40;16;1;12;15;12;1;2
30510;Ertl;432;362;572;352;819;223;117;12;0;2;2;4;2;9;5;36;20;57;15;24;38;38;53;45;43;37;8;30;23;21;13;19;26;105;147;60;38;4;20;339;12;0;0;0;1;0;0;0;0;7;3;0;0;50;20;282;12;70;68;6;35;28;86;47;21;2;6;23;39;33;14;0;2;7;3;0;0
30511;Euratsfeld;1082;757;1108;749;1998;487;231;31;0;4;3;3;0;54;27;241;1;173;42;47;40;94;144;116;51;90;100;90;85;10;90;35;59;175;392;156;122;52;1;703;30;0;0;0;15;0;1;0;0;8;0;0;0;324;1;593;10;138;341;7;48;65;108;124;135;2;4;34;71;49;71;1;13;10;5;2;0
30512;Ferschnitz;954;565;804;553;1911;412;119;22;0;4;4;2;4;46;11;328;2;129;11;50;60;85;128;128;45;89;69;86;70;4;179;59;49;146;292;152;49;26;2;518;21;0;0;0;13;1;0;0;0;8;3;1;0;387;2;424;22;99;409;12;16;53;124;106;101;0;4;18;27;30;40;0;8;7;7;0;0
30514;Haag;2008;1533;3009;1464;4067;928;357;177;2;14;27;30;3;98;22;301;49;317;85;148;200;231;230;178;71;93;111;149;137;58;134;113;109;381;660;306;159;97;49;1270;150;15;5;1;15;6;1;0;1;61;9;0;0;425;49;1124;26;346;512;20;66;189;320;186;147;12;26;111;95;52;61;10;46;70;31;17;3
30515;Haidershofen;1308;1052;1820;1026;2441;748;218;58;2;4;6;9;0;28;10;127;98;122;27;50;127;175;160;101;66;149;80;90;62;99;81;32;72;289;473;136;92;35;98;962;51;4;0;2;4;3;0;0;0;22;6;0;0;156;98;861;14;222;211;15;52;143;271;194;73;5;13;53;66;49;32;2;7;24;21;4;0
30516;Hollenstein an der Ybbs;716;623;1010;600;1204;431;120;45;4;11;8;8;2;31;12;31;13;206;39;66;85;87;67;64;17;20;13;21;18;13;33;29;79;205;259;72;17;9;13;545;44;0;0;4;6;1;0;0;0;23;3;0;0;77;13;320;53;198;145;19;55;80;136;77;64;4;14;40;27;23;12;4;8;15;17;1;0
30517;Kematen an der Ybbs;868;671;1478;648;1857;385;184;79;0;5;9;19;1;51;9;92;34;55;36;112;141;100;78;50;55;75;40;62;27;37;63;56;64;193;292;91;49;26;34;565;52;19;1;0;4;5;2;0;0;17;5;1;0;163;34;488;22;164;194;5;46;111;125;62;36;3;19;62;65;25;10;2;18;17;27;14;1
30520;Neuhofen an der Ybbs;962;862;1251;842;1716;598;202;41;1;8;3;9;2;34;9;51;4;169;35;56;57;105;109;106;71;76;52;76;46;4;24;41;39;179;370;169;104;32;4;790;33;2;0;1;10;5;0;1;0;21;0;0;0;95;4;631;21;191;119;11;49;112;200;120;106;0;9;37;56;51;49;3;7;19;9;2;1
30521;Neustadtl an der Donau;861;695;958;683;1496;486;174;21;2;8;2;4;2;14;10;137;1;171;29;63;54;124;176;71;31;51;28;22;29;12;40;41;67;155;293;148;104;12;1;657;20;0;0;2;3;1;0;0;0;10;3;0;0;164;1;431;55;150;225;31;85;103;110;96;61;5;9;33;60;42;25;1;6;8;6;0;0
30522;Oed-Oehling;676;595;958;583;1158;428;112;41;2;2;5;2;1;18;6;48;11;79;12;35;49;61;74;91;57;37;35;67;67;12;30;23;35;137;282;100;36;22;11;538;37;3;1;2;2;0;0;0;0;12;0;0;0;70;11;445;11;141;79;4;31;72;147;100;74;0;5;29;43;21;14;0;9;14;13;5;0
30524;Opponitz;514;283;429;277;943;194;69;14;0;6;3;1;1;15;8;202;1;77;17;33;41;81;81;75;36;15;24;23;9;2;79;34;60;116;150;54;16;4;1;262;14;0;0;0;1;0;0;0;0;6;0;0;0;230;1;168;12;73;261;9;22;21;39;54;49;2;3;18;18;17;11;1;5;2;6;0;0
30526;St. Georgen am Reith;253;213;250;206;318;174;27;4;1;7;2;0;1;6;3;28;0;52;10;14;40;30;40;20;10;15;6;7;8;1;21;22;28;79;76;18;7;2;0;200;4;0;0;1;1;0;0;0;0;8;0;0;0;39;0;97;21;72;63;14;25;47;33;30;25;1;2;8;9;5;2;1;1;1;1;0;0
30527;St. Georgen am Ybbsfelde;1340;856;1301;837;2713;556;237;44;0;4;11;17;2;64;16;386;3;70;35;57;98;182;187;145;103;98;133;134;93;5;230;88;91;200;412;190;77;49;3;787;34;5;0;0;6;4;1;0;0;16;3;0;0;481;3;629;13;186;512;4;50;122;199;111;70;2;14;43;82;56;40;0;14;18;11;1;0
30529;St. Pantaleon-Erla;982;897;1344;880;1742;655;181;41;3;4;4;5;1;29;9;34;16;145;56;37;80;92;162;100;31;77;48;74;61;19;91;18;57;213;382;142;40;23;16;831;35;3;1;3;5;2;0;0;0;16;2;0;0;68;16;666;18;174;124;69;65;114;225;121;61;5;13;49;62;28;24;2;11;11;13;3;1
30530;St. Peter in der Au;1630;1430;2267;1392;2924;923;362;102;5;11;16;20;1;33;26;129;2;237;49;122;142;196;266;205;50;134;82;109;31;7;58;66;61;315;660;272;151;45;2;1277;91;6;0;5;8;4;1;0;0;35;5;0;0;196;2;1028;25;310;267;20;81;178;290;177;177;2;31;92;115;74;48;1;21;44;25;10;1
30531;St. Valentin;3001;2536;5367;2447;7053;1439;655;348;5;22;54;78;6;123;42;226;3;353;312;206;446;401;327;262;134;177;148;129;97;9;182;70;191;753;1147;345;176;134;3;2086;275;48;4;4;8;14;2;5;1;74;16;0;0;461;3;1827;50;556;568;54;137;319;483;304;142;21;84;237;167;95;51;15;65;150;67;42;9
30532;Seitenstetten;1078;1009;1499;990;1747;772;153;62;3;7;5;16;1;22;9;25;3;201;23;81;102;132;122;116;82;72;47;84;12;4;23;24;48;290;390;167;90;43;3;924;53;4;0;3;1;4;0;1;0;19;2;0;0;64;3;748;26;194;110;16;54;151;252;161;138;5;11;44;41;28;24;4;9;25;21;2;1
30533;Sonntagberg;1284;996;2108;960;2657;647;193;120;0;8;14;20;6;46;15;156;59;155;143;100;172;122;122;71;53;36;68;86;44;112;92;81;154;309;374;140;50;25;59;837;96;16;3;0;3;3;2;0;0;32;4;0;0;229;59;680;38;284;282;28;83;172;221;95;48;9;20;66;63;17;18;6;26;45;26;15;2
30534;Strengberg;803;583;1104;564;1517;361;156;45;2;6;6;2;0;27;10;112;76;104;26;50;44;75;71;58;60;42;33;88;73;79;51;19;35;120;252;133;77;40;76;510;39;1;0;2;7;5;0;0;0;18;1;0;0;144;76;470;19;131;183;10;29;58;122;94;48;0;7;28;45;25;51;1;7;25;12;0;0
30536;Viehdorf;474;388;589;377;864;288;69;18;2;4;6;3;0;10;8;62;4;62;16;35;34;72;54;37;35;28;27;20;49;5;30;23;22;93;179;74;32;17;4;353;15;1;2;2;4;0;0;0;0;11;1;0;0;81;4;296;4;61;113;3;21;61;86;67;50;1;3;13;20;20;12;1;3;5;6;3;0
30538;Wallsee-Sindelburg;773;631;952;613;1469;426;143;40;4;8;8;8;1;22;17;95;1;157;11;46;60;84;103;52;76;53;47;46;36;2;47;22;46;144;294;116;63;40;1;564;33;2;0;3;5;5;0;0;1;20;0;0;0;139;1;458;14;133;168;8;37;66;156;86;73;2;5;30;38;32;36;3;10;19;6;2;0
30539;Weistrach;819;660;1167;642;1729;406;185;51;0;6;2;5;0;22;10;117;15;139;15;53;54;78;99;59;45;34;38;104;84;17;42;29;39;109;274;155;98;58;15;587;37;9;0;0;4;4;1;0;0;14;4;0;0;144;15;508;5;135;171;3;20;44;157;121;61;3;2;33;68;48;31;0;8;21;13;9;0
30541;Winklarn;685;580;855;568;1219;440;103;25;0;4;4;0;0;21;9;76;3;44;19;43;64;86;75;73;47;43;44;124;18;5;54;38;57;173;235;91;30;4;3;541;19;6;0;0;2;0;0;0;0;8;4;0;0;102;3;406;8;146;125;7;37;71;171;95;59;2;11;26;34;21;9;2;4;10;3;6;0
30542;Wolfsbach;687;629;852;613;1169;472;117;23;1;8;3;2;0;16;7;31;7;193;26;30;32;59;65;51;23;59;57;59;22;11;11;6;39;99;247;132;72;74;7;583;20;0;0;1;6;3;0;0;0;15;1;0;0;51;7;483;11;111;82;4;31;64;129;111;133;3;6;21;24;29;34;1;7;8;6;1;0
30543;Ybbsitz;1370;1071;1645;1033;2314;661;321;50;1;15;18;14;4;104;20;161;1;196;49;119;163;237;187;124;58;43;34;74;83;3;75;72;107;373;425;202;96;19;1;974;46;1;0;1;8;2;1;0;0;31;7;0;0;298;1;703;41;239;387;29;91;111;190;143;97;11;28;82;93;67;40;3;12;24;8;3;0
30544;Zeillern;621;523;803;515;1162;363;117;33;2;5;6;3;0;10;6;76;0;83;30;50;72;64;65;56;14;47;31;65;44;0;31;9;44;143;249;102;31;12;0;479;27;5;0;2;1;1;0;0;0;9;0;0;0;97;0;400;7;104;110;2;19;38;108;109;87;0;1;12;33;39;32;2;5;13;7;6;0
30601;Alland;1177;1097;1509;1071;1759;906;113;46;6;20;13;13;1;27;13;17;2;218;46;76;136;154;173;137;60;63;29;60;21;4;20;65;103;372;416;143;48;8;2;1015;35;4;3;6;4;4;0;0;0;27;1;0;0;76;2;582;111;301;183;46;146;176;265;159;114;4;17;29;28;23;12;3;12;17;9;3;2
30602;Altenmarkt an der Triesting;956;899;1151;885;1747;738;106;34;7;10;4;5;4;21;11;15;1;204;45;67;99;163;150;68;46;42;27;19;24;2;18;26;101;297;347;120;35;11;1;843;33;0;0;7;1;1;0;0;0;20;1;0;0;49;1;473;107;229;147;58;154;164;169;104;89;5;19;39;26;9;8;3;9;15;7;0;0
30603;Bad Vöslau;3530;3253;7240;3185;7753;2382;378;412;13;22;30;34;0;84;30;86;59;567;248;278;470;412;449;333;308;120;110;120;50;65;111;234;363;1140;1009;406;149;59;59;2755;267;119;20;13;5;2;2;2;0;62;7;0;0;217;59;1892;157;946;535;110;360;660;630;417;205;41;56;143;80;26;32;27;84;95;87;95;24
30604;Baden;6416;5653;17162;5490;21480;3744;507;1215;24;64;99;109;7;182;132;332;1;1678;579;426;778;539;645;657;333;354;178;177;67;5;315;445;665;1523;1825;1098;352;192;1;4158;708;265;73;21;93;127;29;13;3;114;59;4;0;748;1;2841;346;2027;1202;117;399;741;910;770;807;28;67;150;121;66;75;54;167;346;314;256;78
30605;Berndorf;2851;2523;5068;2452;6015;1790;344;316;2;15;30;60;3;105;27;137;22;822;359;120;239;302;269;191;102;158;131;70;59;29;133;220;279;897;813;325;110;52;22;2123;250;49;8;2;11;6;3;0;0;61;11;0;0;305;22;1618;106;612;515;101;300;485;504;265;135;51;59;120;73;30;11;21;94;95;62;38;6
30607;Ebreichsdorf;5037;4224;6402;4142;8186;3674;244;221;3;22;60;55;1;190;40;507;20;166;196;323;657;604;720;772;302;384;409;264;179;61;509;391;678;1343;1488;389;124;95;20;3908;171;18;16;3;10;11;3;2;0;67;16;0;0;792;20;2684;295;861;1197;312;643;1145;793;451;330;16;22;49;70;63;24;10;18;92;64;22;15
30608;Enzesfeld-Lindabrunn;1847;1597;2539;1575;2872;1276;153;141;5;8;19;14;7;139;23;47;15;180;330;76;164;275;276;201;53;107;40;30;97;18;267;145;172;512;475;143;64;54;15;1423;121;15;2;5;6;2;0;1;0;24;2;0;0;231;15;969;64;396;418;82;236;374;356;143;85;45;19;48;26;12;3;11;57;39;16;15;3
30609;Furth an der Triesting;402;365;457;356;499;311;36;9;0;7;1;0;0;11;3;14;10;74;26;24;39;45;42;40;23;6;27;28;0;28;20;30;49;109;114;42;23;5;10;347;8;1;0;0;0;0;0;0;0;8;1;0;0;27;10;204;28;99;71;23;68;87;71;33;29;7;7;9;10;3;0;1;6;1;0;1;0
30612;Günselsdorf;542;473;932;458;1000;397;24;37;0;2;11;8;1;15;2;19;26;29;14;35;48;69;105;71;17;10;25;12;2;105;18;26;65;197;154;35;17;4;26;420;27;8;2;0;1;0;0;0;0;13;2;0;0;43;26;310;12;148;72;6;73;134;123;37;24;0;4;12;7;1;0;1;6;15;4;9;2
30613;Heiligenkreuz;677;608;789;597;893;523;53;18;3;11;6;2;1;13;6;38;3;96;28;37;91;109;96;75;51;36;12;20;23;3;35;27;65;199;250;67;22;9;3;575;15;1;2;3;1;0;0;0;0;11;2;0;0;64;3;325;54;182;116;19;65;97;146;81;115;2;6;18;14;8;5;0;6;6;2;3;1
30614;Hernstein;838;735;890;719;1088;622;83;14;0;6;5;0;1;17;9;72;9;133;23;23;85;133;107;93;40;60;43;48;40;10;37;43;94;264;293;81;14;3;9;704;13;0;0;0;1;1;0;0;0;16;0;0;0;94;9;446;57;162;173;41;105;168;153;101;54;6;11;27;21;9;9;2;4;7;1;0;0
30615;Hirtenberg;589;521;1248;510;1356;344;68;95;3;1;6;10;0;20;5;23;14;159;97;40;54;40;32;61;48;30;4;8;2;14;21;44;66;165;179;62;24;14;14;412;70;15;1;3;0;7;1;1;0;13;0;0;0;52;14;300;22;175;92;13;68;117;89;41;16;5;10;29;19;3;2;8;31;31;11;11;3
30616;Klausen-Leopoldsdorf;701;639;1015;619;1189;500;82;37;0;7;5;2;0;14;9;27;18;168;44;38;53;77;46;69;39;41;25;19;10;72;19;27;54;190;260;114;16;3;18;575;28;5;4;0;7;0;0;0;0;19;1;0;0;44;18;341;71;160;129;36;102;104;115;78;65;4;6;32;18;12;10;1;6;17;4;5;4
30618;Kottingbrunn;3067;2621;3875;2596;4718;2332;155;109;0;9;35;21;2;85;16;278;25;105;109;130;274;482;530;504;261;305;96;127;100;44;211;268;468;1062;726;160;100;47;25;2485;56;47;4;0;2;1;0;1;0;21;4;0;0;421;25;1725;119;645;578;52;335;884;627;306;128;13;15;49;48;24;6;4;19;17;34;31;4
30620;Leobersdorf;1421;1287;3053;1231;3594;920;130;181;0;18;30;46;4;52;16;23;1;194;181;125;158;133;131;151;125;81;77;47;17;1;37;77;234;435;330;166;71;70;1;1041;102;48;9;0;9;15;5;2;0;47;8;1;0;133;1;750;54;373;244;27;176;372;190;111;44;12;25;51;17;13;12;5;36;32;62;36;10
30621;Mitterndorf an der Fischa;1069;936;1475;929;1749;832;44;52;1;2;12;3;2;18;6;97;0;36;26;56;77;108;118;164;101;97;151;108;26;1;80;87;181;398;237;63;12;11;0;876;35;13;3;1;0;0;1;0;0;6;1;0;0;133;0;613;43;198;215;25;127;256;243;127;54;1;2;11;23;6;1;1;4;11;23;10;3
30623;Oberwaltersdorf;1891;1805;2807;1776;3036;1614;60;102;0;5;16;17;1;31;13;31;1;70;61;91;118;97;221;201;171;117;187;170;103;284;45;163;302;732;432;141;44;31;1;1673;65;25;7;0;1;4;1;0;0;25;1;3;0;85;1;1150;88;426;227;36;173;465;301;288;351;0;8;20;13;9;10;9;4;25;29;26;9
30625;Pfaffstätten;1466;1136;1872;1105;2660;933;89;82;1;12;15;13;1;29;7;241;43;210;89;105;103;147;110;160;170;112;66;73;76;45;202;124;148;388;363;146;40;12;43;1016;67;11;2;1;6;0;2;0;0;28;3;0;1;286;43;724;48;342;352;28;110;264;252;186;93;3;9;38;26;8;5;6;15;26;20;15;0
30626;Pottendorf;3073;2535;4225;2474;5445;2105;226;140;3;18;29;43;3;95;18;317;76;266;124;203;307;384;319;213;155;231;232;261;155;223;292;194;399;866;926;220;68;32;76;2325;88;39;10;3;6;2;0;1;0;55;7;1;0;460;76;1702;120;518;733;107;344;597;582;319;156;13;21;66;64;48;14;11;17;36;37;23;16
30627;Pottenstein;953;850;1758;822;1941;594;122;104;2;4;16;14;1;30;8;42;16;239;61;108;127;99;102;91;43;30;12;18;4;19;26;31;99;290;300;124;55;12;16;715;73;23;1;2;1;4;1;2;0;24;5;0;0;86;16;516;44;229;164;33;120;142;168;85;46;13;24;37;35;7;6;7;14;34;30;18;1
30629;Reisenberg;982;901;1076;887;1264;840;21;25;1;6;9;3;0;20;8;47;2;59;34;38;57;252;131;146;91;67;38;54;12;3;33;72;220;315;253;44;29;14;2;858;22;2;0;1;3;1;0;0;0;14;1;0;0;78;2;404;164;246;168;33;225;238;215;76;53;2;3;9;2;1;4;2;5;9;7;2;0
30631;Schönau an der Triesting;803;725;1179;718;1250;594;66;58;0;5;3;5;0;10;8;40;14;72;37;53;52;74;115;136;160;60;2;0;0;42;35;31;108;272;251;62;15;15;14;659;50;8;0;0;1;0;0;0;0;7;0;0;0;64;14;472;23;179;129;44;77;157;188;103;25;4;7;21;17;7;10;2;12;23;13;8;0
30633;Seibersdorf;1015;775;959;763;1238;685;59;18;1;10;22;3;3;73;4;122;15;28;23;67;123;180;148;96;83;50;62;76;56;23;62;67;109;280;304;91;53;34;15;744;16;1;0;1;0;0;1;0;0;13;0;0;0;224;15;469;70;138;338;30;65;231;174;110;75;1;6;10;20;17;5;0;4;7;5;2;0
30635;Sooß;453;373;642;356;858;254;68;34;0;15;10;4;0;33;5;22;8;52;29;29;64;64;46;49;20;22;21;19;27;11;15;16;29;120;146;97;18;4;8;315;25;4;1;0;7;3;1;0;0;17;0;0;0;72;8;205;23;118;107;9;37;60;59;45;44;5;7;22;19;8;7;4;5;17;5;3;0
30636;Tattendorf;689;600;808;578;1149;518;31;29;0;6;15;2;1;44;4;39;0;55;25;31;51;77;74;139;31;43;54;50;48;11;32;43;102;199;199;77;25;12;0;545;22;6;0;0;4;1;0;0;0;20;2;0;0;89;0;368;26;147;148;6;55;142;185;85;45;0;4;9;8;2;8;2;7;10;5;5;0
30637;Teesdorf;881;613;986;600;1950;524;33;43;0;2;6;9;0;36;14;214;0;35;82;114;112;66;89;131;118;40;18;23;49;4;129;127;118;198;205;60;33;11;0;554;31;7;2;0;3;2;1;0;0;13;0;0;0;268;0;392;29;157;303;19;61;183;94;101;66;2;3;8;11;2;7;1;8;14;13;5;2
30639;Traiskirchen;6245;5341;9649;5204;12826;4453;360;386;5;43;72;97;8;373;50;379;19;470;328;519;841;700;616;941;734;317;316;247;179;37;416;992;790;1752;1407;430;266;173;19;4771;241;77;44;5;42;21;3;0;0;120;21;0;0;881;19;3327;229;1442;1247;203;757;1538;1115;608;232;31;58;138;82;26;25;34;61;100;92;55;44
30641;Trumau;1126;1034;1950;1015;2272;883;52;80;0;6;10;6;0;28;11;39;11;72;49;50;145;181;117;104;57;153;38;42;16;102;35;101;132;381;301;113;42;10;11;935;45;28;3;0;0;2;0;2;0;17;2;0;0;81;11;676;40;264;146;28;134;367;187;104;63;1;8;20;17;4;2;3;5;16;37;15;4
30645;Weissenbach an der Triesting;667;544;1055;530;1167;398;80;52;0;5;11;4;4;43;10;30;30;185;50;68;75;60;66;21;15;17;4;13;2;91;20;30;65;192;196;73;34;27;30;478;39;9;3;0;0;0;1;0;0;14;0;0;0;93;30;308;38;177;144;27;85;91;97;59;39;6;14;29;19;8;4;1;11;20;12;6;2
30646;Blumau-Neurißhof;676;552;1125;545;1583;449;8;87;1;3;7;1;0;18;4;98;0;82;33;7;23;68;80;117;33;27;45;82;78;1;71;66;72;173;184;75;24;11;0;456;69;14;3;1;1;0;1;0;0;7;0;0;0;124;0;330;26;169;151;7;60;162;140;55;25;0;1;0;5;1;1;7;17;27;27;7;2
30701;Au am Leithaberge;577;505;557;501;737;465;34;2;0;2;1;4;0;8;6;51;4;30;25;30;58;154;88;62;26;23;27;35;15;4;58;65;28;133;206;64;13;6;4;498;2;0;0;0;1;0;0;0;0;4;0;0;0;68;4;240;66;121;150;86;63;95;116;72;33;0;4;16;6;7;1;0;0;1;1;0;0
30702;Bad Deutsch-Altenburg;788;678;1226;663;1482;578;27;58;0;8;10;8;2;50;3;37;7;95;90;83;70;86;76;74;25;41;66;55;19;8;28;95;84;249;197;87;28;13;7;604;38;13;2;0;1;3;1;1;0;13;2;0;0;103;7;371;43;203;171;33;106;164;175;64;36;3;3;6;5;6;4;4;13;15;11;14;1
30703;Berg;614;475;603;473;1155;418;44;10;1;4;6;2;0;18;5;106;0;65;24;35;33;134;81;48;26;49;53;41;25;0;102;90;82;133;137;54;14;2;0;460;6;4;0;1;2;0;0;0;0;3;0;0;0;138;0;207;84;121;202;99;75;82;67;56;39;1;6;18;12;5;2;0;2;3;1;4;0
30704;Bruck an der Leitha;3459;2798;5077;2713;5988;2319;144;244;6;20;67;69;2;162;32;386;8;429;304;274;303;320;312;247;104;242;193;266;316;149;352;294;327;893;928;354;190;113;8;2457;156;53;14;6;6;18;1;2;0;72;12;1;1;652;8;1671;129;711;948;90;341;592;596;441;259;12;21;40;45;13;13;17;32;69;66;41;19
30706;Enzersdorf an der Fischa;1726;1551;1934;1531;2344;1428;60;39;4;2;12;12;1;57;4;92;15;100;64;102;172;360;337;209;63;64;30;111;59;55;96;204;198;462;532;141;37;41;15;1487;27;7;0;4;1;3;1;1;0;20;1;0;0;159;15;895;123;394;314;161;237;411;368;149;102;2;5;23;9;10;11;0;6;11;14;7;1
30708;Göttlesbrunn-Arbesthal;891;637;767;621;1332;550;55;16;0;18;15;16;1;34;13;173;0;47;28;61;89;114;117;125;75;97;53;62;21;2;102;59;56;182;323;108;38;23;0;599;13;0;1;0;6;2;0;0;0;16;0;0;0;254;0;363;26;182;320;16;67;111;158;119;79;2;2;17;19;11;4;0;6;9;0;0;1
30709;Götzendorf an der Leitha;1014;886;1168;869;1424;807;27;35;0;5;5;8;1;37;12;77;0;87;39;51;106;151;173;103;63;115;39;45;42;0;59;73;129;337;296;84;23;13;0;833;28;5;1;0;1;1;0;0;0;15;2;0;0;128;0;509;78;233;194;33;127;205;208;149;85;0;4;7;7;5;4;1;3;17;11;3;0
30710;Hainburg a.d. Donau;2425;2166;4169;2116;4529;1780;107;225;4;13;19;48;4;62;28;111;24;472;338;196;181;236;219;147;125;137;169;82;34;89;159;216;332;751;621;222;60;40;24;1885;150;57;14;4;2;4;0;0;0;47;6;0;0;232;24;1138;193;546;548;183;410;392;360;210;225;8;23;40;16;10;10;9;36;75;69;21;15
30711;Haslau-Maria Ellend;1073;925;994;915;1268;885;25;4;1;9;6;7;1;29;9;97;0;19;48;109;77;106;118;134;183;126;83;48;22;0;107;210;153;344;203;44;10;2;0;908;4;0;0;1;2;0;0;0;0;9;0;1;0;148;0;551;76;222;224;41;124;353;230;82;55;2;4;9;8;2;0;0;0;2;2;0;0
30712;Höflein;728;527;621;522;1060;455;59;8;0;4;5;2;0;57;13;120;5;27;29;55;59;86;85;83;54;57;67;62;59;5;79;38;50;165;266;99;18;8;5;509;8;0;0;0;5;0;0;0;0;5;0;0;0;196;5;302;24;157;245;15;56;90;121;93;80;2;4;9;17;14;13;0;3;5;0;0;0
30713;Hof am Leithaberge;822;733;891;718;1067;657;39;21;1;3;6;9;0;31;10;35;10;81;58;57;66;106;135;112;68;22;13;43;33;28;25;28;68;206;353;88;30;14;10;695;19;1;0;1;1;1;0;0;0;15;0;0;0;79;10;437;52;176;157;25;123;140;187;101;81;1;6;13;11;6;2;1;5;11;1;3;0
30715;Hundsheim;344;310;357;308;511;280;21;6;1;2;1;0;0;4;2;27;0;47;26;25;40;44;47;33;17;12;18;24;11;0;12;13;27;112;122;37;17;4;0;301;5;1;0;1;0;0;0;0;0;2;0;0;0;34;0;173;21;84;66;13;52;66;72;39;38;1;5;9;2;3;1;0;1;4;1;0;0
30716;Mannersdorf am Leithagebirge;1692;1483;2383;1440;2714;1208;120;112;0;6;20;28;1;134;14;48;1;207;151;173;238;191;234;178;82;53;65;88;28;4;71;53;228;494;556;183;75;31;1;1322;88;15;3;0;6;5;0;1;0;38;5;0;0;208;1;931;68;336;357;57;241;325;336;160;89;5;16;46;27;19;7;3;21;53;16;16;3
30718;Petronell-Carnuntum;674;581;764;562;951;483;56;23;0;11;8;7;1;21;7;51;6;97;74;64;65;87;75;25;31;37;34;32;6;47;63;38;58;231;198;55;24;1;6;538;22;1;0;0;1;0;0;0;0;19;0;0;0;87;6;313;47;154;160;43;79;137;130;60;34;6;6;17;16;7;4;1;2;13;6;1;0
30719;Prellenkirchen;911;821;941;811;1086;744;56;11;0;4;4;5;0;17;11;59;0;86;68;102;59;135;145;89;54;51;41;55;24;2;30;49;90;273;309;123;29;8;0;794;9;1;0;0;6;1;0;0;0;9;1;0;0;90;0;399;108;251;153;34;123;175;217;105;90;2;2;8;8;25;11;0;1;4;5;1;0
30721;Rohrau;823;758;815;745;931;725;12;7;1;2;5;2;1;16;8;39;5;46;81;108;94;94;74;103;97;40;18;45;15;8;32;19;76;281;279;94;25;12;5;736;7;0;0;1;1;0;0;0;0;11;2;0;0;60;5;427;51;192;153;17;145;189;183;129;62;0;5;0;4;2;1;3;2;2;0;0;0
30722;Scharndorf;704;636;693;630;830;594;32;3;1;3;7;1;0;8;3;41;11;59;61;42;99;103;86;24;28;43;11;47;32;69;52;39;76;199;248;57;14;8;11;624;3;0;0;1;2;0;0;0;0;6;0;0;0;57;11;320;74;187;123;52;98;139;147;102;56;1;4;7;15;2;3;2;0;1;0;0;0
30724;Sommerein;1419;928;1141;912;2585;872;21;19;0;3;11;6;1;16;12;458;0;39;88;45;134;147;196;240;124;110;72;158;65;1;244;143;161;342;384;92;39;14;0;889;13;1;1;0;4;1;1;2;0;16;0;0;0;491;0;613;34;197;575;20;120;282;187;139;124;1;0;6;5;5;4;1;3;5;5;3;2
30726;Trautmannsdorf an der Leitha;1535;1324;1606;1299;1964;1162;96;39;2;8;15;9;1;39;17;146;1;117;97;124;158;198;210;215;99;75;84;79;75;4;90;90;169;458;539;123;45;20;1;1258;38;1;0;2;0;0;0;0;0;27;0;0;0;208;1;787;107;308;333;40;166;324;315;196;121;8;6;19;32;20;11;1;9;19;10;0;0
30728;Wolfsthal;585;464;601;461;922;378;62;21;0;4;3;2;1;28;9;75;2;60;26;26;49;64;52;76;26;60;68;56;20;2;71;26;59;135;210;67;13;2;2;435;18;0;0;0;5;3;0;0;0;3;0;0;0;119;2;229;61;136;159;24;57;99;91;67;40;5;3;17;18;11;8;0;4;17;0;0;0
30729;Ebergassing;1410;1174;2431;1159;2758;989;32;137;1;7;21;13;0;76;11;109;14;101;59;101;122;127;209;189;47;79;66;64;79;167;164;122;168;360;353;159;42;28;14;1019;94;29;13;1;2;1;0;0;0;15;0;0;0;222;14;687;87;300;336;136;111;257;226;135;124;1;9;7;10;2;3;37;8;19;49;13;11
30730;Fischamend;1651;1396;3196;1363;3839;1077;79;205;2;16;23;16;1;66;18;147;1;122;120;125;202;156;161;211;91;186;103;102;64;8;112;74;245;466;446;181;96;30;1;1149;153;36;10;2;7;4;2;0;0;29;4;0;0;254;1;769;52;475;355;33;142;290;330;206;76;7;11;21;22;10;8;4;10;94;65;23;9
30731;Gramatneusiedl;1334;1040;1714;1024;2340;906;37;80;1;4;13;12;0;45;10;226;0;77;60;53;99;99;145;83;148;187;90;201;79;13;173;233;152;379;255;91;31;20;0;939;55;21;4;1;4;0;0;0;0;15;1;0;0;294;0;693;31;248;362;26;100;320;261;134;65;2;7;8;12;3;5;0;10;33;24;11;2
30732;Himberg;3715;3103;5014;3046;5907;2686;217;139;4;26;45;31;5;150;17;350;45;144;136;175;360;829;392;287;226;288;210;215;170;283;641;667;385;833;715;233;117;79;45;2899;84;37;12;4;4;3;2;1;0;54;4;1;0;565;45;1595;276;653;1191;736;357;505;550;302;236;7;20;62;48;22;58;8;21;27;42;28;13
30733;Klein-Neusiedl;446;286;575;282;1051;214;31;37;0;4;12;1;1;35;7;104;0;71;25;34;104;55;57;27;8;16;22;17;10;0;82;21;38;148;91;37;18;11;0;244;30;3;1;0;1;1;0;2;0;4;0;0;0;160;0;135;20;98;193;8;40;62;53;36;15;1;5;14;8;0;3;1;11;13;8;3;1
30734;Lanzendorf;747;671;942;663;1071;582;41;33;7;2;10;2;2;18;7;38;5;35;42;60;67;111;119;80;81;24;75;29;18;6;14;74;85;301;198;42;17;11;5;623;29;2;0;7;0;0;2;0;0;12;0;0;0;67;5;417;33;179;118;20;102;176;120;125;39;1;8;6;15;5;6;2;6;11;11;3;0
30735;Leopoldsdorf;2137;1845;3073;1831;3335;1700;47;80;4;3;20;6;2;71;12;54;138;35;119;149;211;203;271;355;154;99;166;154;73;148;168;153;380;677;461;92;41;27;138;1745;35;25;17;4;2;0;2;1;0;14;0;0;1;153;138;1115;144;505;373;148;226;458;372;279;217;1;7;9;13;7;10;0;7;12;18;31;12
30736;Maria-Lanzendorf;800;744;1230;728;1294;612;65;48;3;5;7;5;0;22;5;9;19;54;64;34;57;64;163;111;129;30;11;53;8;22;141;64;66;215;197;71;14;13;19;675;35;10;1;3;2;2;0;0;0;13;5;0;0;35;19;429;54;206;111;119;65;152;146;77;53;6;3;17;15;17;7;1;4;15;16;10;2
30737;Moosbrunn;808;709;979;697;1297;616;45;36;0;1;12;5;1;20;10;60;2;73;31;44;93;101;122;108;23;78;52;59;20;4;46;49;80;287;259;60;14;11;2;658;33;2;0;0;3;1;0;0;0;12;0;0;0;97;2;425;34;188;161;27;84;151;165;118;71;2;2;18;9;6;8;3;5;7;19;2;0
30738;Rauchenwarth;465;313;450;306;810;268;27;10;1;11;8;1;1;15;4;105;14;39;22;40;35;36;46;44;51;24;40;56;18;14;68;18;51;99;153;41;20;1;14;291;6;4;0;1;4;0;0;0;0;6;1;0;0;138;14;186;15;83;181;10;30;68;59;58;43;5;2;7;5;5;3;1;1;3;1;4;0
30739;Schwadorf;796;648;1225;630;1462;534;34;60;2;7;11;14;2;45;9;78;0;57;95;41;89;102;73;125;68;58;38;33;12;5;50;31;65;222;268;107;38;15;0;563;39;12;5;2;5;4;0;0;0;17;2;0;0;147;0;378;36;195;187;18;74;132;160;92;58;1;5;14;10;0;4;1;10;12;20;12;5
30740;Schwechat;4097;3482;11864;3352;13173;2429;241;674;8;35;106;73;77;229;50;141;34;295;649;438;544;364;573;332;254;121;131;265;62;69;175;514;476;1065;900;447;294;192;34;2661;363;183;108;8;9;7;6;7;0;114;14;3;0;580;34;1848;140;1210;899;134;560;793;584;254;104;17;34;82;62;33;13;19;52;150;210;145;98
30741;Zwölfaxing;673;627;869;609;1001;543;29;36;1;3;11;3;1;24;4;16;2;31;52;35;100;76;103;85;24;49;20;9;22;67;70;71;82;187;180;55;17;9;2;570;34;2;0;1;2;0;0;0;0;15;3;0;0;44;2;337;38;186;112;48;107;159;132;62;35;4;4;13;5;2;1;2;3;12;13;6;0
30801;Aderklaa;99;69;91;66;137;53;7;3;3;2;5;0;0;18;0;6;2;8;9;12;12;9;16;13;4;4;1;4;5;2;6;3;7;19;26;19;9;8;2;60;3;0;0;3;0;0;0;0;0;3;1;0;0;27;2;35;6;32;26;2;5;15;13;6;12;0;0;1;1;1;4;0;1;2;0;0;0
30802;Andlersdorf;82;73;75;73;103;70;2;0;1;0;0;0;0;2;0;7;0;11;8;6;6;9;6;7;3;4;9;4;9;0;0;0;10;27;22;14;5;4;0;71;0;0;0;1;1;0;0;0;0;0;0;0;0;9;0;34;5;27;16;1;9;14;21;13;12;1;1;0;0;0;0;0;0;0;0;0;0
30803;Angern an der March;1709;1599;1964;1580;2127;1495;38;47;0;7;12;6;1;40;12;51;0;303;224;191;176;206;173;191;67;26;44;62;44;2;34;93;245;615;512;159;33;18;0;1531;34;11;1;0;2;1;0;0;0;15;4;0;0;110;0;978;87;327;317;59;352;399;389;157;139;9;2;10;8;5;4;3;2;24;9;7;2
30804;Auersthal;1046;935;1146;917;1357;847;51;18;1;3;9;9;0;35;10;59;4;101;88;118;119;161;130;113;43;42;56;50;19;6;36;60;104;317;347;110;49;19;4;898;13;4;0;1;0;0;0;1;0;17;1;0;0;107;4;557;37;184;268;42;163;192;228;119;103;2;6;16;15;8;4;0;2;5;6;4;1
30805;Bad Pirawarth;1011;824;949;809;1289;754;39;16;0;6;7;6;1;39;11;131;1;219;60;61;74;86;138;83;41;55;29;100;57;8;89;60;119;288;324;100;25;5;1;789;14;0;0;0;4;2;0;0;0;14;1;0;0;186;1;469;46;194;302;50;142;196;207;98;61;0;5;10;17;6;1;0;2;9;5;0;0
30808;Deutsch-Wagram;3384;3095;4850;3044;5217;2727;151;165;1;15;24;33;5;65;25;157;16;537;336;176;314;378;476;300;188;100;125;197;119;138;171;206;429;1251;973;237;64;37;16;2874;103;31;21;1;4;4;4;2;0;46;4;1;0;273;16;1985;147;691;561;109;419;759;662;456;322;11;17;19;34;29;41;7;24;44;46;25;19
30810;Drösing;677;629;689;624;794;603;12;9;0;2;4;4;0;11;6;26;0;234;83;58;50;59;79;34;22;18;13;13;12;2;14;28;67;189;269;84;21;5;0;615;7;1;0;0;0;1;0;0;0;4;1;0;0;48;0;368;58;128;123;35;158;182;156;38;34;0;2;2;4;1;3;0;3;4;2;0;0
30811;Dürnkrut;1159;1001;1327;980;1580;919;19;42;0;4;11;14;3;50;13;79;5;205;159;176;122;117;83;111;84;44;13;16;24;5;48;46;137;410;348;112;45;8;5;937;32;8;0;0;1;1;1;0;0;21;0;0;0;153;5;644;68;181;266;43;177;299;249;102;49;2;1;9;5;0;2;0;6;18;13;4;1
30812;Ebenthal;525;464;508;462;688;443;14;5;0;3;3;2;0;4;6;44;1;109;43;27;64;63;49;53;33;26;24;12;20;2;27;22;51;194;191;31;7;1;1;456;4;0;0;0;1;1;0;0;0;1;1;0;0;60;1;267;44;109;105;17;88;131;116;67;24;1;3;7;3;0;0;0;3;0;2;0;0
30813;Eckartsau;674;628;726;618;835;582;26;10;0;3;9;2;3;14;7;18;0;109;86;57;54;83;85;61;29;8;54;27;21;0;6;49;58;199;235;99;18;10;0;607;6;3;0;0;1;1;0;0;0;9;1;0;0;46;0;364;46;161;103;21;109;163;162;76;51;2;0;9;8;3;4;1;3;3;1;2;0
30814;Engelhartstetten;1175;991;1194;974;1402;921;33;20;0;6;14;6;1;30;14;125;5;137;125;91;87;117;137;124;92;52;40;66;95;12;77;48;109;336;397;134;45;24;5;953;13;7;0;0;1;0;0;0;0;16;1;0;0;179;5;564;75;257;279;28;159;244;275;127;88;1;4;9;9;9;1;1;3;5;5;6;0
30817;Gänserndorf;4171;3622;6236;3533;7321;3172;143;213;5;14;81;84;5;86;54;314;0;173;196;210;334;484;572;503;592;343;247;323;175;19;280;291;617;1430;1054;240;166;93;0;3303;103;56;40;5;12;6;7;1;0;80;10;1;0;547;0;2369;198;750;854;117;472;918;845;459;361;6;14;35;26;34;28;8;19;60;32;50;44
30819;Glinzendorf;185;142;151;138;204;131;5;2;0;1;1;1;0;2;2;40;0;5;11;23;30;30;13;16;5;14;14;21;3;0;6;6;18;45;54;27;14;15;0;136;2;0;0;0;0;0;0;0;0;4;0;0;0;43;0;76;13;44;52;2;12;32;31;23;31;0;0;0;1;1;3;0;0;1;1;0;0
30821;Groß-Enzersdorf;5533;4968;6765;4870;8950;4509;211;148;2;22;51;39;3;122;27;337;62;275;247;166;746;612;665;578;205;478;604;366;164;427;461;969;718;1588;1233;303;130;69;62;4716;79;46;12;2;4;8;2;1;0;91;7;0;0;503;62;2841;465;1069;1158;545;586;1234;1163;645;336;16;22;53;56;37;27;5;20;40;25;48;10
30822;Großhofen;46;43;47;41;52;39;1;1;0;0;2;1;0;0;1;1;0;11;0;8;4;3;5;7;1;0;2;4;1;0;1;2;5;14;15;8;1;0;0;40;1;0;0;0;0;0;0;0;0;2;0;0;0;3;0;25;3;8;10;2;10;5;7;3;12;0;0;0;0;1;0;0;1;0;0;0;0
30824;Groß-Schweinbarth;889;640;726;633;1076;610;14;9;0;3;8;2;1;17;17;206;2;248;41;59;77;84;94;109;50;24;14;61;26;2;96;128;86;198;279;80;15;5;2;620;5;4;0;0;4;0;0;0;0;7;0;0;0;247;2;368;33;147;341;44;112;165;153;90;46;0;1;3;2;4;4;0;2;2;3;2;0
30825;Haringsee;697;547;619;537;844;507;20;10;0;4;9;2;1;38;10;96;0;62;68;80;57;60;87;92;53;48;27;37;24;2;55;34;48;198;236;87;21;18;0;526;9;0;0;0;1;1;0;0;0;10;0;0;0;150;0;285;34;165;213;14;76;135;145;89;48;0;1;5;10;2;2;0;1;6;3;0;0
30826;Hauskirchen;810;774;805;768;884;756;6;6;0;1;5;2;0;7;8;19;0;165;104;100;78;78;103;67;24;28;24;23;15;1;9;41;84;291;284;81;17;3;0;761;6;0;0;0;1;0;0;0;0;5;1;0;0;36;0;401;96;169;144;40;194;203;210;80;29;0;0;4;0;1;1;1;2;2;1;0;0
30827;Hohenau an der March;1514;1363;1648;1339;1955;1285;23;31;0;6;12;18;2;30;23;84;0;215;305;342;156;138;103;97;39;29;30;32;27;1;58;97;225;558;433;107;29;7;0;1303;23;5;2;0;5;0;0;1;0;19;5;0;0;151;0;823;116;279;296;70;368;428;276;95;48;1;4;6;8;2;2;0;8;12;6;3;2
30828;Hohenruppersdorf;644;498;557;492;1021;464;23;5;0;4;8;2;0;29;8;101;0;135;37;58;51;83;68;57;31;40;27;33;24;0;38;40;49;146;234;100;31;6;0;485;2;2;0;0;2;1;0;0;0;6;0;0;0;146;0;305;36;83;220;30;86;109;115;78;46;0;3;7;5;4;4;0;1;2;0;2;0
30829;Jedenspeigen;694;591;620;588;830;574;11;3;0;2;5;2;0;6;11;78;2;116;97;56;48;66;82;76;27;15;40;39;29;3;42;34;58;162;271;85;32;8;2;584;3;0;0;0;1;0;0;0;0;3;0;0;0;101;2;368;39;120;167;28;124;146;163;86;27;1;0;4;2;1;3;0;0;3;0;0;0
30830;Lassee;1635;1454;1892;1421;2159;1277;102;41;1;5;24;13;1;58;12;80;21;68;80;148;117;304;268;240;133;61;37;96;62;21;93;105;250;490;468;140;40;28;21;1377;36;3;1;1;2;1;0;0;0;28;5;0;0;160;21;731;214;327;363;128;296;305;304;151;93;10;9;24;25;15;19;3;13;12;9;3;1
30831;Leopoldsdorf im Marchfeld;1403;1102;1504;1084;2151;975;56;51;2;9;13;14;0;34;7;241;1;58;130;160;160;193;182;184;82;75;78;62;38;1;191;61;164;404;387;101;50;44;1;1028;43;4;4;2;3;0;0;0;0;19;0;0;0;299;1;703;46;260;394;16;139;249;248;175;148;3;6;9;8;22;8;3;20;13;8;2;5
30834;Mannsdorf an der Donau;198;160;228;158;270;132;17;8;1;1;3;2;1;5;3;18;7;13;29;21;18;14;27;16;9;8;10;15;10;8;13;8;23;64;51;19;6;7;7;148;7;1;0;1;1;0;0;0;0;2;0;0;0;31;7;67;14;64;53;7;19;37;35;9;25;0;1;4;7;3;2;2;0;6;0;0;0
30835;Marchegg;1727;1425;1949;1408;2696;1270;74;61;3;5;10;10;1;120;6;159;8;220;138;123;201;347;209;221;58;48;43;54;29;36;180;154;212;530;417;159;46;21;8;1344;47;8;3;3;0;3;0;0;0;17;1;1;0;292;8;730;160;347;490;112;289;376;246;137;110;7;6;17;27;5;12;3;12;19;18;8;1
30836;Markgrafneusiedl;416;361;515;360;629;321;23;15;1;3;8;2;0;12;3;22;6;24;15;26;71;73;52;50;46;17;5;11;20;6;18;47;30;129;123;46;8;9;6;344;11;3;1;1;0;0;0;0;0;2;0;0;0;48;6;215;24;97;80;9;49;125;80;31;27;1;3;7;8;1;3;2;2;3;5;2;1
30838;Matzen-Raggendorf;1507;1299;1591;1282;2013;1188;62;28;4;6;11;9;0;25;10;164;0;220;144;174;127;183;182;119;69;80;63;41;103;2;95;107;188;524;461;96;30;6;0;1249;15;9;0;4;1;4;0;0;0;17;2;0;0;206;0;794;83;291;339;59;203;353;367;139;67;2;6;24;16;7;7;3;3;6;4;12;0
30841;Neusiedl an der Zaya;769;645;747;639;930;602;24;13;0;3;8;4;2;29;15;69;0;156;130;103;60;75;102;49;31;14;14;22;13;0;31;44;78;193;284;100;26;13;0;626;10;2;0;0;0;0;1;0;0;6;0;0;0;124;0;349;70;144;206;27;147;158;175;69;26;0;0;13;8;0;3;1;2;4;3;3;0
30842;Obersiebenbrunn;795;713;893;692;1062;618;54;18;2;6;11;10;2;22;9;39;4;78;69;76;73;91;56;97;52;63;8;33;19;80;28;53;108;296;202;61;29;14;4;672;14;4;0;2;0;0;0;0;0;21;1;0;0;77;4;423;49;193;130;20;94;223;171;63;47;4;2;36;10;1;1;3;2;3;6;4;0
30844;Orth an der Donau;963;821;1236;801;1529;690;66;41;4;7;10;13;1;41;10;79;1;98;95;72;101;130;135;76;76;50;53;43;33;1;63;37;92;326;281;98;40;25;1;753;27;13;0;4;3;1;0;0;0;20;2;0;0;139;1;431;61;253;218;20;100;185;218;104;63;2;6;20;22;9;7;2;2;13;14;10;0
30845;Palterndorf-Dobermannsdorf;805;712;765;706;958;697;3;6;0;3;11;7;0;13;2;60;3;213;100;108;53;67;90;32;15;17;26;23;24;37;35;31;88;256;262;102;24;4;3;700;5;1;0;0;0;0;0;0;0;6;0;0;0;90;3;393;75;155;182;51;180;190;166;70;40;1;0;1;0;1;0;2;1;0;3;0;0
30846;Parbasdorf;79;71;74;68;104;65;3;0;0;0;0;0;0;3;1;7;0;6;4;19;5;5;3;12;7;3;2;8;5;0;6;1;5;19;28;11;6;3;0;68;0;0;0;0;0;0;0;0;0;3;0;0;0;8;0;39;3;24;13;1;5;4;19;21;15;0;1;2;0;0;0;0;0;0;0;0;0
30848;Prottes;805;628;737;622;998;591;15;15;1;2;9;6;0;39;11;101;15;86;80;102;89;108;107;51;24;28;33;41;15;41;63;44;72;209;294;81;20;7;15;606;14;0;0;1;0;1;0;0;0;7;0;0;0;161;15;419;35;140;211;25;85;151;172;62;96;2;2;5;5;1;0;1;1;8;5;0;0
30849;Raasdorf;326;282;339;266;406;240;16;9;1;2;9;3;3;24;2;14;3;35;29;16;32;39;42;32;34;20;14;20;9;4;14;5;34;94;115;45;12;4;3;255;9;0;0;1;1;0;0;0;0;14;3;0;0;40;3;149;20;83;74;4;27;49;53;45;62;1;0;4;3;5;3;1;5;2;1;0;0
30850;Ringelsdorf-Niederabsdorf;828;760;853;751;929;733;10;8;0;4;4;4;1;11;6;32;15;231;135;90;66;85;86;24;13;11;6;17;9;55;22;45;106;249;267;94;22;8;15;742;7;1;0;0;1;0;0;0;0;8;1;0;0;53;15;420;80;142;186;80;200;226;161;40;26;2;1;4;2;1;0;1;0;3;3;1;0
30852;Schönkirchen-Reyersdorf;1002;893;989;883;1217;840;33;10;0;3;7;5;0;32;4;68;0;85;67;102;77;147;211;106;28;69;33;34;40;3;47;39;95;349;379;74;10;9;0;872;9;0;1;0;1;0;0;0;0;10;0;0;0;109;0;556;61;211;174;24;124;235;283;122;52;2;3;12;13;1;2;1;1;7;0;0;1
30854;Spannberg;606;521;550;513;708;498;9;6;0;0;5;8;0;10;7;62;1;81;68;59;34;86;71;67;22;27;23;45;22;1;36;34;77;195;201;55;3;4;1;507;5;0;0;0;0;1;0;0;0;8;0;0;0;84;1;307;34;102;163;32;111;133;154;40;28;1;3;2;1;2;0;0;2;4;0;0;0
30856;Strasshof an der Nordbahn;5435;4900;6124;4859;7096;4578;155;125;1;9;28;49;2;71;19;374;24;65;318;240;515;964;766;677;346;363;268;628;247;38;619;599;988;1817;1132;177;56;23;24;4725;76;42;4;1;8;2;1;0;0;41;1;0;0;510;24;3031;504;860;1040;495;750;1153;1106;710;364;2;19;46;34;19;35;6;11;40;25;38;5
30857;Sulz im Weinviertel;816;748;788;745;863;740;2;2;1;3;6;1;0;14;5;25;17;196;67;71;63;79;119;53;19;10;15;20;27;77;13;33;86;269;253;125;16;4;17;741;1;0;0;1;1;0;0;1;0;4;0;0;0;50;17;393;91;156;176;61;179;200;177;78;45;0;0;0;1;1;0;1;0;0;0;1;0
30858;Untersiebenbrunn;844;702;883;694;1151;656;21;17;0;3;11;5;1;26;7;95;2;54;43;111;80;102;94;88;58;55;62;65;25;7;75;32;79;285;277;60;23;11;2;677;11;3;3;0;0;0;0;0;0;8;0;0;0;140;2;439;31;164;210;23;95;177;197;107;57;1;1;10;5;2;2;1;4;5;1;2;4
30859;Velm-Götzendorf;564;451;481;445;745;438;5;2;0;4;3;2;0;19;9;81;1;127;35;84;45;40;68;42;16;27;33;35;11;1;34;31;46;131;205;88;23;5;1;442;0;2;0;0;1;0;0;0;0;6;0;0;0;112;1;260;46;78;180;43;102;116;107;41;29;0;2;2;0;1;0;0;0;0;1;1;0
30860;Weikendorf;999;924;962;919;1069;883;30;2;4;1;13;5;0;17;7;35;2;112;110;75;94;139;223;78;28;46;18;18;12;46;33;29;75;355;384;74;35;12;2;912;2;0;0;4;1;0;0;0;0;9;0;0;0;69;2;555;54;244;146;28;154;234;263;114;90;2;6;8;7;4;3;1;1;0;0;0;0
30863;Zistersdorf;3190;2495;3063;2446;4045;2309;69;63;5;10;29;38;6;68;37;546;10;593;349;392;311;336;349;201;90;76;132;89;134;138;208;192;277;840;1069;449;107;38;10;2374;47;15;0;3;4;1;0;0;2;45;5;0;0;684;10;1558;151;529;952;121;475;627;645;289;152;5;8;28;15;7;6;3;20;15;13;12;0
30865;Weiden an der March;805;582;668;577;922;513;53;8;3;4;8;2;0;36;3;173;2;64;61;49;86;180;137;85;33;47;27;11;14;11;153;98;82;152;195;91;25;7;2;563;7;1;0;3;3;0;0;0;0;7;0;0;0;219;2;270;100;111;324;98;96;85;94;71;69;0;2;4;10;13;24;1;2;3;1;1;0
30902;Amaliendorf-Aalfang;744;616;740;606;970;511;89;6;0;2;7;5;0;16;3;100;5;141;49;95;75;84;78;64;39;23;26;39;26;5;45;44;93;226;214;92;22;3;5;598;5;0;0;0;2;1;0;0;0;10;0;0;0;123;5;356;79;118;191;27;131;140;127;50;36;21;15;19;19;7;8;0;1;4;1;0;0
30903;Brand-Nagelberg;900;749;1107;732;1359;566;134;32;0;9;7;8;1;36;7;90;10;208;71;47;128;148;95;78;38;21;21;21;14;10;37;38;82;262;281;124;54;12;10;700;27;4;0;0;0;0;1;0;0;17;0;0;0;141;10;355;96;209;240;27;118;162;144;79;36;7;24;46;42;11;4;3;4;10;14;1;0
30904;Eggern;467;372;482;366;590;330;30;6;0;2;4;2;1;19;3;43;27;104;31;50;37;50;34;35;27;28;9;23;11;28;23;23;44;97;133;88;30;2;27;360;6;0;0;0;0;0;0;0;0;5;1;0;0;68;27;188;68;87;124;36;92;80;69;31;22;6;6;5;8;3;2;2;0;4;0;0;0
30906;Eisgarn;413;351;414;339;501;286;49;4;0;3;4;4;0;28;5;30;0;83;36;42;44;46;57;28;26;18;6;17;10;0;19;35;33;91;127;62;35;11;0;335;4;0;0;0;0;0;0;0;0;11;1;0;0;62;0;163;34;104;112;26;87;50;69;33;21;4;8;12;15;6;4;0;2;2;0;0;0
30908;Gmünd;2154;1836;3769;1730;4314;1128;395;206;1;28;64;71;12;130;32;74;13;304;325;364;260;265;173;161;105;67;36;55;23;16;60;77;279;589;653;279;134;70;13;1517;140;43;3;1;6;16;3;1;0;93;12;1;0;305;13;1039;103;489;523;40;202;286;357;156;87;60;96;123;81;21;14;18;46;67;45;28;2
30909;Großdietmanns;1140;956;1296;948;1866;700;214;34;0;4;11;4;2;24;16;119;12;228;48;65;90;138;143;124;47;116;57;35;36;13;62;75;71;260;387;138;114;21;12;906;33;1;0;0;8;0;0;0;0;8;0;0;0;172;12;602;59;220;259;43;108;202;203;103;41;8;27;74;68;23;14;4;14;13;3;0;0
30910;Bad Großpertholz;1068;702;995;685;1762;534;123;28;0;16;7;8;0;32;16;278;26;230;59;104;99;126;96;80;48;41;50;62;42;31;116;67;88;241;293;149;75;13;26;653;26;1;0;0;4;1;0;0;0;13;4;0;0;340;26;343;140;147;438;54;121;122;119;68;50;14;19;34;31;11;14;2;13;9;3;1;0
30912;Großschönau;500;441;646;428;718;291;113;23;1;4;6;3;0;7;15;27;10;117;27;34;36;42;71;66;40;15;16;8;18;10;16;14;24;77;147;94;81;37;10;402;23;0;0;1;2;0;0;0;0;12;1;0;0;49;10;266;37;101;96;28;58;50;87;40;28;9;12;50;26;15;1;1;9;10;3;0;0
30913;Moorbad Harbach;397;347;461;334;568;247;70;15;2;16;3;1;0;9;10;23;1;137;27;12;27;43;57;40;21;11;6;6;9;1;13;14;26;98;122;70;30;23;1;314;13;0;0;2;3;2;0;0;0;15;0;0;0;47;1;186;64;58;89;22;47;66;47;36;29;7;8;22;17;6;10;3;7;5;0;0;0
30915;Haugschlag;440;327;396;323;688;269;45;9;0;10;3;0;1;7;5;90;1;67;35;44;28;64;45;40;24;38;21;20;13;1;44;33;37;113;131;48;28;5;1;310;9;0;0;0;4;0;0;0;0;4;0;0;0;112;1;130;75;74;161;30;58;63;47;40;31;4;7;14;11;7;2;0;3;5;1;0;0
30916;Heidenreichstein;2501;1818;2530;1754;3879;1407;268;78;1;18;17;55;1;77;17;546;16;380;233;322;310;272;192;187;134;171;125;79;68;28;264;152;266;620;673;292;150;68;16;1662;60;9;0;1;13;9;0;0;0;57;8;0;0;666;16;988;174;479;860;86;284;417;323;168;129;36;47;80;60;26;19;8;23;29;15;3;0
30917;Hirschbach;453;305;396;299;570;251;41;7;0;2;2;1;0;39;28;73;9;74;17;14;17;44;46;76;37;28;24;40;27;9;78;45;47;114;104;37;12;7;9;292;6;1;0;0;0;0;0;0;0;6;0;0;0;139;9;162;47;48;196;35;43;60;56;26;31;3;4;18;8;5;3;1;4;1;0;1;0
30920;Hoheneich;1070;675;897;659;2326;519;126;14;0;7;6;3;0;38;13;344;0;106;52;121;127;166;114;130;49;79;37;53;36;0;175;88;118;235;297;105;38;14;0;638;10;3;0;0;7;0;1;0;0;13;2;1;0;395;0;381;70;175;444;8;43;152;148;111;57;4;17;39;40;18;8;0;6;3;4;1;0
30921;Kirchberg am Walde;720;549;773;538;1075;405;116;16;1;4;3;5;0;17;15;113;25;193;36;46;50;83;73;66;35;25;27;39;20;27;42;20;58;128;192;128;102;25;25;521;14;1;0;1;0;1;0;0;0;10;2;0;0;145;25;322;58;135;205;18;81;78;83;65;80;10;15;34;23;14;20;1;5;6;4;0;0
30925;Litschau;1460;1267;1852;1232;2189;999;179;53;1;19;18;13;4;56;18;54;46;356;137;170;124;158;162;147;58;44;14;24;20;46;42;71;179;405;421;191;86;19;46;1171;43;5;1;1;7;4;0;0;0;31;4;0;0;147;46;508;268;358;326;84;260;262;230;113;50;15;25;54;62;17;6;5;11;26;7;4;0
30929;Reingers;402;292;465;282;588;192;74;16;0;3;2;2;0;15;10;67;21;85;26;20;18;41;43;40;30;34;16;14;12;23;24;21;28;72;116;69;43;8;21;263;15;0;0;0;3;1;0;0;0;7;3;0;0;89;21;158;54;69;121;18;51;49;37;25;12;9;16;26;16;5;2;3;6;7;0;0;0
30932;St. Martin;530;486;554;479;610;457;15;7;0;6;5;2;1;10;7;17;3;175;27;33;25;54;56;62;40;23;6;18;7;4;18;19;24;87;194;93;79;13;3;472;6;1;0;0;0;0;0;0;0;7;0;0;0;41;3;252;52;110;116;56;109;122;95;43;32;2;1;2;4;1;5;0;1;2;3;1;0
30935;Schrems;2561;2150;3212;2089;4154;1689;293;102;5;24;35;38;0;110;24;165;76;401;176;295;329;327;259;229;82;104;56;99;126;78;133;83;282;670;836;304;129;48;76;1973;86;11;0;5;9;4;0;1;0;56;7;0;0;333;76;1361;157;500;543;81;360;473;499;199;77;36;42;95;75;36;9;6;26;44;19;6;1
30939;Unserfrau-Altweitra;507;436;563;429;1400;317;105;7;0;4;9;2;0;12;19;30;2;127;20;19;28;56;61;90;40;27;17;13;7;2;9;16;38;101;168;77;75;21;2;421;7;0;0;0;1;0;0;0;0;7;0;0;0;69;2;274;22;82;129;17;52;59;79;55;55;3;8;30;28;20;16;0;2;4;1;0;0
30940;Waldenstein;760;552;646;549;1210;463;82;4;0;2;7;2;0;12;13;175;0;144;16;23;45;68;64;93;63;60;46;79;59;0;108;54;84;162;253;65;30;4;0;539;3;0;0;0;6;1;0;0;0;3;0;0;0;208;0;352;31;101;276;27;76;91;131;96;42;3;6;23;32;12;6;1;0;3;0;0;0
30942;Weitra;1272;1069;1797;1014;2052;756;192;65;1;10;19;23;1;37;18;52;98;426;54;83;97;129;119;122;49;22;29;18;23;101;33;35;94;306;410;170;107;19;98;947;54;8;0;1;1;3;0;0;0;51;4;0;0;105;98;603;110;271;288;70;166;175;188;94;63;20;36;78;44;11;3;10;21;20;10;4;0
31001;Alberndorf im Pulkautal;457;414;447;411;514;388;18;5;0;2;2;4;0;11;3;24;0;70;35;15;28;38;81;57;49;24;18;27;14;1;28;38;64;98;135;66;24;4;0;406;5;0;0;0;0;0;0;0;0;3;0;0;0;43;0;227;38;91;101;23;90;99;89;56;31;2;3;5;7;1;0;0;5;0;0;0;0
31008;Göllersdorf;1811;1415;1734;1398;2217;1295;70;31;2;7;12;10;1;49;23;307;4;233;70;91;153;230;211;169;112;57;65;171;166;83;209;141;178;427;527;194;99;32;4;1363;25;1;4;2;2;0;1;0;0;16;1;0;0;392;4;861;86;298;566;93;179;301;367;193;162;1;7;23;24;11;4;0;5;11;7;7;1
31009;Grabern;848;779;830;777;925;763;2;12;0;1;8;1;0;13;3;44;1;190;41;35;55;94;115;80;21;45;46;82;42;2;15;35;63;191;365;131;42;5;1;764;11;0;0;0;1;1;0;0;0;2;0;0;0;68;1;486;50;163;149;39;123;183;200;113;105;0;0;1;0;0;1;0;3;5;4;0;0
31014;Guntersdorf;675;577;694;565;1067;518;34;13;0;3;7;5;0;14;7;74;0;154;43;36;58;81;69;41;53;34;26;40;40;0;36;21;42;140;238;137;47;14;0;548;12;1;0;0;4;0;0;0;0;11;1;0;0;98;0;308;48;140;179;35;89;108;129;76;81;2;3;10;8;3;8;0;1;2;9;1;0
31015;Hadres;1172;1045;1109;1035;1356;1008;18;9;0;4;5;6;0;16;7;99;0;391;152;45;39;97;102;106;55;42;47;62;34;0;49;36;64;298;406;229;80;10;0;1025;8;0;0;0;1;1;0;0;0;10;0;0;0;127;0;510;152;226;284;55;242;292;219;122;78;0;1;4;10;2;1;0;0;4;5;0;0
31016;Hardegg;984;894;1049;877;1236;774;86;17;0;6;13;4;4;25;6;45;4;339;117;91;102;92;92;54;26;17;15;19;16;4;23;44;106;285;297;135;65;25;4;856;16;1;0;0;4;0;0;0;0;17;0;0;0;86;4;355;218;194;217;68;239;178;153;84;52;6;11;23;18;15;13;2;6;8;0;1;0
31018;Haugsdorf;993;886;1002;863;1152;799;46;18;0;3;7;12;2;28;13;63;2;340;71;61;89;113;78;72;56;13;21;26;51;2;31;35;67;236;323;197;96;6;2;841;16;1;0;0;4;1;0;0;0;23;0;0;0;105;2;463;79;190;261;67;201;212;156;99;64;2;8;11;19;1;5;3;7;7;1;0;0
31019;Heldenberg;823;679;783;675;965;622;40;13;0;2;5;1;1;13;8;117;1;152;42;50;58;81;88;74;45;60;44;59;68;2;78;36;77;218;269;93;34;17;1;662;11;2;0;0;0;0;0;0;0;4;0;0;0;143;1;409;61;136;217;27;109;144;154;93;95;1;4;13;8;10;4;0;3;4;3;3;0
31021;Hohenwarth-Mühlbach a.M.;890;741;787;732;1142;709;15;7;1;2;7;3;0;55;22;69;0;213;26;72;85;115;83;56;39;52;39;81;29;0;46;45;84;210;279;151;52;23;0;717;7;0;0;1;7;0;0;0;0;10;0;0;0;148;0;381;94;169;246;32;135;176;153;109;104;0;1;2;5;2;5;0;2;5;0;0;0
31022;Hollabrunn;9446;4572;7374;4483;17862;3765;425;280;13;47;88;140;7;222;144;4314;1;1253;1225;993;864;916;883;885;452;331;480;633;525;6;2728;723;938;1879;1985;766;280;146;1;4128;196;36;18;6;62;22;5;3;7;78;19;1;0;4864;1;2819;298;1033;5296;151;653;942;935;706;378;32;81;157;97;35;23;15;47;103;68;33;14
31025;Mailberg;430;385;463;381;532;360;15;6;0;6;1;3;0;1;5;30;3;169;9;19;20;59;43;29;17;14;14;12;22;3;8;41;47;110;143;64;12;2;3;374;2;3;0;0;1;1;0;0;0;3;1;0;0;42;3;184;62;73;111;28;93;78;84;50;27;0;3;4;2;5;1;0;1;0;4;1;0
31026;Maissau;1147;1038;1219;1018;1363;947;51;19;1;10;8;11;1;36;32;29;2;270;77;97;132;139;135;94;51;37;31;46;36;2;16;46;116;320;389;178;60;20;2;998;19;0;0;0;0;0;0;0;1;18;2;0;0;107;2;552;121;249;225;45;181;205;224;148;144;2;0;13;17;11;8;1;2;6;10;0;0
31028;Nappersdorf-Kammersdorf;823;697;758;691;999;652;35;4;0;1;9;1;1;21;13;83;3;220;49;59;68;94;100;59;29;43;37;30;32;3;36;38;38;152;282;172;85;17;3;685;3;1;0;0;2;0;0;0;0;6;0;0;0;123;3;387;69;147;220;45;150;157;128;91;81;0;5;12;10;2;6;0;1;2;1;0;0
31033;Pernersdorf;738;651;705;648;853;603;41;4;0;2;2;2;1;5;13;64;1;309;59;47;44;54;33;58;24;24;29;40;16;1;20;30;59;165;243;157;51;12;1;644;4;0;0;0;0;0;0;0;0;3;0;0;0;86;1;333;98;124;183;37;167;166;112;70;51;7;3;13;14;3;1;0;4;0;0;0;0
31035;Pulkau;935;859;975;844;1135;803;31;10;0;8;4;4;1;13;16;43;2;403;28;54;56;109;69;46;12;24;10;15;40;69;34;30;94;243;281;168;68;15;2;833;8;2;0;0;1;0;0;0;0;11;3;1;0;74;2;436;111;170;218;47;170;213;212;109;52;2;5;12;7;5;0;1;3;1;4;1;0
31036;Ravelsbach;875;804;1023;786;1182;704;51;30;1;3;6;9;0;6;10;44;11;250;65;62;66;81;92;103;31;14;23;56;21;11;21;40;80;211;284;142;74;12;11;754;29;0;1;1;1;0;0;0;0;17;1;0;0;60;11;478;71;171;155;19;139;171;200;120;55;2;0;20;18;4;7;3;10;12;4;0;1
31037;Retz;2131;1892;2673;1835;3140;1609;146;77;3;17;27;46;4;70;15;97;20;663;209;170;178;228;193;178;56;71;72;52;39;22;49;83;158;514;660;427;179;41;20;1751;54;14;5;3;4;3;0;1;0;51;7;0;0;218;20;1009;210;412;500;124;415;417;356;186;111;13;35;32;40;16;10;5;9;36;12;12;3
31038;Retzbach;794;688;749;683;924;643;33;7;0;4;6;7;1;17;12;64;0;368;25;11;22;53;63;81;51;23;27;42;28;0;31;30;71;202;255;152;47;6;0;676;7;0;0;0;0;0;0;0;0;5;0;0;0;106;0;313;113;129;239;48;138;176;127;80;74;2;4;11;7;6;3;0;0;7;0;0;0
31041;Schrattenthal;551;505;564;492;670;438;51;3;0;5;6;4;0;11;1;32;0;174;53;35;34;49;41;39;26;11;16;41;32;0;21;26;42;139;154;105;53;11;0;489;3;0;0;0;0;0;0;0;0;12;1;0;0;46;0;258;66;118;109;25;99;111;99;65;39;2;7;20;7;6;9;0;1;2;0;0;0
31042;Seefeld-Kadolz;680;635;720;627;797;604;7;16;0;3;5;3;2;16;4;20;0;190;92;49;53;65;121;47;18;9;9;17;8;2;48;35;54;200;252;67;18;6;0;611;15;0;0;0;0;0;1;0;0;7;1;0;0;45;0;261;137;149;133;86;161;153;131;48;25;1;1;4;1;0;0;0;6;8;1;1;0
31043;Sitzendorf an der Schmida;1455;1139;1259;1128;2306;1068;49;10;1;1;10;5;1;18;14;275;3;279;76;108;168;196;192;177;82;45;43;35;47;7;34;62;100;307;502;295;118;34;3;1115;7;1;1;1;2;1;0;0;0;11;0;0;0;313;3;681;105;217;452;41;193;236;280;186;132;1;6;10;13;12;7;0;0;8;1;0;1
31051;Wullersdorf;1550;1273;1460;1247;1855;1163;65;17;2;7;9;10;2;31;19;207;18;381;124;89;91;128;151;193;62;45;57;95;109;25;73;58;93;315;544;315;106;28;18;1227;16;1;0;2;1;0;0;0;0;27;0;0;0;258;18;712;122;276;440;45;230;271;262;182;173;4;9;17;12;11;12;1;4;9;2;1;0
31052;Zellerndorf;1465;1304;1501;1270;1756;1163;92;14;1;10;11;10;1;41;16;91;15;475;110;102;104;166;121;136;38;48;18;51;29;67;40;53;99;379;480;250;134;15;15;1254;14;0;0;1;1;0;0;0;0;32;2;0;0;146;15;713;131;280;341;67;315;290;264;146;81;8;15;32;19;10;8;2;3;4;5;0;0
31053;Ziersdorf;2046;1596;1976;1544;2641;1379;133;31;1;7;19;24;1;97;33;311;10;396;152;123;138;251;192;183;98;55;164;131;140;23;223;135;198;586;568;208;94;24;10;1508;23;4;0;1;4;0;4;0;0;51;1;0;0;440;10;904;130;334;678;86;252;374;401;184;82;15;16;40;34;17;11;2;2;12;10;5;0
31101;Altenburg;445;387;447;380;515;351;25;4;0;4;5;1;0;6;5;40;4;103;25;13;47;55;54;35;22;13;13;10;49;6;40;28;24;100;153;61;26;9;4;376;3;1;0;0;0;0;0;0;0;7;0;0;0;54;4;186;52;117;90;22;57;89;112;44;27;4;0;5;12;4;0;0;3;0;1;0;0
31102;Brunn an der Wild;550;404;456;399;677;360;36;3;0;4;7;2;0;17;12;109;0;148;34;36;25;45;53;31;23;44;28;46;37;0;44;33;50;122;156;70;53;22;0;394;2;0;0;0;2;1;0;0;0;5;0;0;0;146;0;227;31;94;198;12;61;96;82;67;42;1;3;11;9;7;5;0;1;2;0;0;0
31103;Burgschleinitz-Kühnring;847;683;763;677;1063;607;66;4;0;1;10;2;0;25;16;116;0;220;38;51;54;71;103;94;35;55;38;54;32;2;71;35;58;175;293;122;69;24;0;671;3;0;0;0;2;1;0;0;0;6;0;0;0;164;0;372;73;154;248;33;103;142;164;97;68;3;2;16;21;10;14;0;0;3;0;1;0
31104;Drosendorf-Zissersdorf;827;755;970;735;1077;661;57;17;0;8;12;4;2;20;11;26;9;283;105;123;84;83;46;41;14;13;9;6;7;13;24;38;109;287;202;86;59;13;9;717;15;2;0;0;1;0;0;0;0;19;1;0;0;63;9;278;175;189;185;59;191;180;122;70;39;6;8;16;17;5;5;4;4;6;1;2;0
31105;Eggenburg;1781;1328;2231;1293;3307;1090;98;97;8;9;20;21;3;161;35;236;3;397;210;113;156;159;168;138;80;98;58;142;58;4;156;118;192;458;486;208;108;52;3;1170;51;24;4;5;18;14;2;2;3;33;7;0;0;445;3;719;105;377;580;44;170;288;292;179;117;5;14;21;30;19;9;5;15;31;17;25;4
31106;Gars am Kamp;2312;1613;2371;1578;3142;1311;170;97;0;16;15;19;2;90;27;563;2;509;180;169;256;292;251;188;92;70;89;137;74;5;307;144;236;567;579;301;122;54;2;1479;82;12;0;0;2;3;0;0;0;31;4;0;0;697;2;744;235;448;885;82;259;274;276;191;229;12;22;49;54;14;19;5;18;34;30;10;0
31107;Geras;943;726;895;707;1181;615;71;19;2;13;12;5;2;45;21;134;4;269;112;85;68;78;95;70;23;20;22;37;59;5;60;60;79;218;235;128;120;39;4;685;17;1;0;2;1;1;0;0;0;16;4;0;0;212;4;312;110;182;339;45;155;132;128;92;63;6;8;25;14;14;4;4;4;8;2;1;0
31109;Horn;2278;1955;3981;1856;4515;1441;198;209;8;19;59;81;2;89;36;117;19;358;191;202;283;273;260;161;120;109;65;64;64;128;98;107;231;564;692;290;164;113;19;1632;146;43;13;8;7;5;1;1;0;81;18;1;0;303;19;1089;125;614;450;36;191;345;487;232;150;8;32;71;55;20;12;8;38;63;47;42;11
31110;Irnfritz-Messern;778;608;772;593;1061;530;48;15;0;5;7;5;1;36;17;92;22;216;83;59;47;67;70;41;11;39;47;66;9;23;54;47;70;182;215;107;51;30;22;578;15;0;0;0;0;0;0;0;0;12;3;0;0;148;22;366;61;136;215;33;124;148;112;62;51;3;3;14;17;8;3;2;1;8;4;0;0
31111;Japons;391;329;413;327;539;261;59;6;1;0;2;1;0;9;13;38;1;143;26;34;24;26;49;24;17;17;4;16;10;1;11;23;32;68;114;79;49;14;1;319;6;0;0;1;1;0;0;0;0;1;1;0;0;61;1;162;37;92;100;15;61;68;54;39;24;3;1;9;16;9;21;0;0;6;0;0;0
31113;Langau;421;356;467;347;574;299;38;9;1;2;4;2;1;30;6;28;1;96;62;105;32;21;42;24;7;2;5;13;10;2;5;7;27;83;129;93;63;13;1;336;8;0;1;1;1;0;0;0;0;9;1;0;0;63;1;152;49;120;100;1;43;57;80;82;36;1;3;10;12;6;6;0;1;7;1;0;0
31114;Meiseldorf;517;476;502;472;572;446;26;0;0;0;3;1;0;4;5;32;0;152;53;38;47;33;66;52;9;15;13;13;25;1;12;14;30;125;178;83;58;17;0;472;0;0;0;0;0;0;0;0;0;4;0;0;0;41;0;231;55;116;115;30;99;119;105;51;42;2;3;8;9;1;3;0;0;0;0;0;0
31117;Pernegg;397;336;393;329;538;282;44;2;1;5;3;4;0;15;11;26;4;153;37;24;24;28;38;34;12;7;5;21;8;6;21;23;35;92;117;67;25;13;4;325;2;0;0;1;1;0;0;0;0;7;0;0;0;57;4;164;37;98;98;25;56;73;60;40;28;1;4;13;7;13;6;0;2;0;0;0;0
31119;Röhrenbach;278;241;285;240;328;205;34;1;0;0;2;0;0;14;2;17;3;127;14;17;12;15;20;9;30;8;3;13;7;3;10;10;18;59;68;50;46;14;3;239;1;0;0;0;0;0;0;0;0;1;0;0;0;34;3;118;26;60;74;7;35;50;46;38;29;2;4;7;14;1;6;0;0;1;0;0;0
31120;Röschitz;755;587;645;580;927;551;22;7;0;10;5;3;0;22;9;124;2;191;66;78;60;58;60;38;38;23;28;36;42;37;68;36;65;135;234;123;79;13;2;573;7;0;0;0;0;0;0;0;0;7;0;0;0;166;2;331;58;127;239;23;109;152;147;75;45;0;3;11;6;0;2;0;0;6;1;0;0
31121;Rosenburg-Mold;590;455;609;441;822;381;39;19;2;7;7;2;1;17;19;94;2;140;57;41;52;58;54;41;20;31;36;25;32;3;89;55;39;119;173;63;38;12;2;417;15;1;0;1;3;1;1;1;1;15;1;0;0;131;2;238;50;89;213;29;69;88;100;52;43;3;3;13;11;8;1;0;7;8;2;2;0
31123;St. Bernhard-Frauenhofen;713;538;635;526;1167;448;70;7;1;5;4;11;0;20;12;133;2;150;20;33;53;59;80;86;33;42;50;91;12;4;80;25;64;138;229;93;56;26;2;517;7;0;0;1;1;0;0;0;0;13;0;0;0;172;2;301;30;166;216;11;57;98;138;90;54;2;6;23;18;17;4;0;2;3;1;1;0
31124;Sigmundsherberg;926;785;1076;764;1274;653;81;30;0;4;11;4;2;24;17;98;2;223;118;107;78;80;74;43;50;36;40;42;32;3;46;37;87;243;248;146;82;35;2;734;23;7;0;0;0;0;0;0;0;20;1;0;0;139;2;403;90;203;230;30;134;163;161;79;86;2;4;23;24;16;12;1;6;9;12;2;0
31129;Weitersfeld;899;789;968;776;1158;628;132;15;1;4;10;1;1;42;17;48;0;191;80;130;115;114;94;75;23;12;27;21;13;4;33;19;65;178;250;195;104;55;0;757;12;0;0;1;3;3;0;0;0;13;0;0;0;110;0;383;72;217;227;39;127;160;140;75;87;8;6;45;40;24;9;2;3;4;4;2;0
31130;Straning-Grafenberg;468;437;457;431;528;417;11;2;1;1;2;0;1;8;9;15;1;201;35;42;28;52;28;12;12;7;9;4;12;26;7;12;37;101;149;93;53;15;1;428;2;0;0;1;0;0;0;0;0;6;0;0;0;30;1;190;66;107;105;19;100;107;100;57;34;0;2;3;4;1;1;0;0;2;0;0;0
31201;Bisamberg;2219;1936;2762;1911;3912;1707;108;95;1;14;19;9;3;36;12;213;2;168;73;84;239;309;301;231;159;200;183;174;94;4;280;213;297;623;586;160;39;19;2;1810;69;12;7;1;5;6;1;0;0;25;1;0;0;280;2;1071;144;525;479;165;204;347;483;321;187;4;12;35;34;14;9;1;10;38;28;11;7
31202;Enzersfeld im Weinviertel;1043;886;1033;873;1414;784;77;12;0;3;3;6;0;33;3;116;6;57;36;66;89;109;149;128;46;92;84;109;72;6;96;54;103;298;358;93;28;7;6;860;10;1;0;0;1;1;0;0;0;13;0;0;0;151;6;530;61;198;254;25;110;177;229;138;105;0;7;23;23;18;6;0;6;3;2;1;0
31203;Ernstbrunn;1853;1616;1938;1582;2435;1475;63;43;1;4;12;22;2;42;10;173;6;349;223;157;152;206;216;206;66;55;66;106;41;10;87;74;191;553;591;219;99;33;6;1536;36;3;0;1;2;3;1;0;0;32;2;0;0;231;6;938;160;318;437;77;261;418;371;215;133;4;7;19;15;7;11;3;9;13;15;3;0
31204;Großmugl;1070;809;902;801;1267;753;37;11;0;1;5;5;0;37;21;198;2;146;92;102;80;78;93;111;71;66;70;98;57;6;99;48;72;230;365;155;69;30;2;790;10;1;0;0;0;0;0;0;0;7;1;0;0;259;2;492;57;158;363;31;101;141;195;147;138;2;5;7;9;10;4;1;3;4;2;1;0
31205;Großrußbach;1181;1114;1242;1091;1449;1041;30;20;0;4;6;5;0;23;9;36;7;172;93;69;71;132;195;145;57;37;45;46;34;85;28;66;125;341;397;127;85;5;7;1069;18;0;0;0;2;2;0;0;0;20;3;0;0;60;7;695;88;213;185;51;197;276;272;164;81;2;5;10;5;3;5;2;7;10;1;0;0
31206;Hagenbrunn;1308;1090;1332;1046;1864;986;38;22;0;12;20;15;1;88;5;84;37;57;53;69;106;169;161;184;143;54;101;72;23;116;102;139;172;358;308;101;42;49;37;1019;19;1;0;0;5;2;0;0;0;39;5;0;0;181;37;622;106;257;323;70;172;213;239;165;127;0;2;5;8;9;14;0;8;8;3;3;0
31207;Harmannsdorf;2252;2108;2325;2067;2542;1974;66;27;0;7;12;9;0;40;13;103;1;250;150;155;133;354;390;234;133;160;83;106;101;3;73;83;258;803;730;185;97;22;1;2040;18;7;0;0;0;2;0;0;0;40;1;0;0;143;1;1209;157;457;429;84;338;503;545;281;223;10;8;14;20;9;5;1;7;11;4;4;0
31208;Hausleiten;2270;1601;1884;1578;3643;1449;102;27;0;3;13;11;0;61;22;578;4;180;127;100;168;224;263;292;241;213;142;193;104;23;286;209;219;537;664;213;98;40;4;1545;20;6;1;0;6;0;0;0;0;23;0;0;0;665;4;1091;70;337;772;34;161;341;421;314;178;5;9;29;28;17;14;2;6;6;6;7;0
31213;Korneuburg;3253;2894;8542;2793;9472;2087;239;464;3;14;80;66;3;111;37;136;13;361;276;284;256;344;395;521;259;209;73;135;98;42;168;153;412;1056;781;324;199;147;13;2322;245;154;50;3;4;6;3;6;0;76;19;5;3;344;13;1626;153;921;553;55;279;593;675;348;137;15;43;80;68;25;8;10;52;84;136;111;71
31214;Langenzersdorf;3642;3359;5180;3300;6224;2798;283;218;1;14;38;25;1;121;15;126;2;302;270;195;485;546;578;619;192;165;116;118;54;2;413;442;396;1026;965;281;58;59;2;3068;153;56;1;1;13;6;1;1;0;57;2;1;0;280;2;1556;302;974;810;583;326;541;626;406;316;16;35;83;76;35;38;12;36;51;71;45;3
31215;Leitzersdorf;694;588;637;580;769;538;40;2;0;3;3;0;2;32;8;66;0;88;54;34;42;82;79;84;79;56;31;36;27;2;31;25;43;193;265;93;38;6;0;576;2;0;0;0;2;0;0;0;0;7;1;0;0;106;0;350;29;134;181;10;74;96;157;108;93;2;1;8;20;8;1;1;0;1;0;0;0
31216;Leobendorf;2500;2243;2817;2207;3272;2057;65;82;3;15;26;21;1;70;9;145;6;175;105;149;210;361;438;372;110;201;142;128;89;20;126;296;278;832;686;167;61;48;6;2120;61;15;3;3;2;3;0;0;0;37;1;0;0;249;6;1293;165;575;467;155;402;453;511;359;177;3;13;19;14;7;9;5;22;28;10;14;3
31224;Rußbach;759;633;700;630;995;595;25;10;0;1;3;3;1;23;10;81;7;86;71;55;72;90;76;105;54;34;41;30;35;10;57;28;57;191;264;102;46;7;7;617;10;0;0;0;3;0;0;0;0;3;0;0;0;119;7;385;40;134;200;25;75;158;186;105;46;1;4;8;10;2;0;1;4;4;1;0;0
31226;Sierndorf;1919;1768;1995;1744;2391;1639;86;18;1;2;18;11;2;26;15;93;8;259;114;104;129;227;193;397;136;91;134;57;37;41;104;103;181;580;647;188;75;33;8;1725;12;4;2;1;0;0;0;0;0;24;0;0;0;143;8;1148;111;357;303;98;273;382;474;247;165;3;8;26;27;13;9;0;4;6;4;2;2
31227;Spillern;928;775;1366;764;1740;661;41;61;1;1;15;4;0;46;10;82;6;44;48;47;111;109;111;104;90;58;29;101;69;7;52;60;132;288;272;70;30;18;6;699;41;11;7;1;3;1;1;0;0;11;1;0;0;146;6;488;25;219;196;18;75;196;197;121;54;0;5;15;11;7;3;4;2;26;10;12;7
31228;Stetteldorf am Wagram;594;489;551;481;867;465;12;4;0;2;7;3;1;15;12;73;0;137;44;46;26;39;60;54;28;32;33;53;41;1;45;19;66;170;178;79;33;4;0;475;1;3;0;0;2;0;0;0;0;6;2;0;0;105;0;298;27;108;161;14;75;100;133;86;57;0;0;6;4;1;1;0;0;0;2;2;0
31229;Stetten;718;582;713;575;1008;518;40;17;0;4;9;5;1;42;9;73;0;55;42;41;42;69;86;103;90;72;67;34;14;3;37;61;96;161;195;73;69;26;0;557;14;3;0;0;1;0;0;0;0;7;0;0;0;136;0;390;24;131;173;22;111;109;117;87;72;2;7;12;11;2;6;0;4;7;3;3;0
31230;Stockerau;5572;4609;10424;4450;13125;3616;282;536;16;27;97;106;18;275;55;541;3;536;425;507;543;628;722;466;497;423;273;264;140;148;621;426;671;1401;1468;525;270;187;3;3876;302;135;54;14;22;31;9;5;2;139;25;3;2;950;3;2786;196;1184;1406;279;538;895;1037;525;342;16;49;97;64;43;13;20;81;124;147;106;58
31234;Niederhollabrunn;927;809;854;798;1071;763;31;3;1;3;12;4;2;29;14;63;2;155;59;47;64;108;115;102;50;92;38;53;40;4;46;28;82;270;283;136;68;12;2;793;2;0;0;1;1;1;0;0;0;11;1;0;0;115;2;451;63;178;235;27;108;184;233;118;93;0;1;5;11;10;4;0;0;1;0;2;0
31235;Gerasdorf bei Wien;5939;5390;6625;5313;8622;5059;135;116;3;14;84;43;6;186;26;246;21;257;345;310;578;744;738;880;658;415;227;284;221;282;481;762;899;1795;1503;284;99;95;21;5182;72;30;10;3;12;4;0;0;0;76;1;0;0;528;21;2919;473;1418;1129;387;915;1383;1219;722;433;9;15;38;33;15;25;7;11;42;18;27;11
31301;Aggsbach;441;331;425;325;596;273;44;8;0;5;4;0;2;37;7;53;8;74;25;37;58;57;50;35;23;29;19;13;13;8;60;30;43;104;140;46;9;1;8;316;6;1;0;0;1;1;0;0;0;6;0;0;0;102;8;165;44;78;154;14;51;74;64;43;27;3;5;11;15;7;3;1;1;5;0;1;0
31302;Albrechtsberg an der Großen Krems;657;446;561;434;1179;339;89;6;0;6;1;5;1;25;15;169;1;97;49;44;86;88;71;95;37;32;21;25;11;1;94;45;52;143;170;102;44;6;1;422;5;0;0;0;6;1;0;0;0;12;0;0;0;210;1;248;54;96;259;28;55;74;59;77;46;5;4;22;27;19;12;0;3;3;0;0;0
31303;Bergern im Dunkelsteinerwald;722;586;723;580;943;486;86;7;1;6;3;2;1;18;8;99;5;78;24;48;84;105;104;74;34;50;47;45;24;5;63;45;66;174;210;102;50;7;5;571;5;0;0;1;1;1;1;0;0;7;0;0;0;130;5;355;49;126;192;25;62;109;141;82;67;2;8;26;21;14;15;0;3;2;1;1;0
31304;Dürnstein;509;393;605;358;1328;250;87;21;0;40;5;7;2;30;13;54;0;135;19;51;43;36;34;46;44;36;26;20;18;1;39;36;58;116;151;70;29;10;0;303;12;4;0;0;34;5;0;0;0;27;8;0;0;116;0;155;49;139;166;9;49;56;49;52;35;8;6;23;28;13;9;1;8;7;4;1;0
31308;Grafenegg;1897;1338;1772;1315;2791;1088;166;60;1;36;16;10;0;62;26;429;3;309;100;105;134;210;199;221;94;117;83;201;116;8;202;115;155;501;597;227;69;28;3;1234;49;4;0;1;20;7;0;0;0;21;1;1;0;556;3;836;79;301;681;35;142;236;342;209;124;6;14;53;46;25;22;0;14;25;15;6;0
31309;Furth bei Göttweig;1377;1156;1665;1121;2433;926;129;63;3;15;14;6;2;53;21;142;3;179;59;88;162;139;170;159;120;82;99;73;44;3;79;127;160;369;426;145;54;14;3;1051;55;7;0;3;4;1;0;0;0;31;5;0;0;217;3;706;53;296;322;27;89;318;263;158;71;2;7;45;44;20;11;4;17;16;22;4;0
31310;Gedersdorf;1071;844;1017;832;1356;692;124;16;0;8;20;5;2;40;11;152;1;104;18;42;95;123;153;173;83;90;56;72;59;3;73;69;82;281;394;105;42;24;1;812;15;0;0;0;4;1;0;0;0;12;0;0;0;226;1;542;27;227;275;14;80;197;234;109;58;2;12;34;51;17;8;1;8;6;1;0;0
31311;Gföhl;2480;1607;2198;1575;4497;1296;221;57;1;9;24;27;1;86;18;740;0;458;77;158;199;264;251;294;125;130;178;168;173;5;392;167;254;516;665;332;122;32;0;1499;43;10;0;1;18;3;0;1;0;29;4;0;0;872;0;956;121;334;1069;88;252;376;293;204;83;8;27;70;76;27;13;5;9;23;10;10;0
31315;Hadersdorf-Kammern;850;735;1117;722;1459;587;85;50;0;7;5;15;3;21;6;68;3;137;11;49;109;133;114;82;44;52;23;35;57;4;73;23;68;204;310;123;27;19;3;665;40;7;0;0;7;3;0;0;0;12;1;0;0;112;3;458;60;183;149;44;50;156;157;95;85;6;10;23;29;7;10;3;4;20;17;6;0
31319;Jaidhof;628;503;637;497;962;415;69;11;2;2;2;1;0;13;7;104;2;161;27;33;38;34;50;68;51;30;44;34;33;25;51;44;47;143;203;84;44;10;2;480;9;0;0;1;4;2;0;0;1;7;0;0;0;122;2;276;49;104;199;42;70;88;84;66;65;2;2;19;22;14;10;0;3;2;6;0;0
31321;Krumau am Kamp;582;499;613;494;747;441;45;8;0;6;1;1;0;15;10;34;21;149;43;60;55;52;54;53;27;13;4;5;6;61;33;46;69;174;144;68;27;0;21;485;8;0;0;0;1;0;0;0;0;5;0;0;0;62;21;210;107;100;165;52;131;115;81;42;20;6;9;10;11;6;3;0;4;3;1;0;0
31322;Langenlois;3781;2810;4237;2745;5560;2215;337;185;8;29;44;59;3;117;57;722;5;977;390;271;294;369;373;405;215;138;114;101;122;12;312;377;378;880;1106;496;166;61;5;2525;155;21;1;7;27;7;0;1;1;63;8;0;0;960;5;1713;170;650;1248;76;362;563;556;369;289;21;36;106;92;48;34;11;37;72;43;20;2
31323;Lengenfeld;862;569;710;564;1265;488;69;7;0;3;3;5;0;54;18;190;25;128;29;35;51;81;120;115;67;47;47;56;61;25;122;67;96;237;232;62;18;3;25;543;5;0;0;0;14;1;1;0;0;5;0;0;0;268;25;372;27;138;325;20;69;111;158;94;36;5;6;19;24;10;5;0;3;2;0;2;0
31324;Lichtenau im Waldviertel;1116;879;1087;868;1617;732;117;18;1;4;3;8;2;41;40;150;0;207;63;100;94;129;147;140;59;39;41;43;44;10;69;80;85;245;353;174;95;15;0;843;13;4;0;1;6;1;0;0;0;9;2;0;0;237;0;522;68;168;358;59;144;175;163;112;79;7;9;40;27;15;19;1;3;8;4;2;0
31326;Maria Laach am Jauerling;469;376;468;362;643;297;58;7;0;11;3;3;2;8;4;76;0;83;20;27;59;62;52;37;31;28;24;34;11;1;33;22;33;106;117;102;52;4;0;354;7;0;0;0;1;0;0;0;0;13;1;0;0;93;0;186;34;104;145;26;50;61;88;46;26;3;2;12;19;14;8;1;0;4;2;0;0
31327;Mautern an der Donau;1186;996;2070;979;2445;707;119;150;3;19;19;6;1;51;19;88;4;131;80;75;125;167;131;166;94;75;51;60;19;12;54;96;108;351;333;153;73;14;4;818;123;15;6;2;8;4;2;0;1;15;4;0;0;184;4;555;53;338;240;11;68;205;210;108;105;1;15;48;40;9;6;16;35;44;35;15;5
31330;Mühldorf;687;607;763;589;899;491;85;13;0;7;4;5;0;21;6;40;15;120;54;60;102;106;73;34;25;9;31;22;12;39;25;34;59;201;236;80;34;3;15;575;13;0;0;0;1;0;0;0;0;18;0;0;0;65;15;317;77;145;148;31;80;100;140;81;59;6;15;33;12;10;9;1;6;6;0;0;0
31333;Paudorf;1216;1031;1452;1013;1795;832;140;40;1;10;4;13;1;46;20;100;9;105;101;73;92;172;158;139;63;124;68;44;67;10;78;112;101;359;392;118;42;5;9;968;27;8;2;1;4;2;0;1;0;17;1;0;0;176;9;632;61;269;254;42;132;222;218;124;94;2;9;43;43;26;17;2;13;12;5;7;1
31336;Rastenfeld;1042;739;926;717;1659;602;101;13;1;26;10;7;0;35;20;224;3;166;45;63;87;93;97;107;76;86;103;75;37;7;128;93;64;231;283;151;66;23;3;701;12;1;0;0;2;0;0;0;1;23;0;0;0;299;3;420;79;158;385;36;90;172;152;97;55;8;15;39;19;16;4;0;4;6;2;1;0
31337;Rohrendorf bei Krems;1056;754;1013;728;1372;604;90;34;0;9;48;38;0;80;5;132;16;69;15;100;131;130;91;123;69;96;87;86;42;17;93;72;102;258;294;148;52;21;16;691;31;1;0;0;3;1;1;0;0;26;0;0;0;286;16;472;26;212;346;10;64;125;192;98;115;6;8;29;20;11;16;4;5;23;0;1;1
31338;Rossatz-Arnsdorf;612;531;704;523;811;432;72;19;0;13;1;1;0;8;8;46;12;232;31;23;51;83;47;56;18;17;15;18;7;14;14;25;54;168;226;96;15;2;12;501;17;2;0;0;3;0;0;0;0;8;0;0;0;69;12;236;71;158;147;22;74;87;108;76;65;3;4;22;25;11;7;5;5;5;2;2;0
31340;St. Leonhard am Hornerwald;836;604;714;594;1132;513;72;9;0;4;4;2;0;17;7;208;0;246;47;40;39;76;65;97;45;32;27;68;53;1;60;64;48;189;251;149;60;15;0;585;9;0;0;0;0;0;0;0;0;9;1;0;0;232;0;258;121;133;324;60;115;118;99;75;46;3;10;15;15;14;15;3;2;3;1;0;0
31343;Senftenberg;1053;823;1236;805;1621;592;173;39;1;17;9;6;2;21;24;165;4;209;60;52;111;116;113;80;60;49;37;86;71;9;122;74;88;301;300;125;29;10;4;759;29;8;0;1;6;2;0;0;0;17;2;0;0;225;4;466;56;221;310;36;95;134;148;104;75;14;16;52;46;30;15;4;9;14;7;5;0
31344;Spitz;754;659;997;621;1265;439;126;54;2;28;7;14;1;22;10;49;2;230;73;62;85;74;79;36;14;28;32;13;22;6;25;47;72;178;237;144;41;8;2;552;45;2;0;2;13;5;2;0;0;35;3;0;0;93;2;304;75;215;160;12;98;91;116;94;28;9;11;43;40;19;4;9;25;11;5;4;0
31346;Straß im Straßertale;863;779;941;771;1981;682;68;19;2;9;7;3;0;22;8;43;0;204;31;45;69;103;96;84;47;67;43;63;11;0;20;63;89;186;294;147;46;18;0;748;16;0;1;2;2;2;0;0;0;8;1;0;0;83;0;477;58;169;159;38;105;210;165;94;70;3;11;30;13;8;3;2;5;7;4;1;0
31347;Stratzing;373;332;436;329;588;277;40;12;0;2;2;1;0;4;3;32;0;56;10;13;22;32;81;44;25;11;24;37;18;0;10;14;34;109;121;44;26;15;0;315;9;3;0;0;2;0;0;0;0;2;1;0;0;41;0;196;8;98;71;14;24;43;101;63;32;1;2;7;14;6;10;1;7;1;0;3;0
31350;Weinzierl am Walde;645;507;626;496;994;396;90;10;0;4;12;2;0;23;16;92;0;163;14;38;57;68;101;70;33;45;25;19;12;0;44;26;38;128;194;123;82;10;0;482;9;0;0;0;4;1;0;0;0;11;0;0;0;138;0;314;41;91;199;25;75;76;111;76;33;3;5;27;34;16;5;0;3;7;0;0;0
31351;Weißenkirchen in der Wachau;670;579;896;548;1004;392;126;30;0;29;7;4;2;17;8;14;41;240;38;53;57;65;58;15;8;20;19;15;2;80;10;18;51;189;221;111;18;11;41;513;30;0;0;0;5;0;0;0;0;30;1;0;0;50;41;300;61;188;121;22;87;68;108;65;42;10;9;43;31;21;12;2;14;8;6;0;0
31355;Schönberg am Kamp;1460;1057;1249;1044;1772;914;98;27;5;12;7;2;2;24;17;350;2;341;126;151;124;168;145;111;71;71;48;67;35;2;146;168;150;363;406;170;47;8;2;1005;23;0;0;5;7;4;0;0;0;16;0;0;0;398;2;508;167;251;534;60;196;200;210;144;104;3;14;31;25;16;9;2;10;12;3;0;0
31356;Droß;480;404;458;401;688;363;32;6;0;2;2;1;0;1;4;69;0;48;3;15;29;50;36;89;35;45;44;59;27;0;43;20;44;148;153;58;12;2;0;393;5;0;0;0;2;1;0;0;0;3;0;0;0;76;0;267;19;92;102;18;40;87;114;73;31;1;2;7;15;4;3;0;1;3;2;0;0
31401;Annaberg;444;346;553;323;649;286;24;13;0;24;4;1;9;9;8;10;56;77;29;55;62;80;41;19;2;6;7;8;2;56;19;19;53;160;87;34;13;3;56;309;13;0;0;0;1;0;0;0;0;17;6;0;0;42;56;111;137;89;107;16;61;77;69;42;21;2;10;7;2;1;2;2;4;6;1;0;0
31402;Eschenau;590;463;614;454;1262;396;32;22;4;6;4;3;1;10;6;106;0;48;19;42;63;85;85;68;69;44;12;37;18;0;67;37;85;166;162;50;19;4;0;427;19;1;0;4;1;2;0;0;0;10;1;0;0;125;0;303;18;113;156;14;49;86;130;73;44;0;2;16;10;1;3;1;4;15;1;1;0
31403;Hainfeld;1273;1130;2130;1070;2707;766;194;107;3;9;11;33;6;41;12;91;0;230;103;184;120;181;142;136;36;47;40;33;20;1;54;52;145;376;386;160;68;32;0;955;65;36;0;3;5;5;1;0;0;56;7;0;0;140;0;639;75;331;228;30;118;215;223;113;67;16;26;84;47;15;6;4;21;24;33;24;1
31404;Hohenberg;808;624;985;610;1212;501;57;52;0;4;5;11;0;44;4;124;6;205;50;68;107;93;72;54;18;27;36;39;32;7;73;55;109;245;196;90;29;5;6;553;45;7;0;0;5;0;0;0;0;11;3;0;0;178;6;314;74;162;258;32;108;110;130;61;60;10;7;20;7;7;6;4;16;18;10;4;0
31405;Kaumberg;540;489;680;476;803;418;41;17;0;9;4;1;0;9;3;17;21;91;36;27;37;81;63;45;21;15;25;23;17;59;22;20;66;170;164;53;20;4;21;459;15;1;0;0;0;1;0;0;0;9;4;0;0;30;21;246;64;123;107;28;76;90;125;53;46;8;3;12;11;4;3;1;4;4;7;1;0
31406;Kleinzell;440;388;529;376;676;301;57;17;1;11;2;3;0;14;5;24;5;99;34;41;48;65;65;29;8;14;14;10;5;8;16;35;42;152;118;59;11;2;5;357;14;1;0;1;1;2;0;0;0;13;0;0;0;46;5;183;43;84;130;29;60;62;65;43;42;6;8;19;13;7;4;1;4;6;6;0;0
31407;Lilienfeld;1166;808;1670;769;2362;537;116;108;8;21;27;16;9;36;22;245;21;185;77;127;152;114;108;110;64;72;59;48;26;24;168;75;122;288;306;123;43;20;21;643;84;13;4;8;10;7;0;0;0;38;7;0;0;331;21;463;49;253;401;24;76;108;168;104;57;9;24;38;24;9;12;6;26;40;23;8;5
31408;Mitterbach am Erlaufsee;369;299;423;272;529;226;34;11;1;19;1;3;5;20;5;27;17;52;36;33;76;60;30;21;12;23;1;3;4;18;16;14;31;108;125;49;9;0;17;257;10;0;0;1;3;1;0;0;0;24;3;0;0;53;17;94;74;100;101;15;56;39;52;33;31;1;11;10;7;3;2;4;3;2;2;0;0
31409;Ramsau;394;345;545;334;666;266;43;25;0;7;2;1;0;13;6;20;11;73;20;56;44;80;36;40;8;11;9;2;4;11;14;40;35;121;114;47;6;6;11;308;21;3;0;0;1;0;1;0;0;11;0;0;0;38;11;166;57;100;71;17;53;71;65;36;24;6;5;16;11;0;5;1;5;15;2;2;0
31410;Rohrbach an der Gölsen;688;546;822;539;1170;472;40;25;2;2;6;5;2;35;6;92;1;61;51;73;83;110;94;70;19;32;32;36;25;2;65;45;72;203;199;65;25;13;1;510;9;12;1;2;2;3;0;0;0;6;1;0;0;141;1;298;40;168;182;22;88;132;113;73;44;2;7;15;8;7;1;2;4;4;2;12;1
31411;St. Aegyd am Neuwalde;1037;889;1549;861;1703;614;171;75;1;17;6;6;3;51;10;41;42;166;99;142;142;171;123;71;17;15;7;12;9;63;35;101;147;356;239;80;26;11;42;783;69;5;0;1;2;0;1;0;0;27;1;0;0;106;42;377;181;227;252;78;169;157;132;50;28;36;28;76;23;6;2;10;27;16;16;6;0
31412;St. Veit an der Gölsen;1572;1338;2026;1315;2629;1030;202;82;1;15;5;14;2;45;15;149;12;215;112;176;194;203;233;139;56;64;53;69;44;14;83;104;182;474;519;121;58;19;12;1223;64;14;0;1;9;3;1;0;0;22;2;0;0;221;12;840;55;337;340;54;181;289;303;137;66;15;34;62;64;19;8;5;15;36;16;10;0
31413;Traisen;929;797;2025;761;2205;491;120;149;1;9;10;25;7;62;13;27;15;105;183;104;109;113;129;64;28;35;8;25;9;17;33;52;77;293;277;117;40;25;15;605;112;31;6;1;6;0;0;0;0;27;9;0;0;117;15;486;24;252;167;8;96;149;151;55;32;10;23;46;32;7;2;17;57;22;25;24;4
31414;Türnitz;1109;827;1229;797;1596;646;110;39;2;24;6;11;5;38;17;162;49;255;55;98;138;132;140;62;34;36;44;42;22;51;108;56;139;325;299;92;28;13;49;753;36;1;0;2;3;1;1;0;0;25;5;0;0;233;49;429;122;202;356;47;136;147;154;99;63;9;18;36;26;15;6;6;14;10;9;0;0
31502;Artstetten-Pöbring;494;465;535;456;669;405;48;3;0;4;5;0;1;6;4;15;3;75;9;14;51;90;87;29;31;16;23;33;18;18;12;11;19;128;181;76;57;7;3;453;2;0;0;0;0;1;0;0;0;8;1;0;0;26;3;287;33;99;75;24;56;87;115;57;66;0;4;14;19;5;6;0;0;3;0;0;0
31503;Bergland;807;599;807;577;1557;437;117;20;3;13;9;10;1;55;6;134;2;153;36;39;40;66;67;112;57;59;63;72;37;6;57;28;38;136;283;116;96;51;2;546;17;0;0;3;8;3;0;0;0;18;5;0;0;205;2;413;16;145;233;2;34;67;126;107;101;1;3;20;32;27;34;1;4;11;4;0;0
31504;Bischofstetten;445;388;587;382;737;282;85;14;1;1;3;4;1;7;5;27;15;58;35;28;54;58;74;40;14;23;19;18;7;17;8;19;34;101;156;62;27;23;15;365;12;2;0;1;2;0;0;0;0;4;2;0;0;42;15;259;10;112;64;15;26;57;111;37;36;1;10;24;25;16;9;0;5;5;4;0;0
31505;Blindenmarkt;982;884;1452;860;1763;631;164;64;1;8;8;12;3;30;10;45;6;59;35;72;130;173;125;119;61;50;58;60;30;10;35;35;104;243;369;126;49;15;6;793;50;9;2;1;2;3;0;0;0;23;2;0;0;91;6;564;41;198;179;41;73;160;188;95;74;7;17;55;56;21;8;5;13;23;13;8;2
31506;Dorfstetten;238;205;295;201;342;141;49;11;0;2;2;1;0;2;3;20;7;12;12;36;28;33;49;18;17;14;6;2;2;9;13;9;21;54;96;32;5;1;7;190;11;0;0;0;0;0;0;0;0;3;1;0;0;26;7;120;28;45;45;17;16;40;40;19;9;0;3;17;15;8;6;3;4;4;0;0;0
31507;Dunkelsteinerwald;1242;992;1217;978;2156;839;114;24;1;5;10;3;2;62;14;168;0;168;34;44;101;162;205;173;77;66;61;81;67;3;85;56;105;320;393;162;89;32;0;945;21;0;0;1;8;2;1;0;0;14;1;0;0;249;0;602;77;231;332;42;125;210;255;127;80;5;7;20;49;19;14;1;5;11;5;2;0
31508;Erlauf;388;360;563;350;619;254;71;25;0;4;4;2;0;9;4;11;4;81;41;40;44;48;53;30;10;12;2;9;11;7;8;9;31;95;155;55;22;9;4;324;18;7;0;0;1;0;0;0;0;9;1;0;0;24;4;215;8;117;48;3;37;50;83;48;33;5;6;16;26;12;6;5;4;8;5;3;0
31509;Golling an der Erlauf;443;397;819;393;875;309;39;45;0;4;5;7;0;11;3;16;4;33;52;53;66;65;50;56;21;10;10;14;6;7;10;22;51;152;133;50;14;7;4;348;37;6;2;0;0;0;0;0;0;4;0;0;0;42;4;261;12;106;64;11;49;85;108;35;21;4;5;16;10;4;0;3;1;14;19;7;1
31511;Hofamt Priel;935;655;904;644;1782;499;121;24;0;5;5;4;1;24;8;231;13;40;22;61;88;145;134;99;74;51;77;72;58;14;126;52;82;198;300;106;48;10;13;612;22;2;0;0;8;0;0;0;0;10;1;0;0;267;13;386;40;184;325;34;61;121;147;94;42;4;17;33;42;20;5;2;5;13;4;0;0
31513;Hürm;952;711;890;696;1515;603;73;20;0;12;11;8;1;30;12;182;0;93;52;66;66;101;128;119;43;39;46;87;104;8;40;45;70;146;303;178;100;70;0;670;15;4;0;0;6;1;0;0;0;12;3;0;0;241;0;475;30;156;291;16;46;98;155;147;141;3;1;8;16;23;22;1;5;6;6;2;0
31514;Kilb;1130;923;1272;901;1863;687;176;35;3;6;6;14;1;38;10;149;5;157;37;59;105;148;172;95;68;61;92;60;49;27;43;50;60;244;395;172;125;36;5;858;32;1;0;2;5;1;1;0;1;22;3;0;0;199;5;599;49;223;259;25;58;137;216;130;121;4;6;36;54;30;46;1;11;15;5;3;0
31515;Kirnberg an der Mank;418;332;547;323;810;213;93;17;0;3;3;2;0;9;8;57;13;51;11;25;29;43;70;28;28;28;30;32;29;14;30;15;12;60;159;57;54;18;13;305;15;2;0;0;1;0;0;0;0;7;2;0;0;73;13;239;11;80;88;4;11;31;71;58;38;0;4;13;30;26;20;0;0;14;3;0;0
31516;Klein-Pöchlarn;429;366;637;346;737;259;61;26;0;4;1;7;2;22;8;27;12;50;25;36;57;69;57;28;31;26;8;20;10;12;28;30;35;123;135;55;8;3;12;317;21;5;0;0;3;0;0;0;0;20;0;0;0;51;12;220;18;105;86;9;48;48;66;55;33;4;13;19;17;4;4;2;3;10;6;5;0
31517;Krummnußbaum;621;546;812;536;1062;451;56;27;2;4;5;3;2;38;9;20;4;48;47;60;75;72;74;62;35;31;35;46;31;5;9;26;43;210;209;73;31;16;4;506;23;2;0;2;1;1;0;1;0;10;0;0;0;71;4;362;20;146;93;15;34;100;158;88;56;1;2;18;17;8;10;2;4;4;14;2;1
31519;Leiben;613;463;768;449;947;343;72;33;1;9;2;5;2;42;5;79;20;90;31;49;67;75;78;63;31;32;27;27;17;26;53;21;48;170;170;71;44;16;20;414;30;3;0;1;1;0;0;0;0;14;0;0;0;130;20;293;30;122;168;17;39;84;101;50;52;4;8;19;25;8;8;2;7;12;11;1;0
31520;Loosdorf;1322;1177;2088;1132;2445;866;159;104;3;9;29;23;3;59;18;42;7;145;64;131;164;171;229;105;81;54;46;42;33;57;50;31;94;392;510;143;70;25;7;1020;78;19;0;2;5;7;0;0;1;40;4;2;0;137;7;732;50;334;206;20;123;175;308;134;106;8;22;69;38;15;7;7;9;32;38;17;1
31521;Mank;1053;958;1596;925;1775;719;148;55;3;7;14;21;1;29;11;26;19;192;46;77;96;135;132;94;52;50;52;58;48;21;14;39;71;221;355;163;137;34;19;865;37;15;2;3;2;1;0;0;0;26;8;1;0;74;19;651;30;226;146;10;54;168;219;160;108;5;8;45;43;25;22;1;11;15;14;14;0
31522;Marbach an der Donau;728;648;957;625;1071;480;104;40;1;10;6;11;2;25;6;30;13;85;41;68;80;120;111;65;50;37;32;14;10;15;23;38;67;180;286;92;21;8;13;582;37;3;0;1;2;0;0;0;0;22;2;0;0;66;13;359;44;210;115;17;94;132;133;55;49;6;14;38;31;11;4;4;8;20;6;2;0
31523;Maria Taferl;380;322;511;307;664;246;45;16;0;13;0;9;1;4;3;21;22;69;9;17;30;47;51;24;16;15;32;25;22;23;15;21;18;87;137;61;16;3;22;291;12;3;0;0;0;1;0;0;0;14;0;1;0;36;22;210;25;76;69;8;24;64;66;55;29;3;2;16;19;3;2;3;4;3;5;1;0
31524;Melk;2014;1546;3512;1476;4677;1040;199;231;6;23;46;51;4;86;28;298;2;277;125;186;285;211;224;179;73;91;105;88;168;2;199;74;199;538;541;256;128;77;2;1213;170;27;12;6;26;17;3;2;0;55;18;1;0;462;2;906;62;448;598;25;119;262;338;198;98;15;29;58;66;15;16;10;50;64;68;24;15
31525;Münichreith-Laimbach;718;572;830;554;1259;363;175;15;1;6;7;4;1;25;10;109;2;66;7;40;81;135;103;81;56;58;24;31;32;4;53;17;36;129;288;121;60;12;2;534;14;0;0;1;4;1;0;0;0;18;0;0;0;144;2;331;53;154;180;13;57;96;107;58;32;1;8;42;75;34;15;1;3;5;6;0;0
31527;Neumarkt an der Ybbs;908;689;1163;675;1578;474;155;44;2;5;8;11;0;34;11;164;0;55;21;85;118;109;122;107;49;75;64;65;37;1;105;57;66;266;280;86;35;13;0;624;31;6;2;1;5;4;1;0;1;10;5;0;0;218;0;461;21;172;254;9;52;128;167;82;36;4;14;54;58;17;8;3;3;12;17;8;1
31528;Nöchling;340;298;522;289;656;189;87;13;0;3;2;5;0;3;4;10;24;36;30;35;19;18;46;47;21;14;19;11;18;26;5;3;13;73;122;46;43;11;24;274;11;2;0;0;2;0;0;0;0;8;1;0;0;18;24;216;22;68;34;4;16;40;69;46;14;0;10;29;29;12;7;0;4;3;4;2;0
31530;Persenbeug-Gottsdorf;957;803;1265;774;1641;610;102;62;0;9;14;14;4;49;8;75;10;69;74;104;139;99;119;96;59;57;26;43;47;25;51;45;114;279;303;109;34;12;10;711;45;14;0;0;1;3;0;0;0;26;3;0;0;144;10;477;54;231;195;22;102;162;181;99;44;7;11;28;35;11;10;5;19;18;6;14;0
31531;Petzenkirchen;598;483;885;463;1081;319;102;42;0;6;7;3;1;18;7;87;6;36;20;38;87;55;74;42;57;33;24;63;61;8;61;20;27;135;235;82;21;11;6;420;36;6;0;0;1;0;0;0;0;18;2;0;0;109;6;312;16;134;136;7;25;71;115;61;40;3;16;36;27;15;5;3;7;11;16;5;0
31533;Pöchlarn;1562;1076;2277;1034;3390;747;162;122;3;11;30;30;2;129;25;289;12;97;92;131;185;209;204;178;160;55;51;105;78;17;239;95;219;365;329;163;79;61;12;896;72;29;4;3;13;14;2;1;0;40;4;0;0;472;12;599;54;370;539;19;101;194;258;108;67;13;23;47;50;23;6;1;10;48;38;20;5
31534;Pöggstall;1143;988;1339;954;1586;737;191;25;1;8;14;20;2;31;12;97;5;198;52;101;151;184;132;71;28;64;48;28;53;33;62;59;70;291;356;159;112;29;5;925;23;0;1;1;3;0;1;0;0;29;5;0;0;150;5;532;104;246;261;36;118;197;190;107;89;13;17;60;47;29;25;4;4;12;4;1;0
31535;Raxendorf;433;365;581;350;675;263;83;3;1;5;5;1;0;10;7;14;41;51;26;23;47;62;48;42;26;19;18;13;14;44;14;9;20;81;137;77;50;4;41;346;3;0;0;1;0;0;0;0;0;14;1;0;0;27;41;240;43;77;73;18;51;56;71;37;30;3;4;22;28;15;11;0;2;1;0;0;0
31537;Ruprechtshofen;854;719;1104;694;1753;528;129;37;0;3;4;12;2;20;5;109;5;75;44;68;81;107;139;120;49;48;23;47;46;7;34;13;29;153;319;145;116;40;5;652;28;6;0;0;5;3;0;0;0;17;7;1;0;130;5;482;24;193;155;7;27;87;172;128;107;1;4;24;34;35;31;2;4;16;9;6;0
31539;St. Leonhard am Forst;1148;1067;1482;1040;1692;811;186;40;3;6;6;11;2;29;7;42;5;224;50;92;119;155;161;127;51;30;60;36;38;5;23;24;47;272;450;181;112;34;5;997;31;5;0;3;0;3;0;1;0;24;4;0;0;75;5;698;39;262;149;23;74;130;258;166;160;2;12;49;64;37;22;4;11;13;8;2;2
31540;St. Martin-Karlsbach;577;526;733;521;850;393;107;21;0;3;4;4;0;21;2;21;1;66;13;52;66;96;129;51;23;28;29;18;5;1;12;7;27;124;204;119;72;11;1;500;18;3;0;0;0;0;0;0;0;3;2;0;0;50;1;348;24;140;65;5;25;71;147;89;56;1;11;20;27;24;24;0;6;9;4;2;0
31541;St. Oswald;338;318;448;309;515;220;79;10;0;4;1;2;0;6;3;7;6;51;10;31;39;55;53;27;10;13;9;8;26;6;4;4;14;59;141;49;52;9;6;299;10;0;0;0;0;0;0;0;0;8;1;0;0;14;6;215;15;74;34;12;20;47;59;52;30;0;5;18;30;18;8;0;2;6;2;0;0
31542;Schönbühel-Aggsbach;484;436;641;418;728;331;70;17;0;13;5;3;0;10;4;19;12;125;16;32;40;69;58;49;51;15;4;6;4;15;20;15;58;140;146;71;15;7;12;401;15;1;1;0;0;0;0;0;0;16;2;0;0;36;12;221;56;117;90;22;62;87;95;43;22;5;6;33;22;2;2;0;6;4;5;1;1
31543;Schollach;555;424;475;417;840;376;38;3;0;4;3;2;0;13;7;107;2;47;17;29;45;57;63;65;27;37;45;71;49;3;47;40;27;101;195;87;37;19;2;413;3;0;0;0;1;0;0;0;0;7;0;0;0;129;2;282;17;92;164;10;30;73;121;77;65;0;4;9;8;7;10;1;0;1;1;0;0
31546;Weiten;538;421;574;412;879;311;86;14;1;2;1;10;0;17;10;86;0;69;35;43;54;75;68;75;13;12;19;31;42;2;32;22;35;134;163;88;56;8;0;392;10;1;0;1;5;3;0;0;0;9;0;0;0;117;0;246;28;96;168;15;48;61;76;61;50;0;5;21;25;18;17;1;5;3;4;1;0
31549;Ybbs an der Donau;2619;1659;3009;1601;6221;1185;255;156;5;20;29;53;9;123;50;734;0;302;171;304;279;338;259;283;188;97;100;144;151;3;533;153;252;607;598;263;147;66;0;1409;93;34;6;4;31;22;0;1;1;57;6;0;0;955;0;974;75;469;1101;82;122;303;311;252;115;12;23;96;74;25;25;8;24;47;48;25;4
31550;Zelking-Matzleinsdorf;527;470;577;463;847;388;65;9;1;3;4;2;1;10;11;30;3;85;33;29;58;72;59;63;25;44;22;21;12;4;16;17;31;149;191;67;41;12;3;448;8;0;0;1;5;0;1;0;0;7;0;0;0;54;3;291;21;126;89;8;40;71;130;87;52;0;7;17;20;13;8;0;4;3;2;0;0
31551;Texingtal;739;512;776;492;1722;345;114;31;2;4;5;8;1;26;6;197;0;51;17;39;53;104;123;94;51;45;27;68;67;0;63;39;37;120;235;141;86;18;0;453;29;1;0;0;6;1;0;0;2;15;5;0;0;227;0;352;23;115;249;12;29;40;77;87;100;3;4;16;30;30;31;1;4;21;5;0;0
31552;Yspertal;806;700;1048;675;1245;484;148;39;4;10;3;12;1;20;12;47;26;104;39;101;89;116;91;92;52;16;25;39;15;27;23;29;54;194;303;111;51;15;26;626;37;1;0;3;6;1;0;0;1;22;4;0;0;79;26;405;70;180;151;27;83;121;125;72;56;11;14;43;44;21;15;3;16;15;4;1;0
31553;Emmersdorf an der Donau;736;632;896;613;1014;502;92;19;0;17;6;4;0;10;12;30;44;156;34;43;56;88;121;80;23;14;18;31;28;44;20;15;57;157;282;110;39;12;44;592;18;1;0;0;2;0;0;0;0;18;1;0;0;60;44;384;57;188;107;19;64;124;140;88;67;3;5;38;23;18;5;2;7;5;5;0;0
31601;Altlichtenwarth;526;477;513;473;557;468;2;3;0;2;2;2;0;17;9;10;11;159;77;83;39;50;39;22;9;5;1;6;4;32;19;37;53;141;170;69;23;3;11;470;3;0;0;0;0;0;0;0;0;3;1;0;0;38;11;275;53;64;134;57;155;108;96;35;17;0;0;0;0;2;0;1;0;0;2;0;0
31603;Asparn an der Zaya;1046;959;1099;945;1302;890;37;17;1;2;13;5;1;11;12;57;0;234;95;65;71;111;131;98;57;41;35;58;49;1;23;48;113;328;384;114;27;9;0;925;16;1;0;1;2;0;0;0;0;13;2;0;0;86;0;588;75;165;218;47;184;212;275;119;53;1;3;10;16;4;3;0;3;6;8;0;0
31604;Bernhardsthal;1521;1115;1171;1103;1625;1076;22;5;0;5;9;7;4;31;14;348;0;584;237;178;116;128;103;60;18;24;37;23;13;0;203;143;151;369;433;179;32;11;0;1096;4;1;0;0;2;0;0;0;0;12;0;0;0;406;0;553;158;228;582;117;320;272;245;80;42;2;7;6;6;0;1;0;0;4;1;0;0
31605;Bockfließ;793;702;749;681;996;641;37;3;0;5;3;6;1;25;9;62;1;195;83;37;66;64;91;101;50;62;28;8;1;7;31;72;81;233;273;74;25;3;1;677;2;0;0;0;1;1;0;0;0;21;0;0;0;90;1;416;49;155;173;49;124;168;174;91;35;2;8;14;10;2;1;1;0;2;0;0;0
31606;Drasenhofen;870;735;769;729;936;709;15;5;0;5;9;3;2;29;4;89;0;375;61;63;58;84;55;63;23;21;17;19;30;1;25;33;72;180;288;174;80;18;0;724;5;0;0;0;0;0;0;0;0;6;0;0;0;135;0;339;113;145;273;81;205;170;143;66;44;1;2;3;4;2;3;1;3;0;1;0;0
31608;Falkenstein;338;295;331;292;419;271;17;4;0;4;1;1;1;11;5;23;0;70;25;29;23;47;39;26;12;6;4;26;31;0;11;16;21;93;122;62;11;2;0;285;2;1;0;0;3;1;0;0;0;3;0;0;0;43;0;149;55;66;68;16;58;81;48;46;22;0;4;6;3;1;3;0;1;2;0;1;0
31609;Fallbach;510;451;492;442;593;423;17;2;0;3;5;1;0;7;7;39;6;102;79;42;48;47;64;56;21;4;15;6;18;8;14;11;41;117;179;98;36;8;6;438;1;1;0;0;2;0;0;0;0;9;0;0;0;53;6;237;60;84;129;29;103;98;95;61;37;1;0;9;4;3;0;0;0;1;1;0;0
31611;Gaubitsch;482;435;463;429;575;411;14;4;0;2;3;2;0;8;14;24;0;67;29;38;40;70;64;57;24;17;26;25;25;0;13;21;31;83;194;84;47;9;0;421;4;0;0;0;4;0;0;0;0;6;0;0;0;47;0;281;33;75;93;15;58;79;111;82;66;0;3;2;6;2;1;0;0;4;0;0;0
31612;Gaweinstal;2271;1916;2280;1882;2950;1788;47;47;0;6;13;18;1;73;11;266;1;431;135;152;121;261;298;181;117;125;153;152;140;5;146;138;230;665;720;287;68;16;1;1831;37;8;0;0;4;2;0;0;0;30;4;0;0;354;1;1194;136;361;580;96;374;510;421;245;142;3;6;20;9;3;6;2;6;18;16;5;0
31613;Gnadendorf;824;670;738;664;1119;606;54;4;0;6;6;3;1;26;12;106;0;147;72;65;70;81;115;68;43;26;34;49;54;0;59;39;77;179;278;140;41;11;0;658;4;0;0;0;2;0;0;0;0;6;0;0;0;154;0;360;68;125;271;36;136;134;154;107;39;1;2;17;21;7;6;0;1;1;2;0;0
31614;Großebersdorf;1359;1264;1346;1233;1534;1197;26;10;0;8;8;3;0;36;12;58;1;216;71;82;97;172;284;109;54;52;29;51;36;106;44;105;184;461;416;97;32;19;1;1218;9;1;0;0;5;0;0;0;0;30;1;0;0;94;1;725;99;271;264;95;236;323;342;139;62;1;5;6;9;4;1;0;0;9;1;0;0
31615;Großengersdorf;833;753;819;743;1100;708;32;3;0;3;8;4;1;10;9;54;1;107;81;31;115;93;123;82;48;43;34;25;47;4;31;27;54;200;388;82;41;9;1;738;2;0;1;0;2;0;0;0;0;10;0;0;0;79;1;492;35;134;172;48;141;158;196;107;58;2;3;15;7;5;0;0;0;2;0;0;1
31616;Großharras;885;702;723;695;946;683;10;2;0;1;8;4;1;12;6;158;0;406;70;38;30;80;93;47;16;16;13;30;20;26;131;18;59;140;275;186;62;14;0;692;2;0;0;0;1;0;0;0;0;7;0;0;0;183;0;358;91;119;317;51;170;157;148;73;84;1;0;3;2;1;3;0;1;0;1;0;0
31617;Großkrut;1068;988;1023;977;1167;968;6;3;0;3;5;4;2;15;7;55;0;270;132;106;70;100;83;97;50;46;37;54;18;5;31;56;73;265;366;233;36;8;0;972;2;0;1;0;2;0;0;0;0;11;0;0;0;80;0;582;101;161;224;51;260;243;253;113;48;1;0;3;2;0;0;0;1;1;0;1;0
31620;Hausbrunn;685;627;650;625;757;616;5;4;0;1;5;3;0;9;2;40;0;217;91;90;48;39;75;35;33;17;14;11;15;0;33;92;104;238;184;29;4;1;0;621;4;0;0;0;0;0;0;0;0;2;0;0;0;58;0;326;88;93;178;104;192;130;109;50;31;0;2;2;1;0;0;0;0;3;1;0;0
31621;Herrnbaumgarten;644;560;601;548;791;518;26;4;0;3;6;5;0;21;8;53;0;149;76;44;56;72;70;51;28;39;21;21;17;0;33;36;63;201;219;78;12;2;0;540;4;0;0;0;4;0;0;0;0;12;0;0;0;84;0;279;64;105;196;55;108;130;134;72;19;1;3;10;8;3;1;1;0;2;1;0;0
31622;Hochleithen;874;620;645;618;1235;599;16;3;0;4;3;2;1;9;7;230;0;161;73;111;71;104;117;73;52;34;16;29;32;1;61;64;96;232;305;89;18;9;0;611;2;0;0;0;4;1;0;0;0;2;0;0;0;254;0;375;56;124;319;13;113;160;139;102;72;1;7;3;3;1;1;2;0;1;0;0;0
31627;Kreuttal;902;803;921;798;1093;742;40;14;2;2;6;1;0;10;7;77;1;172;49;38;68;135;161;81;44;34;35;46;38;1;59;68;108;325;263;57;19;2;1;780;13;0;0;2;2;0;1;0;0;7;0;0;0;96;1;424;109;168;201;51;163;181;189;103;55;2;3;13;16;4;2;1;3;7;2;1;0
31628;Kreuzstetten;897;848;982;839;1054;789;34;16;0;5;4;4;3;10;8;21;3;139;101;48;75;103;139;163;26;23;30;30;17;3;13;40;102;323;307;78;22;9;3;823;13;3;0;0;0;0;0;0;0;8;1;0;0;46;3;477;93;185;142;41;144;212;211;116;65;1;4;7;17;2;3;3;2;4;3;3;1
31629;Laa an der Thaya;3342;2672;3639;2634;4406;2457;57;116;4;18;21;62;4;102;65;436;0;476;325;452;337;396;367;375;148;106;122;163;75;0;169;125;151;564;1221;809;199;104;0;2504;78;21;4;4;10;11;1;1;0;36;3;0;0;669;0;1681;163;533;965;11;84;197;298;647;1220;2;3;14;11;9;18;6;11;35;45;14;5
31630;Ladendorf;2108;1218;1298;1209;2343;1160;38;11;0;2;4;9;0;27;13;843;1;254;151;160;227;228;247;268;139;146;90;124;69;5;315;182;271;558;528;164;68;21;1;1196;10;0;0;0;2;1;0;0;0;8;1;0;0;889;1;714;127;245;1022;23;126;204;195;261;351;0;3;9;5;8;13;1;6;4;0;0;0
31633;Mistelbach;5829;4588;6988;4448;8954;3986;196;259;7;29;83;133;4;125;81;921;5;682;425;1232;533;599;742;534;177;284;250;219;145;7;892;293;667;1481;1587;632;185;87;5;4169;167;58;13;7;13;12;8;1;0;121;22;0;0;1233;5;2728;218;1122;1761;206;771;1109;1116;538;246;28;32;68;45;11;12;12;36;76;71;51;13
31634;Neudorf im Weinviertel;793;685;771;679;1001;623;45;10;1;3;5;9;0;14;7;71;5;156;75;51;50;73;106;81;54;54;39;36;11;7;33;45;49;200;268;142;47;4;5;667;10;0;0;1;1;0;0;0;0;6;0;0;0;103;5;420;54;137;182;20;147;144;169;101;42;1;2;10;13;11;8;1;5;4;0;0;0
31636;Niederleis;588;484;532;478;692;447;25;6;0;3;2;4;0;8;6;87;0;131;39;22;33;59;78;45;25;23;55;63;13;2;51;33;67;142;195;84;13;3;0;472;6;0;0;0;0;0;0;0;0;6;0;0;0;104;0;289;49;90;160;19;91;126;110;61;40;0;1;5;13;4;2;0;1;4;1;0;0
31642;Pillichsdorf;618;558;672;546;805;508;31;7;0;3;5;5;0;19;4;20;16;93;38;42;57;71;83;66;28;22;24;30;24;40;12;35;32;181;256;64;20;2;16;537;5;1;0;0;2;1;0;0;0;12;0;0;0;44;16;337;25;129;127;26;95;136;141;65;45;3;5;10;7;4;2;0;1;0;5;1;0
31644;Poysdorf;3240;2802;3298;2738;3895;2552;132;46;8;23;26;47;2;100;23;237;44;696;346;324;221;320;341;181;158;97;103;93;104;256;150;139;241;832;1155;508;137;34;44;2677;38;7;0;8;7;1;0;0;0;57;9;0;0;392;44;1621;236;507;876;182;572;670;675;308;145;16;22;39;30;17;8;10;9;13;7;7;0
31645;Rabensburg;674;644;699;641;742;630;6;5;0;2;4;1;1;3;4;14;4;154;100;110;77;67;62;62;13;14;6;2;1;6;11;41;72;273;210;49;11;3;4;636;3;2;0;0;0;0;0;0;0;2;1;0;0;26;4;363;82;130;99;60;177;191;147;37;18;0;1;1;4;0;0;0;2;1;0;2;0
31646;Schrattenberg;919;513;562;512;1190;483;24;4;1;3;3;3;0;21;11;366;0;180;68;125;99;146;105;72;41;35;17;20;10;1;83;93;122;248;251;97;23;2;0;507;3;1;0;1;0;0;0;0;0;2;0;0;0;405;0;262;61;89;507;31;108;117;101;85;41;0;0;5;6;10;3;1;0;1;1;1;0
31649;Staatz;1119;1030;1140;1015;1232;972;35;6;2;5;5;8;3;19;10;36;18;252;102;90;94;139;168;111;34;51;17;24;19;18;20;30;86;300;428;174;58;5;18;1007;6;0;0;2;0;0;0;0;0;15;1;0;0;70;18;604;80;215;220;82;201;255;257;129;48;1;5;18;8;3;0;1;0;4;1;0;0
31650;Stronsdorf;950;868;905;859;1257;842;9;8;0;1;10;8;0;12;5;54;1;242;62;41;64;111;145;128;53;33;25;28;17;1;21;36;53;200;396;172;60;11;1;849;7;0;0;0;2;1;0;0;0;9;0;0;0;81;1;466;99;175;210;56;145;185;232;142;82;0;0;1;4;1;3;0;7;1;0;0;0
31651;Ulrichskirchen-Schleinbach;1516;1322;1585;1313;2030;1231;54;28;0;4;5;2;0;11;7;171;3;317;83;72;131;176;204;203;96;106;76;35;14;3;117;92;153;508;478;126;32;7;3;1284;22;5;0;0;1;1;0;0;0;9;0;0;0;191;3;749;127;284;356;78;218;328;352;173;82;2;13;18;10;5;6;1;5;2;17;3;0
31652;Unterstinkenbrunn;305;278;298;274;406;261;11;2;0;1;2;3;0;2;2;21;0;56;33;30;32;36;33;30;9;17;4;15;10;0;9;7;18;76;100;62;26;7;0;272;1;0;0;0;0;1;0;0;0;4;0;0;0;27;0;156;23;72;54;18;37;58;80;45;23;1;1;3;2;1;3;1;0;1;0;0;0
31653;Wildendürnbach;1307;776;805;771;1862;756;13;2;0;1;7;2;0;48;10;465;3;179;84;88;82;125;278;159;37;72;55;96;46;6;171;82;69;167;383;318;96;18;3;769;2;0;0;0;0;0;0;0;0;5;0;0;0;528;3;463;63;142;639;34;113;135;170;147;157;0;0;3;4;2;4;0;0;0;1;1;0
31654;Wilfersdorf;1135;1044;1178;1025;1350;977;31;17;0;8;14;16;1;29;6;34;2;175;81;114;92;137;169;170;30;45;46;38;36;2;14;65;126;340;408;130;37;13;2;1006;12;2;0;0;2;3;0;0;0;18;1;0;0;89;2;647;65;210;213;48;198;283;247;120;81;1;1;17;8;3;1;1;1;11;3;1;0
31655;Wolkersdorf im Weinviertel;3111;2642;4191;2564;5910;2258;144;159;3;16;59;36;4;175;36;220;1;417;177;143;258;408;482;327;180;183;193;156;180;7;157;106;292;863;1108;350;125;109;1;2386;93;45;4;3;16;8;6;3;0;64;15;0;0;467;1;1580;154;684;693;73;269;561;753;420;182;10;31;39;42;19;3;4;19;31;54;44;7
31658;Ottenthal;323;286;309;286;453;270;14;1;1;1;2;0;0;3;3;28;0;74;37;26;24;27;41;30;10;9;8;17;20;0;8;8;15;70;121;73;26;2;0;283;1;0;0;1;1;0;0;0;0;1;0;0;0;36;0;144;37;64;78;11;42;61;77;55;24;0;0;5;3;5;1;0;0;0;1;0;0
31701;Achau;655;483;919;472;1512;382;35;54;1;7;14;2;1;29;5;123;2;44;14;39;48;78;60;85;16;54;35;38;140;4;88;77;97;148;149;63;16;15;2;416;38;7;4;1;1;5;0;0;0;11;0;0;0;170;2;300;8;124;223;6;23;93;133;82;45;1;1;9;12;3;9;3;5;27;9;7;3
31702;Biedermannsdorf;1047;858;1741;846;2584;707;57;77;5;5;24;9;1;49;9;102;2;53;9;22;66;170;221;149;112;44;31;116;51;3;82;107;149;311;213;82;47;54;2;757;41;22;10;5;7;4;0;0;0;16;0;0;0;183;2;432;29;364;222;7;53;201;247;126;73;1;7;25;18;6;0;0;5;21;22;19;10
31703;Breitenfurt bei Wien;3032;2774;3392;2736;3920;2573;101;57;5;9;26;11;0;27;19;204;0;102;144;226;513;508;510;346;189;177;86;133;95;3;213;295;439;1066;843;126;36;14;0;2671;27;28;1;5;3;1;0;0;0;39;2;0;0;255;0;1479;255;748;550;139;408;589;693;425;319;4;9;25;33;10;20;0;6;14;24;12;1
31704;Brunn am Gebirge;3946;3197;6905;3142;8135;2459;281;398;4;16;81;60;4;118;46;476;3;288;345;200;408;507;440;567;483;298;161;122;120;7;416;396;432;1058;946;403;138;154;3;2721;251;94;19;3;19;29;3;2;1;48;9;0;0;744;3;1753;177;1057;959;75;210;524;520;527;603;17;22;64;73;30;75;7;36;103;141;85;26
31706;Gaaden;764;688;875;673;992;605;45;20;3;5;6;8;1;15;6;29;21;115;31;30;98;85;118;105;53;31;14;14;48;22;40;32;87;247;266;46;24;1;21;648;18;1;0;3;2;1;0;0;0;13;2;0;0;55;21;376;54;211;123;35;72;106;188;109;95;10;4;16;12;1;2;1;6;7;5;1;0
31707;Gießhübl;911;865;1250;848;1673;709;84;55;0;3;14;1;0;9;9;21;6;124;41;25;57;127;123;88;141;71;65;26;12;11;20;141;99;232;300;93;17;3;6;789;53;2;0;0;4;0;0;0;0;14;2;1;0;40;6;480;46;269;116;30;50;109;234;158;128;4;6;15;23;21;15;4;12;13;18;7;1
31709;Gumpoldskirchen;1335;1164;2365;1104;3603;840;110;154;0;24;24;11;2;77;32;58;3;344;94;104;81;121;99;118;42;101;144;26;55;6;52;139;138;277;349;251;82;44;3;930;110;22;5;0;20;14;3;0;0;52;8;0;0;168;3;683;53;338;261;14;80;272;203;156;115;16;13;26;27;9;19;10;32;43;38;25;6
31710;Guntramsdorf;3260;2603;5330;2545;7410;2027;170;344;4;38;68;32;5;199;26;346;1;213;281;263;241;372;444;590;233;181;121;141;179;1;338;211;389;1021;767;286;155;92;1;2170;214;78;14;2;27;30;6;2;2;57;3;0;0;654;1;1485;109;853;813;71;243;553;629;398;133;14;28;54;49;18;7;54;80;71;56;69;14
31711;Hennersdorf;672;594;849;581;1039;518;34;28;1;1;6;6;1;28;7;42;0;37;30;36;65;82;158;80;58;32;70;15;9;0;46;106;93;189;162;44;24;8;0;550;20;6;2;1;2;0;0;0;0;13;0;1;0;77;0;323;42;188;119;16;48;163;184;76;31;4;1;9;8;9;3;0;3;10;7;8;0
31712;Hinterbrühl;1584;1459;2203;1427;2484;1180;84;123;40;9;16;5;1;20;15;59;32;362;59;94;183;250;201;146;90;65;43;24;31;36;30;139;147;374;580;229;41;12;32;1261;109;12;0;40;3;1;1;0;0;37;5;0;0;83;32;737;121;478;248;38;89;244;297;242;270;5;4;24;20;15;16;10;22;46;31;14;0
31713;Kaltenleutgeben;1039;970;1936;948;2084;775;55;117;1;11;3;8;0;19;5;28;17;186;45;36;197;120;161;133;66;51;4;13;9;18;71;124;102;341;246;104;24;10;17;826;76;33;7;1;4;1;0;0;0;20;3;0;0;51;17;541;76;264;158;68;114;213;189;108;83;4;9;19;9;9;5;6;27;27;21;29;7
31714;Laab im Walde;487;464;621;460;700;421;22;16;1;1;2;2;0;4;4;14;0;39;28;16;58;61;92;116;23;21;19;8;5;1;26;22;68;181;116;36;35;3;0;443;13;0;3;1;0;0;0;0;0;3;1;0;0;23;0;242;35;161;49;5;53;79;163;67;54;3;1;5;7;3;3;1;1;9;2;3;0
31715;Laxenburg;999;802;1704;789;2254;664;27;95;3;6;19;13;1;42;20;89;20;111;8;31;67;98;264;115;42;70;34;94;45;20;115;76;181;222;205;86;64;30;20;686;64;18;8;3;5;3;1;1;0;10;4;0;0;176;20;448;25;294;232;33;38;166;281;89;57;2;7;10;7;1;0;7;5;30;32;15;6
31716;Maria Enzersdorf;2352;2238;5077;2208;6099;1754;101;342;11;10;33;15;2;34;16;25;9;328;137;73;684;387;171;263;88;93;47;51;19;11;38;158;253;775;733;276;73;37;9;1850;247;71;10;11;5;9;0;5;0;26;10;1;1;97;9;1169;129;806;248;30;130;468;582;283;261;4;10;23;33;14;17;5;35;70;135;83;14
31717;Mödling;4089;3809;13854;3692;14468;2399;192;1088;13;22;104;61;7;76;66;41;20;1154;364;234;430;554;407;352;141;111;107;123;90;22;65;214;293;1051;1279;740;305;122;20;2585;702;292;59;13;6;27;7;1;0;82;32;6;3;254;20;1844;132;1538;575;72;251;465;731;487;393;12;23;55;45;17;40;33;121;288;367;213;66
31718;Münchendorf;1607;1490;2104;1471;2317;1360;52;58;1;11;14;18;1;38;9;45;0;51;28;29;277;175;277;332;46;144;128;71;42;7;124;358;239;474;257;100;25;30;0;1408;41;13;2;1;4;1;0;1;0;19;0;0;0;117;0;686;248;340;333;234;220;313;300;205;88;3;4;19;9;13;4;6;3;9;28;10;2
31719;Perchtoldsdorf;5529;4993;8742;4879;10998;4021;390;462;6;38;74;45;7;66;36;326;58;653;613;406;740;885;554;370;239;375;261;243;132;58;281;515;721;1720;1484;536;143;71;58;4386;359;66;10;6;25;20;7;0;0;97;22;1;0;472;58;2676;368;1599;886;171;405;827;1144;865;609;21;39;124;106;56;44;23;64;155;145;63;12
31723;Vösendorf;2162;1729;4342;1685;6005;1373;103;206;3;21;33;74;2;83;16;247;1;78;119;157;215;254;177;449;242;111;120;118;121;1;250;309;483;476;300;158;74;111;1;1466;110;55;27;2;10;13;0;1;1;40;3;1;1;431;1;894;109;584;575;86;165;468;350;193;111;13;14;33;24;11;8;5;17;60;52;48;24
31725;Wiener Neudorf;2159;1710;5364;1692;6009;1370;32;288;2;11;62;52;1;194;21;102;24;140;112;159;217;505;311;130;147;89;82;39;9;219;158;313;281;460;438;217;132;136;24;1402;189;36;58;2;0;1;1;3;0;18;2;0;0;423;24;816;75;767;501;26;231;435;341;155;182;2;3;10;11;3;3;12;25;75;87;33;56
31726;Wienerwald;1338;1235;1544;1217;1926;1072;95;50;0;9;12;2;0;15;11;70;2;170;44;65;113;212;243;209;64;61;52;87;11;7;42;70;154;443;448;136;34;9;2;1159;45;3;0;0;8;1;1;0;0;16;2;0;0;101;2;701;112;333;192;41;159;268;307;165;132;3;10;29;28;15;10;3;10;26;8;2;1
31801;Altendorf;189;150;194;150;330;126;19;5;0;0;0;1;0;0;0;38;0;19;3;10;12;28;31;29;9;9;11;14;14;0;19;19;16;61;51;17;6;0;0;145;4;0;0;0;0;1;0;0;0;0;0;0;0;39;0;87;14;33;55;7;17;17;27;29;29;1;0;5;8;2;3;0;0;3;1;1;0
31802;Aspang-Markt;794;673;1257;633;1777;449;112;70;2;5;15;23;3;26;15;72;2;135;74;97;121;91;74;65;26;27;20;30;32;2;50;43;87;219;235;99;47;12;2;559;48;8;2;2;2;10;2;0;0;33;7;0;0;119;2;372;62;178;182;16;58;105;132;100;38;7;15;41;28;12;9;5;16;27;14;8;0
31803;Aspangberg-St. Peter;1032;839;1245;813;1790;562;200;48;3;20;7;3;4;49;7;127;2;174;56;72;121;171;171;86;29;49;39;36;24;4;54;99;120;258;294;109;77;19;2;755;44;1;0;3;7;3;0;0;0;24;4;0;0;189;2;390;137;191;314;87;128;121;130;65;31;23;32;57;60;18;10;10;17;18;3;0;0
31804;Breitenau;655;555;874;551;1448;473;49;29;0;3;8;0;0;33;2;36;22;71;41;47;67;80;70;78;32;42;38;28;16;45;30;50;82;225;184;37;13;12;22;522;17;12;0;0;0;0;0;0;0;3;1;0;0;78;22;363;20;123;149;29;91;127;92;73;61;2;11;16;9;7;4;1;1;11;5;11;0
31805;Breitenstein;452;317;403;312;547;275;22;14;1;5;0;0;1;4;8;122;0;129;60;50;54;44;23;27;23;15;9;11;7;0;98;64;66;99;80;36;6;3;0;296;11;1;0;1;1;2;0;0;0;4;1;0;0;135;0;68;98;44;242;51;33;25;25;42;99;2;1;2;4;6;7;1;1;5;4;3;0
31806;Buchbach;182;179;202;179;204;160;16;3;0;0;0;0;0;1;0;1;1;40;9;9;14;36;28;22;6;7;3;4;3;1;6;11;24;66;52;13;8;1;1;176;3;0;0;0;0;0;0;0;0;0;0;0;0;2;1;95;15;40;32;15;33;30;38;17;27;2;3;9;1;1;0;1;2;0;0;0;0
31807;Edlitz;344;275;635;262;710;154;68;40;0;4;3;2;0;12;8;16;37;39;24;39;42;47;60;18;5;6;16;6;5;37;6;17;26;95;96;26;26;15;37;221;34;4;1;0;1;1;0;0;0;11;2;0;0;32;37;173;24;89;58;12;25;37;40;23;17;9;9;19;19;10;2;9;10;11;4;5;1
31808;Enzenreith;1445;861;1101;848;2444;689;129;29;1;4;3;12;0;28;11;535;4;103;72;80;172;177;175;210;128;70;69;134;51;4;402;125;179;409;226;51;43;6;4;811;28;1;0;1;7;0;0;0;0;11;2;0;0;580;4;568;42;179;656;35;113;211;156;134;40;8;18;44;35;15;9;3;14;7;4;1;0
31809;Feistritz am Wechsel;559;463;664;454;832;332;95;27;0;7;3;2;0;13;5;65;10;87;29;47;50;86;83;45;43;16;21;18;23;11;30;41;75;152;163;49;33;6;10;427;25;0;0;0;0;2;0;0;0;8;1;0;0;86;10;243;59;101;156;39;71;66;88;41;27;11;15;29;23;9;8;7;12;8;0;0;0
31810;Gloggnitz;2494;1930;3749;1863;5202;1388;255;211;9;14;36;57;9;117;27;353;18;410;260;282;285;281;252;181;160;113;89;95;67;19;263;267;371;667;518;257;93;40;18;1624;146;45;1;9;19;16;3;0;0;59;14;0;0;540;18;1204;132;447;711;95;311;434;328;149;71;32;45;99;47;25;7;22;41;55;58;34;1
31811;Grafenbach-St. Valentin;1068;885;1355;870;1641;686;138;45;1;12;10;3;0;15;6;150;2;117;97;108;118;160;115;109;57;88;58;31;8;2;124;93;152;362;241;70;22;2;2;821;33;6;4;1;3;1;0;1;0;15;0;0;0;181;2;565;34;194;275;55;117;146;165;107;96;7;18;50;35;16;12;4;6;20;5;6;4
31812;Grimmenstein;558;485;896;474;1005;324;92;56;2;5;12;8;0;18;9;31;1;59;60;60;76;94;40;49;36;26;28;15;13;2;17;30;70;159;176;70;29;6;1;413;47;5;1;2;3;2;0;1;0;10;3;0;0;70;1;283;34;121;120;22;51;59;81;62;49;9;14;23;21;14;11;11;16;16;6;6;1
31813;Grünbach am Schneeberg;886;712;1087;701;1545;540;98;60;3;5;4;6;0;21;8;133;8;78;122;102;98;146;95;65;40;37;20;35;38;10;103;48;128;285;234;58;17;5;8;635;57;2;0;3;3;1;0;0;0;11;2;0;0;164;8;399;102;151;234;51;123;157;135;56;18;6;20;38;24;7;3;7;20;20;10;3;0
31814;Kirchberg am Wechsel;1159;1000;1524;965;1898;736;167;58;4;10;11;12;0;30;16;77;38;221;53;88;106;157;129;118;62;65;45;47;19;49;59;85;132;325;341;100;68;11;38;898;51;4;0;4;5;3;0;0;0;32;4;0;0;120;38;569;98;248;244;64;138;160;186;124;64;21;25;52;42;19;8;9;20;22;5;2;0
31815;Mönichkirchen;411;356;462;335;564;290;31;10;4;25;4;4;2;14;5;19;3;51;44;56;58;82;42;12;8;23;10;12;8;5;22;31;60;111;110;42;31;1;3;316;10;0;0;4;5;0;0;0;0;21;2;0;0;50;3;137;91;87;96;30;65;59;56;43;37;4;3;6;10;2;6;0;1;6;3;0;0
31817;Natschbach-Loipersbach;767;664;887;658;990;604;28;26;0;4;3;1;4;15;3;63;16;33;20;16;43;149;117;151;59;76;19;38;30;16;43;62;91;302;195;28;18;12;16;632;22;2;2;0;0;0;0;0;0;5;1;0;0;87;16;456;19;167;125;14;78;198;181;83;50;2;3;10;7;4;2;1;1;19;3;1;1
31818;Neunkirchen;4585;3414;7469;3266;10615;2524;332;402;8;25;95;118;9;206;82;734;50;775;356;545;510;457;326;351;369;245;171;245;182;53;568;481;593;1124;1029;472;165;103;50;2817;217;131;19;7;39;28;7;0;1;125;26;1;0;1117;50;2202;143;813;1427;88;403;941;568;354;170;34;75;114;68;27;14;21;61;90;140;74;16
31820;Otterthal;286;218;328;213;443;160;40;13;0;2;4;0;1;4;1;51;10;27;3;16;18;41;47;33;14;14;25;22;15;11;34;12;28;84;89;21;7;1;10;200;13;0;0;0;0;0;0;0;0;4;1;0;0;58;10;115;29;64;78;9;27;37;38;34;15;3;4;16;10;4;3;2;4;5;2;0;0
31821;Payerbach;1242;986;1708;964;2215;732;136;94;2;9;10;6;2;37;22;192;0;317;114;125;144;124;111;100;28;40;33;57;48;1;136;108;185;378;294;101;29;11;0;861;80;7;2;2;7;3;1;1;0;19;4;0;0;255;0;429;187;239;387;38;141;182;164;113;94;18;20;47;26;13;12;10;19;32;24;7;2
31823;Pitten;1153;1062;1747;1036;1863;884;81;70;1;8;13;8;1;39;5;29;14;213;84;135;167;209;101;69;42;77;18;23;1;14;15;58;163;388;338;108;44;25;14;965;43;25;1;1;0;1;0;0;0;22;4;0;0;77;14;626;106;249;172;37;171;225;206;95;150;6;20;28;20;6;1;6;9;11;32;11;1
31825;Prigglitz;297;239;301;229;393;194;30;5;0;10;2;0;0;15;5;29;7;59;16;25;43;44;28;25;12;8;12;8;10;7;17;32;33;88;65;33;17;5;7;224;4;0;0;0;0;1;0;0;0;8;2;0;0;51;7;113;42;60;82;27;39;47;39;30;12;3;8;8;9;1;1;0;2;2;1;0;0
31826;Puchberg am Schneeberg;1550;1312;2059;1252;2681;976;186;89;1;40;14;15;5;45;17;136;26;180;156;236;248;227;141;88;40;64;52;33;57;28;51;91;176;473;465;184;71;13;26;1158;77;5;1;1;4;3;2;1;0;52;9;0;0;211;26;625;223;318;384;65;182;218;263;151;97;24;33;76;30;18;5;11;31;30;11;6;0
31827;Raach am Hochgebirge;242;165;231;163;335;140;16;6;1;3;1;0;0;7;2;60;6;36;19;34;26;29;19;13;7;5;14;14;20;6;26;18;29;60;68;21;11;3;6;156;5;1;0;1;0;0;0;0;0;0;2;0;0;71;6;68;34;42;98;18;24;36;25;16;21;2;2;4;3;3;2;1;0;2;3;0;0
31829;Reichenau an der Rax;1630;1411;2590;1371;2921;1103;129;137;2;40;10;13;3;37;30;85;41;438;98;158;222;212;150;95;67;33;54;34;26;43;83;123;248;482;372;183;67;31;41;1229;104;24;4;2;3;5;0;0;0;35;6;1;0;176;41;520;394;338;378;99;253;290;228;127;106;16;24;43;22;15;9;10;28;45;38;14;2
31830;St. Corona am Wechsel;209;183;216;174;289;160;8;6;0;9;3;2;0;4;3;14;0;18;15;22;27;51;30;18;4;4;3;5;8;4;16;17;26;60;53;24;12;1;0;168;4;1;0;0;0;1;0;0;0;9;0;0;0;26;0;64;40;59;46;15;32;34;39;23;17;0;0;2;4;1;1;0;4;1;1;0;0
31831;St. Egyden am Steinfeld;980;919;1224;907;1359;778;83;45;1;8;6;4;1;13;5;33;3;118;35;47;95;144;137;74;52;56;34;62;52;74;26;40;127;302;319;127;22;14;3;861;39;4;0;1;0;2;0;0;0;12;0;0;0;58;3;569;60;209;142;33;170;211;213;102;49;2;13;22;28;11;7;0;11;18;10;6;0
31832;Scheiblingkirchen-Thernberg;934;756;904;736;1299;691;21;22;2;5;7;7;1;30;14;125;9;163;37;76;111;142;108;96;50;27;32;56;25;11;55;50;107;289;284;94;34;12;9;711;21;1;0;2;1;0;0;0;0;20;1;0;0;168;9;458;60;165;251;51;123;172;163;114;68;2;4;5;3;2;5;3;6;7;6;0;0
31833;Schottwien;313;245;574;232;856;157;35;39;1;5;4;6;3;13;9;35;6;75;11;38;42;36;23;26;27;7;7;12;3;6;28;21;43;85;67;48;12;3;6;187;26;7;0;1;5;5;0;1;0;11;3;0;0;61;6;108;53;61;91;9;30;39;39;23;17;4;5;13;7;4;2;2;9;13;8;6;1
31834;Schrattenbach;215;186;220;180;273;167;8;5;0;1;1;0;0;10;1;22;0;31;9;19;27;36;30;20;15;12;7;4;5;0;15;12;25;74;54;19;16;0;0;175;4;0;0;0;0;1;0;0;0;6;0;0;0;29;0;110;25;38;42;13;39;35;48;26;6;1;0;4;3;0;0;0;2;1;2;0;0
31835;Schwarzau am Steinfeld;903;753;1089;740;1555;625;70;44;1;4;7;3;1;38;8;90;12;74;36;92;88;139;125;85;56;58;45;57;35;13;65;111;145;272;217;51;20;10;12;693;33;6;0;1;2;5;0;0;0;13;1;0;0;137;12;523;13;159;208;50;134;203;144;74;20;10;15;21;14;6;4;2;4;19;14;5;0
31836;Schwarzau im Gebirge;444;389;525;371;624;303;52;15;1;9;6;2;0;20;4;26;6;155;27;46;63;42;36;24;7;16;8;12;2;6;24;35;56;149;126;39;6;3;6;353;13;1;0;1;2;1;0;0;0;16;1;1;0;49;6;157;74;80;133;36;62;68;76;35;26;6;9;20;13;2;2;2;4;7;2;0;0
31837;Seebenstein;703;655;1022;643;1098;510;79;54;0;5;6;5;1;10;10;19;4;120;28;45;113;104;82;82;33;39;21;19;13;4;21;25;95;273;206;62;15;2;4;587;47;6;1;0;2;0;0;0;0;9;3;0;0;44;4;343;95;154;111;29;122;168;94;47;50;10;15;22;19;10;3;4;12;26;9;2;1
31838;Semmering;343;283;1111;262;1211;161;32;67;2;22;4;3;4;8;7;18;15;95;62;16;24;30;54;21;14;7;3;0;2;15;27;23;42;86;78;34;27;11;15;192;46;11;5;2;1;4;0;1;0;19;2;0;2;43;15;54;91;91;107;9;46;33;27;20;26;6;4;10;5;4;3;4;9;27;15;8;4
31839;Ternitz;6618;5087;8780;5009;12710;4000;496;506;7;31;40;66;5;197;74;1194;2;558;805;811;841;873;583;556;327;387;278;259;333;7;845;905;1094;1767;1255;464;171;115;2;4474;398;68;17;7;22;19;3;1;0;75;5;0;0;1527;2;3312;189;1123;1994;218;890;1328;921;458;185;53;90;169;103;56;25;71;118;148;106;50;13
31840;Thomasberg;470;427;650;421;693;340;57;24;0;3;2;3;1;15;2;6;17;77;28;41;60;72;84;22;16;9;10;12;5;34;16;23;43;134;130;50;44;13;17;397;22;2;0;0;0;0;0;0;0;6;0;0;0;26;17;241;35;113;81;35;65;70;78;41;51;3;4;24;20;6;0;2;5;8;8;1;0
31841;Trattenbach;255;229;373;222;412;147;55;20;0;5;0;2;0;3;2;12;9;65;6;32;27;34;28;21;8;4;6;9;6;9;20;23;34;65;68;26;9;1;9;200;19;0;0;0;2;1;0;0;0;7;0;0;0;17;9;101;32;70;52;35;31;37;17;17;10;4;13;22;5;7;4;3;7;8;2;0;0
31842;Bürg-Vöstenhof;107;95;101;94;128;92;2;0;0;0;1;1;0;1;1;7;2;19;8;5;20;16;21;8;2;0;0;4;1;3;4;11;14;29;37;3;7;0;2;94;0;0;0;0;0;0;0;0;0;1;0;0;0;10;2;39;13;21;34;8;26;16;16;12;14;0;0;1;0;0;1;0;0;0;0;0;0
31843;Warth;1022;669;936;650;1393;468;162;19;1;3;7;6;2;70;11;268;5;129;44;67;92;158;158;96;55;74;38;50;55;6;157;92;109;296;221;77;46;19;5;623;12;4;0;1;7;3;0;0;0;19;0;0;0;348;5;393;47;139;443;49;73;125;118;75;28;9;26;55;47;19;6;1;4;10;0;4;0
31844;Wartmannstetten;765;676;849;668;1167;582;72;14;0;2;6;1;0;16;15;48;9;94;32;48;83;111;119;110;28;42;28;35;25;10;37;52;94;310;203;41;16;3;9;653;14;0;0;0;1;0;0;0;0;7;1;0;0;80;9;413;29;167;156;26;95;130;179;97;55;2;8;22;24;11;5;1;1;5;7;0;0
31845;Willendorf;513;467;549;446;676;410;27;9;0;3;3;5;0;29;3;18;6;63;29;53;50;76;60;55;47;22;20;24;7;7;13;45;80;188;127;42;7;5;6;436;9;0;0;0;1;0;0;0;0;17;4;0;0;40;6;282;40;105;86;28;73;109;120;53;27;2;2;12;8;2;1;1;1;6;1;0;0
31846;Wimpassing im Schwarzatale;566;421;1013;404;1697;264;74;66;0;2;7;18;0;32;15;87;1;92;104;69;47;63;32;19;14;26;8;50;41;1;82;43;86;173;110;36;13;22;1;335;52;8;0;0;3;2;2;2;0;15;2;0;0;144;1;282;17;95;172;37;75;76;35;33;8;10;13;26;21;1;3;3;16;16;24;6;1
31847;Würflach;779;703;888;693;1093;605;65;23;0;7;3;1;0;20;11;44;0;92;40;65;84;92;121;103;60;47;29;24;20;2;32;49;86;275;248;62;23;4;0;668;20;3;0;0;2;0;0;0;0;10;0;0;0;76;0;402;33;212;132;28;83;151;176;111;56;6;9;18;20;8;4;2;6;4;7;4;0
31848;Zöbern;582;515;740;500;924;385;102;13;0;8;3;8;0;10;3;26;24;61;38;65;49;77;111;71;20;29;19;12;4;26;16;29;49;147;193;73;48;3;24;486;12;0;1;0;1;0;0;0;0;13;2;0;0;43;24;303;45;135;99;32;68;98;93;60;34;6;15;31;33;10;7;0;5;5;2;1;0
31849;Höflein an der Hohen Wand;437;390;625;379;714;305;51;23;0;8;2;0;3;6;3;20;16;37;36;39;49;65;56;51;21;17;22;14;9;21;23;22;50;157;124;31;13;1;16;356;20;0;2;0;0;1;0;0;0;7;4;0;0;31;16;228;46;94;69;31;67;69;83;33;22;2;12;23;11;3;0;1;11;4;5;1;1
31901;Altlengbach;1383;1208;1989;1183;2306;987;126;70;0;4;11;7;1;36;10;100;31;208;104;83;117;216;217;174;49;43;41;52;31;48;97;94;155;431;379;131;44;21;31;1113;41;24;3;0;0;1;1;0;0;24;1;0;0;144;31;672;163;312;236;89;204;227;236;129;102;9;20;36;33;20;8;3;13;17;10;23;4
31902;Asperhofen;1230;907;1146;888;2118;738;104;46;0;8;12;4;0;18;6;293;1;136;50;52;82;121;163;140;83;113;98;101;78;13;137;65;114;306;364;142;72;29;1;838;42;0;0;0;4;4;0;0;0;17;2;0;0;322;1;583;50;216;381;31;102;152;201;151;101;2;3;26;32;20;21;5;17;21;3;0;0
31903;Böheimkirchen;2031;1703;2840;1662;3473;1304;241;116;1;14;19;32;2;73;27;186;16;278;130;151;191;250;171;254;185;122;75;106;91;27;109;66;156;571;669;227;136;81;16;1537;81;26;3;1;8;4;1;1;0;34;7;0;0;312;16;1094;64;434;439;41;155;342;405;201;160;5;24;81;63;40;28;7;13;39;28;25;4
31904;Brand-Laaben;809;604;824;591;1387;494;84;13;0;10;3;4;0;8;7;179;7;159;40;41;94;81;108;101;39;30;50;33;20;13;82;56;80;227;211;103;38;5;7;573;9;0;1;0;5;1;1;1;0;11;2;0;0;198;7;296;78;151;284;36;97;119;110;79;53;2;17;27;18;13;7;2;1;5;2;2;1
31905;Eichgraben;2968;2362;2847;2338;4081;2131;145;62;0;7;9;12;3;15;16;561;7;172;222;182;394;420;376;208;143;262;229;251;100;9;535;309;461;974;563;87;23;9;7;2257;52;8;1;0;19;1;0;0;0;23;1;0;0;599;7;1242;312;518;896;174;371;492;511;394;189;5;19;50;38;21;12;4;17;20;12;9;0
31906;Frankenfels;810;637;937;617;1356;426;163;28;0;6;4;4;5;20;8;143;3;90;16;63;86;130;141;110;49;54;32;31;5;3;39;50;64;224;282;87;55;6;3;584;22;5;0;0;5;1;0;0;0;18;2;0;0;170;3;349;46;200;215;20;82;99;93;63;69;8;13;44;43;23;32;0;8;11;4;5;0
31907;Gerersdorf;421;360;511;358;735;288;55;14;1;3;4;5;0;6;3;41;1;39;13;22;27;69;52;46;33;23;40;31;24;2;21;12;18;113;154;57;27;18;1;342;12;0;0;1;1;0;2;0;0;2;0;1;0;59;1;244;7;94;76;7;29;46;100;55;51;0;1;11;22;6;15;0;2;8;3;1;0
31909;Hofstetten-Grünau;1079;871;1229;851;1909;692;120;39;0;8;5;8;1;32;12;157;5;88;45;75;89;133;165;156;74;50;47;103;42;12;76;47;64;271;414;87;88;27;5;806;31;4;0;0;6;1;3;0;0;18;2;0;0;203;5;574;34;211;260;18;97;130;222;150;75;3;12;27;45;26;7;6;7;14;5;7;0
31910;Hafnerbach;659;600;838;587;1001;466;90;31;0;6;7;4;0;15;4;27;9;80;25;61;54;88;99;74;47;18;31;58;14;10;25;18;69;127;258;88;45;20;9;549;29;2;0;0;7;0;0;0;0;13;0;0;0;50;9;410;27;130;92;15;47;107;167;68;62;2;3;25;24;21;15;3;7;7;13;1;0
31911;Haunoldstein;488;440;628;435;755;375;38;21;1;2;2;5;1;2;5;31;5;45;19;26;35;57;55;64;13;41;35;43;46;9;15;35;38;97;212;46;29;11;5;412;20;0;1;1;1;0;0;0;0;5;0;0;0;43;5;271;19;97;101;10;29;93;148;55;40;2;6;11;14;1;4;2;2;6;9;1;1
31912;Herzogenburg;2966;2599;4343;2519;5054;1981;344;189;5;16;51;55;3;171;22;127;2;434;296;387;403;328;318;309;133;114;60;82;93;9;134;115;321;845;964;353;148;84;2;2317;124;43;7;5;8;13;2;0;0;76;6;0;0;363;2;1814;74;467;611;77;390;542;595;243;134;16;34;119;115;37;23;18;45;44;50;26;6
31913;Inzersdorf-Getzersdorf;633;564;828;548;1004;452;57;36;3;3;4;3;1;35;7;21;11;106;15;43;64;66;83;79;49;44;30;32;10;12;19;33;52;183;218;78;27;12;11;506;34;2;0;2;3;0;0;0;1;17;0;0;0;57;11;375;16;117;125;16;55;103;134;111;33;6;8;19;15;3;6;2;6;13;12;2;1
31915;Kapelln;614;540;663;529;771;479;33;17;0;4;5;3;0;16;12;40;5;69;19;27;53;68;120;63;43;59;37;29;22;5;16;18;48;163;195;96;44;29;5;509;15;1;0;0;3;1;0;0;0;10;1;0;0;69;5;360;20;112;122;5;48;93;179;77;77;3;2;7;8;4;9;0;4;9;4;0;0
31916;Karlstetten;905;838;1122;815;1390;683;103;29;0;4;8;7;0;26;7;35;3;81;24;59;89;137;123;126;59;40;52;61;20;34;23;21;71;262;358;119;40;8;3;781;26;1;0;0;5;1;0;1;0;21;2;0;0;64;3;541;28;202;134;16;65;159;257;118;68;2;7;27;39;14;14;0;7;10;10;1;1
31917;Kasten bei Böheimkirchen;608;536;718;525;920;436;67;22;0;10;6;1;0;16;9;30;11;107;21;29;53;55;61;76;57;58;33;23;21;14;24;35;43;157;212;76;40;10;11;497;22;0;0;0;6;0;0;0;0;10;1;0;0;61;11;316;41;152;99;13;48;87;169;66;53;2;3;22;24;7;9;0;7;9;6;0;0
31918;Kirchberg an der Pielach;1225;1098;1719;1066;2196;792;197;75;2;6;9;20;0;31;11;72;10;150;51;113;140;197;192;151;61;56;40;44;20;10;24;40;73;298;491;176;85;28;10;984;63;8;0;2;5;4;0;0;0;27;6;1;0;115;10;644;73;305;203;22;103;208;226;158;75;11;19;69;54;29;15;4;17;29;15;10;0
31919;Kirchstetten;1191;809;1088;799;1818;683;82;32;2;4;7;5;4;26;14;328;4;127;43;53;65;143;142;157;66;70;92;134;91;8;197;78;102;324;299;135;39;13;4;760;29;1;1;2;5;1;0;0;0;8;3;0;0;377;4;533;45;182;431;23;92;157;228;113;70;4;2;27;27;14;8;0;8;12;10;1;1
31920;Loich;271;230;304;225;384;176;45;4;0;3;3;0;1;7;4;25;3;73;8;20;28;35;40;17;22;7;4;2;11;4;21;10;14;81;92;30;17;3;3;221;3;0;0;0;0;1;0;0;0;5;0;0;0;38;3;121;19;67;64;12;25;39;54;23;23;3;3;15;20;3;1;1;0;1;1;1;0
31921;Maria Anzbach;1608;1387;1825;1369;2416;1211;100;55;3;8;7;4;0;46;8;138;28;193;134;74;150;264;169;130;82;111;102;91;74;34;104;121;215;514;469;104;41;12;28;1308;49;1;2;3;3;2;0;1;0;19;0;0;0;192;28;791;178;333;306;63;196;358;293;205;96;7;11;31;26;16;9;4;8;26;12;2;3
31922;Markersdorf-Haindorf;808;683;973;666;1255;554;71;41;0;13;17;8;0;34;11;59;0;80;53;40;48;104;126;87;88;65;38;40;37;2;45;18;76;196;302;100;44;27;0;624;34;6;0;0;1;1;0;0;0;16;1;0;0;125;0;446;19;189;154;7;43;135;183;92;94;1;5;15;29;14;7;2;20;4;10;5;0
31923;Michelbach;368;328;474;323;514;256;49;18;0;3;0;1;0;3;4;18;16;78;12;10;19;53;53;53;23;22;11;12;6;16;12;26;29;109;117;43;15;1;16;305;16;1;0;0;0;1;0;0;0;4;1;0;0;24;16;207;22;75;64;11;46;77;48;33;41;0;0;15;18;12;4;2;9;5;1;1;0
31925;Neidling;725;599;751;587;1166;489;83;15;0;6;5;3;0;11;6;105;2;66;20;36;41;102;115;79;39;58;25;82;60;2;60;70;51;181;236;77;25;23;2;569;14;0;0;0;3;1;0;0;0;11;1;0;0;124;2;382;26;151;166;10;48;134;147;87;63;0;1;18;32;14;18;1;2;7;5;0;0
31926;Neulengbach;4125;3362;4829;3281;8200;2808;280;182;11;24;36;55;10;67;47;604;1;511;286;251;423;550;519;408;220;343;240;238;129;7;515;313;566;1209;962;360;132;67;1;3067;128;30;1;10;21;17;6;0;1;73;15;1;0;754;1;1920;320;757;1128;268;400;689;717;478;256;18;34;73;80;53;22;17;34;63;35;32;1
31927;Neustift-Innermanzing;719;645;863;638;972;562;51;24;1;3;5;6;0;15;9;42;1;69;12;22;53;146;127;120;41;31;39;32;21;6;19;56;51;227;258;66;35;6;1;610;18;6;0;1;3;0;0;0;0;7;0;0;0;73;1;354;70;160;135;14;83;133;138;85;109;1;4;13;15;8;10;1;4;6;6;7;0
31928;Nußdorf ob der Traisen;853;720;974;708;1240;582;88;38;0;4;12;5;0;60;7;52;5;96;40;67;62;85;111;94;44;72;46;83;46;7;43;33;111;217;288;114;28;14;5;666;38;0;0;0;4;0;0;0;0;11;1;0;0;128;5;504;26;136;187;17;72;167;188;105;33;2;9;24;33;14;6;0;5;24;9;0;0
31929;Ober-Grafendorf;1474;1331;2689;1300;2951;997;187;115;1;9;17;19;3;66;10;50;0;164;116;192;178;191;192;183;47;78;53;43;37;0;28;57;153;443;473;170;102;48;0;1176;80;21;12;1;8;1;0;1;0;27;5;0;0;142;0;873;43;345;213;18;145;265;341;160;68;12;22;63;43;30;17;5;25;24;31;19;11
31930;Obritzberg-Rust;932;866;1138;852;1429;688;134;30;0;3;4;4;2;16;13;37;1;102;49;58;68;147;133;153;41;55;22;28;60;16;17;22;41;222;397;135;70;27;1;821;28;1;0;0;1;1;0;0;0;14;0;0;0;65;1;570;24;206;132;9;65;143;240;155;76;0;3;21;65;27;18;0;5;18;6;1;0
31932;Prinzersdorf;630;537;911;523;1061;411;69;43;0;5;10;7;1;25;6;45;8;37;22;84;87;85;49;90;47;28;18;35;40;8;28;23;58;180;214;68;29;22;8;480;35;6;1;0;0;1;0;0;0;7;7;0;0;85;8;339;25;159;107;3;55;123;123;61;46;4;8;19;26;8;4;5;7;16;8;6;1
31934;Pyhra;2454;1248;1945;1221;4740;935;219;66;1;15;18;5;6;44;19;1121;5;231;85;155;227;340;379;322;160;181;114;185;65;10;441;153;213;490;619;341;142;50;5;1140;54;8;2;1;14;2;0;0;0;24;3;1;0;1200;5;771;63;294;1326;37;97;189;258;206;148;6;12;54;65;40;42;3;6;29;18;9;1
31935;Rabenstein an der Pielach;974;853;1377;828;1671;633;130;65;0;7;10;8;1;19;8;85;8;138;52;83;127;108;128;141;52;45;24;48;20;8;52;37;68;244;377;113;53;22;8;760;52;8;2;0;3;2;1;0;0;24;1;0;0;113;8;518;53;219;184;26;87;133;205;121;61;11;10;47;35;21;6;4;16;29;5;10;1
31938;St. Margarethen an der Sierning;428;388;490;380;675;314;57;9;0;4;2;1;0;7;4;30;0;35;20;31;35;58;66;44;23;32;17;22;28;17;15;20;18;71;162;86;27;29;0;368;9;0;0;0;3;0;0;0;0;7;1;0;0;40;0;242;15;111;60;1;28;70;101;65;49;0;2;13;14;21;7;0;1;2;6;0;0
31939;Schwarzenbach an der Pielach;185;167;193;161;225;142;18;1;0;6;3;1;0;1;3;9;1;34;15;14;16;27;40;23;3;1;5;3;3;1;4;11;19;52;66;27;5;0;1;160;1;0;0;0;0;0;0;0;0;5;1;0;0;17;1;74;28;48;35;15;24;31;30;18;24;2;2;3;7;2;2;0;1;0;0;0;0
31940;Statzendorf;561;477;757;464;881;372;62;30;0;6;9;4;1;23;4;48;2;39;44;47;60;75;68;83;46;16;19;31;15;18;47;29;46;120;195;83;25;14;2;430;26;4;0;0;4;0;0;0;0;11;2;0;0;82;2;303;17;108;133;10;58;66;130;61;47;3;8;15;25;7;4;2;1;9;15;3;0
31941;Stössing;426;382;489;375;678;326;37;11;1;3;1;4;0;2;4;32;5;111;23;15;41;45;65;44;8;10;19;23;16;6;11;28;51;112;138;50;24;7;5;362;10;1;0;0;1;0;0;0;1;7;1;0;0;38;5;182;49;103;92;31;86;75;64;47;23;4;4;14;10;4;1;0;2;4;5;0;0
31943;Traismauer;2365;2052;3609;2008;4043;1599;218;190;1;14;21;31;3;70;26;183;9;226;192;247;259;310;255;259;148;95;91;175;98;10;119;137;252;694;764;267;91;32;9;1805;156;20;9;1;12;3;2;0;0;35;9;0;0;304;9;1364;95;438;468;45;223;453;447;245;186;8;29;62;63;24;32;20;54;47;41;22;6
31945;Weinburg;529;442;700;430;911;344;63;23;0;2;7;2;1;31;6;45;5;34;31;56;56;60;66;66;34;19;20;57;25;5;37;29;65;146;158;52;25;12;5;407;15;5;0;0;0;3;0;0;0;10;2;0;0;82;5;301;12;92;124;19;61;83;101;58;22;3;7;23;19;7;4;2;7;3;8;3;0
31946;Perschling;716;589;722;579;1054;497;64;18;0;2;7;4;0;17;10;96;1;83;26;48;55;75;101;65;32;38;43;72;77;1;40;35;60;162;252;95;50;21;1;557;17;0;0;0;4;1;0;0;0;7;3;0;0;126;1;415;24;111;166;10;57;79;156;113;82;2;8;7;17;13;17;2;5;8;3;0;0
31947;Wilhelmsburg;1992;1845;3694;1779;4157;1316;213;248;2;20;22;31;4;83;14;37;2;334;175;311;239;225;257;121;58;51;45;55;42;79;41;88;254;661;580;238;85;43;2;1523;213;18;7;2;6;8;1;1;0;58;8;2;0;143;2;1179;61;442;310;64;233;378;391;154;96;17;38;73;48;25;12;16;50;100;60;14;8
31948;Wölbling;965;919;1297;914;1341;793;80;40;1;3;6;5;0;7;6;17;7;114;69;84;90;144;177;127;45;39;44;18;7;7;12;39;87;333;349;72;38;28;7;872;31;7;2;1;1;0;0;0;0;4;1;0;0;39;7;548;45;236;136;27;151;191;244;96;84;6;12;30;19;7;6;2;6;17;9;4;2
31949;Gablitz;2352;2138;2924;2115;3724;1836;166;105;8;12;14;12;1;27;8;153;10;127;128;193;299;369;305;261;156;203;115;116;70;10;189;210;318;843;617;128;24;13;10;1994;87;13;1;7;8;3;0;1;1;26;1;0;0;200;10;1146;220;561;425;128;250;408;541;338;171;7;26;56;42;21;14;4;22;47;18;13;1
31950;Mauerbach;1722;1600;2200;1583;2341;1433;58;91;1;7;18;9;0;22;5;51;27;69;240;178;188;212;381;178;56;71;58;21;29;41;118;225;305;549;363;100;23;12;27;1486;81;6;0;1;5;3;0;1;0;18;0;0;0;94;27;755;193;467;307;168;250;273;429;183;130;3;10;13;17;10;5;1;11;33;32;9;5
31951;Pressbaum;4420;2743;4332;2718;6188;2304;221;190;3;8;10;30;12;390;207;1045;0;416;321;160;390;482;444;537;298;448;406;314;201;3;1311;464;682;1032;654;195;53;29;0;2519;136;34;6;3;6;8;4;2;0;23;4;0;0;1675;0;1403;236;789;1992;98;132;99;163;428;1384;7;0;15;29;46;124;4;11;71;60;33;11
31952;Purkersdorf;2693;2272;5630;2228;7616;1705;146;372;5;19;46;24;5;55;27;288;1;293;253;162;340;273;317;325;145;220;110;122;56;77;377;337;350;686;550;275;78;39;1;1840;238;80;21;4;11;23;3;7;1;33;13;0;0;418;1;1068;208;757;660;202;199;388;445;285;186;6;15;53;32;25;15;10;55;103;84;91;29
31953;Tullnerbach;1255;1083;1699;1062;2316;872;106;81;3;5;6;11;1;22;9;119;20;155;72;57;101;198;176;122;76;85;57;38;8;110;143;72;161;391;348;95;16;9;20;974;69;7;2;3;4;2;1;0;0;19;4;0;0;150;20;551;93;307;304;73;131;197;189;174;108;4;9;38;27;13;15;4;14;31;21;9;2
31954;Wolfsgraben;996;851;976;842;1517;771;55;16;0;2;7;0;1;8;4;131;1;65;42;58;130;128;184;138;69;67;52;41;21;1;92;100;154;332;254;47;13;3;1;819;15;0;0;0;7;1;0;0;0;7;2;0;0;144;1;462;94;219;221;53;97;90;108;176;247;4;4;9;17;10;11;0;3;11;2;0;0
32001;Gaming;1659;1237;1952;1169;3325;842;238;84;5;45;21;21;4;69;25;288;17;312;81;179;207;238;214;141;49;64;57;53;45;19;115;87;152;471;481;214;78;44;17;1067;75;5;0;4;13;4;0;0;1;59;12;0;0;402;17;637;159;318;545;39;155;191;222;157;78;14;32;83;72;29;8;6;23;28;21;6;0
32002;Göstling an der Ybbs;996;754;1173;721;1730;525;144;47;5;36;10;16;2;36;9;158;8;205;30;85;109;113;92;80;59;61;20;52;64;26;83;62;84;259;346;121;25;8;8;656;38;6;0;5;13;2;1;0;0;31;3;0;0;233;8;342;77;286;291;18;67;72;164;126;78;3;20;37;44;33;7;4;11;20;7;5;0
32003;Gresten;810;634;1194;601;1646;427;105;69;0;7;8;15;2;50;14;110;3;94;32;75;116;140;123;69;30;50;34;24;19;4;78;43;63;212;251;98;31;31;3;528;56;11;2;0;4;0;0;0;0;31;2;0;0;173;3;350;41;206;213;18;50;86;145;80;48;7;7;37;30;15;9;5;9;30;16;9;0
32004;Gresten-Land;866;479;650;473;1886;324;138;11;0;4;6;0;2;10;1;370;0;44;10;67;102;133;132;108;65;70;51;52;30;2;74;60;75;177;257;154;57;12;0;460;11;0;0;0;2;0;0;0;0;6;0;0;0;387;0;309;24;115;418;15;29;55;103;66;56;1;6;34;50;27;20;1;5;2;3;0;0
32005;Lunz am See;1094;766;1135;737;1591;553;144;40;0;20;13;18;0;37;16;249;4;173;62;143;117;127;123;63;28;53;56;69;76;4;145;94;106;317;292;99;33;4;4;692;32;5;0;0;5;3;0;0;0;27;2;0;0;324;4;364;118;206;406;38;101;96;143;86;89;8;15;41;33;23;24;6;7;12;12;2;1
32006;Oberndorf an der Melk;973;839;1261;816;1896;538;230;47;1;6;3;12;1;31;7;97;0;71;25;82;140;162;155;118;58;57;33;37;34;1;25;19;28;166;356;167;176;36;0;760;41;2;0;1;8;4;0;0;0;21;2;0;0;134;0;599;17;202;155;11;39;75;169;140;104;4;9;40;68;64;45;2;9;21;14;1;0
32007;Puchenstuben;225;160;234;150;320;120;23;6;1;18;1;1;3;5;3;33;11;61;17;18;18;18;27;11;17;4;4;12;7;11;25;15;31;53;55;20;15;0;11;143;4;0;0;1;0;2;0;0;0;10;0;0;0;54;11;46;47;41;91;13;32;29;17;10;19;5;7;2;5;1;3;1;0;5;0;0;0
32008;Purgstall an der Erlauf;2260;1612;2649;1562;3495;1046;439;74;3;24;24;31;1;94;40;417;67;151;98;159;247;236;268;173;179;157;175;209;131;77;204;126;128;540;667;271;184;73;67;1476;63;5;2;2;9;3;1;0;1;44;7;0;0;580;67;1105;78;408;669;19;85;211;322;256;153;10;32;92;162;80;63;6;13;30;19;4;2
32009;Randegg;863;552;863;538;2030;320;192;26;0;7;7;4;0;30;9;258;10;54;12;54;73;130;141;135;64;65;44;47;34;10;67;57;42;175;265;134;93;20;10;506;25;1;0;0;6;0;0;0;0;14;0;0;0;301;10;356;29;143;335;13;28;52;79;80;68;2;10;39;73;37;31;1;4;16;4;1;0
32010;Reinsberg;346;306;406;304;695;219;76;9;0;2;3;1;0;11;1;24;0;19;12;19;19;49;92;49;26;15;16;26;3;1;11;15;14;96;131;37;34;8;0;291;9;0;0;0;4;0;0;0;0;2;0;0;0;40;0;223;15;56;52;6;13;43;70;54;33;0;3;15;29;21;8;0;4;4;1;0;0
32011;St. Anton an der Jeßnitz;455;352;563;343;764;247;76;20;0;4;1;3;1;5;4;63;31;92;18;35;35;70;69;57;15;15;5;5;7;32;18;9;24;105;167;62;35;4;31;322;19;0;0;0;1;1;0;0;0;5;4;0;0;72;31;227;38;99;91;14;19;52;86;47;29;5;12;19;21;13;6;5;4;9;2;0;0
32012;St. Georgen an der Leys;408;382;432;377;554;356;14;7;0;1;3;0;0;12;2;13;0;48;4;16;45;73;97;43;30;25;10;10;6;1;3;9;14;99;157;66;55;5;0;369;6;1;0;0;1;0;0;0;0;5;0;0;0;26;0;274;10;80;44;8;18;72;121;69;68;0;0;2;5;2;5;1;1;4;1;0;0
32013;Scheibbs;1786;1262;2347;1199;5007;838;244;115;2;11;40;44;1;69;34;388;0;290;60;167;231;244;253;145;86;90;63;66;88;3;230;123;190;456;378;225;135;49;0;1057;75;26;2;2;25;11;1;0;0;53;12;0;0;522;0;686;85;424;591;30;80;209;241;153;125;7;25;67;66;47;32;3;18;40;36;17;1
32014;Steinakirchen am Forst;826;691;1073;669;1571;426;199;43;1;4;6;16;1;25;14;91;0;126;23;76;94;113;112;66;39;30;43;80;24;0;41;20;44;152;292;134;118;25;0;622;39;4;0;1;3;0;0;0;0;21;1;0;0;135;0;468;32;153;173;5;26;52;138;120;85;3;9;31;64;44;48;3;6;27;2;5;0
32015;Wang;468;384;514;375;777;306;57;11;1;1;4;3;1;10;5;68;1;49;13;18;43;47;70;48;46;35;22;42;34;1;41;26;19;89;169;69;48;6;1;362;8;2;0;1;1;1;0;0;0;7;2;0;0;83;1;276;12;83;97;7;17;35;102;81;64;0;1;6;18;19;13;0;1;6;3;1;0
32016;Wieselburg;1191;992;2850;941;3546;654;133;150;4;9;24;43;3;62;15;70;24;111;49;125;154;160;120;92;69;66;42;126;16;61;35;67;90;290;395;169;71;50;24;778;70;57;18;4;9;4;1;0;0;45;8;0;1;172;24;584;41;313;253;16;61;177;162;149;89;2;8;35;34;24;30;2;18;38;21;59;12
32017;Wieselburg-Land;1227;1062;1620;1039;2261;738;233;62;6;7;6;4;0;21;14;120;16;120;35;97;135;172;153;141;56;63;73;105;59;18;63;55;87;245;463;157;118;23;16;969;51;5;0;5;2;5;1;0;1;24;2;0;0;146;16;700;38;293;196;14;71;133;266;173;81;8;30;64;43;47;41;1;12;30;12;7;0
32018;Wolfpassing;619;524;714;520;959;413;91;16;0;1;3;9;1;21;5;59;0;47;22;35;36;70;74;56;40;63;35;63;76;2;31;31;57;97;233;88;59;23;0;503;15;1;0;0;1;0;0;0;0;4;0;0;0;95;0;403;12;92;112;7;23;78;97;117;91;1;2;6;26;26;30;0;2;4;9;1;0
32101;Absdorf;934;837;1348;825;1595;704;54;64;3;2;9;6;1;17;7;63;4;110;64;45;102;86;82;99;54;46;31;104;103;8;45;64;73;275;287;123;43;20;4;758;55;4;4;3;0;0;1;0;0;13;1;0;0;91;4;561;37;178;158;12;99;212;223;113;45;6;6;17;13;8;4;2;4;38;13;4;3
32104;Atzenbrugg;1536;1342;1817;1309;2394;1174;76;59;0;8;10;16;2;24;12;148;7;134;91;102;115;157;172;78;86;53;100;159;134;155;93;73;216;376;491;166;78;36;7;1250;43;14;0;0;0;2;0;0;0;32;1;0;0;187;7;849;82;278;327;92;146;277;343;218;98;4;6;25;22;11;8;7;7;23;10;12;0
32106;Fels am Wagram;1152;1086;1300;1078;1391;1014;32;30;2;2;4;6;1;22;6;32;1;184;48;84;97;131;111;134;50;62;105;94;51;1;18;74;129;311;429;126;47;17;1;1045;28;0;1;2;1;0;0;1;0;8;1;0;0;64;1;667;86;241;158;33;150;258;264;181;128;3;1;13;4;7;4;1;5;12;9;3;0
32107;Grafenwörth;1739;1445;1795;1433;2285;1281;106;45;1;9;16;15;1;32;15;201;17;224;53;77;127;179;235;197;156;119;128;117;102;25;139;98;225;445;529;195;61;30;17;1383;40;3;0;1;4;1;1;0;0;12;1;0;0;276;17;890;115;283;451;76;221;321;379;184;100;4;12;28;28;12;22;0;16;17;8;4;0
32109;Großriedenthal;505;448;535;441;656;395;35;10;1;4;2;5;0;10;6;36;1;102;28;51;53;58;53;72;20;16;13;23;15;1;14;16;38;116;167;88;50;15;1;430;8;2;0;1;0;0;0;0;0;8;0;0;0;55;1;270;30;86;119;18;72;79;113;63;50;1;6;13;5;6;4;1;0;4;4;1;0
32110;Großweikersdorf;1741;1367;1850;1337;2583;1183;105;48;1;6;9;23;2;49;27;276;12;255;127;138;107;170;202;159;79;84;93;153;105;69;165;81;158;426;536;228;94;41;12;1286;39;8;1;1;2;0;0;0;0;30;1;0;0;361;12;851;77;328;485;52;189;319;314;184;125;10;11;35;30;10;9;0;5;13;22;8;0
32112;Judenau-Baumgarten;1270;955;1214;941;1779;866;44;29;2;7;14;6;0;30;10;257;5;87;53;59;98;141;134;138;87;115;138;150;55;15;172;73;121;327;400;117;26;29;5;909;20;5;2;2;1;2;0;0;0;14;1;0;0;309;5;618;49;214;389;29;101;206;251;187;92;1;6;12;11;9;5;0;4;12;8;5;0
32114;Kirchberg am Wagram;1763;1587;2038;1550;2592;1399;109;42;0;8;17;20;2;42;22;102;0;327;77;125;143;248;230;168;92;91;88;98;67;9;54;73;174;462;601;246;117;36;0;1504;32;3;3;0;4;3;0;1;0;32;5;0;0;176;0;988;86;345;344;63;231;400;380;235;90;1;9;30;40;19;10;2;11;10;13;3;3
32115;Königsbrunn am Wagram;736;604;713;591;1052;539;40;12;0;5;7;1;0;36;7;86;3;151;37;38;64;76;83;73;72;28;13;52;45;4;48;33;75;177;253;93;42;12;3;579;10;2;0;0;0;0;0;0;0;13;0;0;0;129;3;382;42;130;182;16;96;117;173;76;61;1;1;8;8;11;11;0;0;7;4;1;0
32116;Königstetten;1321;1043;1360;1026;1887;897;76;50;3;4;10;7;0;30;15;225;4;105;43;58;103;157;191;144;64;119;151;127;55;4;174;151;152;328;368;101;28;15;4;969;44;2;0;3;4;4;0;0;0;17;2;0;0;272;4;635;75;232;379;57;116;246;266;135;77;5;8;13;23;7;20;4;4;32;8;2;0
32119;Langenrohr;1435;913;1263;896;2416;747;100;49;0;9;9;19;0;74;14;414;0;37;48;81;85;168;180;172;99;132;136;158;137;2;293;100;101;288;428;147;49;29;0;838;46;2;0;0;9;1;0;0;0;15;2;0;0;522;0;593;33;226;583;31;91;187;242;143;53;4;11;20;31;18;16;1;11;19;16;2;0
32120;Michelhausen;1812;1284;2370;1254;3575;1061;106;85;2;7;18;10;0;117;20;379;7;122;68;118;112;144;201;226;92;123;189;269;137;11;266;111;162;409;546;169;79;63;7;1163;54;14;14;2;4;1;0;2;0;29;2;0;0;520;7;824;62;314;612;27;120;214;329;234;137;5;5;26;37;16;17;4;15;20;19;11;16
32131;Sieghartskirchen;3852;3368;4436;3320;5837;2879;318;123;0;12;17;22;2;65;20;379;15;322;160;203;506;576;529;446;442;156;119;139;78;176;292;269;458;1236;1130;307;105;40;15;3185;102;8;2;0;12;7;3;1;0;40;8;0;0;469;15;1994;288;745;825;176;538;700;760;397;308;13;30;81;117;45;32;9;33;41;27;11;2
32132;Sitzenberg-Reidling;1182;926;1296;910;2467;782;88;39;1;7;11;10;1;27;10;205;1;124;52;60;103;192;168;175;48;51;46;92;62;9;116;103;128;301;354;112;45;22;1;868;28;11;0;1;2;0;0;0;0;14;2;0;0;255;1;523;93;209;357;58;140;174;177;136;97;5;5;25;27;11;15;2;6;12;9;10;0
32134;Tulbing;1668;1515;1881;1503;2167;1383;88;31;1;7;9;6;0;16;4;117;6;114;82;84;169;364;274;238;87;95;35;58;62;6;73;77;142;462;664;199;30;15;6;1464;20;9;2;0;7;0;0;0;1;10;2;0;0;147;6;842;170;359;297;64;263;311;403;205;137;3;8;25;32;9;11;0;7;3;14;4;3
32135;Tulln an der Donau;6692;5279;10566;5103;12905;4285;329;464;25;37;115;126;11;216;97;967;20;420;330;407;855;1004;1101;562;521;325;429;501;207;30;1394;638;544;1459;1496;644;295;202;20;4590;246;151;37;25;24;24;4;2;0;156;31;3;0;1379;20;2609;453;1223;2407;1037;487;785;975;596;405;13;43;121;97;32;23;19;62;96;118;124;45
32139;Würmla;792;651;820;633;1209;569;47;17;0;2;3;8;0;20;8;115;3;47;23;51;52;108;166;85;37;39;45;79;53;7;66;54;43;198;269;87;54;18;3;614;12;2;0;0;2;0;3;0;0;18;0;0;0;138;3;415;44;140;193;23;79;131;192;105;39;1;2;15;16;5;8;1;2;6;5;3;0
32140;Zeiselmauer-Wolfpassing;1311;1224;1394;1214;1601;1146;38;29;1;3;7;9;1;30;6;41;0;178;173;75;152;197;145;88;99;65;42;26;16;55;107;106;179;513;327;44;25;10;0;1183;28;0;0;1;1;1;0;0;0;10;0;0;0;87;0;652;154;256;249;141;219;305;285;148;48;5;2;14;13;4;0;2;8;16;3;0;0
32141;Zwentendorf an der Donau;1890;1478;2175;1450;3122;1210;116;123;1;9;24;14;1;90;10;282;10;145;134;121;156;221;220;236;163;129;133;124;88;20;196;87;148;455;656;203;89;46;10;1310;113;8;0;1;16;2;0;0;0;29;0;0;0;401;10;919;72;361;538;48;143;298;414;200;107;5;7;35;40;13;16;0;37;53;31;2;0
32142;St. Andrä-Wördern;4840;4061;5167;4019;7153;3661;189;167;2;19;22;21;1;62;31;661;4;429;321;247;502;617;690;558;383;423;191;256;199;24;877;594;719;1375;958;244;54;15;4;3833;154;6;0;2;17;6;1;0;0;38;5;0;0;774;4;1980;658;953;1249;503;720;786;873;484;295;12;18;61;51;27;20;11;32;60;60;4;0
32143;Muckendorf-Wipfing;930;866;1065;859;1177;807;37;15;0;6;2;1;1;3;3;45;10;52;43;52;167;102;133;94;49;73;70;64;19;12;156;155;156;256;152;31;14;0;10;843;8;7;0;0;1;0;0;0;0;5;2;0;0;54;10;477;132;169;152;173;154;189;170;86;35;3;4;12;13;2;3;0;1;3;6;5;0
32144;Klosterneuburg;13373;11055;18192;10898;25372;9328;687;865;18;84;99;82;13;158;127;1908;4;1815;1595;973;1418;1494;1225;1377;620;1067;565;701;512;11;2657;1424;1551;3527;2898;928;262;122;4;9929;583;172;22;16;86;63;20;5;2;145;22;0;0;2304;4;5182;1352;2636;4203;1467;1296;1430;1879;1648;1608;43;62;222;171;106;83;29;123;250;281;147;35
32202;Dietmanns;626;513;650;510;857;461;36;13;0;3;2;3;0;6;5;90;7;122;27;48;71;87;78;57;12;21;36;35;25;7;71;22;38;189;228;58;9;4;7;497;12;1;0;0;0;0;0;0;0;3;0;0;0;106;7;307;27;135;157;36;123;147;99;30;26;10;5;9;8;1;3;1;0;5;7;0;0
32203;Dobersberg;921;720;909;690;1269;627;49;13;1;6;12;11;0;37;19;112;34;202;65;65;93;98;57;76;66;48;24;45;37;45;62;49;78;232;280;124;41;21;34;675;12;1;0;0;1;0;0;0;1;28;1;1;0;167;34;409;72;169;271;49;124;168;153;80;53;3;8;9;15;7;7;0;6;6;1;0;0
32206;Gastern;706;570;710;558;998;447;105;6;0;3;2;2;0;40;14;86;1;182;53;56;59;82;61;75;25;20;15;51;25;2;41;33;45;156;235;124;49;22;1;551;6;0;0;0;1;0;0;0;0;11;0;1;0;135;1;307;53;123;223;21;89;120;117;60;40;6;8;33;38;12;8;0;1;5;0;0;0
32207;Groß-Siegharts;1414;1196;1863;1156;2289;939;146;69;2;8;13;33;0;75;12;86;31;495;111;132;110;154;131;106;28;64;20;22;10;31;40;58;138;432;439;174;63;39;31;1083;49;20;0;2;2;0;0;0;0;37;2;1;0;187;31;681;115;293;325;55;268;267;217;92;40;16;33;58;28;8;3;5;19;17;18;10;0
32209;Karlstein an der Thaya;918;773;959;760;1379;648;89;21;2;7;7;6;0;15;15;105;3;294;46;88;86;99;95;88;28;19;17;28;24;6;62;43;72;229;287;118;75;29;3;735;19;1;0;2;2;1;0;0;0;14;0;0;0;141;3;415;82;151;270;47;160;178;140;74;49;8;15;27;28;8;3;2;8;5;6;0;0
32210;Kautzen;699;618;789;607;911;507;86;14;0;4;14;6;0;21;6;28;13;208;53;59;65;80;94;61;21;14;8;2;9;25;14;26;67;200;227;92;42;18;13;590;12;1;0;0;3;1;0;0;0;10;1;0;0;68;13;286;130;133;150;52;137;149;113;37;19;7;12;27;27;11;2;3;4;4;3;0;0
32212;Ludweis-Aigen;560;506;625;502;949;396;98;8;0;0;4;3;0;7;13;31;0;255;48;43;35;47;29;35;28;10;11;13;6;0;9;21;44;124;170;78;61;53;0;493;8;0;0;0;1;0;0;0;0;4;0;0;0;54;0;243;83;109;125;30;123;94;77;48;24;3;18;30;35;6;6;0;3;5;0;0;0
32214;Pfaffenschlag bei Waidhofen a.d.Thaya;514;431;564;426;836;332;84;10;0;3;7;1;1;13;9;43;11;148;20;44;39;51;44;51;29;18;17;22;19;12;9;23;39;120;179;74;42;17;11;416;10;0;0;0;0;0;0;0;0;4;1;0;0;72;11;251;56;93;114;31;72;69;83;51;26;10;8;31;23;6;6;2;3;4;1;0;0
32216;Raabs an der Thaya;1917;1631;1990;1593;2356;1402;162;27;2;12;20;14;4;93;38;129;14;655;217;241;165;182;168;70;84;30;19;52;20;14;68;161;197;504;515;251;132;75;14;1558;23;3;1;2;6;0;0;0;0;36;2;1;0;271;14;707;264;344;602;166;364;370;278;146;78;16;23;44;57;14;8;3;5;10;8;1;0
32217;Thaya;850;697;899;689;1262;551;119;19;0;3;2;2;1;19;12;116;6;225;30;59;56;85;58;93;40;45;48;45;60;6;46;48;89;183;253;130;68;27;6;668;18;1;0;0;2;0;0;0;0;8;0;0;0;147;6;434;65;131;220;26;118;133;126;99;49;5;17;42;27;18;10;2;7;8;2;0;0
32219;Vitis;1798;1302;1541;1276;2546;1143;108;25;0;9;18;14;2;96;24;358;1;361;52;94;118;177;149;167;125;199;102;144;105;5;115;203;191;467;494;195;86;46;1;1243;21;3;0;0;8;1;0;0;0;24;2;0;0;495;1;783;81;251;683;95;193;313;276;185;81;8;11;28;41;13;7;3;8;6;7;1;0
32220;Waidhofen an der Thaya;2770;2063;3324;1969;5294;1655;164;143;7;16;41;84;7;107;57;489;0;419;148;268;226;400;312;352;244;134;92;131;42;2;345;231;226;661;790;289;141;87;0;1799;103;26;3;7;20;9;2;0;0;87;10;0;1;703;0;1156;136;564;914;75;230;457;484;266;143;11;20;64;37;18;14;6;17;60;33;25;2
32221;Waidhofen an der Thaya-Land;565;512;624;510;793;418;86;6;0;0;2;0;0;3;6;37;7;121;21;26;20;42;74;75;41;38;45;38;16;8;20;19;22;135;220;74;41;27;7;502;6;0;0;0;2;0;0;0;0;2;0;0;0;46;7;368;17;91;89;18;55;91;153;78;23;2;13;32;30;5;4;1;2;3;0;0;0
32222;Waldkirchen an der Thaya;344;296;408;290;476;204;80;6;0;1;4;1;0;12;10;20;6;162;31;34;26;21;34;9;4;3;4;5;5;6;6;13;26;70;101;68;31;23;6;282;6;0;0;0;2;0;0;0;0;6;0;0;0;42;6;145;44;61;94;23;62;58;32;17;12;9;12;20;27;8;4;0;0;6;0;0;0
32223;Windigsteig;551;473;579;464;722;398;57;9;0;1;6;3;0;10;11;44;12;152;26;56;47;54;50;61;23;9;14;28;19;12;18;23;50;162;184;55;40;7;12;453;9;0;0;0;2;0;0;0;0;9;0;0;0;66;12;276;41;104;130;22;69;108;117;60;22;9;8;17;16;3;4;1;7;0;1;0;0
32301;Bad Fischau-Brunn;1616;1458;2059;1437;2597;1238;125;70;4;13;21;27;2;37;20;39;20;184;140;94;173;242;245;181;78;94;60;61;40;24;68;118;215;495;489;153;37;21;20;1361;54;12;1;4;2;2;0;1;0;22;2;0;0;135;20;780;137;391;308;133;189;271;320;205;120;4;13;37;48;13;10;4;14;24;12;15;1
32302;Bad Schönau;336;265;384;258;577;192;57;8;1;9;5;3;0;6;6;40;9;25;15;24;48;46;43;31;39;17;13;17;8;10;15;24;34;84;98;32;33;7;9;248;7;0;0;1;1;1;0;0;0;7;1;0;0;61;9;150;24;81;81;10;39;44;46;35;18;2;5;17;15;12;6;1;3;2;2;0;0
32304;Ebenfurth;1291;1131;1994;1109;2253;938;71;98;2;6;14;14;6;40;11;72;19;122;85;78;62;221;172;65;78;121;111;55;41;80;66;139;238;370;291;111;41;16;19;1007;72;17;8;2;2;1;0;0;0;21;2;0;0;140;19;604;172;235;280;66;218;268;191;102;93;6;6;10;11;16;22;6;13;40;18;20;1
32305;Eggendorf;2369;2265;2846;2251;3054;2156;32;62;1;3;13;15;4;29;7;45;2;60;45;74;121;531;885;344;60;72;75;77;23;2;326;82;244;865;674;141;29;6;2;2188;47;6;7;1;0;1;0;1;0;13;1;0;0;102;2;1369;203;431;366;346;362;637;469;223;119;1;2;13;11;2;3;0;19;13;17;9;4
32306;Bad Erlach;1091;1014;1774;988;1991;782;100;104;2;8;8;13;0;19;10;45;0;120;64;106;120;137;132;112;61;62;52;54;62;9;40;73;147;363;275;127;42;24;0;880;86;12;5;2;2;1;0;0;0;25;2;1;0;75;0;571;57;295;168;55;142;226;210;105;44;4;11;48;29;3;5;0;13;57;17;13;4
32307;Felixdorf;1755;1451;2456;1419;3206;1217;97;105;0;8;17;19;1;24;16;249;2;99;86;175;239;364;260;171;97;88;33;114;27;2;203;109;211;602;471;108;22;27;2;1308;68;24;6;0;6;3;3;1;0;28;4;0;0;302;2;960;74;332;389;40;215;417;304;174;67;5;11;24;24;14;19;11;18;27;27;15;7
32308;Gutenstein;665;587;951;559;1155;425;92;41;1;12;8;5;1;27;7;25;21;186;56;58;99;91;50;38;14;14;11;16;11;21;24;42;99;163;210;75;22;9;21;513;33;4;0;1;4;3;1;0;0;25;3;0;0;57;21;258;117;133;157;50;103;67;90;64;51;13;16;24;23;6;10;3;12;10;11;5;0
32309;Hochneukirchen-Gschaidt;714;619;878;606;1233;429;152;25;0;5;7;7;0;4;6;66;13;73;23;68;81;127;96;89;32;17;37;31;27;13;31;33;45;182;255;90;59;6;13;580;24;0;0;0;1;1;0;0;0;12;1;0;0;82;13;408;55;117;134;30;61;112;119;66;41;6;14;43;45;30;14;0;9;16;0;0;0
32310;Hochwolkersdorf;536;427;585;420;850;335;66;18;1;2;5;3;0;11;5;74;16;72;21;37;35;80;74;68;31;28;18;36;19;17;36;28;54;122;197;65;16;2;16;400;18;0;0;1;1;0;0;0;0;8;0;0;0;92;16;233;44;128;131;28;64;81;84;55;23;3;15;19;20;7;2;0;13;5;0;0;0
32311;Hohe Wand;1105;713;922;699;2237;576;104;18;1;14;3;1;0;16;16;341;15;77;78;100;133;140;120;97;50;68;56;92;78;16;217;113;150;277;229;76;22;6;15;675;15;0;0;1;5;2;1;0;0;15;0;0;0;376;15;367;95;174;469;43;118;111;149;106;49;4;8;35;26;15;16;2;6;7;3;0;0
32312;Hollenthon;532;421;547;416;944;336;72;8;0;2;4;0;0;5;10;92;3;56;17;36;48;60;88;52;19;31;31;53;38;3;33;32;64;144;174;56;20;6;3;408;6;0;0;0;0;1;0;1;0;5;0;0;0;108;3;252;31;89;160;16;58;75;73;67;47;5;10;17;26;12;2;0;1;5;1;1;0
32313;Katzelsdorf;1451;1270;1619;1250;2062;1143;62;42;3;6;7;10;1;29;9;128;11;60;56;83;170;205;212;248;138;175;39;25;22;18;114;129;134;523;381;108;34;17;11;1205;39;2;1;3;0;0;0;0;0;17;4;0;0;169;11;765;66;353;267;42;148;294;369;171;119;4;13;23;11;3;8;1;8;11;18;3;1
32314;Kirchschlag in der Buckligen Welt;1370;1008;1642;975;2598;724;207;41;3;8;20;19;0;33;14;242;59;113;76;136;174;198;182;129;43;58;74;86;34;67;85;52;118;316;445;169;103;23;59;928;28;10;0;3;3;2;1;0;0;29;6;0;0;301;59;578;97;301;394;21;107;164;239;131;62;5;31;59;55;30;27;3;6;16;10;6;0
32315;Krumbach;1083;878;1452;851;1981;599;196;53;3;7;7;13;1;44;20;101;39;91;63;131;104;149;139;104;53;53;50;66;37;43;27;61;95;288;332;128;80;33;39;793;48;2;1;3;2;1;1;0;0;15;12;2;0;164;39;551;87;215;230;27;91;146;147;113;75;16;27;60;52;26;15;7;19;16;9;2;0
32316;Lanzenkirchen;1730;1604;2331;1594;2767;1374;125;91;4;12;10;14;1;37;13;47;2;162;107;171;216;232;214;218;126;79;65;106;32;2;35;172;241;563;514;146;36;21;2;1498;76;12;2;4;1;0;1;0;0;10;0;0;0;124;2;1019;86;366;259;100;319;356;299;152;148;15;17;39;25;19;10;4;9;40;23;13;2
32317;Lichtenegg;484;429;545;415;677;346;61;7;1;5;4;1;1;15;9;29;5;51;29;49;31;68;79;63;32;21;13;24;18;6;19;35;48;145;143;50;28;11;5;405;6;0;0;1;2;0;1;0;0;13;1;0;0;50;5;239;51;92;102;23;63;64;82;56;58;3;3;13;21;12;9;1;0;3;2;1;0
32318;Lichtenwörth;1273;1110;1605;1093;1964;964;69;58;2;6;9;6;2;70;13;69;5;154;93;123;127;153;172;119;83;100;34;53;54;8;40;84;186;406;396;101;40;15;5;1033;43;12;3;2;0;0;0;0;0;18;1;0;0;156;5;742;36;241;254;24;176;271;277;157;59;4;3;29;18;12;3;7;8;22;10;11;0
32319;Markt Piesting;1369;1067;1770;1035;3006;836;109;88;2;10;13;14;4;82;13;197;1;159;74;122;146;212;179;157;84;106;39;67;23;1;127;99;165;359;418;152;43;5;1;931;69;13;1;2;14;5;0;0;0;30;2;0;0;301;1;558;90;335;386;43;128;186;210;169;100;3;12;29;38;16;11;0;9;35;35;8;1
32320;Matzendorf-Hölles;996;941;1100;931;1179;852;59;19;1;3;5;4;0;8;6;38;1;33;36;29;46;220;198;157;47;33;54;32;21;90;28;36;99;369;361;74;20;8;1;911;16;1;0;1;0;2;0;0;0;10;0;0;0;54;1;568;61;257;110;26;201;242;230;106;47;4;7;19;18;5;6;0;4;10;4;1;0
32321;Miesenbach;343;311;379;309;439;261;38;8;2;3;1;1;0;6;5;17;1;101;13;37;49;43;54;12;7;8;8;7;2;2;16;18;43;97;113;43;9;3;1;299;8;0;0;2;0;0;0;0;0;4;0;0;0;29;1;150;41;82;70;31;60;62;33;35;40;2;4;12;14;4;2;0;4;3;1;0;0
32322;Muggendorf;313;250;305;245;402;212;25;7;1;10;1;1;1;1;4;50;0;61;12;16;21;33;30;35;22;24;22;25;12;0;33;34;39;88;93;16;10;0;0;237;6;1;0;1;0;0;0;0;0;6;0;0;0;62;0;125;35;68;85;19;55;44;44;29;21;1;3;7;8;3;3;2;3;1;0;1;0
32323;Pernitz;1031;886;1647;859;1845;657;101;98;3;8;17;29;1;52;14;49;2;122;118;185;167;149;84;88;33;23;17;25;17;3;45;97;136;325;284;85;40;17;2;755;73;14;3;3;3;7;1;0;0;26;2;0;0;142;2;468;85;252;226;54;143;188;150;84;38;9;15;41;25;8;3;7;16;49;12;11;3
32324;Rohr im Gebirge;305;233;311;228;410;182;38;8;0;3;4;2;0;26;5;30;7;53;15;37;46;37;37;20;5;16;15;11;5;8;21;34;35;76;90;32;9;1;7;220;7;0;0;0;0;1;0;0;0;5;0;0;0;65;7;79;46;73;107;22;50;34;36;22;18;6;4;15;4;5;4;1;0;7;0;0;0
32325;Bromberg;535;464;517;451;748;414;33;4;0;6;2;1;1;21;6;47;0;83;14;26;35;79;113;57;43;23;18;32;11;1;27;29;44;130;190;77;29;9;0;447;4;0;0;0;0;0;0;0;0;13;0;0;0;71;0;253;38;123;121;18;49;79;130;68;70;1;3;8;11;8;2;0;0;3;1;0;0
32326;Schwarzenbach;540;445;523;435;768;388;40;7;0;6;4;6;0;11;3;71;4;67;30;44;73;80;82;41;32;10;26;21;28;6;22;36;49;138;188;82;19;2;4;427;6;0;0;0;1;1;0;0;0;9;1;0;0;91;4;222;32;125;161;17;91;107;94;58;21;1;4;7;16;11;1;0;2;4;1;0;0
32327;Sollenau;2351;1860;2868;1841;4084;1543;168;112;18;12;34;24;7;115;8;309;1;146;140;143;182;451;448;322;105;98;79;146;78;13;244;166;299;779;622;144;63;33;1;1704;81;22;5;18;7;2;0;2;0;28;6;0;0;475;1;1180;107;438;626;54;340;509;362;211;67;9;23;52;57;19;8;10;26;28;23;20;5
32330;Theresienfeld;1477;1328;1952;1299;2331;1127;87;85;0;6;18;11;3;59;14;65;2;66;31;46;69;243;219;283;129;112;107;128;40;4;39;114;192;469;447;138;44;32;2;1209;70;9;1;0;5;3;1;1;0;29;0;0;0;147;2;910;61;282;224;25;131;358;279;178;156;3;8;22;22;12;20;4;16;17;31;14;3
32331;Waidmannsfeld;677;594;997;586;1097;444;99;43;0;4;4;0;0;56;8;18;1;70;84;88;105;110;86;70;18;16;4;8;14;4;22;41;76;224;216;55;21;21;1;543;29;11;1;0;0;2;0;0;0;7;0;1;0;82;1;343;46;138;150;38;97;106;111;62;30;10;17;38;22;7;5;10;7;9;6;9;2
32332;Waldegg;1090;845;1297;827;1836;659;110;57;1;9;17;4;2;117;18;77;19;236;72;95;133;179;104;85;43;31;32;40;20;20;65;124;134;262;321;104;48;13;19;765;48;7;1;1;4;1;0;0;0;15;4;0;0;225;19;468;88;204;330;43;174;177;147;76;42;22;20;36;17;11;4;10;13;23;8;2;1
32333;Walpersbach;518;465;648;458;718;376;61;21;0;5;3;1;0;11;5;20;15;62;37;47;58;72;76;68;32;15;11;19;6;15;14;20;61;150;191;54;7;6;15;435;18;1;1;0;2;1;0;0;0;7;0;0;0;38;15;280;39;136;63;14;73;76;92;56;65;6;7;13;20;6;9;2;5;9;3;1;1
32334;Weikersdorf am Steinfelde;508;428;566;408;740;360;33;15;0;8;6;4;2;21;9;50;0;36;34;22;41;58;69;67;50;44;19;42;26;0;32;27;39;147;167;47;33;16;0;391;11;4;0;0;2;0;0;0;0;19;1;0;0;80;0;247;18;118;125;16;50;83;96;69;46;1;3;6;17;5;1;0;3;4;6;2;0
32335;Wiesmath;702;617;806;604;1126;473;118;12;1;2;4;9;1;20;7;49;6;101;38;41;67;103;121;87;23;36;25;36;18;6;20;36;64;183;275;85;29;4;6;590;10;2;0;1;1;0;0;0;0;12;1;0;0;79;6;387;44;124;147;26;84;106;143;81;33;6;13;36;32;19;12;0;2;7;2;1;0
32336;Winzendorf-Muthmannsdorf;1049;845;1261;833;1616;706;83;42;2;4;7;5;0;35;6;147;12;76;88;112;154;127;85;101;49;55;54;74;62;12;97;85;128;324;291;83;25;4;12;787;33;7;2;2;2;0;0;0;0;11;3;0;0;190;12;451;81;219;298;37;132;178;185;109;65;8;11;27;26;9;2;2;12;13;10;5;0
32337;Wöllersdorf-Steinabrückl;2516;1876;2570;1838;4347;1640;105;91;2;11;27;17;13;73;12;508;17;217;133;108;143;246;279;369;188;112;108;293;299;21;440;230;309;726;588;127;38;41;17;1740;80;6;3;2;5;0;2;0;0;35;3;0;0;623;17;1276;92;387;761;58;346;576;408;184;68;8;14;33;38;8;4;6;22;32;22;8;1
32338;Zillingdorf;1251;1174;1461;1167;1696;1065;56;46;0;3;2;2;0;15;6;54;2;49;77;97;233;199;130;142;120;64;37;83;18;2;228;221;166;283;280;55;14;2;2;1121;44;2;0;0;0;0;0;0;0;7;0;0;0;75;2;571;75;178;427;315;181;239;199;97;34;1;4;23;14;13;1;3;16;19;6;2;0
32501;Allentsteig;1056;891;1237;862;1487;710;104;45;3;17;12;9;1;40;22;82;11;200;218;68;122;136;78;50;29;25;10;46;63;11;52;42;98;361;272;127;81;12;11;809;37;6;0;2;5;2;0;0;1;28;2;0;0;153;11;459;79;236;282;35;143;198;222;69;43;24;20;40;15;5;0;5;10;19;10;1;0
32502;Arbesbach;621;520;787;500;958;350;134;16;0;11;4;7;1;38;15;21;24;50;32;67;81;89;94;84;48;13;12;19;8;24;22;10;18;97;241;103;81;25;24;480;14;1;0;0;4;1;0;0;0;17;3;0;0;77;24;301;39;155;126;18;41;75;112;60;44;2;7;22;44;35;24;0;4;9;2;1;0
32503;Bärnkopf;197;151;200;147;355;110;30;7;0;3;0;0;0;5;4;37;1;19;16;22;29;15;27;24;14;9;7;5;9;1;17;15;19;24;78;36;7;0;1;140;6;0;0;0;0;1;0;0;0;4;0;0;0;45;1;64;20;55;58;9;23;17;28;23;10;3;2;11;7;5;2;2;3;2;0;0;0
32504;Echsenbach;635;522;663;512;898;432;70;10;0;6;5;1;1;16;12;76;6;99;41;50;41;55;81;64;40;25;43;55;35;6;26;40;64;171;187;85;43;13;6;501;9;0;0;0;1;1;0;0;0;8;2;0;0;107;6;332;35;125;143;8;50;71;81;81;141;5;8;25;13;11;8;0;0;7;3;0;0
32505;Göpfritz an der Wild;1432;797;1036;783;2399;612;146;25;0;5;8;8;2;46;13;567;0;222;75;90;154;198;201;171;70;85;68;56;40;2;159;102;157;349;381;207;59;18;0;751;23;1;0;0;7;1;0;0;0;13;1;0;0;635;0;457;54;185;736;19;95;152;148;119;79;5;16;40;54;18;13;2;6;15;1;1;0
32506;Grafenschlag;774;348;443;338;909;266;61;11;0;6;5;7;2;19;11;386;0;71;58;98;106;146;75;79;34;21;27;31;28;0;62;43;69;144;248;129;64;15;0;326;11;0;0;0;1;0;0;0;0;10;0;0;0;426;0;187;23;93;471;14;47;39;73;40;53;4;8;15;17;10;7;1;3;5;2;0;0
32508;Groß Gerungs;2023;1693;2367;1643;3829;1182;396;65;0;22;25;22;3;78;49;181;0;407;117;127;156;268;309;185;67;135;72;89;90;1;95;53;81;346;674;394;325;55;0;1560;55;3;1;0;18;5;1;0;0;44;6;0;0;330;0;987;127;401;508;58;184;271;306;230;133;12;31;87;134;78;54;0;21;32;7;5;0
32509;Großgöttfritz;712;504;662;493;1030;364;123;6;0;6;9;0;2;25;3;167;7;71;32;56;35;62;99;85;49;54;42;60;57;10;45;38;38;107;228;128;86;35;7;486;6;0;0;0;1;0;0;0;0;11;0;0;0;201;7;336;22;87;267;18;49;73;124;65;35;6;13;46;34;14;10;0;5;0;1;0;0
32511;Gutenbrunn;320;226;360;221;784;169;35;17;0;4;3;0;0;3;7;80;2;35;54;21;40;30;44;43;5;13;17;8;8;2;48;10;53;78;84;27;16;2;2;202;16;0;0;0;2;0;0;1;0;5;0;0;0;92;2;84;33;93;110;6;22;40;34;42;25;3;0;7;12;4;9;2;5;6;3;1;0
32514;Kirchschlag;287;243;364;233;419;162;61;10;0;3;1;3;0;14;6;9;18;29;20;31;23;59;42;29;13;13;3;3;2;20;13;7;12;57;68;50;55;7;18;223;10;0;0;0;0;0;0;0;0;8;2;0;0;26;18;129;31;69;58;18;35;36;43;18;12;5;6;20;17;9;4;1;3;5;1;0;0
32515;Kottes-Purk;710;613;800;593;1096;448;127;17;1;6;5;11;2;36;5;48;4;110;69;66;72;85;102;60;44;39;18;31;9;5;23;20;45;136;177;147;128;30;4;573;13;0;0;0;2;4;0;0;1;19;1;0;0;93;4;335;67;154;154;35;100;103;89;62;59;2;9;25;35;28;28;0;1;13;3;0;0
32516;Langschlag;778;698;961;674;1272;491;159;24;0;11;3;9;3;34;18;15;11;137;38;75;80;129;141;43;35;45;16;13;14;12;18;25;52;146;262;138;107;19;11;648;24;0;0;0;2;0;0;0;0;23;1;0;0;69;11;404;81;133;160;52;125;107;108;64;35;5;20;52;47;28;7;1;11;9;3;0;0
32517;Martinsberg;601;434;555;421;1067;313;102;6;0;4;7;4;0;30;12;123;0;46;27;87;83;81;81;59;15;13;28;37;42;2;43;30;38;106;193;108;59;24;0;409;5;0;0;0;6;1;0;0;0;12;1;0;0;167;0;241;36;104;220;20;42;75;84;58;34;4;5;20;35;19;19;0;4;2;0;0;0
32518;Ottenschlag;557;456;632;426;845;352;54;19;1;9;5;18;3;31;9;46;10;57;37;75;76;68;74;45;17;34;18;27;19;10;18;20;39;132;182;83;51;22;10;402;13;4;0;1;4;2;0;0;0;26;4;0;0;91;10;233;52;132;140;17;63;83;92;62;35;2;3;12;14;11;12;2;8;5;1;3;0
32519;Altmelon;576;302;430;289;1126;211;72;5;1;5;2;13;1;12;7;227;20;33;5;20;56;74;84;114;48;34;38;26;24;20;46;31;33;117;176;128;22;3;20;274;4;0;0;1;9;1;0;0;0;14;0;0;0;253;20;201;15;70;290;8;25;42;60;47;29;1;4;18;25;13;11;0;3;2;0;0;0
32520;Pölla;631;520;686;501;801;443;49;9;0;8;6;1;0;23;19;37;36;262;57;32;21;56;67;38;22;10;6;8;13;39;31;33;41;144;194;86;46;20;36;492;9;0;0;0;0;0;0;0;0;18;1;0;0;75;36;241;82;119;189;60;108;116;82;54;23;5;6;14;9;7;8;2;3;1;3;0;0
32521;Rappottenstein;1006;690;1024;667;1569;492;146;29;0;8;5;5;1;47;25;203;45;133;44;78;91;119;117;104;61;71;72;53;18;45;80;59;64;185;277;165;107;24;45;635;26;1;0;0;3;2;0;0;0;20;3;0;0;271;45;429;75;146;356;41;116;104;103;66;62;6;13;34;47;22;24;3;13;11;1;1;0
32522;Sallingberg;720;544;674;525;1228;432;77;16;0;5;7;5;0;40;18;120;0;101;59;69;62;120;94;74;36;36;23;32;14;0;18;18;33;132;209;164;108;38;0;503;16;0;0;0;6;0;0;0;0;17;2;0;0;176;0;266;55;162;237;31;71;97;108;74;51;2;7;16;18;20;14;0;4;10;1;1;0
32523;Schönbach;380;328;408;313;690;245;63;5;0;6;7;2;1;18;9;24;0;57;25;27;38;67;49;55;8;16;15;15;5;3;17;10;24;67;112;66;73;11;0;303;5;0;0;0;5;0;0;0;0;15;0;0;0;52;0;176;49;70;85;16;49;47;61;43;29;2;2;16;18;8;17;1;2;2;0;0;0
32524;Schwarzenau;801;683;927;661;1219;524;111;24;2;7;9;5;2;30;14;60;13;165;104;76;80;82;60;63;36;51;27;26;17;14;28;30;125;200;226;103;58;18;13;631;22;0;0;2;4;1;1;0;0;19;3;0;0;105;13;413;67;148;173;40;120;130;117;68;49;16;16;47;20;6;6;3;13;5;3;0;0
32525;Schweiggers;918;748;1023;726;1310;557;150;18;1;6;7;2;1;43;28;86;19;161;62;56;59;120;135;111;33;41;39;41;39;21;25;36;43;133;266;194;145;57;19;704;15;2;0;1;3;1;0;0;0;21;1;0;0;151;19;505;53;152;208;47;88;139;135;75;73;7;12;34;32;28;37;0;4;8;5;1;0
32528;Bad Traunstein;512;407;574;396;807;302;74;20;0;6;4;4;0;15;9;78;0;57;24;48;41;95;67;50;31;30;24;31;14;0;25;20;38;80;153;90;78;28;0;373;17;3;0;0;3;0;0;0;0;9;2;0;0;105;0;223;50;95;144;16;55;70;61;61;39;3;5;16;22;11;17;0;6;12;1;1;0
32529;Waldhausen;737;605;742;587;959;483;92;12;0;5;9;2;1;24;18;83;8;123;57;85;70;84;83;74;39;36;29;27;19;11;43;36;74;139;214;142;66;15;8;573;12;0;0;0;2;0;0;0;0;18;0;0;0;124;8;320;53;121;243;50;114;101;111;59;48;6;19;30;23;10;4;1;4;6;1;0;0
32530;Zwettl-Niederösterreich;5107;3974;6274;3791;8759;2659;920;206;6;51;76;94;8;290;92;608;97;810;247;394;495;699;739;552;210;204;181;199;171;206;218;234;360;956;1450;847;646;299;97;3541;175;20;2;5;38;6;2;1;1;159;25;0;1;1034;97;2331;255;1085;1436;162;418;628;779;425;247;48;96;304;269;129;74;21;42;90;28;23;2
40101;Linz;24390;21024;122231;20201;161375;8153;2093;9767;188;188;1025;545;142;1472;630;176;11;2309;4239;3435;2813;2350;2417;2467;1246;1052;825;675;505;57;449;1984;2213;4272;8313;4390;1421;1337;11;10089;5431;2293;519;114;157;846;446;232;74;584;304;47;16;3227;11;11156;459;8642;4133;205;1194;2069;2629;1316;740;224;326;751;506;182;104;191;818;2789;3147;2200;622
40201;Steyr;9440;6612;23722;6342;36333;3308;801;2193;40;66;158;179;8;325;215;2147;0;1446;1295;1366;738;790;854;864;380;372;343;505;486;1;1637;674;791;1670;2404;1107;481;676;0;3958;1552;373;61;31;151;155;33;19;9;222;66;3;2;2805;0;4274;144;1713;3309;41;342;694;997;750;484;71;105;265;223;84;53;184;445;609;581;308;66
40301;Wels;13540;9850;34853;9504;56657;5842;1371;2217;74;109;340;274;88;826;272;2124;3;842;916;1587;1529;1492;1377;1772;834;773;697;1042;668;11;1737;2326;2058;2314;2182;1459;722;739;3;7051;1193;523;201;50;162;185;73;42;24;310;76;15;1;3631;3;6474;192;2618;4256;57;549;1597;1948;1099;592;101;245;527;303;129;66;112;344;481;567;484;229
40401;Altheim;2230;1663;2639;1603;4002;1190;276;134;3;16;26;44;1;98;21;421;0;157;126;302;280;273;228;216;77;92;82;232;161;4;320;120;172;440;779;288;82;29;0;1441;99;15;2;3;25;16;2;0;0;53;10;0;0;564;0;1222;34;305;669;22;123;247;348;285;165;14;51;87;74;29;21;11;43;44;24;12;0
40402;Aspach;1488;876;1402;858;2819;594;202;60;2;3;15;19;5;71;22;495;0;115;101;156;144;134;162;142;69;127;108;161;68;1;193;85;109;257;472;235;86;51;0;778;49;5;1;2;18;5;0;0;0;15;4;0;0;611;0;642;10;145;691;20;58;107;135;155;119;22;27;53;45;30;25;15;16;13;11;5;0
40403;Auerbach;418;284;385;280;677;228;42;10;0;5;3;0;1;12;13;104;0;34;8;14;21;30;27;54;36;58;25;73;35;3;79;15;20;84;158;49;11;2;0;268;6;3;0;0;2;1;0;0;0;3;1;0;0;134;0;213;6;50;149;4;18;53;66;59;28;1;2;9;12;7;11;0;1;5;4;0;0
40404;Braunau am Inn;5785;3965;9390;3848;13787;2703;514;621;10;40;107;83;10;227;94;1375;1;476;608;807;769;668;426;431;316;320;233;478;250;3;1154;421;645;1451;1272;474;197;170;1;3127;366;111;31;8;90;87;20;6;2;87;34;2;0;1813;1;2724;86;928;2047;67;388;757;802;486;203;48;103;209;103;30;21;43;144;170;147;84;33
40405;Burgkirchen;1110;959;1208;943;1564;818;93;30;2;3;7;3;3;33;16;97;5;119;46;118;86;164;113;156;72;56;83;49;42;6;45;40;84;236;456;188;45;11;5;906;27;3;0;2;5;0;0;0;0;16;0;1;0;145;5;741;17;146;206;17;66;123;215;232;165;1;7;24;28;18;15;3;8;12;7;0;0
40406;Eggelsberg;1018;903;1568;876;1779;654;129;91;2;8;12;16;0;38;7;58;3;123;47;65;84;139;137;96;78;79;48;60;54;8;74;39;78;257;361;138;51;17;3;781;72;14;3;2;2;2;0;0;0;24;4;0;0;111;3;629;22;176;191;20;85;108;180;153;108;5;13;45;33;19;14;9;25;24;19;13;1
40407;Feldkirchen bei Mattighofen;856;803;1031;788;1346;668;95;25;0;4;10;4;0;8;5;35;2;111;24;75;50;110;110;115;50;41;41;70;54;5;36;18;78;289;346;75;9;3;2;761;18;5;0;0;2;2;0;0;0;14;1;0;0;51;2;581;24;139;112;14;64;129;162;196;103;6;9;28;27;14;11;3;10;5;3;4;0
40408;Franking;416;358;594;339;798;245;64;30;0;15;4;2;1;19;3;33;0;35;14;43;22;51;52;67;14;33;28;25;32;0;22;18;37;105;151;58;19;6;0;307;26;1;0;0;2;1;2;0;0;19;0;0;0;58;0;245;19;63;89;10;30;39;55;77;34;1;9;20;20;9;5;3;8;7;9;3;0
40409;Geretsberg;809;427;550;422;1550;342;60;18;2;2;5;3;3;27;5;342;0;80;22;64;76;113;98;76;53;56;50;63;53;5;137;45;71;183;239;104;22;8;0;399;16;0;0;1;3;2;0;0;1;6;0;0;0;381;0;323;14;53;419;5;19;45;68;122;83;1;4;15;21;5;14;0;1;16;1;0;0
40410;Gilgenberg am Weilhart;691;478;617;471;1097;383;72;15;1;1;5;1;1;18;8;184;2;102;24;48;39;60;73;90;45;34;55;65;51;5;50;27;54;123;274;117;27;17;2;453;12;1;0;1;2;2;0;0;0;6;1;0;0;211;2;339;13;86;253;10;32;50;107;102;82;2;6;19;19;12;14;1;2;7;5;0;0
40411;Haigermoos;267;250;302;248;349;205;36;7;0;1;3;0;0;3;1;11;0;43;6;16;18;37;15;34;27;22;17;20;10;2;10;11;34;69;92;41;10;0;0;239;7;0;0;0;2;0;0;0;0;2;0;0;0;17;0;183;9;41;34;15;18;30;54;53;35;1;3;8;14;3;7;0;2;5;0;0;0
40412;Handenberg;636;496;643;478;1332;372;94;12;0;8;3;3;4;24;7;109;0;87;28;33;52;80;74;73;55;28;44;36;44;2;35;27;50;142;231;108;27;16;0;466;12;0;0;0;0;0;0;0;0;16;2;0;0;140;0;357;13;84;182;12;46;62;92;102;58;3;6;30;29;16;10;1;3;5;3;0;0
40413;Helpfau-Uttendorf;1682;1203;1697;1168;3396;934;165;66;3;11;25;13;11;98;21;335;0;178;87;133;146;191;214;203;93;121;140;98;74;4;138;124;120;385;599;214;68;34;0;1085;51;6;0;2;14;8;1;0;1;33;3;0;0;478;0;944;20;164;554;27;84;187;243;243;150;8;24;51;45;23;14;3;27;21;12;3;0
40414;Hochburg-Ach;1743;1246;1745;1220;2832;931;226;61;2;11;11;10;0;34;10;447;0;134;93;174;172;221;153;114;114;115;155;175;121;2;278;123;123;368;545;250;37;19;0;1134;53;3;0;2;23;3;1;1;0;24;2;0;0;497;0;910;38;228;567;16;85;176;252;268;134;7;29;93;49;29;19;3;19;22;15;2;0
40415;Höhnhart;806;555;761;546;1389;417;106;20;3;5;14;2;0;44;10;185;0;55;26;100;91;112;68;73;45;35;62;83;54;2;80;40;60;158;273;130;52;13;0;519;17;2;0;3;4;1;0;0;0;10;2;0;0;248;0;401;16;100;289;8;32;68;106;125;78;5;13;36;29;12;11;2;4;7;6;1;0
40416;Jeging;382;259;370;255;727;197;42;15;1;2;3;2;0;31;6;83;0;29;7;26;24;57;53;47;28;24;20;21;46;0;38;24;36;87;114;56;19;8;0;234;14;1;0;1;5;0;0;0;0;4;1;0;0;122;0;201;9;34;138;6;12;52;42;55;30;0;4;10;16;7;5;5;1;4;4;1;0
40417;Kirchberg bei Mattighofen;620;490;619;483;906;385;86;12;0;4;4;1;1;12;6;109;0;60;18;30;47;63;77;85;41;55;28;56;59;1;48;30;48;138;227;85;31;13;0;467;11;1;0;0;4;0;0;0;0;5;2;0;0;130;0;373;11;71;165;6;37;51;110;113;68;0;8;13;24;18;23;0;5;6;1;0;0
40418;Lengau;1835;1642;2536;1611;3249;1184;289;138;0;7;18;12;0;53;16;107;11;194;67;218;210;239;177;175;90;85;147;146;72;15;53;80;144;525;674;231;79;38;11;1464;119;17;0;0;9;2;0;0;0;28;3;0;0;182;11;1259;33;247;296;59;163;218;312;299;133;13;41;92;84;32;27;15;37;57;18;11;0
40419;Lochen am See;1536;1310;1661;1297;2683;1115;135;47;0;4;7;9;1;30;18;170;0;111;26;101;89;140;380;210;73;97;79;106;124;0;286;55;87;336;492;196;60;24;0;1243;41;4;0;0;7;2;0;0;0;11;2;0;0;226;0;806;35;165;530;252;87;135;246;252;143;5;17;34;30;29;20;3;9;24;7;4;0
40420;Maria Schmolln;698;488;643;478;1190;382;79;16;1;6;6;3;0;18;8;179;0;69;26;52;43;111;73;71;38;37;64;64;50;0;77;30;48;145;241;126;23;8;0;455;12;1;0;1;6;3;0;0;0;9;1;0;0;210;0;370;7;69;252;7;26;49;78;134;88;0;3;19;22;20;15;0;4;9;3;0;0
40421;Mattighofen;1930;1679;3685;1631;4544;1077;284;264;6;6;29;46;3;61;39;115;0;133;173;255;232;187;163;186;109;118;133;155;86;0;80;83;235;560;650;203;71;48;0;1331;191;45;5;4;30;19;4;0;2;44;6;0;0;249;0;1248;35;290;357;18;82;265;330;274;108;16;33;112;69;35;19;12;62;97;48;32;13
40422;Mauerkirchen;868;782;1407;762;1679;521;144;93;4;3;11;14;2;38;11;26;1;128;52;136;92;122;81;56;50;32;22;65;24;8;24;26;81;209;344;122;37;24;1;660;82;6;1;3;5;2;2;0;1;19;2;0;1;83;1;553;11;154;150;13;52;123;162;107;64;14;25;59;30;9;7;15;23;33;17;4;1
40423;Mining;673;524;637;520;1005;438;73;9;0;3;2;2;0;19;8;119;0;64;34;61;51;77;72;59;46;42;55;72;32;8;78;36;54;151;271;70;10;3;0;511;8;1;0;0;0;0;0;0;0;4;0;0;0;149;0;415;12;63;183;5;37;75;122;142;57;3;4;24;21;15;6;2;1;2;4;0;0
40424;Moosbach;606;398;533;393;950;297;83;13;0;1;3;2;3;6;5;193;0;55;18;23;33;55;51;72;39;45;50;122;42;1;79;38;33;125;206;100;18;7;0;374;13;0;0;0;6;0;0;0;0;4;1;0;0;208;0;316;4;52;234;13;28;63;80;62;51;3;9;27;17;17;10;1;5;5;2;0;0
40425;Moosdorf;733;600;860;584;1172;464;89;31;0;4;9;5;1;15;8;106;1;68;20;36;56;58;73;102;95;63;61;69;28;4;92;42;72;210;235;58;16;7;1;551;25;4;0;0;2;1;1;0;0;13;3;0;0;132;1;437;9;111;176;8;58;94;124;104;76;4;7;26;26;17;9;3;9;13;1;5;0
40426;Munderfing;1178;996;1519;975;2080;713;189;73;0;6;13;10;1;61;11;98;3;122;40;131;134;155;145;117;84;47;106;67;27;3;60;64;90;327;425;162;26;21;3;900;64;7;0;0;2;2;0;0;0;16;5;0;0;179;3;729;13;197;239;19;78;139;215;185;77;14;32;68;47;16;12;9;18;32;9;5;0
40427;Neukirchen an der Enknach;971;824;1092;811;1474;640;135;36;0;4;6;5;0;41;6;97;1;106;33;82;87;108;116;79;44;44;78;118;67;9;67;51;69;245;382;115;26;15;1;772;34;1;0;0;3;1;0;0;0;13;0;0;0;146;1;610;15;150;196;13;54;113;165;196;99;5;9;35;42;24;20;2;16;15;3;0;0
40428;Ostermiething;2364;1113;1944;1070;6114;725;248;94;3;3;21;26;2;365;89;788;0;139;66;155;111;258;257;270;185;192;176;421;130;4;799;139;143;352;629;226;54;22;0;689;60;11;0;2;284;20;2;1;1;43;1;0;0;1250;0;726;25;244;1369;12;37;133;201;225;117;5;19;75;76;43;30;4;28;26;24;10;2
40429;Palting;553;457;645;449;1174;381;45;23;0;3;2;5;0;27;7;60;0;45;15;34;52;50;54;64;39;48;55;67;29;1;32;26;37;163;192;74;16;13;0;423;15;6;0;0;3;2;0;0;0;7;1;0;0;96;0;322;18;87;126;9;39;77;87;116;53;1;1;6;15;10;12;0;3;9;8;3;0
40430;Perwang am Grabensee;451;400;556;392;916;294;74;24;0;2;11;2;0;10;3;31;0;16;9;31;37;43;37;50;33;64;54;38;34;5;24;15;38;120;179;58;16;1;0;367;24;0;0;0;1;0;0;0;0;7;1;0;0;51;0;302;11;68;70;7;29;43;95;89;31;5;13;30;16;6;4;1;7;11;5;0;0
40431;Pfaffstätt;732;467;602;460;1158;385;50;24;1;1;0;6;2;11;7;245;0;89;23;30;51;69;69;62;62;58;78;82;58;1;104;66;45;139;266;88;16;8;0;433;22;2;0;1;2;0;0;0;0;7;0;0;0;265;0;344;11;75;302;10;30;64;92;114;75;4;7;13;14;5;7;2;6;14;2;0;0
40432;Pischelsdorf am Engelbach;861;617;810;601;1263;484;100;17;0;6;4;3;0;41;10;189;7;128;34;72;53;109;106;99;31;47;33;60;81;8;71;38;57;201;273;168;39;7;7;574;17;0;0;0;10;0;0;0;0;15;1;0;0;237;7;472;13;108;268;15;56;85;123;123;82;5;7;30;26;20;12;2;2;10;3;0;0
40433;Polling im Innkreis;566;376;507;364;918;276;72;16;0;3;5;6;1;26;3;158;0;60;38;63;55;58;36;56;32;26;67;52;23;0;47;50;36;105;194;98;27;9;0;345;13;1;0;0;3;2;0;0;0;11;1;0;0;190;0;293;6;45;222;3;13;34;63;80;83;2;4;16;18;14;18;5;2;5;4;0;0
40434;Roßbach;413;349;469;338;631;260;64;14;0;0;1;5;0;20;6;43;0;52;13;36;38;50;64;56;29;13;34;20;6;2;20;22;30;85;158;84;13;1;0;317;14;0;0;0;7;0;0;0;0;11;0;0;0;64;0;284;7;32;90;4;19;47;78;75;37;13;13;18;12;3;5;4;2;5;3;0;0
40435;St. Georgen am Fillmannsbach;193;156;210;150;424;122;20;8;0;2;0;0;0;12;5;24;0;34;4;16;13;17;13;37;14;5;6;17;17;0;10;7;12;47;74;30;3;10;0;138;7;0;0;0;4;1;0;0;0;5;1;0;0;37;0;111;2;33;47;2;10;13;30;37;30;1;1;5;8;5;0;1;2;2;2;1;0
40436;St. Johann am Walde;903;748;1019;732;1684;521;190;21;0;7;6;5;3;26;6;118;0;40;47;109;92;126;131;90;44;38;56;85;45;0;55;48;63;198;368;145;23;3;0;706;21;0;0;0;5;0;0;0;0;12;4;0;0;155;0;576;13;99;215;13;55;90;121;156;86;9;17;51;54;23;36;2;4;12;3;0;0
40437;St. Pantaleon;1363;959;1718;935;2467;653;143;138;1;8;9;21;1;92;21;275;1;63;18;185;117;111;180;145;72;78;140;156;96;2;186;89;127;305;439;142;56;18;1;794;128;3;0;1;2;5;2;0;0;22;2;0;0;403;1;666;19;218;460;15;54;119;182;147;136;3;11;39;42;29;19;3;37;77;17;4;0
40438;St. Peter am Hart;1510;978;1207;967;2154;827;112;26;2;4;6;3;0;45;19;466;0;109;55;80;78;145;143;117;115;91;147;171;254;5;399;80;115;304;460;120;21;11;0;925;21;3;0;2;14;2;0;0;0;10;1;0;0;532;0;706;18;183;603;26;80;212;245;196;68;7;15;32;29;22;7;2;11;9;2;2;0
40439;St. Radegund;390;268;335;264;750;225;33;6;0;4;1;0;0;5;6;110;0;29;15;17;30;30;39;50;20;21;30;43;65;1;68;17;21;65;127;68;19;5;0;257;4;1;0;0;1;1;0;0;0;4;0;0;0;122;0;204;7;38;141;5;7;25;48;86;54;1;2;8;7;6;9;1;1;1;2;1;0
40440;St. Veit im Innkreis;176;146;187;146;253;118;22;6;0;0;0;1;0;6;2;20;1;18;8;17;21;23;24;13;10;7;15;11;7;2;11;2;13;46;75;19;7;2;1;138;5;0;0;0;2;1;0;0;0;0;0;0;0;29;1;120;2;14;40;2;2;21;24;44;25;3;4;6;4;1;4;0;1;5;0;0;0
40441;Schalchen;2045;1466;2005;1445;3274;1139;238;68;0;6;10;22;1;56;13;492;0;116;95;176;175;199;227;198;125;169;100;242;223;0;346;122;131;477;669;237;35;28;0;1370;61;6;0;0;7;1;0;0;0;19;2;0;0;579;0;1093;22;248;682;28;96;231;331;316;137;16;45;65;59;28;25;8;21;22;12;5;0
40442;Schwand im Innkreis;479;369;490;361;793;289;62;10;0;2;4;4;0;25;3;80;0;81;16;37;31;50;36;45;19;41;54;42;27;0;23;21;25;110;207;65;21;7;0;350;9;0;1;0;1;0;0;0;0;8;0;0;0;110;0;258;4;71;146;4;21;39;93;86;46;2;4;15;19;11;11;0;2;5;2;0;1
40443;Tarsdorf;1175;736;1004;721;2594;551;134;34;2;5;5;4;0;19;7;414;0;42;28;75;123;159;131;146;83;92;136;89;71;0;198;70;80;230;390;141;49;17;0;675;31;3;0;2;10;0;0;0;0;16;1;0;0;437;0;533;14;141;487;12;25;93;143;171;107;4;12;41;38;21;18;1;10;14;7;2;0
40444;Treubach;351;294;391;291;544;220;60;11;0;1;4;0;0;6;5;44;0;21;15;31;29;51;44;39;25;10;12;44;30;0;32;23;48;70;120;48;8;2;0;280;11;0;0;0;0;0;0;0;0;3;0;0;0;57;0;221;9;49;72;14;38;35;59;54;20;5;8;18;15;8;6;2;3;5;1;0;0
40445;Überackern;441;296;369;296;702;254;33;8;1;1;0;0;0;12;4;128;0;37;12;14;38;28;37;47;36;44;63;43;42;0;92;22;31;78;131;79;6;2;0;285;7;0;0;1;2;1;0;0;0;1;0;0;0;144;0;205;8;59;169;7;33;57;69;55;33;1;6;12;9;5;0;1;1;2;4;0;0
40446;Weng im Innkreis;685;537;719;526;1008;420;86;20;0;7;11;9;0;41;6;85;0;71;30;56;47;91;82;68;41;35;65;59;40;0;31;36;56;163;258;88;31;22;0;505;18;2;0;0;1;0;0;0;0;9;2;0;0;148;0;410;7;91;177;9;49;61;120;113;68;5;12;31;23;7;8;1;8;8;1;2;0
40501;Alkoven;2418;2073;3206;2039;4312;1557;356;121;5;11;9;18;3;64;21;253;0;192;47;171;260;531;258;242;118;117;205;197;76;4;259;205;253;627;740;195;70;69;0;1900;100;14;1;4;13;5;1;0;1;30;7;0;0;342;0;1645;112;191;470;135;182;413;430;280;117;18;46;128;90;46;28;5;31;44;29;11;1
40502;Aschach an der Donau;891;618;1153;588;2019;394;117;76;1;13;14;19;7;49;13;188;0;145;31;88;147;114;97;65;67;41;28;36;32;0;128;61;71;220;265;91;35;20;0;492;54;11;0;1;19;10;1;0;0;27;3;0;0;273;0;420;19;141;311;8;33;97;109;92;55;3;22;45;26;11;10;1;27;31;11;6;0
40503;Eferding;939;747;2413;679;3041;367;118;190;4;9;45;48;3;70;35;50;0;153;99;90;108;114;93;74;29;70;48;40;20;1;36;28;45;188;306;197;90;49;0;455;89;67;1;4;30;29;4;0;0;58;13;0;0;189;0;475;22;201;241;9;43;89;97;85;44;6;29;38;17;19;9;11;22;56;47;52;2
40504;Fraham;939;816;1204;808;1735;607;158;43;0;0;8;8;0;33;4;78;0;85;27;90;133;114;101;75;82;69;46;71;45;1;47;26;84;288;329;99;35;31;0;763;33;8;0;0;2;1;1;0;0;7;1;0;0;123;0;686;12;82;159;6;58;99;187;136;121;9;17;44;40;18;30;2;10;19;3;9;0
40505;Haibach ob der Donau;900;469;658;454;1675;317;117;20;0;9;4;6;2;12;10;403;0;37;22;67;137;126;136;129;35;63;45;64;39;0;108;72;59;162;275;132;83;9;0;431;19;0;0;0;3;0;1;0;0;13;2;0;0;431;0;306;29;92;473;16;35;68;70;79;49;8;10;31;36;18;14;1;5;12;1;1;0
40506;Hartkirchen;2293;1322;1886;1300;5339;956;296;47;1;3;9;15;1;53;13;899;0;134;64;135;212;349;310;233;155;202;185;198;114;2;550;143;116;347;617;321;161;38;0;1249;41;1;1;1;3;3;1;0;0;18;5;0;0;970;0;923;33;257;1080;64;65;148;226;256;197;8;24;73;94;60;37;0;10;16;18;2;1
40507;Hinzenbach;846;659;935;652;1318;507;94;50;1;1;10;7;0;66;3;107;0;62;29;94;94;105;94;102;31;57;41;71;65;1;79;16;37;188;345;100;46;35;0;591;49;1;0;1;10;0;0;0;0;7;0;0;0;187;0;543;6;73;224;8;33;52;153;151;110;4;8;18;22;26;16;7;14;22;5;2;0
40508;Prambachkirchen;1442;960;1393;952;2399;693;214;42;3;2;8;8;0;15;11;446;0;128;38;127;119;122;123;143;59;50;89;219;224;1;286;78;76;272;502;140;56;32;0;900;29;7;1;3;7;5;0;0;0;7;3;0;0;480;0;813;15;78;536;16;57;95;177;221;127;3;14;50;69;43;35;3;12;17;4;6;0
40509;Pupping;988;616;920;603;1763;437;140;24;2;6;8;10;2;30;8;321;0;48;19;80;103;151;114;108;88;62;67;105;40;3;197;52;65;185;315;108;44;22;0;575;20;2;2;2;2;0;0;0;0;10;5;0;0;370;0;506;15;69;398;5;26;63;124;134;85;5;11;48;47;19;10;2;4;8;7;1;2
40510;St. Marienkirchen an der Polsenz;1641;817;1161;805;3645;596;178;29;2;2;2;11;0;32;11;778;0;90;28;105;136;223;229;339;105;87;87;120;89;3;428;117;87;280;454;144;97;34;0;763;27;0;0;2;11;2;0;0;0;12;0;0;1;823;0;629;12;128;872;15;39;78;146;195;123;1;7;38;53;46;33;0;5;17;7;0;0
40511;Scharten;1085;800;1162;791;2129;564;169;55;3;5;3;5;1;14;17;248;1;115;35;64;63;119;143;132;58;62;134;107;50;3;129;73;82;217;383;127;46;27;1;726;44;1;0;3;7;9;1;0;0;9;2;0;0;282;1;621;28;101;335;24;46;75;176;151;92;5;18;52;51;25;18;12;5;21;14;3;0
40512;Stroheim;845;554;760;544;2039;400;127;16;1;4;3;1;2;7;6;278;0;46;18;60;78;129;139;98;51;48;42;87;47;2;101;53;35;134;283;140;83;16;0;522;13;2;0;1;5;1;0;0;0;8;2;0;0;291;0;444;9;61;331;20;28;65;101;106;80;3;6;13;37;30;38;0;0;9;6;1;0
40601;Freistadt;2659;1939;4541;1842;8458;1132;377;325;8;28;55;80;15;116;67;456;0;290;95;250;261;330;329;322;192;148;172;165;105;0;299;129;214;588;876;309;143;101;0;1433;205;54;5;6;76;54;4;3;2;83;18;0;0;716;0;1494;19;324;822;28;91;278;304;323;108;9;47;139;95;50;37;22;70;117;68;41;7
40602;Grünbach;773;599;903;589;1475;387;166;35;1;2;4;3;0;13;3;159;0;61;17;56;54;98;118;79;43;48;49;65;85;0;81;25;24;133;280;116;94;20;0;550;33;2;0;1;3;0;0;0;0;7;3;0;0;174;0;449;13;111;200;14;28;55;139;97;54;6;7;43;49;32;29;0;10;15;9;1;0
40603;Gutau;1045;887;1274;865;1836;653;165;46;1;7;6;8;3;17;10;128;1;137;27;92;87;125;131;131;60;41;43;74;68;29;65;21;55;223;392;131;106;51;1;816;40;4;0;1;2;2;0;0;0;19;4;0;0;156;1;667;18;159;201;24;72;125;186;145;101;5;11;59;41;21;28;1;9;23;9;4;0
40604;Hagenberg im Mühlkreis;1107;962;1707;954;2801;675;207;64;8;5;13;8;1;10;10;106;0;80;29;38;99;122;138;163;45;88;80;118;105;2;54;38;91;302;431;99;61;31;0;881;43;12;5;8;1;3;0;1;0;10;3;0;0;140;0;739;13;170;185;13;52;152;250;164;44;6;23;63;62;37;16;2;9;23;15;10;5
40605;Hirschbach im Mühlkreis;601;378;521;370;1340;254;105;11;0;8;2;3;3;28;10;177;0;110;8;39;37;70;74;80;39;27;23;54;37;3;94;26;29;76;169;90;95;22;0;355;9;0;0;0;4;2;0;0;0;7;1;0;0;223;0;324;8;25;244;7;21;26;61;86;53;2;4;20;29;20;30;0;2;8;1;0;0
40606;Kaltenberg;214;170;246;164;404;107;49;8;0;2;2;1;0;8;3;34;0;14;3;25;23;28;23;27;10;8;20;24;9;0;15;7;11;29;66;39;44;3;0;154;8;0;0;0;2;0;0;0;0;5;1;0;0;44;0;127;7;27;53;3;15;16;26;31;16;0;4;12;14;10;9;0;3;3;2;0;0
40607;Kefermarkt;1021;693;1042;676;2145;469;160;47;0;1;6;9;2;38;12;277;0;89;38;46;78;106;148;122;73;113;52;84;72;0;143;49;70;161;342;112;91;53;0;623;42;2;0;0;6;3;0;0;0;15;2;0;0;328;0;571;21;73;356;9;40;88;145;121;66;2;15;37;50;31;25;0;9;28;8;2;0
40608;Königswiesen;1117;929;1321;894;1992;606;247;41;0;21;8;19;6;30;16;123;0;86;39;121;116;153;188;128;49;86;59;63;28;1;51;37;58;185;417;211;136;22;0;852;38;1;0;0;1;2;0;0;0;34;1;0;0;188;0;683;25;148;261;26;60;138;167;137;78;11;9;53;61;65;48;2;11;25;2;1;0
40609;Lasberg;1244;922;1368;904;2502;565;291;47;1;7;9;3;1;34;9;277;0;122;27;76;104;181;163;146;97;102;84;70;70;2;126;69;91;238;419;137;123;41;0;844;43;2;0;1;12;2;0;0;0;16;3;0;0;321;0;747;28;98;371;26;46;114;193;124;62;6;21;78;87;65;34;4;16;22;5;0;0
40610;Leopoldschlag;447;351;525;346;785;220;108;17;1;3;9;4;1;21;4;59;0;119;8;33;23;47;58;43;18;26;16;34;22;0;21;17;14;77;167;70;59;22;0;326;16;1;0;1;2;0;0;0;0;6;0;0;0;95;0;278;11;29;129;6;34;44;61;53;22;6;10;24;27;21;20;5;5;5;2;0;0
40611;Liebenau;1216;583;824;570;1720;398;148;23;1;11;5;7;1;42;12;564;4;59;13;88;136;141;172;169;100;92;75;97;58;16;170;82;74;165;295;276;126;24;4;541;19;0;0;1;5;4;0;0;0;13;1;0;0;628;4;386;41;104;685;24;63;70;76;93;72;7;6;16;39;33;47;2;4;10;7;0;0
40612;Neumarkt im Mühlkreis;1353;1046;1522;1017;2684;749;216;50;2;2;8;7;1;42;12;264;0;225;35;67;107;147;191;182;72;77;102;81;64;3;142;56;89;291;431;148;162;34;0;954;42;7;0;2;11;1;0;0;0;26;3;0;0;307;0;826;28;131;368;21;74;140;248;179;87;9;13;60;57;41;36;2;11;19;12;6;0
40613;Pierbach;452;314;411;302;855;234;60;8;0;5;3;7;2;5;4;124;0;51;9;42;34;31;58;42;14;38;48;62;22;1;36;30;26;76;151;73;56;4;0;293;8;0;0;0;1;0;0;0;0;12;0;0;0;138;0;231;10;52;159;12;14;37;60;64;47;1;4;9;13;19;14;0;2;3;3;0;0
40614;Pregarten;1719;1483;2842;1438;4026;948;337;150;3;6;22;24;3;39;31;156;0;144;45;122;173;288;240;188;94;128;128;107;58;4;71;65;100;400;706;203;124;50;0;1275;114;22;3;3;10;10;1;0;0;40;5;1;0;235;0;1194;21;198;306;31;83;191;313;243;87;7;29;82;107;69;43;10;16;66;34;22;2
40615;Rainbach im Mühlkreis;1202;909;1390;892;2242;594;250;47;1;9;9;8;1;31;13;239;0;152;38;92;78;143;127;143;57;75;73;107;116;1;134;31;41;176;429;176;149;66;0;835;43;2;1;0;9;1;0;0;1;14;3;0;0;293;0;737;22;91;352;17;55;115;182;181;44;8;21;59;70;50;42;3;6;22;12;4;0
40616;Sandl;904;540;727;537;1710;410;106;20;1;2;5;6;1;14;13;326;0;86;12;85;92;118;119;90;50;42;41;103;66;0;165;49;67;151;271;160;36;5;0;509;17;2;0;1;7;1;0;0;0;3;0;0;0;364;0;406;30;46;422;26;52;77;103;99;53;1;10;28;28;23;16;0;5;11;4;0;0
40617;St. Leonhard bei Freistadt;623;508;736;498;1025;314;168;15;1;7;2;4;3;9;4;95;1;73;19;58;47;99;98;55;36;38;18;36;44;2;55;24;40;120;202;105;74;2;1;479;14;0;0;1;3;1;0;0;0;8;3;0;0;113;1;318;39;101;165;20;52;81;96;51;14;10;19;56;41;34;8;0;5;9;1;0;0
40618;St. Oswald bei Freistadt;1293;964;1397;941;2437;656;247;38;0;10;12;10;3;28;11;276;2;210;37;68;72;136;113;118;68;110;121;130;106;4;162;50;77;262;446;190;90;14;2;897;35;1;0;0;6;2;0;0;0;17;6;0;0;327;2;796;20;85;392;16;60;117;174;221;68;4;13;73;76;52;29;1;11;15;10;1;0
40619;Schönau im Mühlkreis;915;607;952;592;1956;337;193;61;1;6;8;4;1;28;12;264;0;89;24;61;53;100;106;82;75;85;111;101;23;5;116;40;54;119;305;151;109;21;0;521;61;0;0;1;9;0;0;0;0;16;0;0;0;307;0;489;11;58;357;29;41;51;80;104;32;18;8;49;58;38;22;6;21;31;3;0;0
40620;Tragwein;1262;916;1520;891;2432;558;266;67;0;7;14;7;2;64;14;263;0;152;40;69;98;141;170;115;80;81;85;154;77;0;144;48;59;232;409;167;136;67;0;811;57;4;1;0;13;3;1;1;0;22;3;0;0;346;0;723;27;122;390;13;49;84;189;138;85;9;25;68;69;65;30;7;12;31;13;3;1
40621;Unterweißenbach;1186;645;919;627;2694;458;132;34;3;22;7;10;4;26;21;469;0;50;28;95;123;149;160;102;54;98;110;136;81;0;246;88;67;162;313;173;116;21;0;582;30;2;0;3;8;2;0;0;0;17;3;1;0;538;0;449;23;131;583;8;35;64;75;126;150;4;11;30;31;20;36;5;5;19;4;1;0
40622;Unterweitersdorf;906;729;1067;720;2383;535;153;32;0;5;4;10;0;9;9;149;0;36;8;32;58;128;153;163;106;69;68;54;31;0;96;31;63;226;363;74;39;14;0;682;16;6;0;0;6;10;0;0;0;8;1;0;0;177;0;618;21;51;216;7;12;48;107;193;168;0;5;15;44;42;47;0;5;12;13;2;0
40623;Waldburg;584;492;677;487;1065;335;134;18;0;1;5;0;1;11;4;75;0;81;15;47;36;50;84;51;38;43;43;68;26;2;41;16;22;81;241;94;70;19;0;467;16;0;0;0;2;2;0;0;0;5;0;0;0;92;0;395;10;58;121;10;24;63;106;108;24;4;22;44;34;20;10;1;7;9;1;0;0
40624;Wartberg ob der Aist;1604;1408;2071;1393;2639;1084;227;79;3;4;8;9;0;15;5;169;1;145;23;43;115;209;269;253;116;103;178;89;60;1;118;57;105;465;585;162;74;37;1;1304;68;10;0;3;7;0;1;0;0;15;2;0;0;193;1;1146;22;176;260;22;122;227;404;250;59;6;17;74;63;44;23;4;13;34;21;7;0
40625;Weitersfelden;529;395;536;381;1007;294;72;15;0;3;5;7;1;13;9;110;0;117;17;37;40;53;55;56;17;42;39;33;22;1;23;32;35;83;182;101;69;4;0;361;14;0;0;0;5;1;0;0;0;13;1;0;0;134;0;265;30;58;176;14;28;54;66;89;43;1;0;14;17;20;20;0;2;7;6;0;0
40626;Windhaag bei Freistadt;752;521;754;511;1379;325;169;17;0;4;5;5;0;17;16;194;0;108;20;67;57;81;85;50;36;28;40;84;96;0;114;28;49;79;242;111;106;23;0;490;16;0;0;0;4;1;0;0;0;9;1;0;0;231;0;425;11;52;264;15;28;60;94;81;47;2;8;53;51;27;28;0;5;10;2;0;0
40627;Bad Zell;1025;894;1307;861;1997;610;189;59;3;9;7;16;1;29;11;91;0;146;42;78;85;98;155;105;59;61;60;93;43;0;37;38;61;188;365;129;140;67;0;797;55;1;0;3;2;1;2;0;0;32;3;0;0;129;0;706;28;118;173;22;53;125;153;183;74;8;18;49;51;29;34;6;23;21;6;3;0
40701;Altmünster;4778;3311;6633;3195;12444;1879;930;362;24;36;23;25;3;117;43;1324;12;486;170;367;515;568;492;399;463;330;387;367;216;18;904;335;402;1073;1313;508;180;51;12;2754;293;31;20;24;55;13;4;1;0;106;25;1;1;1438;12;1992;225;814;1747;109;240;398;485;416;231;86;145;334;235;85;45;25;102;124;56;42;13
40702;Bad Goisern am Hallstättersee;3251;2820;4358;2738;5868;2058;508;167;5;40;18;47;9;119;30;250;0;631;141;207;367;461;370;320;146;172;141;201;94;0;157;264;511;1207;845;169;54;44;0;2538;138;11;3;4;28;13;1;1;1;77;6;1;0;429;0;1953;144;481;673;122;310;408;572;411;235;32;79;188;115;58;36;17;53;62;26;7;2
40703;Bad Ischl;5071;4094;10144;3988;12955;2329;925;710;24;51;57;78;8;118;88;657;26;1010;241;395;645;616;532;394;194;210;187;351;269;27;430;383;751;1615;1201;429;157;79;26;3229;505;98;33;23;25;53;13;8;1;78;37;2;0;940;26;2633;182;980;1276;109;351;512;715;443;199;106;207;348;178;57;29;79;195;215;109;77;35
40704;Ebensee am Traunsee;3078;2271;4567;2208;6356;1325;573;300;10;48;28;38;11;73;44;607;21;466;216;293;324;356;287;232;128;211;177;212;105;71;443;248;435;916;689;232;59;35;21;1882;235;36;5;8;16;22;0;2;2;56;14;0;0;779;21;1580;78;456;964;59;179;285;398;289;115;42;126;223;132;34;16;41;88;79;63;22;7
40705;Gmunden;3432;2965;8782;2834;10288;1709;370;747;8;46;118;116;11;146;59;102;0;795;233;394;534;332;289;286;187;145;73;83;79;2;62;127;369;868;1030;553;268;155;0;2034;497;122;25;7;45;75;20;8;1;98;35;2;1;462;0;1577;170;1008;677;32;193;363;473;352;296;15;52;124;94;42;43;28;155;236;157;145;26
40706;Gosau;1202;716;1246;674;2129;383;220;70;1;52;8;10;4;15;12;427;0;245;58;101;82;125;112;119;69;83;90;61;55;2;207;162;188;341;217;65;13;9;0;596;64;2;2;0;7;1;1;0;1;35;7;0;0;486;0;373;66;193;570;15;22;43;67;87;149;9;18;32;55;38;68;3;23;31;10;3;0
40707;Grünau im Almtal;1133;911;1408;876;1758;640;173;63;0;32;6;6;2;22;8;173;8;190;48;118;159;164;95;32;46;42;41;96;47;55;116;88;130;336;309;106;33;7;8;813;53;7;0;0;0;3;0;0;0;34;1;0;0;214;8;565;90;151;327;63;110;122;157;127;61;21;26;67;37;12;10;7;21;19;10;6;0
40708;Gschwandt;1323;926;1350;907;2710;642;213;52;0;4;10;7;0;40;12;343;0;77;14;81;133;152;142;117;82;99;122;187;116;1;193;116;115;287;419;119;53;21;0;849;51;0;0;0;6;1;0;0;0;15;4;0;0;397;0;687;14;183;439;17;45;115;183;198;84;2;13;56;65;43;34;2;17;18;15;0;0
40709;Hallstatt;522;374;650;346;875;204;99;42;1;33;3;15;2;14;22;87;0;189;32;63;36;37;48;17;13;14;28;32;13;0;73;85;93;116;79;50;17;9;0;294;36;2;0;1;9;4;0;0;0;26;3;0;0;147;0;159;52;99;212;36;37;49;43;25;14;20;18;31;23;6;1;10;15;12;5;0;0
40710;Kirchham;1303;745;1138;727;2411;499;181;46;1;4;7;11;5;31;9;509;0;157;22;72;54;145;161;97;73;96;131;205;90;0;227;119;92;220;313;175;117;40;0;676;39;3;1;1;4;3;0;0;0;18;1;0;0;557;0;553;20;108;622;33;37;104;138;121;66;3;12;49;57;33;27;1;7;26;7;5;0
40711;Laakirchen;3379;2456;4910;2399;7738;1558;536;300;5;17;55;29;3;134;33;704;5;263;167;331;356;379;365;410;176;323;257;220;123;9;511;154;229;819;1000;360;207;94;5;2076;245;30;10;3;18;14;0;1;2;47;12;0;0;916;5;1806;35;501;1037;28;133;379;545;354;119;24;70;184;130;79;49;14;63;121;70;22;10
40712;Obertraun;557;349;595;326;894;202;98;26;0;88;3;2;11;23;10;92;2;41;39;56;70;51;58;47;37;25;63;44;24;2;67;67;105;141;118;41;5;11;2;295;25;0;1;0;5;0;0;0;0;21;2;0;0;206;2;183;48;90;236;16;47;34;56;34;15;19;20;36;16;5;2;7;10;6;2;0;1
40713;Ohlsdorf;2350;1784;2725;1769;3942;1260;398;109;2;6;18;6;3;57;16;475;0;166;36;117;176;288;333;275;174;159;231;232;163;0;368;130;222;652;665;149;125;39;0;1644;96;11;0;2;14;0;2;0;0;15;1;0;0;565;0;1298;50;374;628;18;98;233;438;335;138;21;53;143;98;53;30;10;25;39;21;14;0
40714;Pinsdorf;1684;1266;2339;1236;3186;854;262;119;1;5;8;19;4;57;6;349;0;80;49;136;179;185;243;152;77;93;144;198;147;1;262;103;211;454;452;128;51;23;0;1114;96;19;2;1;2;0;2;0;0;27;4;0;0;417;0;878;31;270;505;25;108;203;254;179;85;14;42;89;85;22;10;9;21;30;44;13;2
40715;Roitham am Traunfall;922;654;1010;642;1431;448;139;54;1;2;8;5;3;29;7;226;0;110;34;80;77;91;94;81;55;36;76;82;106;0;134;51;74;201;254;125;63;20;0;585;51;1;0;1;2;1;1;0;0;10;2;0;0;268;0;477;7;140;298;15;55;73;124;95;86;5;12;41;33;22;26;4;18;21;10;1;0
40716;St. Konrad;565;354;534;343;1093;209;114;20;0;6;2;6;1;18;3;186;0;36;12;16;36;62;89;56;32;45;55;77;48;1;103;38;33;114;153;82;38;4;0;320;18;0;0;0;3;2;0;0;0;10;1;0;0;211;0;265;5;75;220;7;14;39;68;49;32;4;6;32;37;21;14;0;7;12;1;0;0
40717;St. Wolfgang im Salzkammergut;1403;1015;1841;949;2640;624;211;110;4;63;5;20;6;57;16;285;2;234;69;106;141;198;159;103;26;59;56;181;66;5;175;109;151;359;382;159;52;14;2;830;93;11;0;4;5;4;2;0;0;51;13;1;2;385;2;585;88;237;493;56;101;109;138;137;83;30;33;65;44;22;17;22;36;33;12;6;1
40718;Traunkirchen;801;768;1266;749;1343;545;140;64;0;9;6;4;2;8;5;15;3;137;59;91;123;126;108;63;23;22;22;15;9;3;23;51;100;251;268;72;27;6;3;681;52;9;2;0;4;1;0;0;0;14;5;0;0;30;3;362;132;185;122;30;119;102;133;87;74;16;18;50;33;17;6;5;17;23;11;8;0
40719;Scharnstein;2548;1759;2691;1713;5500;1219;370;119;5;11;32;23;2;79;29;659;0;283;85;156;216;350;278;296;146;185;157;241;154;1;403;166;214;619;761;230;109;46;0;1571;99;9;0;1;18;10;1;0;4;45;2;0;1;787;0;1215;88;307;938;65;151;244;365;279;115;15;47;120;105;44;39;6;41;49;19;4;0
40720;Vorchdorf;3479;2251;3747;2184;7195;1565;445;173;1;19;29;39;11;126;31;1040;0;368;69;232;295;403;444;384;182;249;298;317;218;20;623;225;268;652;1031;362;217;101;0;1980;134;25;4;1;30;7;2;1;0;56;10;1;0;1228;0;1699;37;403;1340;34;147;290;503;399;192;11;49;121;141;72;51;6;47;58;38;21;3
40801;Aistersheim;505;309;456;305;1104;224;66;15;0;1;3;3;0;8;8;177;0;45;16;45;31;47;57;78;27;29;28;71;31;0;92;36;27;89;148;58;32;23;0;284;10;3;0;0;6;2;0;0;0;4;0;0;0;196;0;259;1;35;210;7;9;22;66;84;36;0;7;18;20;14;7;1;6;4;2;1;1
40802;Bad Schallerbach;1088;1030;2589;988;3058;688;145;150;5;25;10;13;2;12;20;18;0;43;55;147;154;192;107;118;38;45;107;63;19;0;12;39;150;287;375;136;56;33;0;825;87;29;15;5;8;15;3;1;0;31;12;0;0;57;0;691;29;250;118;15;50;181;193;174;75;5;14;61;28;19;18;8;24;49;28;27;14
40804;Eschenau im Hausruckkreis;392;322;423;316;632;225;87;4;0;2;2;1;0;5;3;63;0;57;16;24;32;67;49;33;30;17;12;20;35;0;20;9;9;50;150;109;42;3;0;311;4;0;0;0;1;0;0;0;0;5;1;0;0;70;0;272;3;26;91;6;22;35;63;59;40;1;10;18;28;19;11;0;0;4;0;0;0
40805;Gallspach;797;741;1579;707;1840;466;125;110;6;20;6;13;1;18;5;25;2;46;85;102;93;98;72;76;43;36;26;28;29;63;24;34;87;216;304;86;28;16;2;588;92;8;1;6;3;6;2;1;0;29;6;1;1;51;2;520;16;162;99;13;67;112;152;84;38;8;25;43;26;17;6;6;33;37;28;6;0
40806;Gaspoltshofen;1451;1143;1577;1114;2530;918;147;40;9;12;20;14;1;84;18;188;0;274;70;104;105;144;141;137;72;92;110;91;110;1;89;54;94;354;517;163;128;52;0;1060;28;7;1;9;5;3;0;1;0;33;3;0;0;301;0;875;19;177;380;27;95;124;289;254;129;4;11;38;41;30;23;6;11;8;10;4;1
40807;Geboltskirchen;857;530;762;514;1437;369;120;24;1;7;4;6;3;25;7;291;0;96;32;83;57;113;59;70;36;84;106;55;66;0;145;55;49;173;259;126;40;10;0;484;22;1;0;1;5;0;1;0;0;15;2;0;0;326;0;384;13;76;384;22;38;60;108;80;61;5;10;44;20;18;23;4;5;10;5;0;0
40808;Grieskirchen;1663;1267;2943;1164;4112;802;179;179;4;13;55;85;8;93;46;199;0;168;101;186;215;215;170;147;124;91;51;84;109;2;141;56;98;352;545;290;106;75;0;961;105;32;9;3;20;24;8;1;1;88;16;1;0;394;0;871;28;275;489;12;54;145;252;207;132;5;29;58;52;23;12;15;32;48;45;29;10
40809;Haag am Hausruck;1027;762;1138;735;1729;556;131;47;1;10;14;15;3;42;13;195;0;119;34;108;82;110;85;91;34;100;57;113;94;0;149;56;103;228;266;134;45;46;0;683;40;3;0;1;4;4;0;0;0;25;2;0;0;265;0;571;15;131;310;11;56;112;151;145;81;10;24;38;32;19;8;7;18;9;12;1;0
40810;Heiligenberg;294;230;297;226;496;172;49;5;0;1;3;0;0;5;7;52;0;55;12;15;12;36;21;22;13;18;17;33;39;1;19;13;17;38;124;57;21;5;0;219;4;0;0;0;2;1;0;0;0;4;0;0;0;64;0;203;2;20;69;0;9;20;47;52;44;0;0;8;17;10;14;0;1;3;1;0;0
40811;Hofkirchen an der Trattnach;1349;570;827;555;2479;426;98;29;2;2;8;2;4;43;10;725;0;110;53;184;91;130;119;171;98;117;105;105;66;0;351;93;96;216;353;145;65;30;0;511;23;2;0;2;13;4;0;0;0;12;4;0;0;778;0;443;7;72;827;9;20;53;94;148;102;0;2;19;30;22;25;2;11;7;7;2;0
40812;Kallham;1161;865;1205;854;1881;651;175;28;0;5;6;7;0;52;12;225;0;118;86;103;120;144;116;88;62;57;74;103;90;0;136;42;97;271;406;140;48;21;0;822;20;7;0;0;4;1;0;0;0;11;0;0;0;296;0;693;4;90;374;26;82;123;181;156;83;13;23;49;33;32;25;4;4;8;7;5;0
40813;Kematen am Innbach;675;454;638;442;1163;333;84;24;1;2;6;9;3;14;6;193;0;95;20;31;40;53;58;65;54;44;47;99;69;0;139;33;43;126;208;63;52;11;0;415;22;1;0;1;2;1;0;0;0;10;3;0;0;220;0;339;6;88;242;5;21;65;109;94;39;0;8;28;29;6;13;0;10;13;1;0;0
40814;Meggenhofen;573;489;663;484;968;383;77;22;2;3;4;6;1;8;9;58;0;73;24;35;43;86;62;48;44;45;57;41;14;1;17;13;39;137;233;89;33;12;0;460;18;1;0;2;0;3;0;0;0;6;1;0;0;82;0;427;2;32;112;5;23;68;109;97;81;2;1;11;23;17;23;2;4;8;7;1;0
40815;Michaelnbach;548;462;579;449;842;367;74;7;1;3;3;3;0;9;5;75;1;64;27;43;36;62;55;62;33;27;32;49;56;2;21;21;25;127;217;87;29;20;1;441;7;0;0;0;0;0;0;0;1;13;0;0;0;85;1;348;5;53;142;7;57;55;109;88;51;5;6;20;26;12;5;1;1;1;4;0;0
40816;Natternbach;1210;755;1099;730;1895;478;224;27;1;21;11;12;2;33;18;382;1;61;48;97;90;147;112;96;43;61;107;204;143;1;252;49;68;173;363;222;64;18;1;698;23;2;0;1;4;2;0;0;0;21;4;0;0;454;1;598;14;75;523;18;49;85;133;108;85;5;14;73;50;41;41;3;6;16;0;2;0
40817;Neukirchen am Walde;916;550;792;516;1613;374;123;19;0;7;7;10;1;52;12;311;0;108;33;86;113;128;97;63;35;49;56;69;61;18;158;58;54;176;260;154;49;7;0;475;15;2;0;0;22;2;0;0;0;33;1;0;0;366;0;429;17;53;417;8;23;66;119;96;62;3;8;37;27;24;24;0;6;9;2;2;0
40818;Neumarkt im Hausruckkreis;555;462;876;418;1087;318;51;49;0;3;13;21;3;64;8;24;1;66;44;89;87;89;41;41;10;35;7;20;24;2;20;29;71;138;148;93;37;18;1;368;38;9;0;0;1;1;1;0;0;35;8;0;1;92;1;336;12;55;152;4;32;73;108;65;36;7;8;20;10;1;5;2;9;15;15;6;2
40820;Pötting;207;182;231;180;306;137;40;3;0;2;2;0;1;5;2;15;0;27;2;19;26;19;23;24;10;17;11;9;10;10;8;7;8;49;88;32;8;7;0;177;3;0;0;0;0;0;0;0;0;2;0;0;0;25;0;154;1;18;34;1;12;25;35;44;20;1;6;14;9;6;4;1;0;2;0;0;0
40821;Pollham;415;347;479;342;719;264;67;11;0;2;2;0;0;4;3;62;0;63;10;27;17;42;28;45;26;15;30;58;54;0;20;16;20;71;189;49;28;22;0;329;9;2;0;0;2;0;0;0;0;3;2;0;0;68;0;270;4;43;98;6;15;50;68;87;38;3;2;19;18;14;11;0;3;3;2;3;0
40822;Pram;778;627;803;615;1204;507;87;20;1;3;2;5;2;22;11;118;0;168;37;57;83;98;93;57;24;32;25;37;52;15;44;39;66;238;283;86;14;8;0;591;18;2;0;1;3;0;0;0;0;10;3;0;0;150;0;456;13;127;182;37;69;93;131;109;68;6;12;22;22;13;12;1;8;7;4;0;0
40823;Rottenbach;539;403;566;393;932;308;67;17;1;3;5;4;1;20;8;105;0;88;23;37;24;33;29;68;53;39;44;56;44;1;39;34;29;100;208;77;40;12;0;372;12;4;0;1;3;1;0;0;0;8;2;0;0;136;0;304;8;47;180;12;25;60;74;87;50;3;5;27;13;8;11;2;2;9;3;1;0
40824;St. Agatha;1007;668;901;651;2362;487;146;17;1;8;2;4;1;31;15;295;0;58;22;88;134;184;159;142;52;39;42;59;27;1;76;51;50;134;408;192;81;15;0;607;14;0;0;1;26;3;0;0;0;14;2;1;0;339;0;543;13;86;365;17;18;66;108;143;135;2;8;22;35;44;35;3;2;10;2;0;0
40825;St. Georgen bei Grieskirchen;563;405;604;402;878;304;73;25;0;2;3;2;0;21;6;125;2;63;9;23;41;46;43;76;51;46;54;64;44;3;86;18;20;94;212;74;29;28;2;376;21;4;0;0;1;0;0;0;0;3;0;0;0;156;2;327;5;55;176;4;17;46;103;79;55;3;4;24;25;6;11;3;5;9;5;3;0
40826;St. Thomas;254;194;243;193;417;155;31;7;0;1;1;0;0;7;3;47;2;16;7;19;16;21;22;21;9;20;47;28;24;4;20;12;14;38;120;33;11;4;2;186;5;0;0;0;0;2;0;0;0;1;0;0;0;58;2;168;1;14;71;4;12;18;50;45;26;2;2;8;10;5;4;1;4;2;0;0;0
40827;Schlüßlberg;2030;1043;1585;1016;3564;748;220;45;3;9;10;23;3;41;11;917;0;136;36;111;184;209;169;255;177;433;123;128;69;0;669;143;138;389;412;140;89;50;0;958;34;10;1;1;10;0;0;0;2;23;7;0;0;984;0;753;27;184;1066;20;106;181;211;150;80;8;25;69;70;28;20;3;7;12;12;10;1
40828;Steegen;462;346;430;349;650;265;73;4;7;1;5;1;0;15;4;87;0;48;15;34;38;52;69;51;14;17;29;49;46;0;44;21;23;86;182;65;34;7;0;337;4;0;0;7;1;0;0;0;0;4;0;0;0;109;0;311;4;21;126;6;16;36;84;57;66;1;3;17;19;11;22;0;0;3;1;0;0
40829;Taufkirchen an der Trattnach;1531;689;931;677;2961;491;167;19;0;3;14;7;2;51;22;755;0;182;39;109;129;179;162;332;72;88;101;93;43;2;378;103;115;274;366;153;96;46;0;647;18;0;0;0;11;1;0;0;0;12;0;0;0;842;0;501;8;120;902;9;40;69;134;144;95;4;9;57;44;33;20;2;4;8;5;0;0
40830;Tollet;576;320;418;317;928;245;63;8;1;0;0;0;0;10;3;246;0;36;14;24;48;50;73;87;33;45;62;49;55;0;136;27;26;81;192;70;30;14;0;307;7;1;0;0;1;0;0;0;1;3;1;0;0;255;0;252;5;45;274;4;14;38;48;94;47;0;5;18;21;12;7;1;2;3;1;1;0
40831;Waizenkirchen;1702;1157;1799;1118;3571;806;260;52;0;7;13;16;7;73;19;449;0;178;61;143;164;203;172;149;91;75;96;202;165;3;199;87;92;310;574;226;151;63;0;1058;36;9;2;0;8;5;0;0;0;35;3;1;0;545;0;909;14;181;598;22;90;124;206;235;129;6;32;63;65;39;55;2;9;16;15;9;1
40832;Wallern an der Trattnach;1386;1062;1592;1033;2536;772;186;74;1;6;6;15;1;66;11;246;2;83;33;94;133;180;170;168;83;133;98;146;62;3;159;89;116;288;465;159;61;47;2;933;64;6;0;1;25;4;0;0;0;25;4;0;0;322;2;798;16;182;390;19;76;178;249;161;89;12;23;57;59;23;12;6;20;29;14;5;0
40833;Weibern;796;595;793;576;1316;455;103;18;0;4;1;9;2;25;7;172;0;96;31;60;61;95;68;44;49;45;77;90;51;29;103;41;67;177;271;84;35;18;0;558;15;1;0;0;0;1;1;0;0;18;1;0;0;201;0;434;13;96;253;10;26;85;140;142;52;1;10;27;38;18;9;0;2;13;2;1;0
40834;Wendling;384;300;390;293;844;221;68;4;0;5;3;1;0;3;8;71;0;48;14;26;27;36;37;52;21;29;26;31;37;0;32;17;23;71;178;55;6;2;0;281;4;0;0;0;8;0;0;0;0;6;1;0;0;84;0;226;2;43;113;1;10;15;55;113;27;0;3;17;29;14;5;0;2;1;1;0;0
40835;Peuerbach;2407;1542;2304;1489;4788;1131;252;105;1;5;20;46;4;97;27;719;0;265;108;188;235;273;266;251;120;209;197;195;96;4;369;121;131;425;796;383;126;56;0;1341;81;5;0;0;42;18;1;0;1;45;9;0;0;864;0;1280;30;127;970;17;87;148;265;341;273;12;33;71;69;25;42;5;24;47;24;5;0
40901;Edlbach;267;246;386;234;502;181;33;20;0;12;0;0;1;3;1;16;0;26;8;13;28;49;48;26;18;24;14;10;2;1;9;19;17;75;100;32;12;3;0;209;17;2;1;0;5;0;0;0;0;11;1;0;0;21;0;143;25;55;44;9;19;36;48;46;23;4;3;17;7;2;0;1;8;7;2;1;1
40902;Grünburg;1899;1226;1860;1193;3439;874;206;107;6;10;13;32;4;44;21;582;0;348;49;147;164;201;180;109;95;93;172;258;82;1;396;148;158;410;448;180;114;45;0;1052;95;4;0;4;28;8;0;0;2;32;5;0;0;669;0;903;37;191;768;50;154;182;221;173;94;10;22;62;59;25;28;8;29;47;21;1;1
40903;Hinterstoder;755;646;956;600;1237;487;74;38;1;47;8;7;1;12;3;76;1;104;32;77;104;141;109;47;34;16;24;35;12;20;41;73;95;236;212;66;23;8;1;559;32;2;0;1;2;2;1;1;0;40;6;0;0;108;1;191;230;129;205;41;93;129;99;74;51;7;6;27;19;10;5;5;13;8;10;2;0
40904;Inzersdorf im Kremstal;687;608;953;597;1329;393;159;45;0;7;2;5;0;29;7;38;2;123;5;33;55;118;105;64;10;47;62;33;30;2;23;14;45;164;231;105;87;16;2;551;40;4;0;0;1;1;0;0;0;8;3;0;0;77;2;433;17;130;107;19;48;86;115;88;37;4;12;47;62;23;11;1;12;25;5;2;0
40905;Kirchdorf an der Krems;1025;843;2685;790;3331;445;123;218;4;8;38;53;5;43;29;59;0;133;44;139;140;120;93;65;91;58;54;48;35;5;53;33;84;242;337;172;48;56;0;540;130;50;9;4;28;23;5;1;0;43;13;0;0;179;0;534;20;268;203;9;42;89;113;120;72;6;12;49;35;12;9;8;40;54;70;37;9
40906;Klaus an der Pyhrnbahn;704;448;687;431;1212;337;72;22;0;13;3;5;2;40;11;199;0;134;29;46;59;65;51;135;33;22;35;49;45;1;158;49;77;166;170;54;24;6;0;404;17;3;0;0;5;2;0;0;0;13;3;0;1;256;0;284;111;86;223;20;47;85;82;73;30;4;16;22;20;6;4;3;5;6;5;3;0
40907;Kremsmünster;2679;1689;3507;1601;7129;922;431;241;7;14;47;40;10;194;69;703;1;324;39;225;273;273;368;256;95;229;155;246;186;10;433;110;169;486;708;385;216;171;1;1319;175;36;2;7;34;22;5;1;0;76;15;1;0;985;1;1239;24;330;1086;22;67;170;256;255;152;14;40;138;113;66;60;14;59;81;48;37;2
40908;Micheldorf in Oberösterreich;2470;1782;3044;1754;4664;1218;344;183;9;14;17;24;9;64;18;570;0;274;36;167;230;290;253;266;165;137;99;288;259;6;395;138;182;566;755;267;120;47;0;1544;156;13;1;8;18;11;2;0;1;27;6;1;0;682;0;1289;41;371;769;49;139;214;361;323;132;19;48;105;96;57;19;14;47;67;44;10;1
40909;Molln;1461;1240;1845;1211;2433;894;253;62;2;12;17;10;0;39;30;140;2;243;34;141;157;194;228;85;66;64;85;94;68;2;99;63;130;331;506;212;96;22;2;1128;52;7;1;1;19;2;0;0;1;24;4;1;0;219;2;830;58;254;319;76;107;196;241;185;89;15;37;91;60;34;16;7;18;17;14;5;1
40910;Nußbach;1452;721;1122;708;3365;463;193;52;0;5;9;4;0;53;7;663;3;98;12;66;82;174;164;139;69;158;148;185;150;7;389;91;79;227;341;150;114;58;3;646;42;4;0;0;10;6;0;0;0;10;3;0;0;728;3;559;10;104;779;21;31;67;137;122;85;2;10;39;54;40;48;2;11;22;14;3;0
40911;Oberschlierbach;214;180;237;179;325;139;30;10;0;0;1;0;2;0;2;30;0;41;2;7;19;43;36;17;6;11;14;14;2;2;21;6;17;44;61;32;33;0;0;168;10;0;0;0;1;0;0;0;0;1;0;0;0;34;0;123;13;33;45;9;23;28;33;30;16;1;1;5;11;6;6;1;4;4;0;1;0
40912;Pettenbach;2797;2007;2833;1916;4898;1506;298;111;1;16;22;22;5;181;29;606;0;310;57;148;194;389;515;226;95;168;188;340;163;4;412;402;257;481;656;290;233;66;0;1784;92;5;3;1;20;11;0;0;0;82;8;1;0;790;0;1301;82;288;1126;246;236;138;232;310;344;13;25;61;74;59;66;7;38;38;23;4;1
40913;Ried im Traunkreis;1456;802;1338;770;3475;539;147;81;3;5;16;9;2;68;11;575;0;148;22;91;102;152;175;163;78;165;130;149;80;1;250;95;78;185;387;233;161;67;0;679;69;6;0;2;7;6;0;0;1;26;7;0;0;653;0;594;12;151;699;12;36;90;130;159;112;2;11;26;52;23;33;1;15;33;27;5;0
40914;Rosenau am Hengstpaß;378;295;430;291;567;233;35;21;2;12;6;2;0;21;3;42;1;58;27;70;39;70;35;22;16;7;8;17;8;1;21;39;59;92;116;33;8;9;1;268;20;1;0;2;0;0;0;0;0;5;1;0;0;80;1;147;46;56;129;19;62;52;38;37;25;7;7;11;7;1;2;3;9;6;2;1;0
40915;Roßleithen;780;715;1077;689;1330;492;145;52;0;13;2;2;2;33;4;34;1;105;26;71;83;121;141;64;49;37;39;34;6;4;20;40;81;239;299;74;23;3;1;633;49;2;1;0;4;0;0;0;0;24;2;0;0;64;1;446;75;129;130;30;88;86;149;99;40;15;27;43;45;11;4;8;19;20;3;1;1
40916;St. Pankraz;208;142;211;137;322;100;27;10;0;6;1;0;4;4;5;51;0;34;4;17;18;20;30;14;6;8;14;23;20;0;28;25;18;41;68;17;7;4;0;127;10;0;0;0;0;0;0;0;0;4;1;0;0;66;0;82;15;28;83;12;15;20;15;11;27;1;6;6;5;6;3;1;5;2;2;0;0
40917;Schlierbach;1485;889;1468;865;3531;527;258;78;2;9;8;3;6;53;19;522;0;130;17;81;130;168;213;185;139;137;92;114;76;3;269;117;110;254;434;157;103;41;0;762;63;7;0;2;23;7;1;0;0;19;6;0;0;595;0;648;16;178;643;13;57;73;167;159;58;6;23;81;89;41;18;2;29;33;8;5;1
40918;Spital am Pyhrn;1110;873;1414;824;2037;602;158;64;0;35;8;14;3;47;15;163;1;182;68;91;113;137;135;93;43;40;55;81;70;2;107;76;127;301;307;135;29;27;1;749;56;8;0;0;11;0;0;0;0;44;5;0;0;236;1;558;59;108;385;78;114;136;134;89;51;13;26;46;35;20;18;6;15;22;16;5;0
40919;Steinbach am Ziehberg;347;291;418;287;558;191;82;13;1;3;4;1;0;0;4;48;0;107;10;14;23;34;43;26;9;19;16;17;28;1;17;12;27;88;107;60;33;3;0;270;12;1;0;1;3;0;0;0;0;3;1;0;0;56;0;205;9;48;85;8;30;41;48;39;25;5;5;28;23;9;12;2;4;6;1;0;0
40920;Steinbach an der Steyr;887;659;949;651;1875;453;171;27;0;7;5;5;0;13;10;195;1;51;10;87;127;172;152;100;48;37;26;37;35;5;145;49;72;195;235;91;80;19;1;620;24;1;0;0;4;2;0;0;0;6;2;0;0;227;1;469;21;119;278;31;68;105;105;94;50;7;15;43;57;27;22;3;9;9;5;1;0
40921;Vorderstoder;461;430;550;415;681;352;48;15;0;17;1;2;1;5;3;16;1;67;8;25;34;104;92;38;34;13;17;11;17;1;24;35;56;131;155;45;12;2;1;394;12;2;0;0;6;1;0;0;0;13;2;0;0;30;1;212;85;80;84;36;74;69;68;60;45;8;10;15;8;2;5;2;3;7;1;2;0
40922;Wartberg an der Krems;1366;826;1364;802;2939;530;202;69;1;9;10;11;1;32;20;481;0;143;22;64;95;167;187;223;78;90;97;109;90;1;282;62;74;204;393;160;128;63;0;710;57;4;0;1;22;8;0;0;0;20;4;0;0;540;0;652;5;130;579;9;29;86;153;132;121;7;9;43;60;52;31;5;16;29;15;4;0
40923;Windischgarsten;1030;750;1565;709;2579;455;125;121;8;18;16;28;5;44;23;186;1;101;38;85;120;142;93;98;78;67;54;106;46;2;162;90;115;245;254;115;34;14;1;561;88;11;1;8;19;21;0;0;0;39;7;0;0;274;1;412;58;197;363;31;74;114;111;94;31;8;26;48;26;10;7;11;34;38;32;5;1
41001;Allhaming;438;396;593;389;661;299;63;27;0;1;6;0;0;26;2;14;0;66;8;9;14;57;77;61;15;33;36;16;12;34;17;7;24;92;219;53;15;11;0;361;24;2;0;0;1;0;1;0;0;5;1;1;0;42;0;295;5;69;69;13;15;48;87;70;66;2;3;22;24;9;3;2;8;10;4;3;0
41002;Ansfelden;3953;3426;8890;3357;10085;2068;770;515;4;33;64;76;13;184;33;180;13;174;82;386;660;652;533;451;357;235;126;232;52;13;218;249;460;1182;1184;388;126;133;13;2826;277;198;26;4;12;11;3;0;0;60;9;3;0;511;13;2753;39;511;650;35;207;558;766;384;118;46;136;338;170;56;24;23;114;77;142;139;20
41003;Asten;1757;1258;3511;1241;5510;748;288;202;3;11;14;28;0;82;18;363;0;42;15;73;176;275;228;276;123;131;131;169;110;8;280;78;140;412;493;190;74;90;0;1032;93;92;15;2;4;2;0;0;1;19;1;0;0;496;0;914;10;295;538;4;43;217;258;167;59;9;22;128;84;30;15;2;22;31;54;65;28
41004;Eggendorf im Traunkreis;480;392;483;388;786;333;43;12;0;0;2;0;2;10;6;72;0;72;4;4;7;25;53;54;40;33;65;83;40;0;43;13;29;93;207;57;24;14;0;374;10;0;0;0;2;2;0;0;0;4;0;0;0;88;0;322;2;46;110;2;19;47;115;90;60;1;5;12;11;7;7;0;3;5;4;0;0
41005;Enns;2753;2470;6595;2349;7577;1375;481;488;5;25;48;63;3;148;29;64;24;429;189;358;343;337;228;231;81;196;85;120;77;79;70;81;272;693;911;396;169;137;24;1848;347;110;13;5;8;16;2;0;0;83;35;3;1;258;24;1710;38;550;455;31;207;323;405;297;112;41;91;174;114;41;20;26;98;153;131;65;15
41006;Hargelsberg;542;495;660;482;731;406;59;17;0;1;4;2;0;23;2;27;1;91;5;18;25;38;71;88;39;53;50;44;19;1;18;4;25;122;260;71;24;17;1;464;13;4;0;0;1;0;0;0;0;12;1;0;0;46;1;385;4;83;70;6;13;69;118;99;101;0;3;14;14;11;17;0;4;6;4;2;1
41007;Hörsching;2082;1649;3398;1612;4435;1100;289;218;5;11;38;17;9;147;22;220;6;118;66;127;167;270;301;244;118;238;140;170;117;6;174;120;168;465;720;225;85;119;6;1381;168;35;2;2;8;8;5;0;3;35;5;0;0;424;6;1216;32;335;499;16;79;265;448;211;81;7;30;102;90;47;13;14;54;60;65;23;2
41008;Hofkirchen im Traunkreis;698;617;938;609;1177;492;81;33;3;3;3;4;0;15;6;58;0;65;1;27;30;80;94;95;69;129;43;43;22;0;49;44;42;187;244;72;32;28;0;570;25;5;2;3;3;1;0;0;0;8;1;0;0;80;0;484;8;100;106;2;23;97;204;105;61;3;5;26;23;17;7;1;4;10;12;3;3
41009;Kematen an der Krems;1581;851;1477;835;3473;603;133;98;1;7;4;7;1;25;14;687;1;149;12;64;82;153;141;197;88;197;144;221;119;14;419;154;103;236;391;186;51;40;1;734;84;10;0;1;2;2;2;0;0;11;5;0;0;729;1;705;10;92;774;10;30;135;164;174;90;4;6;43;35;26;19;2;28;43;15;10;0
41010;Kirchberg-Thening;989;843;1256;828;1909;616;166;44;2;2;7;3;1;31;16;101;0;82;22;81;101;130;120;98;74;69;55;103;54;0;63;28;88;267;363;118;28;34;0;777;42;1;1;2;5;0;0;0;0;14;3;0;0;144;0;699;10;87;193;15;40;83;145;171;162;7;21;44;40;17;37;3;3;21;9;7;1
41011;Kronstorf;1331;1127;1796;1112;2352;864;176;72;0;8;10;7;1;25;11;157;0;94;9;95;143;134;173;198;76;60;100;116;132;1;114;119;84;283;512;142;33;44;0;1033;56;8;2;0;7;4;0;2;0;13;1;1;0;204;0;907;8;114;302;16;56;239;280;188;85;6;19;57;55;32;7;4;18;13;27;7;3
41012;Leonding;6472;5648;16227;5517;18721;3737;783;980;17;17;90;77;6;164;62;471;68;184;169;902;776;725;681;386;472;1056;447;215;166;293;449;380;901;1694;1739;746;282;213;68;4491;593;290;64;17;29;23;8;2;0;101;31;5;2;748;68;3784;122;1412;1154;53;285;884;1267;791;457;76;117;315;194;51;30;37;142;235;247;258;61
41013;St. Florian;2176;1913;3219;1872;4121;1453;244;171;4;9;29;15;1;43;18;189;0;250;25;90;139;210;396;311;206;197;141;105;99;7;113;121;176;569;777;229;78;113;0;1688;130;30;0;3;9;9;2;0;1;41;2;0;0;261;0;1357;32;441;346;13;99;374;514;306;147;12;31;79;56;30;36;2;23;58;58;27;3
41014;Neuhofen an der Krems;2679;1867;3331;1819;6133;1301;316;196;6;11;17;25;4;79;22;699;3;121;41;174;261;347;262;393;152;211;224;355;129;9;544;133;204;591;835;202;97;70;3;1587;143;29;4;6;30;17;3;0;0;41;10;1;0;805;3;1439;24;329;887;18;95;269;476;327;116;7;34;119;96;38;22;7;52;76;30;25;6
41015;Niederneukirchen;801;682;959;670;1468;519;121;30;0;3;6;7;0;17;11;87;0;81;7;23;50;96;113;148;32;88;66;69;28;0;50;29;30;209;318;77;45;43;0;637;26;1;0;0;3;2;1;0;0;12;0;0;0;119;0;531;7;126;137;6;20;73;189;136;95;1;13;45;38;13;11;0;4;13;12;1;0
41016;Oftering;790;731;1076;723;1312;526;170;26;1;3;2;3;0;13;6;37;3;69;15;55;106;108;77;73;71;50;77;37;13;39;24;14;70;247;306;73;22;31;3;695;18;5;1;1;1;2;0;0;0;6;2;0;0;56;3;598;11;100;81;11;43;100;188;128;56;4;33;61;40;23;9;2;4;9;4;6;1
41017;Pasching;2415;2045;4000;1993;4993;1346;406;240;1;6;39;32;6;100;19;214;6;64;32;527;398;270;177;166;118;187;162;191;110;13;182;149;359;744;623;184;73;95;6;1738;179;49;3;1;14;8;1;0;0;42;10;1;0;363;6;1484;41;438;452;25;158;285;448;317;113;30;71;162;96;28;19;28;49;64;60;37;2
41018;Piberbach;745;631;915;627;1403;500;87;39;1;1;5;3;5;5;1;98;0;60;29;34;59;84;114;75;62;79;50;50;46;3;59;40;67;189;238;86;30;36;0;583;32;6;0;1;4;1;0;0;0;4;0;0;0;114;0;532;3;58;152;10;63;93;162;124;48;0;6;29;26;16;10;1;6;22;9;1;0
41019;Pucking;1729;1420;1821;1404;3165;1188;167;49;0;3;11;6;0;45;19;241;0;70;5;58;118;259;313;254;144;152;86;134;136;0;163;105;111;474;640;145;66;25;0;1349;43;4;0;0;6;2;0;0;0;15;1;0;0;309;0;1225;18;127;359;24;75;278;419;284;108;2;14;55;60;24;12;3;8;18;17;3;0
41020;St. Marien;1918;1667;2337;1651;3050;1384;166;99;2;3;14;5;1;26;13;195;10;180;9;80;108;175;294;321;129;153;112;152;194;11;119;50;191;599;657;164;74;54;10;1547;89;7;2;2;3;1;0;0;0;14;2;0;0;241;10;1398;19;189;312;22;73;237;548;332;172;8;18;50;45;29;16;6;24;34;28;6;1
41021;Traun;6278;5035;13076;4898;17449;2785;1177;918;18;28;95;109;5;231;79;833;0;201;201;1281;1148;857;580;476;230;325;326;407;241;5;684;430;918;1855;1533;514;175;169;0;3907;657;165;31;14;55;33;19;13;4;111;29;3;0;1237;0;3607;93;1067;1511;62;439;867;857;426;134;62;187;474;305;100;49;41;207;260;247;128;35
41022;Wilhering;2218;1998;3033;1969;3905;1485;352;127;5;10;15;12;3;50;27;132;0;123;28;144;229;328;298;291;265;227;115;67;102;1;105;62;229;763;781;184;47;47;0;1827;110;12;2;5;10;1;2;0;0;27;3;0;0;219;0;1590;35;283;310;34;99;292;545;372;143;11;44;131;101;49;16;2;36;46;31;10;2
41101;Allerheiligen im Mühlkreis;623;407;556;401;1450;310;76;15;0;1;1;1;2;10;11;196;0;83;26;46;36;53;86;65;29;37;42;102;18;0;77;42;49;102;190;91;55;17;0;379;12;2;0;0;7;1;0;0;0;6;0;0;0;216;0;351;4;28;240;7;32;43;91;67;70;0;5;16;22;17;16;2;3;6;3;1;0
41102;Arbing;608;506;686;492;1275;372;100;20;0;4;7;9;2;34;9;50;1;55;23;48;46;71;97;41;32;61;49;62;19;4;27;18;19;126;274;88;36;19;1;470;19;0;0;0;2;1;0;0;0;10;4;0;0;101;1;445;5;30;128;7;33;64;104;112;52;2;3;25;29;17;24;0;5;12;3;0;0
41103;Baumgartenberg;823;518;797;502;1641;371;96;32;3;5;6;11;3;44;11;241;0;60;15;35;52;59;97;72;93;76;82;112;65;5;170;46;36;142;256;105;40;28;0;464;25;3;0;3;3;3;1;0;0;14;4;0;0;303;0;417;3;69;334;7;24;51;113;112;64;0;4;23;27;22;20;3;5;12;11;1;0
41104;Dimbach;514;316;444;309;1006;208;82;18;1;2;1;1;1;12;6;182;0;44;14;65;42;38;74;68;22;36;37;46;27;1;55;28;43;89;175;87;33;4;0;286;18;0;0;1;4;0;0;0;0;7;0;0;0;198;0;226;11;48;229;7;21;43;42;50;45;2;5;23;19;11;22;5;4;8;1;0;0
41105;Grein;1097;904;1454;863;1831;565;222;69;7;20;17;32;7;28;15;113;2;144;54;111;153;185;119;101;60;25;17;68;53;7;64;81;80;274;356;138;71;31;2;782;62;3;0;7;5;4;0;0;0;35;7;1;0;189;2;592;31;217;257;21;87;144;166;97;50;9;35;79;64;28;7;4;35;24;2;4;0
41106;Katsdorf;1332;1066;1580;1044;2491;779;207;57;1;2;3;7;2;22;14;237;1;63;26;52;52;121;217;188;100;163;138;151;60;1;160;59;92;291;507;138;58;26;1;978;41;9;1;1;8;6;0;0;0;20;2;0;0;265;1;798;11;218;305;14;53;130;295;200;87;3;20;61;63;30;30;5;13;20;13;5;1
41107;Klam;382;317;411;309;612;237;65;7;0;3;1;1;0;9;4;55;0;68;7;17;21;20;44;30;52;33;22;39;28;1;29;11;16;62;164;64;23;13;0;300;7;0;0;0;2;0;0;0;0;6;2;0;0;65;0;242;7;64;69;2;16;37;68;80;34;0;5;12;19;19;10;0;3;4;0;0;0
41108;Bad Kreuzen;859;612;905;602;1955;420;144;32;6;8;6;6;3;24;10;200;0;137;38;81;67;87;131;100;20;49;30;83;35;1;40;42;49;137;290;152;127;22;0;551;28;0;0;6;13;3;1;0;0;12;4;0;0;241;0;415;14;145;285;12;27;62;108;109;102;3;3;19;34;42;43;3;10;11;7;1;0
41109;Langenstein;955;728;1369;719;1813;449;198;69;3;4;10;6;1;26;6;183;0;57;11;69;106;133;141;114;54;29;98;102;41;0;138;36;70;244;328;80;37;22;0;644;53;13;1;2;3;2;0;0;1;10;1;0;0;225;0;571;7;118;259;22;61;76;160;93;37;10;31;72;50;26;9;5;18;17;18;11;0
41110;Luftenberg an der Donau;1711;1220;2287;1207;3022;783;319;104;1;2;7;6;2;7;6;447;27;67;14;74;167;237;554;233;87;105;67;53;25;28;428;45;122;392;481;131;68;17;27;1100;77;24;3;1;2;0;0;0;0;12;1;0;0;464;27;1073;382;121;135;38;102;212;249;143;39;13;42;133;93;23;15;4;22;42;16;17;3
41111;Mauthausen;1517;1214;2488;1168;3319;784;226;155;3;18;33;45;3;66;33;151;0;172;103;150;225;170;171;188;62;50;77;87;61;1;98;92;161;371;455;182;91;67;0;996;118;24;6;2;14;5;2;0;1;44;3;0;0;302;0;907;24;223;363;6;50;123;134;187;284;3;17;69;66;28;43;6;17;60;48;21;3
41112;Mitterkirchen im Machland;1056;565;821;548;2454;374;152;21;1;11;4;0;4;21;8;460;0;79;22;51;64;93;134;135;93;129;94;94;67;1;260;54;49;117;291;167;92;26;0;521;16;3;0;1;5;2;0;0;0;16;1;0;0;491;0;489;7;38;522;9;19;55;101;89;101;2;0;19;36;37;58;0;5;12;2;2;0
41113;Münzbach;784;561;831;545;1864;387;131;25;2;4;2;7;0;22;8;196;0;120;18;45;36;75;84;76;50;29;66;108;77;0;77;27;29;101;304;115;94;37;0;506;20;1;0;2;12;3;1;0;0;14;2;1;0;222;0;425;11;91;257;5;21;51;114;127;69;1;4;16;35;33;42;0;6;11;6;2;0
41114;Naarn im Machlande;1592;1182;1713;1159;2849;820;275;59;5;13;14;7;3;41;12;343;0;192;45;80;118;171;165;142;101;90;158;169;159;2;207;70;115;304;503;228;114;51;0;1084;51;3;0;5;11;5;0;0;0;23;2;0;0;408;0;1027;5;88;472;12;89;128;256;201;134;4;12;80;81;54;44;4;12;26;15;2;0
41115;Pabneukirchen;720;486;643;470;1290;366;86;18;0;5;5;6;0;27;10;197;0;80;39;70;54;69;76;63;22;68;56;72;47;4;58;28;38;83;206;164;120;23;0;446;17;0;0;0;6;1;0;0;0;14;2;0;0;234;0;337;16;102;265;6;20;45;89;115;91;0;2;15;13;28;28;1;3;10;4;0;0
41116;Perg;3433;2250;4810;2144;8085;1431;421;288;4;22;67;91;2;121;61;911;14;162;89;190;267;311;377;394;207;390;343;504;182;17;701;197;295;576;948;429;162;111;14;1808;200;57;5;4;44;21;1;4;0;84;26;0;0;1165;14;1644;33;480;1276;25;109;327;389;335;246;12;29;113;108;81;78;17;56;79;81;49;6
41117;Rechberg;472;322;449;317;967;227;69;18;3;10;3;1;1;2;6;132;0;48;4;18;17;46;53;72;20;46;32;57;57;2;81;19;24;76;161;64;39;8;0;293;17;0;0;2;3;0;1;0;1;5;0;0;0;150;0;225;16;60;171;7;20;32;69;75;24;1;1;10;18;21;18;1;4;11;2;0;0
41118;Ried in der Riedmark;1638;1395;1853;1378;3011;1070;252;52;4;10;7;5;0;5;12;221;0;168;39;74;99;177;206;199;160;117;91;194;111;3;128;104;112;365;624;164;99;42;0;1314;47;4;0;4;8;1;0;0;0;16;3;0;0;241;0;1124;16;202;296;20;87;244;366;259;94;7;17;69;72;50;37;2;19;18;9;4;0
41119;St. Georgen am Walde;869;621;832;608;1589;443;150;14;1;4;4;6;1;6;15;224;1;50;21;120;92;93;106;97;47;42;75;71;53;2;64;42;51;119;294;184;98;16;1;592;11;0;0;1;1;3;0;0;0;11;2;0;0;247;1;492;27;58;292;17;37;68;102;121;98;4;5;24;35;47;35;0;4;6;4;0;0
41120;St. Georgen an der Gusen;1335;995;2431;969;4249;550;269;148;2;6;18;17;0;31;15;278;1;84;42;91;173;158;140;146;96;65;127;127;85;1;181;88;97;324;413;166;44;21;1;802;97;38;2;1;17;8;3;0;1;25;3;0;0;337;1;728;15;209;383;8;41;127;172;142;60;13;52;93;78;28;5;9;17;41;47;32;2
41121;St. Nikola an der Donau;318;264;447;255;531;189;46;20;0;3;5;2;0;13;3;37;0;78;25;39;23;37;30;22;15;12;9;14;14;0;20;26;31;77;80;51;29;4;0;235;16;3;1;0;0;0;0;0;0;8;1;0;0;54;0;138;30;65;85;26;33;44;39;19;28;5;6;9;12;8;6;2;6;5;4;2;1
41122;St. Thomas am Blasenstein;541;323;420;318;1236;246;59;13;0;3;3;3;1;5;6;202;0;56;14;36;38;62;79;45;39;53;46;57;16;0;75;38;35;89;145;79;60;20;0;300;12;0;0;0;5;1;0;0;0;4;1;0;0;218;0;209;26;61;245;20;34;62;56;53;21;2;4;21;15;12;5;2;4;5;2;0;0
41123;Saxen;706;479;771;467;1350;324;115;27;1;4;1;1;1;27;11;194;0;79;20;36;46;73;66;69;81;88;44;58;44;2;130;30;39;100;238;93;64;12;0;434;21;3;3;1;5;0;0;0;0;11;1;0;0;227;0;384;4;65;253;10;27;53;95;71;68;1;17;16;30;29;22;0;4;16;1;3;3
41124;Schwertberg;1865;1481;2719;1438;3929;970;335;129;4;6;16;26;2;46;13;318;0;179;85;121;207;239;227;227;88;108;93;155;135;1;208;90;145;473;608;190;102;49;0;1287;90;25;2;4;18;8;3;1;0;40;6;0;0;381;0;1219;23;156;467;20;92;235;313;219;91;5;25;116;108;57;24;9;24;51;28;14;3
41125;Waldhausen im Strudengau;1474;860;1257;836;2896;560;238;38;0;8;4;15;1;37;16;557;0;106;65;115;112;168;276;138;49;72;122;132;119;0;267;94;83;240;484;214;71;21;0;792;33;2;0;0;6;2;1;0;0;23;1;0;0;614;0;607;27;179;661;17;72;114;125;140;92;10;13;47;55;60;53;2;6;23;5;2;0
41126;Windhaag bei Perg;646;453;674;443;1325;305;107;31;0;3;6;3;1;9;8;172;1;81;6;24;38;74;96;59;39;39;38;76;64;12;105;21;24;81;245;87;71;11;1;404;28;0;0;0;8;2;1;0;0;9;1;0;0;192;1;335;7;95;209;3;14;44;105;90;49;0;8;28;23;26;22;2;6;18;4;0;1
41201;Andrichsfurt;291;254;367;250;549;175;60;15;0;2;3;2;0;10;3;21;0;40;12;29;34;37;25;14;17;28;13;17;25;0;9;8;17;83;119;39;9;7;0;232;14;0;0;0;3;0;1;0;0;4;0;0;0;37;0;197;4;38;52;2;12;32;55;40;34;2;6;15;14;17;6;1;5;6;2;1;0
41202;Antiesenhofen;435;356;531;346;743;253;70;22;1;2;9;3;1;21;5;48;0;64;25;28;42;67;54;49;16;25;17;21;27;0;23;11;40;104;175;53;20;9;0;319;21;0;0;1;4;0;1;0;0;10;0;0;0;79;0;294;5;44;92;5;35;49;74;55;35;4;11;25;17;7;6;2;6;7;7;0;0
41203;Aurolzmünster;1499;1031;1539;1018;2656;825;120;68;5;6;17;16;3;87;18;334;0;179;34;152;148;161;121;168;77;125;140;116;77;1;172;86;136;374;467;180;53;31;0;939;62;5;0;5;6;1;0;0;0;13;4;1;0;463;0;812;12;151;524;18;83;171;284;191;78;10;14;34;30;18;14;3;5;30;24;6;0
41204;Eberschwang;1516;1153;1811;1131;2697;757;312;59;3;9;8;10;4;46;22;286;0;238;65;178;146;152;142;113;71;99;80;131;98;3;130;79;112;314;518;251;75;37;0;1062;46;11;0;3;7;1;1;0;0;21;2;0;0;362;0;872;13;196;435;23;85;148;240;181;80;20;38;93;88;43;30;3;12;18;20;6;0
41205;Eitzing;387;322;400;319;563;277;33;9;0;2;1;2;0;6;3;54;0;69;15;13;19;36;37;31;32;27;47;33;28;0;21;18;38;90;136;67;14;3;0;308;7;1;0;0;2;0;1;0;0;3;0;0;0;65;0;271;3;29;84;3;16;49;75;80;54;0;3;5;16;6;3;1;1;2;5;0;0
41206;Geiersberg;190;170;238;165;278;120;36;9;0;1;2;4;0;3;3;12;0;23;2;14;16;31;22;33;14;18;6;6;5;0;6;9;13;60;64;31;5;2;0;155;9;0;0;0;1;0;0;0;0;4;1;0;0;20;0;128;9;30;23;2;15;24;28;36;15;4;10;11;7;2;2;1;2;6;0;0;0
41207;Geinberg;577;478;792;463;1018;329;99;34;1;24;8;3;2;30;10;37;0;71;29;69;56;65;48;47;45;46;66;22;11;2;12;29;48;146;198;91;20;33;0;419;29;1;0;1;9;3;1;0;0;13;3;0;0;98;0;332;13;88;144;20;39;68;86;76;40;5;20;30;23;11;10;5;6;8;13;2;0
41208;Gurten;486;395;627;385;827;257;102;24;2;4;5;4;2;37;8;41;0;79;28;62;44;58;51;39;31;22;20;33;19;0;17;12;31;146;171;65;28;16;0;355;22;1;0;2;4;0;1;0;0;5;5;0;0;91;0;298;5;70;113;3;20;33;70;59;72;5;12;28;28;13;16;3;6;8;5;2;0
41209;Hohenzell;1031;805;1110;787;1653;593;153;39;2;2;9;13;1;37;12;169;1;106;16;47;85;124;100;107;70;67;95;120;91;3;103;48;64;210;386;165;33;21;1;743;36;2;0;2;3;1;0;0;0;17;3;0;0;223;1;610;17;136;268;16;36;84;177;163;117;6;18;38;34;35;22;4;8;22;3;2;0
41210;Kirchdorf am Inn;347;269;380;262;524;203;50;9;0;2;3;2;0;8;12;41;17;54;19;19;19;26;15;26;18;21;23;43;45;19;26;19;29;63;116;66;6;5;17;252;8;0;0;0;1;1;0;0;0;7;0;0;0;61;17;218;10;28;91;4;22;36;51;59;31;5;6;20;12;3;4;2;2;5;0;0;0
41211;Kirchheim im Innkreis;357;299;412;290;648;216;65;9;0;4;5;1;3;23;3;28;0;40;16;41;21;28;26;45;16;29;25;42;28;0;10;13;28;86;149;54;10;7;0;277;7;2;0;0;4;0;0;0;0;9;0;0;0;58;0;232;3;42;80;3;14;29;63;65;42;5;5;19;24;5;7;2;1;4;2;0;0
41212;Lambrechten;527;409;658;404;864;247;131;26;0;4;2;6;0;29;7;74;1;79;30;47;29;62;55;51;25;28;26;38;55;2;24;21;31;128;228;67;17;10;1;373;24;0;0;0;5;1;1;0;0;5;0;0;0;117;1;320;6;68;133;0;20;41;69;68;49;7;8;27;34;24;31;2;5;11;8;0;0
41213;Lohnsburg am Kobernaußerwald;1416;767;1042;746;2625;554;168;24;0;9;7;7;0;39;13;595;0;98;87;129;126;192;160;173;73;83;146;113;35;1;271;93;98;300;404;191;44;15;0;716;21;0;0;0;6;2;1;0;0;17;4;0;0;649;0;585;20;122;689;11;42;73;109;184;135;12;15;45;39;27;30;1;9;9;4;1;0
41214;Mehrnbach;1042;832;1157;820;1693;630;154;34;2;4;13;2;0;32;12;159;0;115;31;82;100;135;109;121;30;84;66;90;51;28;80;51;79;340;350;104;28;10;0;781;30;4;0;1;3;0;0;0;1;13;0;0;0;209;0;633;11;112;286;20;63;115;213;153;66;14;23;43;41;24;9;2;8;17;5;2;0
41215;Mettmach;1147;850;1163;832;2319;615;186;30;1;11;9;6;3;47;18;221;0;108;81;121;121;137;129;87;77;59;100;79;45;3;96;71;101;279;405;148;30;17;0;796;24;2;0;1;5;4;0;0;0;16;2;0;0;297;0;654;20;117;356;22;65;100;156;174;98;17;16;48;42;37;26;1;11;14;3;1;0
41216;Mörschwang;140;113;154;110;221;88;14;8;0;1;0;0;0;4;2;23;0;41;6;7;5;13;10;9;7;10;6;21;5;0;6;8;10;29;56;24;6;1;0;102;8;0;0;0;0;0;0;0;0;3;0;0;0;27;0;78;2;27;33;1;4;18;23;22;20;0;1;7;5;1;0;0;2;3;3;0;0
41217;Mühlheim am Inn;391;281;400;277;584;215;47;15;0;2;2;0;0;14;2;93;1;55;18;37;28;50;37;34;11;18;22;32;48;1;48;12;25;78;171;43;7;6;1;262;12;2;0;0;0;1;0;0;0;4;0;0;0;109;1;222;7;31;131;4;25;45;61;50;30;0;12;10;14;5;6;0;4;8;1;2;0
41218;Neuhofen im Innkreis;1180;883;1183;866;1958;695;146;25;0;14;5;7;0;20;7;261;0;73;17;46;105;103;150;136;59;89;153;199;50;0;197;48;104;288;400;108;19;16;0;831;20;4;0;0;10;0;0;1;0;17;0;0;0;297;0;704;9;140;327;4;29;98;279;179;106;8;12;38;39;36;13;2;5;11;3;4;0
41219;Obernberg am Inn;622;525;1010;507;1271;371;71;62;3;11;11;13;2;29;10;39;0;184;38;48;78;73;52;37;14;19;19;23;37;0;27;30;63;194;211;67;18;12;0;412;40;11;1;3;30;7;3;0;0;20;0;0;0;95;0;352;18;108;144;13;49;93;102;72;42;4;14;30;12;6;5;6;19;15;11;10;1
41220;Ort im Innkreis;508;375;636;364;899;277;59;28;0;4;11;3;2;42;9;73;0;79;21;50;49;70;45;42;34;22;36;46;14;0;46;17;41;113;179;82;17;13;0;329;16;10;0;0;7;1;1;0;0;11;0;0;0;133;0;290;7;62;149;6;16;60;67;64;64;2;4;14;15;12;12;1;4;9;9;5;0
41221;Pattigham;452;403;505;395;719;320;66;9;0;1;5;2;0;15;3;30;1;75;8;15;24;40;50;37;32;38;44;66;19;4;14;11;34;143;171;69;9;0;1;385;9;0;0;0;1;0;0;0;0;6;2;0;0;48;1;313;6;57;76;10;22;41;113;95;39;3;9;27;13;9;5;0;4;5;0;0;0
41222;Peterskirchen;382;256;305;251;584;211;35;5;0;1;5;1;1;12;6;105;0;49;5;24;28;51;60;40;11;24;31;36;23;0;31;16;40;73;138;66;13;5;0;246;5;0;0;0;0;0;0;0;0;5;0;0;0;126;0;203;2;29;148;4;18;34;47;55;53;1;4;4;14;7;5;1;3;1;0;0;0
41223;Pramet;410;365;519;351;684;249;86;15;1;3;4;2;1;11;4;33;1;68;11;37;38;47;52;33;28;22;21;24;28;1;15;21;24;118;147;62;15;7;1;332;13;0;0;1;3;2;0;0;0;12;3;0;0;43;1;271;8;62;69;6;20;39;70;56;58;1;13;12;33;16;11;2;4;8;1;0;0
41224;Reichersberg;961;576;816;564;1516;450;85;27;2;5;7;11;0;49;8;317;0;136;29;48;81;90;85;93;63;68;87;119;62;0;166;64;67;201;298;100;37;28;0;529;20;6;0;2;6;1;0;0;0;11;1;0;0;385;0;450;8;80;423;10;21;51;65;111;192;3;9;16;19;16;22;7;4;10;2;4;0
41225;Ried im Innkreis;3164;2579;7689;2418;8959;1556;308;532;22;29;132;170;5;180;83;147;0;458;207;437;424;394;346;279;161;129;125;107;97;0;145;233;511;761;681;425;235;173;0;1837;290;145;23;20;27;63;10;1;2;143;32;3;0;568;0;1641;53;620;850;26;146;450;542;252;140;37;50;106;64;32;19;29;72;114;180;118;19
41226;St. Georgen bei Obernberg am Inn;259;193;287;189;391;124;53;12;0;2;4;2;0;2;4;56;0;50;10;15;8;24;22;39;13;16;18;28;16;0;13;7;14;59;94;55;13;4;0;176;12;0;0;0;1;0;0;0;0;4;0;0;0;66;0;131;2;47;79;3;16;16;30;31;28;1;4;11;15;12;10;0;4;7;1;0;0
41227;St. Marienkirchen am Hausruck;346;275;365;271;575;199;66;6;0;1;1;1;0;6;5;60;1;41;5;7;11;37;41;36;32;50;22;44;19;1;42;13;13;77;162;28;9;1;1;260;5;0;0;0;5;1;0;0;0;4;0;0;0;70;1;226;1;43;76;3;7;19;51;82;37;2;4;15;20;12;13;0;0;6;0;0;0
41228;St. Martin im Innkreis;775;632;1026;619;1407;495;60;64;0;2;12;6;3;31;8;93;1;115;17;109;65;63;70;58;30;49;62;81;54;2;56;27;87;177;258;113;27;29;1;554;56;3;1;0;1;2;2;0;0;11;2;0;0;142;1;477;13;116;169;10;54;128;134;109;60;3;6;26;10;7;8;2;9;33;18;1;1
41229;Schildorn;481;423;569;415;752;312;88;15;0;2;4;1;1;10;2;43;3;68;7;26;32;29;61;64;30;48;38;42;33;3;26;27;33;107;202;75;8;0;3;398;15;0;0;0;2;0;0;0;0;8;0;0;0;55;3;348;6;55;72;3;25;51;85;79;69;4;9;25;23;13;14;1;4;8;2;0;0
41230;Senftenbach;435;311;375;303;590;253;39;10;1;1;7;1;0;13;5;105;0;37;10;36;30;46;38;48;28;33;31;49;49;0;40;37;36;103;162;45;4;8;0;291;8;0;0;1;1;2;0;0;0;7;1;0;0;124;0;247;7;34;147;1;11;39;85;87;30;0;2;12;12;9;4;1;6;3;0;0;0
41231;Taiskirchen im Innkreis;1116;854;1161;846;1634;630;183;32;1;5;11;8;0;34;10;199;3;108;30;70;96;156;104;81;41;85;97;101;110;37;72;56;66;279;427;156;36;21;3;807;31;1;0;1;6;0;0;0;0;6;2;0;0;259;3;664;17;111;324;16;70;120;176;156;92;16;22;52;49;24;20;4;13;12;2;1;0
41232;Tumeltsham;874;567;715;545;1330;470;57;18;0;7;12;38;0;33;14;225;0;44;22;46;64;75;94;98;71;82;121;102;55;0;148;39;62;178;269;104;44;30;0;518;16;2;0;0;9;0;0;0;0;22;0;0;0;307;0;429;7;108;330;6;28;77;133;121;105;2;6;12;16;10;11;1;1;9;4;3;0
41233;Utzenaich;701;561;781;558;1184;447;77;31;3;5;5;2;1;47;8;75;0;103;32;60;49;79;53;69;35;39;57;65;60;0;42;32;64;162;261;107;27;6;0;514;27;2;0;3;10;1;1;0;0;6;0;0;0;137;0;430;14;87;170;8;47;91;127;118;56;2;8;19;14;16;18;2;6;16;5;2;0
41234;Waldzell;998;756;1137;739;1953;491;212;35;1;7;6;1;3;15;15;212;0;115;36;76;74;128;135;95;54;71;52;102;59;1;71;43;72;244;368;151;40;9;0;698;35;0;0;0;5;0;0;0;1;15;3;0;0;241;0;599;12;95;292;11;34;88;130;151;77;9;15;59;75;35;19;3;8;14;8;2;0
41235;Weilbach;305;229;297;221;427;186;26;9;0;2;2;2;0;6;7;63;2;60;14;26;15;19;22;32;14;11;26;35;29;2;35;15;28;63;114;45;3;0;2;211;8;1;0;0;1;0;0;0;0;8;0;0;0;74;2;183;3;23;96;7;19;25;45;49;41;1;4;10;5;2;4;1;1;7;0;0;0
41236;Wippenham;269;223;274;219;362;176;39;4;0;4;1;0;0;3;5;36;1;42;12;15;18;27;21;35;20;7;22;26;23;1;21;13;18;70;96;44;6;0;1;215;4;0;0;0;0;0;0;0;0;4;0;0;0;45;1;183;6;26;54;9;15;26;51;41;34;2;3;8;15;5;6;0;0;4;0;0;0
41304;Altenfelden;986;683;1116;656;1955;383;223;49;1;4;9;18;3;39;18;238;1;85;28;76;72;113;123;100;61;64;95;89;76;4;144;49;45;154;335;169;55;34;1;604;42;3;1;1;2;2;1;0;0;24;3;0;0;302;1;484;12;149;341;10;32;53;113;112;63;11;20;65;70;30;27;6;11;21;7;4;0
41305;Arnreit;467;371;548;359;1229;218;119;22;0;2;3;1;0;19;3;80;0;31;8;25;33;53;69;62;35;45;45;37;22;2;38;26;20;58;179;93;36;17;0;337;22;0;0;0;0;0;0;0;0;12;0;0;0;96;0;293;8;51;115;7;17;39;47;54;54;3;2;19;33;31;31;1;10;9;2;0;0
41306;Atzesberg;183;170;226;169;317;117;48;4;0;1;0;0;0;2;0;11;0;46;4;12;7;33;28;32;3;3;3;5;7;0;3;3;22;40;65;31;13;6;0;164;4;0;0;0;1;0;0;0;0;1;0;0;0;13;0;120;9;21;33;16;21;14;30;23;13;0;4;15;10;11;8;0;1;2;1;0;0
41307;Auberg;308;181;298;178;639;108;58;11;1;2;3;0;0;6;3;116;0;43;7;9;18;28;32;27;10;17;30;47;39;1;42;25;12;35;100;50;32;12;0;165;9;1;0;1;1;1;0;0;0;2;2;0;0;126;0;141;3;27;137;3;11;12;23;32;27;0;4;11;14;15;14;0;3;3;4;1;0
41309;Haslach an der Mühl;1168;865;1344;830;2075;565;200;62;3;9;10;12;2;39;17;249;0;206;63;132;125;108;77;120;64;54;63;88;39;29;149;57;88;250;407;154;48;15;0;749;54;5;0;3;16;3;0;0;0;31;5;0;0;302;0;612;27;172;357;30;73;108;155;119;80;12;17;62;53;27;29;12;16;21;11;2;0
41311;Hörbich;192;132;178;130;363;90;37;3;0;0;1;0;0;5;1;55;0;24;7;6;15;16;27;24;17;10;13;29;4;0;22;10;10;28;49;40;20;13;0;126;3;0;0;0;1;0;0;0;0;1;1;0;0;60;0;98;0;20;74;7;10;17;22;22;12;0;3;10;13;6;5;0;2;1;0;0;0
41312;Hofkirchen im Mühlkreis;601;526;765;507;1289;340;145;20;2;7;3;5;1;25;11;41;1;96;12;40;62;86;88;66;31;20;28;25;46;1;18;30;26;97;252;113;42;22;1;478;18;1;0;2;7;1;0;0;0;19;1;0;0;73;1;348;18;122;113;13;46;52;95;85;49;6;5;40;34;34;26;2;5;8;4;1;0
41313;Julbach;809;560;820;549;2210;348;173;28;0;6;4;2;0;15;11;222;0;49;23;48;89;111;134;98;49;61;60;39;47;1;117;43;35;106;288;155;52;13;0;510;24;0;0;0;11;4;0;0;0;10;1;0;0;249;0;415;20;79;295;12;44;66;84;92;50;2;12;61;44;35;19;1;16;8;3;0;0
41314;Kirchberg ob der Donau;440;383;614;375;875;226;113;36;0;4;3;2;3;10;5;38;0;47;11;25;61;69;61;50;24;21;26;28;16;1;17;12;20;86;194;77;18;16;0;339;35;0;0;0;0;1;0;0;0;7;1;0;0;57;0;280;12;51;97;10;33;46;68;46;23;10;9;26;25;23;20;5;14;14;3;0;0
41315;Klaffer am Hochficht;674;533;727;522;1355;370;128;23;1;9;2;4;1;11;3;122;0;72;38;39;43;96;101;79;32;24;28;47;43;32;64;37;54;137;251;107;17;7;0;498;23;0;0;0;0;0;0;0;1;11;0;0;0;141;0;413;54;33;174;21;50;91;103;80;25;11;22;28;39;15;13;2;7;13;1;0;0
41316;Kleinzell im Mühlkreis;673;536;782;532;1767;364;134;33;1;2;4;3;1;15;10;106;0;29;17;51;74;84;90;71;44;43;54;99;17;0;33;31;36;120;324;70;56;3;0;495;26;2;0;0;3;5;0;0;1;4;1;0;0;136;0;409;7;83;174;11;31;68;104;108;42;0;11;49;36;22;16;1;12;16;3;1;0
41317;Kollerschlag;662;473;683;463;1336;301;141;20;1;4;5;4;0;22;6;157;1;72;23;32;59;84;78;65;44;41;40;64;58;2;68;27;32;84;245;142;52;11;1;441;19;0;0;1;1;1;0;0;0;11;0;0;0;187;1;365;9;73;215;10;35;40;78;73;65;3;11;26;34;31;36;1;5;10;3;1;0
41318;Lembach im Mühlkreis;681;489;761;468;1431;305;124;38;1;8;5;10;4;29;10;147;0;73;15;54;74;80;69;73;36;45;45;90;26;1;100;32;35;118;233;121;35;7;0;424;33;1;0;0;5;4;0;0;1;21;1;0;0;191;0;367;12;78;224;13;34;55;84;70;49;4;9;34;36;30;11;4;14;16;3;1;0
41319;Lichtenau im Mühlkreis;219;169;230;165;577;109;50;5;1;3;2;0;0;5;2;42;0;44;4;14;9;35;32;18;8;13;15;14;12;1;13;8;6;33;93;40;20;6;0;157;5;0;0;1;2;0;0;0;0;4;0;0;0;50;0;115;6;34;64;2;9;16;21;28;33;0;0;7;16;11;16;0;0;5;0;0;0
41320;Nebelberg;253;214;277;213;459;157;50;6;0;0;3;0;0;2;5;30;0;11;13;16;24;36;43;19;16;19;21;23;10;2;12;6;5;29;109;71;20;1;0;207;6;0;0;0;0;0;0;0;0;1;0;0;0;39;0;163;3;28;59;4;16;39;31;37;30;0;7;14;10;10;9;2;1;2;1;0;0
41321;Neufelden;585;423;643;397;1067;270;102;21;4;11;12;10;4;28;14;109;0;92;24;29;76;84;66;61;31;22;42;38;20;0;65;31;26;127;205;85;30;16;0;366;18;1;0;3;6;2;0;0;1;23;5;0;0;160;0;245;19;119;202;12;33;44;98;58;25;5;9;33;30;10;15;4;5;6;5;1;0
41322;Niederkappel;462;316;517;309;955;158;122;28;1;4;3;1;0;12;4;129;0;45;26;37;42;56;56;54;28;33;22;40;23;0;32;13;15;86;179;93;24;20;0;280;28;0;0;1;0;0;0;0;0;6;1;0;0;146;0;229;13;56;164;5;13;29;53;35;23;3;9;36;28;21;25;3;8;15;2;0;0
41323;Niederwaldkirchen;844;625;895;608;1562;430;146;32;0;8;8;5;1;22;13;179;0;89;14;49;68;103;129;105;48;67;58;67;43;4;65;35;46;123;307;145;86;37;0;562;26;2;0;0;14;4;0;0;0;15;2;0;0;219;0;440;28;117;259;24;55;62;121;109;59;3;8;40;45;28;22;1;5;17;7;2;0
41324;Oberkappel;282;253;366;243;538;164;67;12;0;3;3;2;0;17;3;11;0;60;17;20;22;34;37;28;16;13;13;14;8;0;1;9;11;76;110;50;24;1;0;230;11;1;0;0;1;0;0;0;0;10;0;0;0;29;0;176;6;49;51;7;21;29;40;43;24;4;5;29;14;9;6;1;3;7;0;1;0
41325;Oepping;653;517;745;504;1253;360;114;30;0;5;2;1;0;19;12;110;0;60;10;38;33;88;71;126;37;46;55;55;34;0;49;13;29;89;272;135;51;15;0;474;28;1;0;0;0;1;0;0;0;9;4;0;0;136;0;378;7;100;168;6;34;47;118;103;52;0;4;22;33;31;24;6;9;10;4;1;0
41326;Peilstein im Mühlviertel;678;565;815;546;1335;357;159;29;1;8;6;7;1;12;10;88;0;168;22;27;44;98;91;63;38;49;33;25;19;1;26;28;38;126;268;117;62;13;0;513;27;0;0;1;3;2;0;0;0;17;2;0;0;113;0;424;23;64;167;25;59;60;81;82;50;6;12;44;44;31;22;4;10;14;1;0;0
41327;Pfarrkirchen im Mühlkreis;649;478;657;457;1795;311;128;17;1;8;5;3;4;29;11;132;0;75;31;55;45;79;69;71;47;46;36;60;34;1;45;26;26;95;300;112;29;16;0;435;15;0;0;1;4;2;0;0;0;19;2;0;0;171;0;337;11;89;212;8;12;49;63;91;88;1;5;22;39;34;27;2;6;8;1;0;0
41328;Putzleinsdorf;1123;487;819;476;2518;244;195;34;3;3;4;8;1;14;12;605;0;37;18;66;64;117;144;132;72;72;158;151;89;3;363;67;50;98;290;183;49;23;0;434;30;1;1;3;5;2;0;0;0;11;2;0;0;634;0;358;13;76;676;12;21;24;55;72;60;7;5;37;60;42;44;1;11;16;4;1;1
41329;Neustift im Mühlkreis;650;466;663;446;1188;293;131;22;0;10;3;4;1;24;8;154;0;60;33;67;62;57;86;66;33;55;48;38;44;1;44;20;36;102;244;136;52;16;0;413;21;0;0;0;11;1;0;0;0;18;2;0;0;184;0;367;12;63;208;11;23;47;69;86;57;3;6;21;37;32;32;0;7;13;1;1;0
41331;St. Johann am Wimberg;497;355;517;348;955;234;97;17;0;10;1;3;3;13;4;115;0;60;13;17;37;59;53;71;38;29;36;54;29;1;57;20;22;90;164;90;43;11;0;329;15;0;0;0;2;2;0;0;0;4;3;0;0;142;0;232;17;71;177;13;37;32;78;49;25;1;7;21;25;28;15;0;6;7;4;0;0
41332;St. Martin im Mühlkreis;2097;1192;1817;1168;4370;863;228;77;0;5;23;15;3;52;31;800;0;113;49;120;203;267;292;285;99;153;139;188;188;1;407;103;99;344;727;275;94;48;0;1077;64;6;0;0;14;6;1;0;0;20;4;0;0;905;0;821;35;255;986;30;42;146;223;273;149;3;14;61;60;55;35;5;11;32;24;5;0
41333;St. Oswald bei Haslach;227;166;235;163;625;111;46;6;0;2;2;1;1;6;5;47;0;45;3;9;14;22;37;25;13;14;12;26;6;1;17;14;9;24;98;31;23;11;0;156;6;0;0;0;1;0;0;0;0;3;0;0;0;61;0;129;2;26;70;5;8;9;26;29;34;1;2;7;13;11;12;1;0;4;1;0;0
41334;St. Peter am Wimberg;757;540;894;527;1769;299;185;41;2;5;2;4;0;22;5;192;0;60;20;31;50;83;112;99;46;28;71;99;58;0;112;23;26;68;286;169;55;18;0;475;36;4;0;2;9;1;0;0;0;14;0;0;0;216;0;385;3;123;246;10;23;40;98;96;32;5;5;35;63;50;27;3;9;18;8;3;0
41336;St. Ulrich im Mühlkreis;312;243;318;238;602;196;38;4;0;1;1;0;1;15;2;54;0;25;6;18;17;26;33;40;27;11;9;57;41;2;30;12;17;51;118;55;22;7;0;228;3;0;0;0;6;1;0;0;0;4;1;0;0;69;0;190;10;26;86;8;15;26;56;54;37;1;4;6;9;10;8;0;0;1;2;1;0
41337;St. Veit im Mühlkreis;603;496;644;483;1021;394;74;15;0;2;2;11;1;10;6;88;0;79;15;35;48;84;74;62;50;50;34;49;22;1;32;29;42;121;218;102;47;12;0;456;12;2;0;0;12;1;0;0;0;11;2;0;0;107;0;332;39;91;141;18;54;71;94;95;62;2;4;17;14;15;22;3;3;3;6;0;0
41338;Sarleinsbach;796;706;1088;697;1578;431;224;40;2;4;11;4;1;21;14;44;0;194;10;28;43;103;117;120;56;30;49;30;15;1;26;15;22;122;352;164;72;23;0;651;35;3;0;2;4;2;0;0;0;9;2;0;0;88;0;531;11;116;138;14;50;75;144;98;50;6;14;67;71;36;30;4;13;15;5;3;0
41341;Schwarzenberg am Böhmerwald;403;305;410;273;817;205;50;13;5;11;4;1;0;38;5;71;0;75;7;13;38;48;59;39;20;34;11;24;35;0;33;25;31;66;129;81;35;3;0;246;11;0;0;5;9;2;0;0;0;31;1;0;0;98;0;150;61;56;136;13;42;58;45;26;21;1;4;13;17;10;5;1;5;5;2;0;0
41342;Ulrichsberg;1350;1028;1470;1004;2102;728;240;35;1;27;12;15;2;54;17;219;0;291;30;79;115;176;157;90;48;65;73;130;90;6;86;58;90;272;514;216;86;28;0;962;25;6;0;0;6;4;0;0;1;23;2;0;0;321;0;824;32;105;389;25;92;152;193;151;115;17;26;60;71;33;33;5;6;11;11;2;0
41343;Aigen-Schlägl;1525;1119;1772;1085;2643;761;240;81;3;21;20;19;1;56;29;293;1;284;44;78;121;191;142;136;41;80;109;182;115;2;193;67;76;301;526;252;79;30;1;996;71;5;1;3;5;4;0;0;0;27;9;0;0;403;1;779;44;232;470;21;89;141;207;188;115;22;34;70;52;31;31;9;20;36;12;4;0
41344;Rohrbach-Berg;1955;1462;2931;1398;4869;824;399;168;7;16;43;57;5;48;30;358;0;184;65;164;182;284;243;237;82;96;127;165;124;2;233;68;93;374;708;290;125;64;0;1204;127;23;2;6;19;13;2;1;1;49;17;2;0;489;0;987;40;359;569;31;58;131;276;230;98;12;41;99;139;65;43;4;44;51;45;24;0
41345;Helfenberg;966;626;897;602;2163;398;172;31;1;7;5;9;1;13;6;320;3;115;27;57;83;122;133;124;41;31;46;97;86;4;229;52;69;148;305;116;37;7;3;563;29;0;0;1;7;2;0;0;0;23;1;0;0;337;3;382;36;118;430;43;53;76;92;83;51;11;20;48;52;24;17;5;12;10;4;0;0
41346;St. Stefan-Afiesl;678;416;598;388;1359;284;90;14;0;5;2;2;1;27;7;246;0;76;11;11;51;84;98;125;78;31;25;41;45;2;95;47;55;94;197;117;53;20;0;364;12;0;1;0;10;1;0;0;0;21;7;0;0;262;0;269;26;87;296;16;43;59;77;59;30;2;8;18;25;17;20;0;4;8;2;0;0
41401;Altschwendt;275;246;350;245;448;178;53;13;1;1;1;1;0;5;2;20;0;45;20;29;13;28;34;24;7;10;21;26;18;0;8;12;20;61;119;42;12;1;0;228;12;0;0;1;3;1;0;0;0;1;0;0;0;29;0;203;3;22;47;6;20;32;56;38;26;3;5;21;12;6;6;1;5;5;2;0;0
41402;Andorf;1829;1654;2554;1621;2931;1255;263;100;3;8;24;33;2;56;21;61;3;244;128;180;225;223;180;173;142;89;68;97;76;4;40;46;151;458;739;302;61;29;3;1516;76;20;1;3;2;2;0;1;0;31;3;0;0;171;3;1302;14;202;311;51;149;235;326;334;160;33;47;92;50;29;12;5;25;30;26;13;1
41403;Brunnenthal;767;718;968;714;1126;612;70;32;0;1;3;5;0;25;4;15;0;67;35;51;79;124;103;117;53;35;41;54;8;0;16;20;44;199;351;105;21;11;0;682;27;3;1;0;0;1;0;0;0;3;0;1;0;49;0;529;24;133;81;16;52;113;169;146;116;2;6;21;25;11;5;5;5;14;3;5;0
41404;Diersbach;769;544;738;532;1276;398;113;20;1;7;3;2;1;10;10;204;0;111;34;74;56;98;104;65;27;41;33;66;60;0;64;36;66;162;289;109;37;6;0;508;19;1;0;1;3;0;0;0;0;12;1;0;0;224;0;407;7;84;271;15;47;73;88;109;66;5;14;32;29;16;17;4;9;3;3;1;0
41405;Dorf an der Pram;515;379;516;374;840;294;69;11;0;3;5;2;0;24;8;98;1;61;19;36;39;52;54;32;20;61;41;30;68;2;35;18;35;105;206;81;20;14;1;361;6;2;0;0;2;3;0;0;0;4;1;0;0;135;1;292;6;57;160;11;26;45;77;77;58;5;3;16;11;16;18;1;4;3;1;2;0
41406;Eggerding;941;468;619;453;1479;359;82;12;0;1;4;1;0;30;18;434;0;77;18;130;88;128;96;83;51;47;84;85;54;0;139;65;66;151;311;138;49;22;0;436;9;3;0;0;5;0;0;0;0;12;3;0;0;473;0;370;11;62;498;5;8;22;32;85;207;3;4;13;23;17;22;0;6;3;1;2;0
41407;Engelhartszell;651;337;497;316;1546;212;76;21;7;13;11;6;3;48;20;233;1;72;17;72;74;87;69;84;31;33;28;47;35;2;111;45;53;108;174;107;41;11;1;280;20;0;0;6;8;1;0;0;1;20;4;0;0;310;1;212;19;74;346;10;31;35;34;58;44;6;8;14;20;17;11;1;8;10;2;0;0
41408;Enzenkirchen;752;632;882;621;1183;444;151;25;1;1;6;5;1;26;6;83;3;56;29;84;57;80;94;84;45;54;66;59;36;8;28;30;62;169;306;122;26;6;3;593;24;0;0;1;2;1;0;0;0;9;2;0;0;117;3;488;7;76;181;24;37;69;95;101;118;13;25;49;33;19;12;3;6;11;5;0;0
41409;Esternberg;1091;887;1367;869;1817;491;315;63;0;3;5;6;3;26;22;157;0;63;57;112;96;125;152;125;54;47;54;127;78;1;59;49;68;303;463;126;16;7;0;804;61;1;0;0;2;1;0;0;0;18;0;0;0;204;0;696;16;130;249;21;49;91;140;115;75;24;27;76;94;56;38;12;30;18;3;0;0
41410;Freinberg;604;550;842;541;1062;377;130;34;0;8;8;0;0;15;5;27;0;59;29;52;96;89;70;77;29;22;30;33;18;0;12;22;48;195;235;67;14;11;0;507;31;1;0;0;0;0;1;1;0;9;0;0;0;54;0;437;10;54;103;21;41;84;102;86;43;13;13;33;44;15;12;2;14;12;4;2;0
41411;Kopfing im Innkreis;857;708;1042;694;1599;448;214;32;0;11;6;5;3;30;15;92;1;55;39;104;70;104;135;98;40;55;72;57;25;3;41;41;52;202;332;145;29;14;1;655;28;1;0;0;7;3;0;0;0;13;1;0;0;148;1;511;28;119;199;15;47;64;110;133;79;13;18;54;62;32;35;5;7;12;7;1;0
41412;Mayrhof;109;99;111;98;143;91;3;4;0;0;1;0;0;0;0;10;0;13;2;5;4;5;15;9;6;22;9;15;4;0;4;4;5;15;58;20;1;2;0;94;4;0;0;0;0;0;0;0;0;1;0;0;0;10;0;79;1;15;14;1;3;9;15;26;37;0;0;0;0;1;2;1;2;1;0;0;0
41413;Münzkirchen;1135;811;1121;796;2071;619;130;46;1;3;8;16;2;46;17;247;0;80;49;123;146;175;131;115;74;70;67;66;39;0;63;51;84;265;377;215;54;26;0;741;42;2;0;1;8;2;0;0;0;15;1;0;0;323;0;639;9;124;363;15;47;90;154;179;134;4;12;33;32;25;24;5;17;18;5;1;0
41414;Raab;1276;844;1140;812;1971;684;85;43;0;9;13;14;1;65;14;348;0;186;62;80;91;125;93;118;44;52;118;164;143;0;233;87;98;299;363;133;48;15;0;764;40;0;0;0;5;3;0;0;0;25;5;2;0;432;0;654;22;119;481;13;56;124;196;168;127;3;15;16;23;21;7;7;12;16;8;0;0
41415;Rainbach im Innkreis;871;476;638;466;1641;367;85;14;0;4;5;2;0;13;14;367;0;45;20;53;76;108;74;121;52;59;80;112;68;3;157;63;63;165;303;89;25;6;0;445;12;2;0;0;7;0;0;0;0;8;2;0;0;395;0;387;6;73;405;5;18;39;74;120;111;4;4;15;16;24;22;1;3;8;1;1;0
41416;Riedau;866;716;1027;693;1293;568;85;39;1;5;9;11;3;27;8;91;19;128;39;78;82;107;105;99;16;31;50;60;52;19;55;21;80;217;322;121;18;13;19;653;33;5;0;1;0;1;0;0;0;21;2;0;0;131;19;557;8;113;188;11;39;116;202;137;63;5;16;22;28;9;5;4;16;6;10;3;0
41417;St. Aegidi;754;501;668;487;1475;377;87;22;1;3;6;5;5;24;6;218;0;51;38;69;59;108;104;74;33;43;67;71;37;0;64;29;30;103;279;177;54;18;0;461;21;1;0;1;3;0;0;0;0;13;2;0;0;252;0;413;3;42;296;9;31;43;77;94;123;6;4;12;24;19;22;2;5;12;3;0;0
41418;St. Florian am Inn;1293;1068;1741;1049;2114;738;228;82;1;7;13;28;1;47;11;126;11;98;50;140;144;167;114;117;96;99;86;87;83;12;74;67;131;341;451;151;33;34;11;963;77;4;1;1;3;0;0;0;0;19;0;0;0;214;11;759;24;221;289;24;68;153;194;156;143;16;65;69;43;18;17;9;20;30;18;5;0
41419;St. Marienkirchen bei Schärding;818;655;966;645;1418;472;149;21;3;5;17;9;0;42;8;92;0;110;39;69;70;85;70;59;89;43;55;55;72;2;51;29;59;149;347;130;32;21;0;619;12;9;0;2;2;0;0;0;1;9;3;0;0;161;0;477;20;129;192;10;40;93;129;138;62;9;20;47;37;27;9;1;2;7;3;8;0
41420;St. Roman;707;529;785;516;1573;309;183;24;0;5;6;3;2;18;7;149;1;41;26;58;56;106;99;84;40;33;48;53;57;6;72;28;37;173;272;100;21;3;1;487;23;1;0;0;5;0;0;0;0;13;0;0;0;177;1;415;11;79;202;7;18;40;61;95;88;4;8;33;61;42;35;1;10;10;3;0;0
41421;St. Willibald;630;407;534;400;1081;304;88;8;0;3;3;5;1;27;6;185;0;56;34;70;60;73;64;70;54;25;54;34;36;0;77;38;35;117;234;98;21;10;0;391;7;0;0;0;1;0;1;0;0;6;1;0;0;223;0;322;11;52;245;4;21;50;70;90;69;3;7;30;26;14;8;1;2;4;1;0;0
41422;Schärding;1878;1249;3385;1164;5042;810;124;228;2;49;56;77;13;82;44;393;0;365;152;253;230;190;156;92;85;87;172;56;39;1;290;137;261;398;417;213;112;50;0;881;115;58;10;2;53;37;5;3;0;75;11;1;0;627;0;749;34;355;740;38;122;164;209;159;118;6;26;54;22;8;8;14;35;56;57;50;16
41423;Schardenberg;1066;824;1252;811;1973;529;237;43;2;12;7;5;1;28;13;189;0;87;48;69;91;129;111;105;58;92;104;77;93;2;77;51;94;250;412;137;31;14;0;760;39;2;0;2;6;1;1;0;0;12;1;0;0;242;0;649;20;96;301;23;66;89;130;156;65;13;19;66;69;49;21;4;10;16;12;1;0
41424;Sigharting;435;305;385;289;687;228;53;7;1;5;7;5;1;32;5;91;0;25;15;43;43;53;37;41;15;21;62;51;29;0;46;25;29;91;139;77;10;18;0;275;7;0;0;1;6;0;0;0;0;15;1;0;0;130;0;259;7;25;144;4;20;22;52;72;58;3;5;21;12;9;3;1;1;4;1;0;0
41425;Suben;605;437;772;429;1026;314;70;45;0;5;10;4;2;31;12;111;1;53;24;54;57;65;50;57;38;47;41;65;51;3;70;39;43;133;201;74;32;12;1;381;37;6;0;0;3;1;0;1;0;8;0;0;0;167;1;338;6;69;192;4;33;57;113;69;38;5;8;28;20;3;6;5;16;14;8;1;1
41426;Taufkirchen an der Pram;1253;955;1362;934;1929;708;183;42;1;5;11;15;1;47;12;228;0;158;75;105;106;117;127;129;70;75;72;111;108;0;97;63;101;293;467;151;55;26;0;888;37;4;1;1;3;0;0;0;0;19;1;1;0;298;0;733;10;160;350;11;60;114;184;166;173;12;21;51;43;30;26;3;11;16;6;6;0
41427;Vichtenstein;292;246;345;241;437;160;72;9;0;4;2;0;1;4;5;33;2;32;11;37;29;44;37;28;16;17;6;16;17;2;14;16;19;77;112;41;7;4;2;231;8;0;0;0;1;1;0;0;0;5;0;0;0;44;2;183;7;27;75;14;26;29;31;29;31;5;12;18;18;9;10;2;3;3;1;0;0
41428;Waldkirchen am Wesen;518;465;611;447;857;335;98;12;2;14;3;5;1;20;3;25;0;76;33;42;62;83;75;49;21;14;22;17;21;3;17;9;33;102;201;123;26;7;0;432;12;0;0;2;1;0;0;0;0;17;2;0;0;52;0;330;17;64;107;24;50;54;80;82;45;6;19;25;21;13;14;1;3;8;0;0;0
41429;Wernstein am Inn;761;520;790;511;1221;334;152;23;2;6;1;1;0;25;17;200;0;74;31;55;84;82;78;46;31;31;57;115;76;1;110;45;62;174;232;100;24;14;0;479;15;5;0;2;7;3;0;0;0;8;1;0;0;241;0;390;10;82;279;12;36;72;88;83;43;9;15;34;45;24;25;1;7;8;6;1;0
41430;Zell an der Pram;914;648;847;628;1406;513;92;22;1;7;13;14;0;51;12;188;1;136;34;75;94;120;78;68;48;79;64;82;34;2;91;35;82;217;329;112;37;10;1;597;16;4;0;1;8;2;0;0;0;19;2;0;0;264;1;505;9;91;309;17;48;74;131;121;122;8;8;18;26;20;12;7;4;6;4;1;0
41501;Adlwang;840;653;937;639;1635;482;126;31;0;3;8;7;0;40;8;135;0;86;7;23;47;77;111;98;57;41;78;113;100;2;72;30;48;175;308;100;77;30;0;600;27;3;0;0;8;1;0;0;0;14;0;0;0;187;0;525;6;95;214;6;35;95;153;128;65;3;14;36;47;16;10;1;4;10;14;2;0
41502;Aschach an der Steyr;1200;770;1082;672;1964;503;141;28;0;1;4;3;1;112;7;398;2;86;23;53;72;174;182;250;95;63;67;78;54;3;340;69;78;249;284;60;77;41;2;632;26;1;0;0;12;1;0;0;0;86;12;0;0;428;2;578;11;124;487;28;35;106;183;111;40;2;9;41;41;36;12;1;7;16;3;1;0
41503;Bad Hall;1913;1520;3365;1412;6411;869;304;233;6;26;15;44;3;101;31;280;1;173;76;171;214;248;165;193;89;138;175;199;71;1;197;146;191;468;546;210;101;53;1;1124;169;31;8;5;49;21;4;0;1;86;26;0;0;388;1;1084;35;307;487;9;91;280;251;180;58;25;46;110;86;25;12;19;55;82;41;31;5
41504;Dietach;1277;1072;1625;1055;2890;818;162;74;1;8;13;15;0;40;15;131;0;135;13;48;87;164;155;130;100;179;101;103;62;0;78;31;108;340;470;131;64;55;0;974;59;9;0;1;6;6;0;0;0;15;2;0;0;205;0;898;13;115;251;17;50;189;283;184;95;4;14;39;51;28;26;1;11;35;19;8;0
41505;Gaflenz;856;585;869;570;1706;374;168;28;0;13;6;5;2;28;7;225;0;59;22;63;84;119;96;70;44;96;93;57;53;0;122;58;64;166;278;114;38;16;0;534;25;0;0;0;8;3;0;0;0;15;0;0;0;271;0;415;20;102;319;22;44;71;83;97;57;1;16;38;54;34;25;1;8;13;6;0;0
41506;Garsten;2049;1858;3017;1828;3399;1408;257;158;5;9;22;19;5;25;15;114;12;319;66;163;248;278;228;255;109;142;77;115;37;12;94;72;190;589;726;204;122;40;12;1658;137;16;4;5;7;0;1;0;0;31;1;0;0;177;12;1345;27;432;245;51;149;284;497;275;152;17;38;93;72;28;9;9;27;67;39;12;4
41507;Großraming;1430;861;1329;831;2387;533;252;44;2;24;5;13;3;22;21;511;0;114;33;141;180;173;165;107;58;77;90;144;147;1;326;129;119;291;332;153;68;12;0;777;41;0;0;2;8;2;1;0;0;25;5;0;0;569;0;577;31;179;643;29;74;92;136;146;56;13;27;58;78;46;30;2;11;24;7;0;0
41508;Laussa;459;435;629;423;768;298;102;23;0;5;4;3;1;12;4;7;0;70;19;22;44;75;115;53;18;19;8;8;8;0;8;29;43;129;137;64;43;6;0;400;22;1;0;0;0;0;0;0;0;12;0;0;0;24;0;265;54;72;68;44;50;64;65;42;33;5;10;28;28;15;16;0;8;10;4;1;0
41509;Losenstein;673;521;839;504;1439;352;109;43;0;8;7;8;2;24;13;107;0;137;9;60;101;111;66;64;26;29;17;31;20;2;41;57;45;148;226;98;45;13;0;454;36;3;1;0;7;3;0;0;0;17;0;0;0;152;0;361;16;92;204;15;47;54;86;76;74;5;13;32;26;14;19;2;10;19;10;2;0
41510;Maria Neustift;543;444;645;437;994;307;115;15;0;6;2;2;2;10;7;77;0;72;19;48;44;77;97;57;21;15;33;45;15;0;22;18;18;102;202;94;85;2;0;418;11;1;0;0;4;3;0;0;0;7;0;0;0;99;0;329;4;83;127;16;20;48;80;80;63;0;11;18;32;29;25;1;2;2;9;1;0
41511;Pfarrkirchen bei Bad Hall;879;719;1162;706;1721;483;161;61;1;4;4;3;0;18;8;136;0;106;17;55;93;109;105;74;49;62;65;107;33;4;81;39;57;239;307;91;40;25;0;640;52;5;0;1;4;4;0;0;0;11;3;0;0;159;0;575;11;104;189;9;41;121;152;121;39;8;13;48;49;30;13;2;13;30;12;4;0
41512;Reichraming;734;566;937;549;1336;365;135;49;0;10;6;6;1;21;9;131;1;88;27;87;94;102;96;61;10;37;37;65;29;1;80;57;70;174;222;87;32;11;1;496;42;5;0;0;4;2;0;0;0;16;1;0;0;167;1;420;43;59;212;24;79;68;99;62;33;9;17;48;31;16;14;3;10;30;5;1;0
41513;Rohr im Kremstal;475;428;691;416;821;311;65;39;1;5;4;2;1;12;5;30;0;39;17;33;40;49;65;57;43;37;30;49;16;0;17;9;36;137;160;43;40;33;0;375;34;4;0;1;1;1;0;0;0;10;2;0;0;47;0;342;8;57;68;4;17;59;95;79;57;0;4;17;23;7;14;4;12;14;4;5;0
41514;St. Ulrich bei Steyr;1250;999;1524;978;2412;697;222;58;1;6;14;6;1;41;22;182;0;117;21;93;146;180;172;123;101;53;60;123;58;3;97;47;95;283;447;178;80;23;0;909;51;5;0;1;10;2;0;0;0;21;1;0;0;250;0;702;20;231;297;25;69;141;216;161;85;7;21;65;77;37;15;2;11;22;13;10;0
41515;Schiedlberg;660;446;638;435;1238;330;80;24;1;2;8;4;2;26;9;174;0;166;4;31;34;60;67;55;63;38;30;89;21;2;76;34;27;99;178;123;82;41;0;408;15;0;0;0;2;8;1;0;1;10;1;0;0;214;0;324;5;59;272;14;27;58;82;79;70;5;7;19;20;13;16;1;3;12;8;0;0
41516;Sierning;3854;3266;5157;3195;7041;2470;473;248;4;16;35;47;4;114;26;417;0;507;131;420;468;382;386;389;242;200;216;258;253;2;262;308;375;1061;1231;383;138;96;0;2912;202;30;3;3;31;10;3;0;1;63;9;0;0;587;0;2478;60;543;773;71;324;663;788;461;163;47;76;152;121;56;21;12;75;70;64;26;1
41517;Ternberg;1564;1094;1708;1066;2982;762;231;70;3;16;5;26;3;46;21;381;0;185;46;101;136;210;215;128;92;65;99;195;92;0;273;98;132;324;441;165;96;35;0;982;53;6;0;2;11;9;2;0;1;27;3;0;0;468;0;797;27;163;577;71;81;117;212;179;102;17;13;55;63;42;41;5;17;22;19;7;0
41518;Waldneukirchen;886;709;1087;685;1658;462;162;59;2;7;8;11;2;54;10;108;1;131;13;48;85;163;116;68;33;50;46;75;55;3;53;25;43;191;311;122;93;47;1;614;48;2;0;2;10;9;0;0;0;25;1;0;0;174;1;525;13;129;219;20;51;87;135;114;55;5;5;53;48;35;16;2;15;30;10;2;0
41521;Wolfern;1337;1129;1584;1101;2327;851;195;52;3;5;13;12;1;78;10;115;2;163;9;59;102;210;187;130;91;116;108;111;49;2;76;52;116;274;524;136;80;77;2;1041;44;5;0;3;5;3;0;0;0;27;2;0;0;205;2;973;11;95;258;16;49;167;323;187;109;5;14;54;54;38;30;1;16;18;12;4;1
41522;Weyer;1774;1427;2332;1363;3044;932;310;114;7;19;13;26;6;59;22;265;1;349;88;161;208;247;165;145;52;55;81;137;84;2;162;114;182;483;536;189;79;28;1;1231;94;14;0;6;11;6;0;0;1;59;7;0;0;344;1;846;69;325;534;72;163;203;252;169;73;17;45;123;69;42;14;17;32;33;27;5;0
41601;Alberndorf in der Riedmark;2055;1445;1930;1425;4276;1096;276;49;4;10;3;8;2;28;10;569;0;136;37;90;161;244;301;255;145;165;173;216;131;1;332;134;135;382;712;210;104;46;0;1363;47;1;0;4;9;1;0;0;0;19;3;0;0;608;0;1083;28;238;706;58;102;159;328;229;220;9;14;62;71;44;76;2;9;25;9;4;0
41602;Altenberg bei Linz;1621;1491;2162;1478;3022;1113;276;88;1;5;6;4;0;10;7;111;0;90;21;56;128;324;332;199;96;66;97;143;69;0;101;30;78;334;735;182;127;34;0;1385;77;10;0;1;4;1;0;0;0;10;3;0;0;130;0;1082;36;290;213;39;72;141;372;309;180;3;14;63;101;63;32;3;15;47;12;11;0
41603;Bad Leonfelden;1451;1164;2258;1127;3362;702;282;139;4;17;20;18;4;69;24;172;0;195;28;74;140;212;210;160;68;93;61;120;74;16;62;48;62;215;608;244;146;66;0;974;114;11;3;4;10;7;4;0;0;31;10;0;0;283;0;802;32;286;331;11;63;120;197;221;90;8;14;69;91;63;37;7;30;49;45;7;1
41604;Eidenberg;945;834;1142;824;1743;655;128;41;0;7;4;3;0;8;10;89;0;38;13;62;130;172;154;80;88;80;65;49;14;0;57;66;78;232;328;119;50;15;0;777;37;3;0;0;6;1;0;0;0;8;2;0;0;111;0;548;36;136;225;61;94;116;131;166;87;3;7;32;35;28;23;2;13;12;10;4;0
41605;Engerwitzdorf;3475;2717;4220;2694;6579;1958;550;180;6;9;15;30;0;53;11;662;1;128;41;106;262;433;490;542;279;255;320;497;119;3;512;166;343;889;1107;246;148;63;1;2499;152;22;2;5;9;3;1;0;1;22;3;0;0;755;1;2065;25;546;839;24;118;446;780;421;169;9;45;180;181;86;49;7;39;70;37;25;2
41606;Feldkirchen an der Donau;2463;1802;2835;1771;5578;1255;390;122;4;17;9;12;5;87;27;535;0;126;45;154;289;336;396;298;130;129;182;163;158;57;356;97;147;507;868;318;121;49;0;1592;94;12;2;3;53;13;1;0;1;29;4;1;0;658;0;1386;42;274;761;35;119;248;367;333;153;2;16;100;126;82;64;5;23;54;31;8;1
41607;Gallneukirchen;1894;1540;3508;1500;5540;932;300;257;11;8;26;28;3;19;35;275;0;94;30;111;213;239;212;275;129;145;149;193;103;1;225;63;140;509;636;240;62;19;0;1203;203;29;3;10;29;17;5;0;1;28;17;0;0;349;0;1015;23;465;391;7;43;171;340;268;103;9;35;111;96;33;16;5;37;102;77;33;3
41608;Goldwörth;328;276;401;273;629;181;78;14;0;1;2;0;0;4;5;43;0;13;13;20;31;47;45;63;26;28;16;11;15;0;31;11;16;78;134;45;9;4;0;257;14;0;0;0;2;0;0;0;0;2;1;0;0;52;0;215;5;39;69;8;11;22;60;59;21;3;10;21;22;11;11;1;2;8;3;0;0
41609;Gramastetten;2473;1646;2529;1622;4313;1244;255;115;8;3;10;16;1;39;17;764;1;75;53;103;210;310;321;230;120;190;239;475;144;3;572;111;158;500;713;266;107;45;1;1486;98;11;1;8;13;5;0;0;0;24;7;0;0;819;1;1104;53;348;968;71;88;190;370;300;225;2;16;64;65;52;56;4;15;42;40;13;1
41610;Haibach im Mühlkreis;438;378;468;377;775;321;46;10;0;0;2;0;0;4;2;53;0;31;0;16;20;71;71;55;33;38;34;44;23;2;32;20;37;105;157;38;41;8;0;367;10;0;0;0;0;0;0;0;0;1;0;0;0;60;0;259;19;62;98;22;43;61;83;68;44;1;3;14;12;6;10;0;1;5;4;0;0
41611;Hellmonsödt;922;768;1344;745;2103;537;127;80;1;10;4;13;3;15;11;113;8;55;13;45;102;129;154;144;45;37;53;56;68;21;77;34;64;228;327;106;65;13;8;662;70;4;0;1;2;4;2;0;0;18;4;2;0;145;8;523;30;169;200;29;59;93;188;115;53;3;18;47;41;10;8;8;15;28;26;3;0
41612;Herzogsdorf;1155;950;1181;931;2943;785;122;24;0;1;10;4;0;27;10;172;0;81;20;61;63;171;184;176;66;69;71;133;57;3;92;57;61;139;494;175;79;58;0;902;22;2;0;0;5;0;0;0;0;19;0;0;0;205;0;689;30;171;265;23;46;96;178;255;187;3;5;20;35;27;32;0;7;8;7;2;0
41613;Kirchschlag bei Linz;862;804;1341;793;2145;624;99;67;3;9;8;4;0;9;6;31;2;53;29;60;148;142;142;93;25;61;46;39;19;5;33;50;75;252;309;96;33;12;2;715;49;12;1;2;8;3;1;1;1;13;0;0;0;54;2;513;42;167;140;44;77;111;171;135;86;0;9;34;27;14;15;2;12;30;14;7;2
41614;Lichtenberg;1243;974;1485;951;2618;696;175;80;0;7;9;3;2;19;15;237;0;32;22;60;146;195;183;140;64;120;80;93;107;1;149;66;90;273;433;131;62;39;0;866;75;3;0;0;5;2;0;0;0;17;6;0;0;269;0;668;40;191;344;33;51;99;235;190;88;5;19;49;57;24;21;1;23;32;22;2;0
41615;Oberneukirchen;1552;1166;1766;1141;2810;834;220;86;1;4;12;10;2;46;29;307;1;187;29;104;153;184;204;141;77;73;92;119;186;3;174;86;98;262;549;254;103;25;1;1048;70;3;0;1;6;10;3;0;0;21;5;0;0;384;1;791;46;221;494;57;113;152;231;200;81;12;34;49;54;44;27;9;30;26;19;2;0
41616;Ottenschlag im Mühlkreis;262;202;264;200;430;151;38;11;0;2;0;0;0;4;7;49;0;32;3;7;22;24;42;22;21;27;22;23;16;1;21;11;17;57;67;57;30;2;0;189;10;0;0;0;0;1;0;0;0;2;0;0;0;60;0;153;14;21;74;8;24;29;41;27;22;1;3;7;13;7;7;0;5;5;1;0;0
41617;Ottensheim;1486;1159;2599;1119;4230;703;230;186;0;10;19;20;1;51;22;244;0;148;40;87;144;204;210;244;67;87;90;121;41;3;185;69;129;400;410;168;94;31;0;912;136;30;2;0;21;13;4;1;0;34;6;0;0;327;0;735;32;355;364;12;43;123;254;180;91;4;27;74;76;25;24;8;32;51;65;23;7
41618;Puchenau;1548;1499;2600;1485;2855;1129;201;151;4;2;10;4;1;5;14;26;1;32;39;79;305;319;387;140;59;65;34;58;28;3;28;189;219;497;421;129;24;40;1;1320;130;14;2;4;10;4;1;0;0;12;2;0;1;47;1;980;48;382;138;34;77;461;256;162;139;6;26;66;56;26;21;4;24;49;54;18;2
41619;Reichenau im Mühlkreis;590;478;686;468;1175;372;65;29;2;3;2;4;1;12;12;88;0;41;11;29;44;76;72;70;51;51;56;61;28;0;28;37;53;140;210;70;41;11;0;435;25;1;0;1;2;3;0;0;1;8;2;0;0;112;0;351;20;84;135;12;30;76;134;84;36;2;5;24;15;10;9;1;6;15;4;3;0
41620;Reichenthal;846;509;739;494;1520;359;109;26;0;4;8;7;0;32;23;278;0;57;14;42;36;74;102;66;36;78;96;150;93;2;186;47;37;127;220;129;76;24;0;459;24;0;0;0;9;2;0;0;0;14;1;0;0;337;0;387;13;82;364;13;35;62;87;96;66;3;5;20;30;31;20;1;3;16;6;0;0
41621;St. Gotthard im Mühlkreis;601;491;760;486;1103;328;128;29;1;2;2;4;0;6;5;96;0;58;33;48;61;87;72;67;38;15;41;45;36;0;85;41;34;130;201;74;30;6;0;452;21;3;0;0;4;4;1;0;1;6;0;0;0;109;0;318;25;85;173;50;34;39;82;84;39;10;7;33;41;18;19;3;7;11;4;4;0
41622;Schenkenfelden;605;559;797;549;924;414;105;28;2;2;2;4;1;18;5;11;13;93;6;28;31;91;115;82;28;28;22;42;25;14;11;15;39;126;225;100;62;14;13;518;25;1;0;2;1;2;0;0;0;9;1;0;0;33;13;407;20;98;80;21;51;69;137;91;45;5;9;37;28;17;9;4;9;8;7;0;0
41623;Sonnberg im Mühlkreis;508;378;504;375;1107;277;77;21;0;1;3;0;1;15;4;109;0;19;1;9;42;69;68;48;30;57;57;73;34;1;45;21;41;93;184;73;45;6;0;350;21;0;0;0;4;0;0;0;0;3;0;0;0;130;0;296;12;49;151;12;24;49;90;71;31;0;2;17;20;15;23;0;6;14;1;0;0
41624;Steyregg;1795;1484;2865;1453;4117;875;403;174;1;16;27;22;2;42;12;215;6;100;46;142;226;360;260;212;68;98;78;113;85;7;133;50;90;441;637;224;164;50;6;1271;136;32;0;1;7;6;0;0;0;30;2;0;0;304;6;1171;34;205;385;16;89;155;377;179;59;34;74;155;91;28;21;8;42;43;55;26;0
41626;Walding;1596;1317;2133;1286;3757;973;231;79;3;4;14;13;0;48;14;217;0;65;71;100;195;275;206;264;121;93;80;102;21;3;191;62;126;407;536;180;59;35;0;1187;51;21;2;3;17;3;2;0;0;28;4;0;0;278;0;879;32;311;374;75;80;144;306;235;133;3;27;84;55;29;33;3;16;18;20;21;1
41627;Zwettl an der Rodl;600;557;934;544;1190;366;128;50;0;5;5;6;1;6;2;30;1;67;15;25;66;127;117;73;14;16;28;23;28;1;17;35;39;137;221;68;73;9;1;494;44;6;0;0;0;0;0;0;0;12;1;0;0;42;1;387;20;105;88;19;57;68;107;91;24;8;15;45;35;15;10;3;14;17;12;4;0
41628;Vorderweißenbach;1164;931;1332;911;2072;626;241;44;0;6;6;4;2;14;12;209;0;159;29;75;92;118;167;122;58;55;66;90;131;2;133;38;47;162;397;261;112;14;0;864;42;1;0;0;3;1;0;0;0;16;3;1;0;233;0;641;32;164;327;37;89;120;164;135;81;6;10;54;79;51;41;2;14;23;5;0;0
41701;Ampflwang im Hausruckwald;1368;1073;1786;1047;2387;699;262;85;1;15;14;18;4;60;12;198;0;55;217;201;141;180;172;109;42;43;44;80;83;1;131;54;157;425;412;123;42;24;0;949;69;7;3;1;12;5;1;0;0;24;2;0;0;295;0;836;14;167;351;16;113;155;187;147;81;15;43;88;67;34;15;7;30;27;16;5;0
41702;Attersee am Attersee;896;832;1821;789;2286;513;116;159;1;26;7;5;3;25;14;27;0;82;33;96;127;112;102;97;41;57;55;65;29;0;21;55;98;242;301;127;40;12;0;616;135;15;3;1;13;5;1;0;0;37;5;1;0;64;0;353;201;205;137;17;58;111;122;121;84;6;16;39;27;18;10;15;39;55;41;8;1
41703;Attnang-Puchheim;2943;1965;5047;1888;7401;1130;394;359;5;12;40;51;11;181;45;713;2;188;258;484;316;257;314;261;116;130;169;217;229;4;574;201;321;684;672;277;101;111;2;1483;260;47;6;4;41;34;9;3;1;59;19;0;0;975;2;1442;34;356;1111;23;122;296;356;238;95;26;89;149;85;30;15;15;67;146;87;37;7
41704;Atzbach;577;394;559;385;1017;277;90;18;0;0;4;6;0;24;7;150;1;113;17;32;34;60;57;54;36;34;37;57;43;3;52;21;28;97;198;86;65;29;1;362;16;2;0;0;5;0;0;0;0;9;0;0;0;182;1;300;4;75;198;4;15;39;84;73;62;3;12;21;23;16;15;2;4;7;3;2;0
41705;Aurach am Hongar;886;651;890;642;1487;486;126;30;0;9;2;2;0;17;5;207;2;32;12;53;43;107;148;115;45;44;120;126;38;3;118;54;53;205;264;123;50;17;2;606;28;2;0;0;6;0;0;0;0;9;0;0;0;233;2;530;7;79;270;15;52;82;150;140;47;6;9;34;36;24;17;4;8;13;3;2;0
41706;Berg im Attergau;444;374;544;367;846;253;88;26;0;8;1;0;0;7;9;52;0;53;9;31;42;84;53;32;21;19;38;24;35;3;13;11;25;77;131;131;37;19;0;336;24;0;0;0;5;2;0;0;0;5;2;0;0;70;0;281;10;58;95;8;23;33;42;70;77;1;8;21;19;12;27;2;10;11;3;0;0
41707;Desselbrunn;786;650;809;636;1381;523;93;20;0;4;8;9;1;17;7;104;0;90;29;58;57;64;109;56;30;53;122;74;43;1;37;34;69;182;332;78;46;8;0;612;18;2;0;0;4;0;0;0;0;13;1;0;0;136;0;540;6;90;150;13;34;64;160;162;90;3;12;21;35;13;9;3;10;5;1;1;0
41708;Fornach;404;342;442;335;724;257;71;7;0;5;3;2;2;7;4;46;0;34;4;25;28;42;55;57;33;53;31;28;13;1;16;17;27;109;151;60;20;4;0;322;7;0;0;0;6;0;0;0;0;6;1;0;0;62;0;280;7;37;80;1;9;50;67;96;34;0;9;19;24;10;9;0;0;5;2;0;0
41709;Frankenburg am Hausruck;2317;1624;2449;1574;4238;1063;422;87;2;16;17;28;2;97;22;560;1;167;81;230;229;327;261;193;138;160;231;175;120;5;245;120;134;460;861;356;106;34;1;1447;73;8;0;1;38;6;0;0;1;46;6;0;0;690;1;1267;20;221;809;30;103;193;249;335;153;14;51;122;103;76;56;6;27;32;18;4;0
41710;Frankenmarkt;1456;1086;1939;1050;2781;731;212;106;1;9;18;18;2;110;27;222;0;175;57;140;136;171;129;158;62;80;158;104;84;2;188;62;113;344;427;207;79;36;0;928;79;16;1;1;15;8;2;0;0;30;7;0;0;369;0;815;18;176;447;25;99;130;207;187;83;9;35;65;65;24;14;11;27;29;29;8;2
41711;Gampern;1120;1008;1416;998;1730;711;232;54;1;5;5;3;0;35;12;61;1;128;20;62;78;126;156;100;123;68;96;103;48;12;43;26;59;262;479;132;79;39;1;938;48;2;0;1;5;4;0;0;0;11;0;0;0;110;1;833;13;126;148;10;32;78;176;210;205;7;14;63;55;35;58;5;16;23;9;0;1
41712;Innerschwand am Mondsee;520;479;801;468;1014;342;82;43;1;8;4;2;1;20;3;14;0;44;18;41;64;66;66;66;36;27;39;29;24;0;10;19;42;120;217;83;22;7;0;424;36;2;4;1;0;1;0;0;0;10;1;0;0;41;0;324;41;71;84;20;28;60;84;86;64;4;9;30;23;8;8;3;15;15;4;5;1
41713;Lenzing an der Ager;1971;1326;2991;1303;4340;925;193;182;3;11;51;16;3;154;18;385;30;49;174;226;250;188;220;154;99;69;127;164;196;55;315;179;236;517;397;140;94;63;30;1112;144;20;8;2;6;9;0;1;1;20;3;0;0;615;30;995;22;267;687;10;112;271;287;165;80;7;47;60;52;13;14;7;33;85;30;20;7
41714;Manning;401;279;360;277;792;206;64;7;0;0;1;0;0;3;0;120;0;65;13;24;19;43;43;63;18;24;25;30;34;0;61;22;17;102;131;37;28;3;0;270;6;0;0;0;0;1;0;0;0;2;0;0;0;122;0;217;1;43;140;0;18;36;65;62;25;3;7;21;17;11;5;0;2;5;0;0;0
41715;Mondsee;981;844;2657;771;3281;417;97;254;3;26;30;31;3;44;31;45;0;140;43;98;113;88;156;113;45;48;73;43;20;1;35;87;102;189;323;166;54;25;0;494;166;28;7;3;20;41;9;3;0;58;15;2;1;134;0;510;19;230;222;18;46;67;102;103;81;12;10;23;15;19;18;13;53;95;57;29;7
41716;Neukirchen an der Vöckla;1114;818;1235;793;2139;540;211;40;2;8;9;7;2;44;24;227;0;107;49;105;95;139;149;96;58;41;85;99;90;1;134;39;69;246;392;128;71;35;0;748;31;6;0;2;3;2;0;1;0;23;2;0;0;296;0;606;11;148;349;4;35;85;160;184;72;4;17;39;73;47;31;2;12;15;8;3;0
41717;Niederthalheim;386;363;504;359;572;264;76;19;0;1;1;2;0;6;4;13;0;119;14;19;28;43;35;35;17;19;16;22;18;1;4;7;26;102;148;60;21;18;0;340;17;1;0;0;0;1;0;0;0;3;1;0;0;23;0;281;9;57;39;3;19;49;90;71;32;2;8;13;25;10;18;3;6;7;3;0;0
41718;Nußdorf am Attersee;931;789;1512;765;2537;515;121;129;0;28;8;4;0;25;5;91;5;71;38;61;100;121;170;95;52;68;62;61;27;5;60;56;126;239;271;145;21;8;5;628;115;12;0;0;8;0;2;0;0;24;0;0;0;137;5;251;307;161;212;25;90;85;122;105;88;12;12;39;30;9;19;14;32;53;24;6;0
41719;Oberhofen am Irrsee;685;626;984;603;1322;404;133;66;0;5;3;5;0;23;6;38;2;55;17;60;63;83;78;54;39;66;44;49;23;54;29;33;52;204;230;87;41;7;2;534;60;2;0;0;3;4;0;0;0;18;4;1;0;57;2;441;33;82;129;26;56;75;106;93;48;8;22;45;33;10;15;6;30;26;3;1;0
41720;Oberndorf bei Schwanenstadt;623;473;679;470;1009;361;88;21;0;1;7;2;0;23;2;118;0;64;12;27;75;74;78;57;48;61;40;53;34;0;68;24;45;164;217;47;38;20;0;446;19;1;0;0;3;1;0;0;0;3;0;0;0;150;0;347;8;91;177;2;18;56;140;104;41;2;19;33;15;13;6;0;3;11;6;1;0
41721;Oberwang;644;527;844;510;1266;290;191;29;0;7;6;5;1;37;7;71;0;90;25;55;50;64;88;63;18;41;57;56;34;3;30;17;26;130;266;115;45;15;0;475;27;1;0;0;6;1;0;0;0;13;4;0;0;117;0;416;8;65;155;8;37;49;61;85;50;6;18;49;58;32;28;2;12;10;4;1;0
41722;Ottnang am Hausruck;2369;1328;1940;1293;5017;969;250;71;3;7;7;17;7;55;37;946;0;312;92;147;141;160;233;266;274;201;139;236;163;5;649;173;188;448;600;192;79;40;0;1195;54;13;1;2;24;3;0;0;1;37;1;0;0;1038;0;1014;30;198;1127;26;86;169;251;290;147;19;16;82;74;32;27;3;22;27;12;6;1
41723;Pfaffing;721;513;787;509;1317;350;131;26;2;3;4;5;0;7;5;188;0;62;9;32;50;78;66;82;27;50;47;92;126;0;114;24;39;138;280;82;36;8;0;478;26;0;0;1;3;0;0;0;1;3;1;0;0;208;0;394;5;73;249;7;23;54;90;132;44;3;14;27;36;26;25;3;6;13;4;0;0
41724;Pilsbach;262;242;295;238;378;191;42;5;0;3;3;0;0;1;0;17;0;33;2;13;19;28;38;42;20;6;14;34;13;0;8;7;18;62;131;25;7;4;0;232;5;0;0;0;1;0;0;0;0;4;0;0;0;20;0;183;4;46;29;2;12;20;63;55;39;0;4;15;10;6;7;0;3;2;0;0;0
41725;Pitzenberg;246;190;228;189;384;157;28;4;0;1;1;0;0;4;1;50;0;32;5;7;13;23;31;26;21;16;21;27;24;0;26;12;7;61;108;18;9;5;0;183;4;0;0;0;2;0;0;0;0;1;0;0;0;56;0;158;1;26;61;1;11;21;42;61;21;0;1;7;11;5;4;0;2;2;0;0;0
41726;Pöndorf;1262;852;1154;836;2456;617;191;28;0;3;6;5;2;39;11;360;0;73;52;100;101;143;160;137;84;64;132;142;73;1;197;77;89;289;345;170;67;28;0;801;23;2;0;0;7;2;1;0;0;13;3;0;0;410;0;667;15;107;473;12;61;93;147;202;102;3;12;45;61;38;32;1;6;15;3;3;0
41727;Puchkirchen am Trattberg;402;348;491;338;628;250;76;12;0;2;1;0;0;8;8;43;2;50;9;24;16;42;62;40;35;32;57;26;6;3;25;15;26;103;144;59;24;4;2;324;10;0;0;0;2;2;0;0;0;5;4;1;0;52;2;275;5;54;68;5;19;33;71;76;46;9;4;24;18;16;5;2;3;5;1;1;0
41728;Pühret;282;209;250;209;450;171;35;3;0;1;0;1;0;6;1;64;0;31;13;10;15;34;34;19;15;24;23;36;28;0;31;15;20;62;105;22;25;2;0;206;3;0;0;0;0;0;0;0;0;0;0;0;0;73;0;171;1;27;83;1;11;17;42;69;31;0;4;8;9;7;7;0;2;1;0;0;0
41729;Redleiten;183;159;235;157;275;106;40;11;0;3;2;1;0;10;1;9;0;15;4;17;16;24;22;35;20;8;8;9;5;0;8;2;4;46;83;37;3;0;0;145;10;1;0;0;1;0;0;0;0;1;1;0;0;24;0;131;1;21;30;2;5;12;38;31;18;1;5;9;15;5;5;1;5;4;1;0;0
41730;Redlham;709;567;770;557;1150;446;89;22;0;4;13;5;0;37;4;89;0;48;15;28;49;99;74;95;51;83;40;79;47;1;64;23;63;194;259;60;23;23;0;533;18;3;0;0;2;1;0;0;0;8;2;0;0;142;0;450;7;88;164;5;31;69;178;118;45;2;5;28;21;20;13;1;7;7;5;2;0
41731;Regau;2927;2239;3225;2209;5015;1707;367;131;4;10;34;34;2;103;27;508;0;225;50;238;287;330;336;185;185;306;229;298;240;18;358;147;238;782;922;275;136;69;0;2067;114;11;0;4;7;5;1;0;0;28;3;0;0;687;0;1747;16;377;787;34;156;353;448;430;286;28;47;118;98;46;30;11;30;44;31;14;1
41732;Rüstorf;1171;709;1134;705;2010;513;143;49;0;1;12;1;1;41;11;399;0;136;18;79;89;98;90;101;33;92;145;197;93;0;282;93;76;258;296;102;45;19;0;654;42;6;0;0;2;1;0;0;0;4;0;0;0;462;0;511;11;145;504;11;46;92;182;127;55;8;24;41;40;17;13;3;7;17;19;3;0
41733;Rutzenham;149;105;123;104;232;86;18;0;0;2;1;0;0;2;5;35;0;31;3;7;6;9;12;5;11;17;15;24;8;1;18;9;14;36;56;11;4;1;0;101;0;0;0;0;3;0;0;0;0;1;0;0;0;44;0;79;1;19;50;3;11;9;28;26;9;0;0;9;4;2;3;0;0;0;0;0;0
41734;St. Georgen im Attergau;1619;1323;2422;1257;3502;800;313;139;5;21;27;39;2;76;18;179;0;121;32;114;176;209;224;151;112;148;106;105;113;8;99;73;136;347;566;290;81;27;0;1098;112;7;2;4;15;13;5;0;1;47;20;4;0;291;0;964;23;268;364;19;83;171;213;211;103;6;38;124;86;24;35;11;39;48;34;6;1
41735;St. Lorenz;1101;1007;1604;989;1989;750;154;84;1;14;4;5;1;32;7;42;7;102;41;95;100;123;108;107;60;84;134;72;39;36;153;32;80;254;357;158;53;7;7;902;76;5;3;1;2;0;0;0;0;17;1;0;0;87;7;576;74;172;279;143;88;100;130;156;133;7;23;51;38;19;16;2;28;31;13;9;1
41736;Schlatt;664;483;715;474;1052;369;80;25;0;1;4;7;1;21;8;147;1;72;17;40;50;80;53;82;28;39;49;102;51;1;99;27;57;176;201;68;20;15;1;447;19;6;0;0;2;0;0;0;0;9;0;0;0;180;1;373;10;72;209;4;30;70;140;79;46;6;10;26;21;11;6;4;8;5;3;5;0
41737;Schörfling am Attersee;1513;1297;2282;1257;2953;879;227;151;0;13;17;19;1;36;13;155;2;165;37;111;181;183;275;112;64;131;69;89;51;45;136;76;138;417;508;158;56;22;2;1086;126;11;5;0;20;9;0;0;0;31;9;0;0;214;2;778;151;269;315;67;105;193;219;205;90;21;30;78;60;25;13;20;35;60;23;9;4
41738;Schwanenstadt;1270;974;2686;930;4061;604;153;171;2;9;30;41;1;61;24;173;1;142;80;258;220;135;107;101;37;51;55;56;27;1;115;88;151;308;340;161;72;34;1;725;100;36;11;1;32;19;4;1;1;37;7;0;0;295;1;672;22;238;338;7;31;90;132;164;180;10;21;48;45;17;12;6;32;44;55;25;9
41739;Seewalchen am Attersee;2704;2294;3622;2241;4743;1688;359;194;0;23;18;18;3;41;20;340;0;171;87;320;283;389;271;307;166;211;138;191;170;0;318;154;275;806;805;236;73;37;0;2033;166;13;3;0;14;10;2;0;0;46;7;0;0;410;0;1374;234;458;638;220;191;336;431;334;176;27;53;117;86;43;33;18;43;76;42;12;3
41740;Steinbach am Attersee;962;604;983;578;1531;423;91;61;3;45;8;6;2;11;4;307;1;91;32;50;127;92;99;54;33;31;33;48;31;241;303;48;90;198;223;77;18;4;1;512;56;4;0;3;2;1;0;0;0;23;5;1;0;354;1;221;360;103;278;23;80;73;100;84;63;3;21;25;17;17;8;11;20;20;9;1;0
41741;Straß im Attergau;811;531;797;521;1691;328;160;33;0;10;5;1;1;22;8;242;1;64;12;53;89;101;79;75;58;50;44;114;71;1;119;48;51;136;266;143;39;8;1;477;32;0;0;0;11;0;1;0;0;10;0;0;0;279;1;376;28;91;316;9;26;51;82;95;65;8;9;38;38;31;36;2;10;17;4;0;0
41742;Tiefgraben;1471;1352;2113;1316;2686;940;257;117;2;21;7;9;0;35;6;67;10;85;37;102;180;206;177;160;166;102;104;51;56;45;58;67;121;394;559;194;53;15;10;1190;107;9;0;2;7;1;0;0;0;32;3;0;1;109;10;943;65;243;220;26;83;179;243;208;201;14;28;64;66;45;40;6;40;46;19;5;1
41743;Timelkam;1914;1661;3116;1610;4310;1153;304;151;2;17;18;22;6;68;17;156;0;149;59;286;273;301;213;203;95;124;55;96;47;13;145;178;248;494;552;154;108;35;0;1437;115;21;3;1;20;12;0;0;1;44;8;0;0;252;0;1296;21;277;320;22;191;289;373;214;64;14;47;131;64;35;13;4;30;48;47;19;3
41744;Ungenach;688;502;677;494;1244;357;117;20;0;5;5;3;0;14;5;162;0;90;17;35;45;87;82;88;56;60;59;46;23;0;85;25;50;141;251;81;39;16;0;472;20;0;0;0;2;0;0;0;0;8;0;0;0;186;0;377;11;87;213;3;20;55;112;118;49;1;10;23;43;21;19;1;7;11;0;1;0
41745;Unterach am Attersee;896;818;1432;796;1611;553;128;115;0;18;9;5;1;18;2;41;6;171;39;62;136;135;96;84;27;41;28;49;18;10;32;45;124;254;315;93;20;7;6;674;110;2;0;0;7;1;2;0;0;21;1;0;0;72;6;349;198;172;177;35;77;85;132;126;98;7;18;48;25;17;13;12;34;48;18;3;0
41746;Vöcklabruck;3103;2484;7417;2344;9077;1358;459;497;30;24;94;123;7;151;59;292;9;281;236;502;456;409;317;191;213;82;87;172;102;55;244;199;456;853;661;326;206;149;9;1755;302;115;30;30;62;39;9;2;0;115;40;2;1;592;9;1717;43;562;781;20;72;212;283;322;449;14;37;121;165;62;60;21;72;135;161;74;34
41747;Vöcklamarkt;1828;1552;2436;1500;3426;1109;277;112;2;14;20;25;5;75;17;172;0;221;86;180;173;220;211;134;77;161;101;147;114;3;61;74;128;490;672;254;96;53;0;1372;96;5;2;2;14;7;2;0;0;46;7;0;0;275;0;1200;27;251;350;23;85;191;332;315;163;6;19;70;90;50;42;5;24;50;26;5;2
41748;Weißenkirchen im Attergau;453;353;439;350;888;267;81;2;0;2;2;2;1;14;6;76;0;64;15;27;45;68;60;54;22;18;17;32;31;0;32;20;35;114;165;53;26;8;0;348;2;0;0;0;0;0;0;0;0;3;0;0;0;100;0;251;7;62;133;10;29;47;56;64;61;2;0;6;12;16;45;0;0;2;0;0;0
41749;Weyregg am Attersee;844;771;1527;724;1841;466;139;119;0;40;6;5;0;19;7;42;1;111;49;100;141;147;73;58;33;51;33;33;14;1;44;72;80;233;266;114;31;3;1;599;100;13;3;0;6;3;0;0;0;41;6;0;0;72;1;340;178;168;158;62;87;78;107;86;46;16;19;57;35;5;7;18;38;39;11;13;0
41750;Wolfsegg am Hausruck;808;659;1027;639;1375;432;168;37;2;7;5;4;0;22;11;117;3;155;37;60;69;94;83;72;40;53;43;63;36;3;68;50;51;213;287;90;34;12;3;599;30;4;1;2;1;2;0;0;0;19;1;0;0;146;3;481;14;124;189;12;57;87;126;103;47;13;24;61;41;21;8;3;7;14;12;1;0
41751;Zell am Moos;730;613;984;598;1426;395;132;70;1;7;5;4;0;14;8;92;2;51;26;45;64;103;89;104;44;40;45;56;56;7;53;37;46;180;277;94;36;5;2;521;61;3;0;1;6;6;0;0;0;14;1;0;0;115;2;387;35;114;194;28;50;62;93;104;58;5;11;46;39;22;9;10;31;22;5;2;0
41752;Zell am Pettenfirst;531;422;601;413;885;283;107;23;0;3;5;2;0;9;4;95;0;83;37;43;29;64;41;54;25;29;42;65;16;3;59;19;34;157;182;60;18;2;0;387;21;1;0;0;3;1;0;0;0;9;0;0;0;109;0;325;4;71;131;6;28;46;90;73;40;7;20;31;32;6;11;3;9;8;2;1;0
41801;Aichkirchen;241;208;270;204;383;162;36;6;0;0;3;0;0;3;4;27;0;37;14;12;14;26;21;13;21;25;21;23;14;0;6;8;14;64;75;40;27;7;0;198;6;0;0;0;0;0;0;0;0;4;0;0;0;33;0;169;4;22;46;1;6;25;44;37;49;0;3;13;7;5;8;0;1;4;1;0;0
41802;Bachmanning;324;235;325;226;540;189;25;12;0;1;3;2;1;20;5;66;0;55;15;19;21;31;22;31;17;28;30;28;27;0;42;16;31;56;105;32;26;16;0;212;11;1;0;0;2;0;0;0;0;8;1;0;0;89;0;196;1;20;107;4;12;33;59;53;28;0;4;7;5;4;5;2;1;3;5;1;0
41803;Bad Wimsbach-Neydharting;1257;840;1284;825;2233;595;167;63;0;9;10;8;2;48;19;335;1;186;30;78;80;131;114;85;92;106;124;141;88;2;186;65;93;220;401;141;122;28;1;756;51;4;0;0;6;7;1;0;0;13;2;0;0;416;1;619;15;138;485;32;52;107;134;150;120;3;17;46;44;24;33;7;10;34;7;5;0
41804;Buchkirchen;2290;1517;2002;1495;4798;1231;206;57;1;5;10;5;3;76;15;681;0;206;38;111;156;263;275;324;161;226;182;178;167;3;404;125;116;422;782;260;104;77;0;1423;46;7;0;1;14;4;0;0;0;20;2;0;0;773;0;1234;23;149;884;27;77;206;373;335;213;5;13;58;60;44;26;4;9;23;15;6;0
41805;Eberstalzell;892;796;1197;787;1704;625;106;55;1;5;7;4;0;43;10;36;0;109;20;57;64;100;119;117;61;62;64;90;29;0;30;16;34;179;405;127;53;48;0;727;48;2;3;1;4;2;0;0;0;7;3;0;0;95;0;627;11;123;131;15;52;78;198;204;78;2;7;30;32;21;14;3;16;18;13;5;0
41806;Edt bei Lambach;948;810;1142;794;1516;635;112;46;1;6;12;10;3;32;4;82;5;85;29;75;84;85;129;156;32;78;80;71;34;10;53;28;96;215;366;93;70;22;5;747;41;5;0;1;0;0;0;0;0;15;2;0;0;132;5;700;11;70;167;14;56;115;210;159;81;11;13;42;26;10;10;9;13;15;5;4;0
41807;Fischlham;766;491;628;480;1331;374;92;12;2;1;4;2;2;33;7;237;0;83;18;26;45;82;84;97;48;48;59;81;77;18;160;45;59;131;227;74;43;27;0;462;11;0;0;2;4;1;0;0;0;12;1;0;0;273;0;428;4;33;301;5;32;77;113;95;52;3;3;27;31;11;17;0;3;7;2;0;0
41808;Gunskirchen;2654;1987;2913;1952;4904;1529;312;108;3;10;27;22;5;154;21;463;0;156;34;181;296;305;393;228;170;208;174;287;215;7;328;141;187;673;832;241;125;127;0;1830;88;10;1;3;11;7;0;2;0;30;8;0;0;664;0;1547;25;329;753;19;125;355;525;360;145;4;32;107;102;33;34;11;30;25;33;6;3
41809;Holzhausen;417;351;565;339;859;251;59;27;2;1;10;2;0;36;5;24;0;48;7;23;23;23;20;31;40;41;65;53;43;0;23;24;25;105;149;40;23;28;0;309;18;8;0;2;1;1;0;0;0;12;0;0;0;66;0;291;2;37;87;5;9;53;96;69;19;2;8;20;10;12;7;6;4;3;8;6;0
41810;Krenglbach;1582;1137;1434;1121;2416;951;136;34;0;3;13;6;2;31;17;389;0;72;12;80;110;219;229;189;103;173;112;123;160;0;285;108;110;373;512;108;40;46;0;1077;27;2;0;0;10;5;0;0;0;15;1;0;0;445;0;856;23;214;489;37;68;172;286;223;165;4;9;43;35;28;17;0;7;14;13;0;0
41811;Lambach;1376;928;2058;900;2881;661;97;134;8;7;23;34;4;49;34;325;0;212;76;142;117;124;123;177;65;96;91;124;28;1;279;90;140;314;332;131;48;42;0;738;91;28;4;8;20;9;0;2;0;28;6;1;0;441;0;677;20;183;496;9;80;171;204;143;54;6;12;38;21;12;8;9;25;37;43;16;4
41812;Marchtrenk;4864;4151;7256;4041;9510;2942;719;375;5;16;76;46;4;269;47;357;8;114;124;541;573;605;603;530;286;549;305;455;166;13;317;178;533;1405;1631;450;158;184;8;3648;313;44;5;4;13;9;1;3;1;90;19;2;1;703;8;3406;50;498;910;52;297;669;1194;602;128;48;110;284;207;49;21;28;72;134;105;34;2
41813;Neukirchen bei Lambach;452;355;475;351;823;270;73;8;0;2;5;0;0;13;5;76;0;56;14;22;25;57;48;46;31;29;30;56;35;3;31;22;25;95;160;67;40;12;0;341;8;0;0;0;2;0;0;0;0;4;0;0;0;97;0;276;7;45;124;3;34;41;90;62;40;1;7;24;14;14;13;0;0;6;2;0;0
41814;Offenhausen;670;560;826;542;1096;406;95;40;1;4;5;2;0;20;6;91;0;90;42;64;49;67;61;75;40;52;57;44;29;0;49;23;39;172;216;84;59;28;0;495;34;1;0;1;6;4;1;0;0;17;1;0;0;110;0;433;8;76;153;11;43;57;131;91;73;3;6;27;29;11;19;1;11;21;5;2;0
41815;Pennewang;481;364;496;358;794;260;81;17;0;1;3;2;0;11;8;97;1;82;14;18;24;34;33;54;20;31;41;53;76;1;56;18;37;91;170;88;16;4;1;340;17;0;0;0;1;0;0;0;0;5;1;0;0;116;1;319;3;20;139;7;11;42;77;72;51;1;6;20;27;9;18;2;5;8;1;1;0
41816;Pichl bei Wels;1369;984;1437;958;3402;707;196;55;0;3;7;8;1;66;12;314;0;173;35;91;119;175;149;210;72;68;92;132;53;0;164;70;79;286;433;184;87;66;0;883;47;2;0;0;20;5;1;0;0;21;5;0;0;385;0;719;17;179;454;18;71;118;197;199;104;6;13;50;64;35;28;5;14;18;17;1;0
41817;Sattledt;1159;682;1263;658;2753;443;148;67;0;11;26;15;3;74;26;346;0;47;22;102;123;158;137;115;61;108;91;84;109;2;139;50;42;176;343;205;110;94;0;576;45;11;0;0;15;7;4;0;0;20;4;0;0;477;0;492;14;155;498;4;39;72;116;125;87;3;14;46;44;20;21;4;5;30;18;10;0
41818;Schleißheim;512;465;638;459;1004;383;55;21;0;1;2;3;0;5;3;39;0;50;1;11;25;74;52;48;71;70;53;37;20;0;27;17;37;124;209;66;28;4;0;437;19;1;0;0;1;1;0;0;0;4;2;0;0;47;0;398;8;42;64;7;27;48;110;130;61;0;5;15;21;10;4;3;2;8;7;0;1
41819;Sipbachzell;809;699;1016;691;1524;484;161;46;0;3;4;5;1;20;8;76;1;83;8;33;42;78;125;104;42;100;78;78;36;2;32;9;36;165;307;134;69;56;1;638;43;2;0;0;7;1;0;0;0;7;1;0;0;109;1;540;8;123;138;4;33;84;175;135;53;4;15;46;42;33;21;4;18;19;4;1;0
41820;Stadl-Paura;1773;1433;2760;1407;3589;1025;231;147;4;8;24;15;8;91;16;204;0;138;78;347;267;252;178;166;65;54;58;57;74;39;112;111;230;523;569;163;44;21;0;1252;103;27;10;4;4;5;2;0;0;27;1;0;0;338;0;1150;23;205;395;21;120;277;332;201;74;16;37;92;68;16;2;11;29;47;34;22;4
41821;Steinerkirchen an der Traun;954;716;1002;700;1497;569;86;43;2;3;9;7;2;22;12;197;2;152;23;46;44;111;116;91;72;91;45;66;91;6;122;28;55;162;316;148;96;25;2;646;38;3;0;1;9;2;0;0;1;14;3;0;0;235;2;598;4;79;273;11;48;80;168;130;132;4;5;24;21;17;15;1;11;17;10;4;0
41822;Steinhaus;974;811;1329;796;1922;606;120;69;1;4;13;3;1;32;6;116;3;135;15;69;62;89;119;119;50;70;95;98;50;3;74;18;72;193;317;139;90;68;3;720;52;15;1;1;6;1;0;0;0;16;0;0;0;159;3;674;9;81;210;8;51;143;169;149;86;6;8;37;36;13;20;4;13;28;11;11;2
41823;Thalheim bei Wels;1942;1476;3088;1443;5321;1117;167;155;4;5;33;14;2;75;19;350;1;128;53;167;164;255;260;262;148;165;159;144;36;1;257;116;110;559;547;182;77;93;1;1272;109;27;11;4;12;2;5;1;0;24;6;3;1;464;1;981;29;380;552;20;58;246;365;244;184;5;23;57;39;17;26;4;15;59;44;25;8
41824;Weißkirchen an der Traun;1534;1176;1592;1160;2571;977;132;50;1;3;17;5;1;62;9;277;0;89;12;41;72;187;213;236;152;144;156;107;125;0;174;57;87;364;572;139;78;63;0;1101;39;7;1;1;8;2;1;0;0;13;4;0;0;357;0;1014;10;97;413;6;48;169;326;299;129;4;10;37;43;19;19;2;14;18;6;8;2
50101;Salzburg;22597;20231;91845;19119;103867;9024;2430;7430;235;312;880;478;35;570;374;760;69;2209;2297;3766;3518;2694;2307;1438;909;805;896;713;336;709;990;2119;2530;5626;5173;3585;1652;853;69;11333;4996;1265;613;213;121;349;111;96;22;883;361;22;9;2134;69;10815;364;8075;3343;265;1122;2456;2643;1567;971;264;490;905;452;211;108;454;1305;2177;1713;1274;507
50201;Abtenau;1987;1738;2854;1643;3486;1144;397;101;1;58;15;47;2;53;17;150;2;280;112;189;235;339;248;229;58;78;83;61;43;32;76;59;178;625;741;238;46;22;2;1536;73;22;1;1;5;4;0;1;0;86;7;2;1;246;2;1285;35;225;442;54;174;240;296;289;91;34;95;149;76;28;15;7;37;22;18;15;2
50202;Adnet;1332;1278;1927;1246;2090;871;273;101;1;7;6;8;3;31;6;24;1;132;45;119;153;210;171;228;83;65;48;48;24;6;48;87;149;421;429;166;16;15;1;1138;95;3;0;1;6;1;2;0;0;28;4;0;0;53;1;948;28;158;198;78;113;167;223;183;107;18;42;103;66;25;19;9;39;43;6;4;0
50203;Annaberg-Lungötz;921;767;1213;739;1757;462;222;55;0;105;4;8;2;16;6;40;1;77;35;98;70;113;137;102;93;98;46;31;20;1;25;120;84;288;301;73;21;8;1;678;46;3;0;0;6;4;2;0;0;25;3;0;0;153;1;516;32;112;261;20;58;115;127;94;48;15;49;63;51;21;23;5;24;20;2;4;0
50204;Golling an der Salzach;1357;1103;2383;1037;3557;584;273;178;2;28;17;19;3;49;10;189;5;122;65;160;157;201;124;142;74;66;88;72;74;12;113;105;128;403;386;156;41;20;5;845;143;19;4;1;12;11;1;0;1;56;8;2;0;249;5;847;14;160;336;26;61;130;147;160;60;14;46;110;60;28;15;14;74;38;35;14;3
50205;Hallein;4412;3605;11521;3439;15636;2050;448;922;19;37;93;84;8;217;84;435;15;509;372;550;461;486;518;465;285;248;272;138;85;23;374;487;544;1073;981;590;212;136;15;2462;616;132;49;18;36;93;24;8;1;129;46;3;0;780;15;2564;50;815;983;71;293;585;550;367;184;59;100;154;85;30;20;51;172;314;209;141;35
50206;Krispl;396;362;461;345;655;274;63;8;0;11;1;3;5;8;3;20;0;61;9;30;31;77;65;55;20;20;10;11;7;0;22;38;51;100;128;49;8;0;0;333;8;0;0;0;4;0;0;0;0;14;3;0;0;34;0;239;18;40;99;37;43;64;50;61;19;4;8;27;13;4;7;0;3;4;1;0;0
50207;Kuchl;2592;1944;3769;1880;6253;1017;520;336;7;13;19;21;7;106;28;510;8;109;59;209;255;335;276;314;306;214;207;191;107;10;291;193;264;608;785;315;99;29;8;1515;303;11;4;6;22;16;2;0;1;58;12;0;0;634;8;1556;18;284;734;21;74;186;295;298;143;36;67;194;115;74;34;51;120;123;28;11;3
50208;Oberalm;1213;1098;2219;1065;2901;719;194;148;4;7;12;14;2;46;16;51;0;75;34;120;142;179;200;149;90;103;62;36;23;0;25;130;180;356;325;150;32;15;0;900;106;20;5;4;13;12;4;1;0;29;6;2;0;111;0;835;15;215;148;10;84;199;228;136;62;9;31;93;38;15;8;7;41;56;37;5;2
50209;Puch bei Hallein;1402;1236;2370;1201;3977;815;205;174;7;7;16;11;1;53;20;92;1;59;61;105;176;169;211;205;72;116;71;102;50;5;79;165;178;399;365;151;32;32;1;1014;146;17;0;7;6;11;0;0;0;36;4;0;1;159;1;877;21;252;252;22;72;221;259;157;84;8;46;69;47;24;11;13;46;55;47;13;0
50210;Rußbach am Paß Gschütt;400;313;509;290;739;216;63;11;0;17;1;4;2;9;3;73;1;54;39;33;40;53;44;44;19;20;14;24;15;1;35;30;47;125;116;35;6;5;1;279;9;1;1;0;0;0;0;0;0;21;1;0;1;86;1;233;14;34;119;16;38;42;49;51;20;12;14;19;6;7;5;2;2;2;3;1;1
50211;St. Koloman;677;640;864;631;1067;479;124;28;0;11;1;3;0;2;1;28;0;46;23;56;67;122;126;87;43;34;26;28;14;5;45;20;49;208;282;63;8;2;0;600;25;0;0;0;3;3;0;0;0;8;1;0;0;37;0;454;14;82;127;32;45;91;130;109;72;9;9;49;36;12;9;2;8;15;3;0;0
50212;Scheffau am Tennengebirge;639;499;751;487;1260;317;139;31;0;8;2;1;2;17;6;116;0;40;26;44;56;91;90;66;32;43;39;49;63;0;89;44;47;193;197;50;14;5;0;452;28;0;1;0;4;2;0;0;0;10;2;0;0;140;0;396;13;44;186;22;34;48;99;81;33;11;25;43;30;19;11;1;12;16;0;2;0
50213;Bad Vigaun;760;573;1098;563;1766;306;153;102;2;14;1;0;0;14;6;162;0;43;16;61;91;125;121;62;47;46;38;61;48;1;68;49;78;184;252;108;18;3;0;456;97;2;1;1;3;2;0;0;1;12;0;0;0;185;0;455;9;75;221;20;26;57;80;80;43;5;24;56;39;20;9;10;41;33;16;2;0
50301;Anif;1357;1095;2428;1048;3395;669;191;186;2;20;22;22;0;26;13;202;4;94;52;150;197;205;146;135;74;61;87;104;48;4;144;106;147;347;378;159;42;30;4;856;148;28;2;2;4;6;2;0;0;35;12;0;0;258;4;676;30;334;317;11;57;132;169;162;138;16;28;71;49;16;11;6;57;50;50;22;1
50302;Anthering;1174;1031;1942;1005;2636;603;247;153;2;12;7;9;5;42;6;86;2;56;48;90;116;174;148;145;88;90;66;60;30;63;69;117;104;380;323;109;40;30;2;836;138;8;0;2;14;7;0;0;0;21;5;0;0;141;2;767;7;216;184;23;64;137;183;133;63;16;32;96;58;29;16;15;45;61;26;6;0
50303;Bergheim;1637;1407;2880;1352;4065;828;267;250;7;11;39;20;3;67;20;124;1;68;57;104;202;241;332;239;80;79;89;98;43;5;86;166;185;433;468;164;63;71;1;1082;225;13;2;7;13;8;2;0;0;44;12;0;1;227;1;952;20;372;293;19;85;171;243;209;101;18;38;115;58;29;9;21;74;84;62;8;1
50304;Berndorf bei Salzburg;654;613;877;599;1151;445;120;33;1;2;4;6;1;19;3;18;2;57;21;52;65;76;113;81;56;33;36;39;22;3;16;16;56;229;242;66;22;5;2;559;26;2;0;1;6;5;0;0;0;11;3;0;0;39;2;478;6;95;75;15;38;78;129;133;52;4;16;47;42;8;3;0;11;14;6;2;0
50305;Bürmoos;1682;1435;2435;1414;3309;998;276;138;2;2;9;13;1;26;4;213;0;32;27;209;194;197;225;275;100;105;163;112;42;1;193;174;191;513;472;106;18;15;0;1264;116;12;2;2;10;6;1;1;0;17;5;0;0;246;0;1103;19;265;295;17;110;317;313;195;46;28;53;99;56;29;11;15;40;50;19;12;2
50306;Dorfbeuern;637;539;724;527;1043;417;85;22;3;3;5;3;1;7;8;80;3;71;36;46;52;50;76;75;31;55;40;67;32;6;60;19;45;174;218;89;22;7;3;498;20;2;0;3;4;0;0;0;0;11;2;0;0;94;3;401;8;98;130;9;37;70;137;132;32;4;6;34;27;11;3;3;5;10;3;1;0
50307;Ebenau;683;506;680;500;1488;390;73;27;10;5;2;0;0;14;10;152;0;56;19;39;67;122;98;88;54;30;57;30;22;1;90;53;71;193;190;70;13;3;0;461;24;0;0;9;2;2;1;0;1;4;2;0;0;177;0;381;13;84;205;16;37;61;98;116;62;3;7;25;22;11;5;1;10;12;4;0;0
50308;Elixhausen;1022;945;1647;922;2459;590;239;93;0;6;10;9;1;37;9;28;0;24;10;104;135;205;148;147;62;53;53;56;25;0;30;156;144;283;266;86;39;18;0;826;83;6;1;0;3;3;0;0;0;20;3;0;0;77;0;702;13;190;117;13;44;194;179;102;58;13;39;96;67;15;9;7;26;38;15;7;0
50309;Elsbethen;1802;1417;3092;1381;4268;872;249;255;5;13;21;9;1;44;21;311;1;72;56;218;253;256;243;212;60;106;132;120;73;1;247;179;216;447;435;190;63;24;1;1110;215;26;1;4;11;10;3;0;1;35;5;1;0;379;1;865;28;426;483;24;117;211;215;185;120;16;51;84;57;19;22;14;66;85;66;23;1
50310;Eugendorf;2153;1894;3396;1824;4621;1298;300;222;4;24;35;45;1;72;15;136;1;84;32;99;172;407;319;403;221;179;112;67;52;6;130;134;193;694;656;204;97;44;1;1588;202;11;4;2;10;5;0;0;2;65;7;0;0;256;1;1364;24;427;338;15;92;307;457;323;104;9;41;114;79;37;20;11;68;80;44;18;1
50311;Faistenau;1123;970;1406;944;1947;727;147;68;2;12;6;5;4;23;9;98;22;97;39;86;82;151;182;157;59;91;66;44;35;34;60;72;85;362;398;106;13;5;22;870;63;2;0;2;4;3;0;0;0;24;3;0;0;130;22;722;26;183;192;26;80;143;201;210;67;3;16;49;51;19;9;3;25;26;12;2;0
50312;Fuschl am See;682;459;907;411;2371;254;87;68;2;53;11;4;1;11;11;180;0;24;25;49;90;82;98;83;64;68;47;36;16;0;135;55;53;136;184;92;21;6;0;313;53;6;0;2;28;7;2;0;0;45;4;0;0;222;0;297;32;106;247;12;12;42;56;57;75;4;7;21;30;12;13;2;18;31;15;2;0
50313;Göming;385;249;374;241;674;167;60;14;0;1;3;1;0;12;4;121;2;15;13;23;16;37;41;42;28;72;53;26;17;2;55;20;20;96;124;37;26;5;2;223;13;1;0;0;4;0;0;0;0;6;2;0;0;134;2;194;1;42;148;0;9;14;48;67;29;2;4;14;23;11;6;1;6;5;2;0;0
50314;Grödig;1617;1405;4060;1322;4564;782;225;314;1;22;45;23;5;79;17;66;38;106;91;170;204;249;205;212;61;75;69;64;62;49;59;152;185;457;397;199;86;44;38;995;226;68;8;1;12;9;1;2;0;68;15;0;0;174;38;937;28;394;258;14;89;192;242;173;72;22;36;94;55;10;8;15;64;92;93;45;5
50315;Großgmain;777;625;1531;597;1933;385;99;112;1;13;8;7;1;23;5;46;77;59;30;74;96;116;75;95;36;36;36;34;13;77;38;67;75;210;183;99;19;9;77;479;97;12;0;1;5;2;0;1;0;22;6;0;0;75;77;457;20;191;109;10;50;88;111;76;50;9;21;41;20;5;3;15;30;41;21;5;0
50316;Hallwang;1453;1233;2256;1186;3300;752;266;167;1;9;23;19;1;38;8;166;3;54;30;106;205;198;194;206;107;76;69;152;52;4;115;139;176;452;379;111;44;34;3;1010;143;9;2;1;8;11;2;0;0;37;10;0;0;217;3;878;19;273;283;11;67;195;218;177;84;24;49;100;63;23;7;16;54;58;30;7;2
50317;Henndorf am Wallersee;1615;1465;2633;1428;3517;968;291;169;0;14;17;13;0;41;10;91;1;118;48;147;138;213;309;251;101;86;115;59;26;4;96;166;213;437;503;141;39;19;1;1234;150;8;2;0;25;7;0;2;0;32;5;0;0;149;1;992;34;329;260;43;98;182;308;225;112;17;53;100;77;22;22;10;45;60;41;10;3
50318;Hintersee;189;174;215;171;282;138;28;5;0;5;2;0;2;2;2;5;0;23;18;19;18;27;18;14;13;9;3;5;3;19;7;15;28;42;66;28;2;1;0;163;5;0;0;0;3;0;0;0;0;3;0;0;0;15;0;117;9;25;38;11;22;37;27;23;18;4;4;7;5;4;4;0;3;2;0;0;0
50319;Hof bei Salzburg;1091;1008;2001;974;2452;671;177;125;1;14;11;19;2;27;9;28;7;56;28;74;135;218;209;158;80;29;43;43;10;8;31;32;103;327;390;143;40;18;7;844;98;7;4;1;4;11;4;1;0;27;6;1;0;76;7;681;17;246;147;12;74;148;186;175;76;3;25;66;48;23;12;8;30;52;25;8;2
50320;Köstendorf;977;841;1260;811;1791;587;176;47;1;5;8;9;0;28;12;77;27;97;43;69;94;163;126;121;38;47;43;71;38;27;49;41;107;281;345;81;36;10;27;760;41;2;0;1;3;4;0;0;0;27;4;0;0;108;27;629;13;161;174;23;64;113;161;157;69;8;32;59;53;18;6;3;18;16;10;0;0
50321;Koppl;1308;1129;1766;1096;3157;788;210;98;0;14;7;10;1;38;17;125;0;51;15;59;101;188;217;237;99;108;78;76;77;2;91;103;137;362;440;126;30;19;0;982;87;1;1;0;16;5;1;3;0;33;0;0;0;179;0;805;12;262;229;9;51;194;223;221;90;8;26;76;61;23;16;9;29;46;9;1;4
50322;Lamprechtshausen;1639;1282;1834;1247;2789;946;246;54;1;6;11;19;2;34;10;308;2;71;77;128;120;155;199;205;146;141;167;120;105;5;188;94;179;441;491;135;77;32;2;1186;42;10;0;1;6;1;1;0;0;32;3;0;0;355;2;998;16;205;420;15;71;204;271;250;135;11;42;80;60;32;21;2;17;17;10;8;0
50323;Mattsee;1363;1160;2093;1114;2521;777;205;129;3;22;5;18;2;31;18;151;2;107;49;99;183;206;158;146;61;94;97;89;69;5;155;88;146;361;418;129;45;19;2;968;104;17;1;2;14;6;0;1;1;40;9;0;0;198;2;709;79;249;326;59;90;161;181;164;122;25;36;61;51;21;11;6;37;42;31;11;2
50324;Neumarkt am Wallersee;2003;1724;3177;1651;4907;1212;228;208;3;13;35;23;5;99;37;140;0;153;74;212;198;227;173;257;196;102;134;166;110;1;145;260;175;531;536;216;85;55;0;1423;168;17;8;3;17;12;2;1;0;67;7;0;0;278;0;1239;45;309;410;95;112;288;281;308;128;10;37;88;59;22;12;9;54;76;43;20;6
50325;Nußdorf am Haunsberg;856;811;1162;789;1588;632;120;36;1;6;4;5;1;15;4;21;11;54;50;79;67;87;123;68;22;57;49;49;39;112;17;75;93;307;239;62;38;14;11;746;28;7;0;1;6;0;1;0;0;19;3;0;0;34;11;605;11;159;81;21;68;159;176;146;62;8;16;50;23;13;10;1;14;13;0;8;0
50326;Oberndorf bei Salzburg;1557;1269;3103;1208;4306;761;211;234;2;14;27;32;3;33;28;209;3;170;76;136;121;182;204;208;105;75;86;128;62;4;189;218;169;370;373;159;59;17;3;957;159;35;6;2;15;21;10;3;0;44;16;2;0;284;3;912;21;280;344;12;81;207;266;140;55;24;31;87;47;15;7;11;61;70;53;32;7
50327;Obertrum am See;1507;1302;2485;1258;3374;801;277;177;3;15;12;30;0;36;13;139;4;57;56;89;126;188;221;236;168;121;88;105;40;12;107;61;98;462;497;158;94;26;4;1061;161;16;0;3;17;0;0;0;0;34;10;0;1;200;4;960;18;260;269;27;45;165;225;250;89;8;41;113;77;26;12;7;59;53;45;12;1
50328;Plainfeld;409;372;612;364;720;256;61;47;0;2;5;0;0;14;3;19;2;19;7;15;36;70;94;76;20;23;20;14;13;2;16;16;41;148;126;45;10;5;2;316;46;1;0;0;1;0;0;0;0;7;1;0;0;35;2;272;8;90;39;4;17;43;79;70;43;3;7;16;19;12;4;3;15;24;4;1;0
50329;St. Georgen bei Salzburg;1242;1065;1450;1044;2831;817;180;47;0;7;11;8;0;38;14;120;0;82;35;91;108;153;178;162;59;80;107;105;78;4;96;84;146;369;428;75;30;14;0;988;44;1;1;0;9;1;0;0;0;21;0;0;0;177;0;862;12;129;239;24;91;156;215;231;100;5;17;63;50;30;15;5;14;24;2;1;1
50330;St. Gilgen;1672;1518;3425;1412;4105;965;233;207;7;104;17;23;6;32;11;65;2;275;108;173;220;224;211;151;69;51;85;61;21;23;69;81;179;496;549;211;65;20;2;1146;137;37;15;7;52;15;2;1;0;99;14;0;0;145;2;753;204;396;319;52;142;181;218;184;188;24;37;84;33;25;30;15;35;81;43;28;5
50331;Schleedorf;409;365;537;355;724;273;55;27;0;3;5;2;0;5;5;27;7;14;22;36;30;30;62;73;24;18;35;21;19;25;10;14;23;118;162;50;22;3;7;327;24;0;1;0;1;2;0;0;0;10;0;0;0;37;7;297;2;37;73;8;19;35;37;67;107;4;11;13;16;5;6;1;6;12;6;1;1
50332;Seeham;786;647;1116;610;2279;369;164;77;0;9;6;6;0;38;13;104;0;50;17;46;107;114;103;111;46;60;43;48;39;2;62;45;59;205;281;82;42;10;0;499;60;3;0;0;34;12;2;0;0;34;3;0;0;139;0;473;17;99;197;24;25;48;107;105;60;6;19;59;46;23;11;9;31;25;7;5;0
50335;Straßwalchen;2799;2170;3827;2111;6171;1399;487;223;2;24;20;44;7;78;28;486;1;192;66;230;265;330;279;482;121;143;180;274;235;2;373;196;265;539;859;348;150;68;1;1861;187;15;4;2;25;14;2;1;0;48;13;0;0;626;1;1713;28;352;706;42;150;418;315;306;168;14;52;167;143;63;48;15;60;91;39;16;2
50336;Strobl;1904;1297;2436;1247;4066;802;320;121;4;53;13;15;4;58;20;488;6;168;114;139;206;235;213;194;92;79;107;198;137;22;392;130;187;465;469;174;64;17;6;1099;92;12;7;3;23;8;2;0;1;48;4;0;0;599;6;838;85;256;725;49;86;107;164;157;239;29;50;78;77;38;48;17;31;43;13;13;4
50337;Thalgau;2037;1903;3060;1843;3777;1349;353;140;1;15;25;13;3;83;16;36;3;139;64;145;158;310;245;262;121;104;168;89;91;141;40;198;244;578;658;223;61;32;3;1696;113;15;3;1;6;6;2;1;0;53;8;0;0;130;3;1439;44;322;232;66;236;281;343;293;130;28;65;138;83;30;9;12;32;52;26;16;2
50338;Wals-Siezenheim;3335;3019;7524;2874;9362;1663;527;669;15;33;89;76;3;118;42;89;11;125;65;336;336;444;433;580;313;231;228;139;91;14;134;436;404;895;843;360;168;84;11;2175;566;79;6;14;15;14;2;2;1;117;36;0;0;297;11;2080;50;734;471;35;177;493;531;298;129;44;102;195;123;40;23;44;125;263;172;63;2
50339;Seekirchen am Wallersee;3259;3111;6005;3034;7241;2003;613;396;22;11;32;22;11;52;30;63;4;150;111;288;323;560;587;441;185;243;117;153;90;11;109;319;412;853;949;356;203;54;4;2605;332;35;4;20;11;11;9;5;2;54;18;5;2;142;4;2329;43;500;387;91;245;554;562;357;194;37;112;232;152;59;21;32;122;140;60;35;7
50401;Altenmarkt im Pongau;1648;1083;2892;941;6055;498;211;229;3;126;10;30;12;53;24;452;0;63;31;105;167;235;194;160;182;174;133;141;47;16;308;118;135;371;377;208;83;48;0;651;148;29;3;2;58;37;8;4;1;118;25;0;0;564;0;667;78;274;629;6;32;77;149;143;91;7;30;59;51;28;36;21;53;68;58;21;8
50402;Bad Hofgastein;1965;1706;5068;1516;7703;757;318;435;6;174;32;36;10;61;25;96;15;126;94;235;273;379;294;235;58;77;73;65;26;30;82;157;254;602;528;216;79;32;15;1017;321;45;23;5;58;40;3;3;1;164;26;3;1;240;15;959;106;549;351;47;132;189;203;121;65;42;86;112;61;12;5;69;125;127;61;43;10
50403;Bad Gastein;1413;1167;3892;965;4353;491;190;281;3;188;18;48;22;59;36;74;3;228;238;221;154;229;164;88;26;34;12;6;5;8;64;144;190;321;368;218;74;31;3;676;210;42;26;3;5;2;0;1;0;167;34;2;1;241;3;500;131;332;450;39;103;136;103;73;37;31;62;61;25;10;1;36;74;61;62;29;19
50404;Bischofshofen;1960;1544;6406;1454;7325;578;354;512;10;15;46;90;14;80;27;72;162;171;152;192;254;245;222;109;151;113;59;100;27;165;62;94;180;510;530;273;87;62;162;928;374;104;18;9;4;10;0;6;1;68;27;1;0;248;162;1157;31;371;401;35;97;150;156;110;30;89;82;107;55;14;7;72;122;119;114;75;10
50405;Dorfgastein;631;527;923;448;1704;266;117;65;0;86;7;5;2;15;12;55;1;62;18;75;83;84;78;80;41;32;30;23;15;10;62;40;93;203;166;48;16;2;1;294;56;4;0;0;89;4;1;0;0;73;6;0;0;103;1;357;26;103;145;7;33;83;77;42;24;9;21;42;34;9;2;9;27;20;5;4;0
50406;Eben im Pongau;760;623;1366;577;1746;379;127;71;0;30;11;11;2;24;7;27;71;36;21;61;65;101;64;85;29;66;52;57;24;99;20;50;70;225;220;75;22;7;71;501;59;8;1;0;5;1;2;0;0;36;10;0;0;66;71;559;16;73;112;21;48;66;118;89;37;12;15;46;33;14;7;3;16;30;13;9;0
50407;Filzmoos;644;491;933;388;2050;248;85;55;0;111;6;8;8;22;8;93;0;39;10;49;76;100;88;96;63;46;28;31;18;0;52;28;38;137;213;131;36;9;0;288;35;4;2;0;45;13;0;1;0;91;11;1;0;153;0;287;36;115;206;13;30;55;46;66;38;7;7;24;26;10;11;1;17;22;9;5;1
50408;Flachau;1559;1006;2425;733;5412;407;209;115;2;363;12;14;7;42;10;378;0;108;43;131;81;218;212;188;100;107;168;135;65;3;218;159;94;264;403;274;106;41;0;457;61;18;14;2;159;21;0;1;0;241;33;0;1;551;0;577;73;217;692;26;45;95;88;104;49;8;30;68;56;33;14;16;26;28;22;16;7
50409;Forstau;257;176;237;161;413;122;31;8;0;56;0;2;2;10;2;23;1;20;8;23;20;31;41;27;16;13;10;12;35;1;6;18;46;81;79;23;3;0;1;149;8;0;0;0;4;0;0;0;0;15;0;0;0;80;1;123;16;33;85;4;16;28;33;28;13;3;3;9;10;1;5;1;3;2;2;0;0
50410;Goldegg;1184;905;1499;877;2556;596;187;92;2;26;6;1;2;7;11;250;4;78;25;52;79;155;172;126;82;157;93;114;46;5;132;119;121;362;330;94;19;3;4;774;82;7;0;2;9;3;0;0;0;23;5;0;0;275;4;596;62;171;355;32;64;101;166;153;80;11;23;78;48;16;11;7;40;28;13;4;0
50411;Großarl;1153;1011;1970;930;2398;507;311;110;2;72;8;12;8;32;13;78;0;46;27;98;107;199;237;127;106;87;64;41;12;2;55;41;116;402;378;115;30;16;0;801;92;9;5;1;17;4;0;0;1;73;7;0;2;141;0;710;47;189;207;10;59;86;152;127;73;19;40;100;87;34;31;11;32;44;13;9;1
50412;Hüttau;539;483;790;465;990;299;124;40;2;6;1;4;3;22;4;34;0;65;41;72;74;83;65;41;14;17;25;26;14;2;31;59;99;160;135;34;17;4;0;421;36;1;0;2;2;3;0;0;0;11;8;0;0;55;0;320;22;72;125;24;55;59;80;49;32;14;28;50;14;15;3;5;19;8;7;1;0
50413;Hüttschlag;397;341;506;330;612;229;76;25;0;20;2;1;1;9;7;25;2;60;9;52;44;43;59;45;11;22;23;13;14;2;40;47;63;135;88;18;4;0;2;305;25;0;0;0;0;0;0;0;0;10;1;0;0;54;2;192;15;50;140;39;26;44;44;41;35;5;16;31;12;9;3;3;8;10;4;0;0
50414;Kleinarl;443;320;451;260;855;193;53;10;4;78;5;4;2;8;5;81;0;22;8;47;47;84;52;54;36;35;22;23;13;0;44;40;63;126;94;60;11;5;0;207;9;1;0;3;39;0;0;0;1;60;2;0;0;121;0;195;31;51;166;17;28;44;61;27;16;3;8;21;17;4;0;1;5;0;3;1;0
50415;Mühlbach am Hochkönig;608;455;1224;403;1641;217;97;88;1;93;4;7;3;15;12;71;0;83;28;55;66;113;68;65;25;27;29;44;5;0;47;57;78;215;127;65;15;4;0;296;73;5;4;1;18;4;1;1;0;51;2;0;0;152;0;259;36;102;211;27;37;44;63;31;15;7;18;47;15;7;3;11;35;24;12;2;4
50416;Pfarrwerfen;772;720;1259;691;1516;463;155;72;1;11;6;5;3;26;5;23;2;88;25;65;93;126;96;110;26;24;26;58;23;12;33;41;82;277;231;75;25;6;2;615;65;3;2;1;3;0;2;0;0;26;3;0;0;50;2;560;33;84;95;27;44;83;118;98;93;14;28;44;30;14;25;5;15;39;7;5;1
50417;Radstadt;1789;1285;2871;1166;5274;673;268;221;4;77;20;38;5;60;21;395;7;157;57;152;152;325;263;230;108;127;83;73;55;7;247;153;136;442;455;253;64;32;7;910;172;12;8;4;31;23;4;2;0;101;17;1;0;497;7;878;68;235;608;25;66;135;180;174;93;25;51;80;54;37;21;28;72;61;39;16;5
50418;St. Johann im Pongau;2590;2098;6399;1901;8921;913;423;561;4;136;73;69;6;91;36;274;4;130;101;230;257;348;350;393;129;132;158;209;145;8;171;178;273;716;633;362;156;97;4;1280;437;63;11;4;56;33;11;6;0;140;53;6;1;485;4;1312;56;584;638;35;91;199;306;189;93;31;79;144;105;46;18;38;130;182;138;56;17
50419;St. Martin am Tennengebirge;701;573;936;543;1597;329;166;48;0;40;3;3;0;13;3;96;0;42;19;45;60;104;94;91;37;53;55;62;38;1;64;39;79;209;218;71;15;6;0;485;40;3;0;0;10;5;0;0;0;28;2;0;0;128;0;432;37;65;167;14;48;68;104;78;17;17;34;60;33;15;7;6;13;22;5;2;0
50420;St. Veit im Pongau;1128;974;2118;944;2724;540;223;177;4;18;11;10;2;37;17;59;30;85;22;66;107;168;166;191;59;71;70;56;35;32;69;65;152;364;336;83;22;7;30;757;158;12;3;2;6;3;1;0;2;24;8;1;0;121;30;752;29;138;209;26;61;122;181;105;45;20;45;74;52;23;9;18;66;56;23;12;2
50421;Schwarzach im Pongau;601;524;2346;474;2601;175;131;163;5;6;15;27;5;42;18;14;0;41;46;134;110;119;56;42;10;15;9;8;6;5;21;39;90;169;160;75;30;17;0;297;109;29;11;5;9;8;3;3;0;23;25;2;0;77;0;381;11;83;126;11;25;41;55;28;15;19;28;44;27;7;6;20;38;39;36;19;11
50422;Untertauern;294;218;444;142;696;95;19;26;2;97;4;1;15;3;2;24;6;29;14;30;35;39;28;28;30;24;11;14;6;6;24;15;32;60;73;50;23;11;6;106;21;2;1;2;8;1;1;0;0;68;10;0;0;68;6;77;66;64;87;5;14;20;21;10;25;3;3;5;4;1;3;8;6;3;4;5;0
50423;Wagrain;1224;1020;1776;852;2907;574;152;123;3;191;11;19;2;30;17;102;0;84;41;109;144;216;197;127;65;99;73;38;31;0;47;88;162;371;347;157;38;14;0;659;96;9;2;1;67;16;0;0;2;157;11;0;0;204;0;592;92;237;303;31;98;132;132;119;62;14;15;57;41;17;8;17;41;45;9;11;0
50424;Werfen;975;764;1573;710;2508;448;148;110;4;31;10;16;5;39;22;142;0;147;70;124;108;138;113;106;42;38;32;25;31;1;42;60;118;311;269;122;40;13;0;576;81;17;2;3;20;10;0;0;1;48;7;0;0;210;0;582;7;109;277;11;44;96;131;114;52;5;27;54;35;22;5;8;24;43;26;8;1
50425;Werfenweng;474;314;562;267;1323;176;56;33;2;74;4;4;2;7;10;106;0;30;4;34;45;47;49;91;31;46;39;40;14;4;70;46;40;115;125;52;23;3;0;227;27;0;1;2;5;4;0;1;0;47;1;0;0;159;0;230;10;44;190;7;20;29;43;45;32;4;13;14;9;10;6;2;14;9;6;0;2
50501;Göriach;137;113;143;107;219;85;17;5;0;8;0;0;1;6;2;13;0;21;6;20;17;11;22;13;7;3;5;5;7;0;14;7;8;50;41;17;0;0;0;97;3;0;0;0;5;2;0;0;0;6;0;0;0;24;0;78;11;20;28;5;9;10;33;22;6;0;2;7;0;3;5;1;1;2;1;0;0
50502;Lessach;209;184;247;180;324;146;32;2;0;6;0;0;1;1;4;7;10;29;10;33;23;19;16;17;19;6;12;11;4;10;8;9;22;89;52;16;3;0;10;178;2;0;0;0;0;0;0;0;0;3;1;0;0;15;10;149;4;30;26;4;16;35;48;30;13;7;9;8;3;2;3;1;0;1;0;0;0
50503;Mariapfarr;997;845;1203;805;1783;677;79;48;1;26;7;7;6;26;8;110;2;57;44;130;119;144;111;75;45;50;29;97;58;38;85;51;92;346;256;117;36;12;2;744;41;5;0;1;12;1;0;1;0;33;7;1;0;149;2;553;53;186;205;25;90;153;214;125;70;12;15;13;23;11;5;5;19;13;5;5;1
50504;Mauterndorf;703;627;986;563;1275;414;112;36;1;52;9;10;7;29;12;21;0;90;32;100;111;92;87;64;30;42;19;21;15;0;17;18;83;250;202;89;35;9;0;514;28;6;0;1;12;1;1;0;0;58;7;0;0;75;0;314;67;180;142;12;76;96;134;60;36;9;27;37;27;6;6;3;8;13;8;4;0
50505;Muhr;241;206;266;199;349;150;45;3;1;5;1;0;1;1;3;30;1;26;19;51;36;37;13;17;4;10;12;8;7;1;18;16;29;85;70;20;2;0;1;194;3;0;0;1;1;0;0;0;0;8;0;0;0;33;1;140;7;35;59;5;16;40;53;25;11;2;10;15;10;7;1;0;2;1;0;0;0
50506;Ramingstein;515;429;639;414;786;295;99;18;2;10;5;2;5;15;7;48;9;123;19;60;68;63;65;45;17;7;9;10;9;20;64;32;67;177;118;41;5;2;9;394;14;1;0;2;0;3;0;0;0;14;2;0;0;76;9;270;33;88;124;19;42;83;98;38;15;18;13;39;18;8;3;1;5;6;5;1;0
50507;St. Andrä im Lungau;391;267;375;257;715;192;51;14;0;10;3;2;0;10;2;104;3;31;13;32;55;54;66;35;15;24;26;22;14;4;70;25;58;96;102;28;6;3;3;235;13;0;0;0;8;1;0;0;0;8;2;0;0;121;3;188;19;53;131;3;16;26;17;48;82;2;2;13;6;11;17;0;3;9;2;0;0
50508;St. Margarethen im Lungau;356;260;368;244;600;187;44;11;2;27;3;1;1;14;6;60;0;23;19;47;18;35;38;44;30;19;28;39;16;0;51;23;44;103;87;29;16;3;0;228;10;0;0;2;3;1;0;0;0;16;2;0;0;94;0;170;9;58;119;12;18;33;70;39;15;5;7;10;11;6;5;2;3;2;4;0;0
50509;St. Michael im Lungau;1467;1114;1863;1039;3103;772;179;84;4;89;20;30;1;39;16;233;0;112;61;112;167;225;198;167;48;96;77;122;79;3;152;115;113;420;414;169;54;30;0;933;65;14;1;4;18;2;2;0;0;72;5;1;0;350;0;809;49;174;435;23;80;149;245;179;96;26;29;52;37;21;14;9;23;21;15;14;2
50510;Tamsweg;1785;1573;3200;1465;3728;1051;224;186;4;23;35;46;4;83;34;81;14;143;91;240;234;227;218;205;115;93;79;93;33;14;57;95;178;564;519;240;73;45;14;1260;136;34;3;4;15;12;1;0;0;74;35;0;1;196;14;1024;41;413;307;17;101;210;322;233;168;16;33;77;55;19;24;16;36;55;58;20;1
50511;Thomatal;172;164;181;153;259;142;9;2;0;7;1;1;0;3;3;4;0;25;5;10;14;26;35;15;10;14;6;9;3;0;10;16;21;59;47;18;1;0;0;150;2;0;0;0;1;0;0;0;0;10;1;0;0;8;0;82;13;29;48;4;14;29;41;29;25;2;1;2;2;1;1;0;1;1;0;0;0
50512;Tweng;161;131;260;61;477;39;11;11;0;66;1;6;5;6;2;14;0;5;8;11;22;26;22;41;8;8;0;7;3;0;5;12;9;28;35;32;25;15;0;43;6;1;2;0;7;2;0;0;0;68;2;0;0;30;0;27;37;46;51;2;10;3;13;4;7;1;1;1;2;2;4;0;0;7;0;4;0
50513;Unternberg;445;327;447;321;747;241;69;11;0;3;7;2;0;15;7;90;0;23;14;52;34;41;33;50;36;33;45;56;28;0;50;27;39;133;120;49;20;7;0;307;9;2;0;0;3;0;0;0;0;6;0;0;0;118;0;230;8;67;140;6;10;32;96;66;31;2;5;25;16;8;13;1;5;3;1;1;0
50514;Weißpriach;217;130;165;125;336;98;23;3;1;40;0;1;0;2;4;43;2;8;8;15;15;44;25;11;7;7;8;51;12;6;20;16;26;73;44;29;7;0;2;118;3;0;0;1;3;0;0;0;0;4;2;0;0;84;2;76;30;16;95;6;18;12;30;17;15;0;3;4;2;7;7;0;2;1;0;0;0
50515;Zederhaus;586;372;510;361;1174;258;87;16;0;10;2;4;4;6;14;185;0;38;32;56;40;110;73;62;30;33;42;44;26;0;89;57;54;168;140;69;7;2;0;339;14;0;0;0;6;2;0;0;0;10;1;0;0;214;0;267;14;46;259;21;23;42;82;48;42;2;5;30;23;14;13;1;9;3;3;0;0
50601;Bramberg am Wildkogel;1619;1319;2314;1257;3990;712;399;144;2;98;11;19;10;43;16;162;3;74;44;125;160;244;202;180;110;161;136;108;72;3;101;127;198;491;472;151;50;26;3;1088;129;7;1;2;23;6;0;1;0;55;8;0;0;296;3;871;104;205;439;53;69;138;205;183;64;30;50;127;96;59;37;17;54;54;12;6;1
50602;Bruck an der Großglocknerstraße;1381;1250;2668;1187;3115;747;245;187;8;43;18;19;5;50;17;41;1;117;97;158;186;193;162;171;72;89;62;50;23;1;48;163;225;399;336;152;28;29;1;989;152;27;2;8;3;3;3;0;0;53;14;0;0;126;1;832;45;266;238;31;103;215;221;129;48;29;54;90;39;29;4;24;46;54;42;20;1
50603;Dienten am Hochkönig;352;309;543;286;689;165;78;43;0;27;5;1;1;5;4;23;0;39;15;31;45;57;52;40;26;17;18;9;3;0;25;34;46;113;80;39;11;4;0;242;40;2;0;0;1;0;1;0;0;16;7;0;0;43;0;148;55;60;89;20;24;34;44;31;12;11;16;28;15;4;4;9;22;7;4;1;0
50604;Fusch an der Großglocknerstraße;322;249;422;219;577;131;57;31;0;30;7;3;1;13;1;48;0;44;23;51;36;38;35;23;9;13;11;26;11;2;12;19;45;95;99;45;5;2;0;185;31;0;0;0;3;0;0;0;0;30;0;0;0;73;0;162;17;44;99;4;20;27;31;31;18;4;15;19;16;2;1;4;18;5;4;0;0
50605;Hollersbach im Pinzgau;571;416;726;377;1803;214;120;43;0;35;7;3;1;16;7;125;0;39;14;47;37;76;82;67;47;36;39;63;23;1;46;38;36;172;179;79;13;8;0;308;39;1;0;0;26;3;0;0;0;35;3;1;0;155;0;310;19;44;198;4;12;26;42;78;52;2;11;40;37;15;15;2;15;14;9;3;0
50606;Kaprun;1018;757;2669;641;3387;365;100;166;10;174;31;36;31;49;29;26;1;36;64;134;119;189;92;107;79;63;59;52;22;2;96;79;100;209;230;184;68;51;1;448;99;44;18;10;17;5;0;0;0;100;17;1;2;256;1;383;70;228;337;10;38;125;81;54;57;13;20;33;15;11;8;9;18;62;31;42;4
50607;Krimml;580;502;1048;471;1431;278;112;80;1;51;0;6;9;7;7;29;0;47;28;24;59;75;68;79;45;79;45;28;2;1;37;76;86;183;113;62;15;8;0;380;65;7;0;1;10;4;3;1;0;26;6;0;0;77;0;168;119;73;220;16;66;66;43;36;51;12;27;34;21;7;11;10;26;29;10;5;0
50608;Lend;482;377;755;357;976;230;70;54;3;14;11;1;2;13;5;71;8;74;29;56;36;62;50;67;20;24;19;28;9;8;39;42;65;140;119;56;8;5;8;297;49;4;0;3;3;1;0;0;0;17;5;0;0;95;8;262;20;49;151;18;33;45;83;40;11;9;11;29;12;5;4;9;13;19;12;1;0
50609;Leogang;1261;1121;2279;1047;3011;612;286;146;3;73;7;11;3;34;13;72;1;158;44;100;139;185;164;134;61;71;69;87;46;3;41;70;161;396;390;139;53;10;1;869;123;11;4;2;29;8;0;0;1;67;6;2;0;138;1;678;105;255;223;21;88;135;170;132;66;19;60;108;64;22;13;18;63;43;13;8;1
50610;Lofer;914;645;1190;560;1943;333;142;85;0;71;11;17;4;28;17;205;1;123;20;82;106;135;88;65;36;41;49;93;73;3;123;69;87;212;236;137;42;7;1;447;76;3;1;0;28;5;0;0;0;70;15;0;0;268;1;401;58;124;331;12;48;58;90;93;32;1;18;51;36;22;14;6;33;29;14;2;1
50611;Maishofen;1042;926;2030;863;2511;567;162;133;1;39;19;13;2;33;13;60;0;72;34;71;112;184;119;130;57;84;93;51;34;1;53;54;129;355;279;118;35;19;0;711;98;22;4;1;18;7;2;0;0;41;22;1;0;115;0;610;39;241;152;20;40;112;174;117;104;7;32;47;41;18;17;15;39;30;30;17;2
50612;Maria Alm am Steinernen Meer;1363;1028;2373;916;3455;633;157;126;0;147;9;16;1;34;11;229;0;80;9;109;139;272;162;132;80;104;134;54;35;53;148;138;176;352;324;159;56;10;0;757;79;26;12;0;33;7;1;1;0;105;7;0;0;335;0;362;277;232;492;32;122;163;106;83;127;14;32;47;34;16;14;16;29;25;23;26;7
50613;Mittersill;1999;1412;2807;1309;4662;799;313;181;16;100;34;43;3;80;38;392;0;161;72;155;223;271;237;230;82;76;150;206;135;1;212;153;199;515;553;260;73;34;0;1050;131;14;2;14;62;29;5;0;2;102;13;0;0;575;0;974;50;334;641;14;64;214;201;202;104;13;49;101;87;31;32;10;39;64;50;17;1
50614;Neukirchen am Großvenediger;1343;809;1220;691;3484;478;161;52;0;286;10;19;1;27;18;291;0;66;70;117;115;161;139;169;79;121;155;110;41;0;170;162;169;368;319;104;35;16;0;549;38;3;1;0;90;10;0;0;0;118;0;0;0;534;0;570;67;171;535;10;53;101;137;123;54;4;24;57;43;18;15;8;14;20;8;1;1
50615;Niedernsill;1010;945;1521;919;2052;614;240;63;2;16;7;7;3;21;5;30;2;61;30;64;82;171;132;138;54;113;68;67;28;2;21;116;150;346;279;78;14;4;2;847;49;13;0;2;7;1;0;0;0;19;7;0;0;63;2;673;61;144;132;34;69;162;182;128;39;23;47;76;61;23;10;5;22;21;5;10;0
50616;Piesendorf;1410;1276;2040;1216;2778;833;286;95;2;68;9;8;0;27;8;72;2;103;32;93;128;279;193;178;120;116;73;57;35;3;60;133;250;486;331;108;26;14;2;1090;82;8;0;2;29;5;0;0;0;56;5;0;0;131;2;841;107;233;229;46;97;249;214;151;76;24;68;90;59;30;15;11;26;33;17;8;0
50617;Rauris;1182;983;1715;921;2646;644;196;79;2;89;4;7;3;20;7;79;52;106;37;99;121;161;143;131;38;76;62;107;49;52;50;74;178;373;297;126;27;5;52;830;59;13;0;2;10;6;1;0;0;58;4;1;0;146;52;661;75;173;273;34;102;191;155;132;30;18;29;67;52;15;15;9;21;29;9;11;0
50618;Saalbach-Hinterglemm;1663;1004;2830;739;5994;438;120;122;59;499;12;30;16;56;16;295;0;68;36;133;226;279;265;133;77;134;124;145;42;1;143;138;161;300;438;305;133;45;0;492;57;28;9;44;66;11;7;10;15;293;12;1;0;618;0;418;293;367;585;29;49;86;87;86;101;9;16;35;31;17;12;7;25;26;23;25;16
50619;Saalfelden am Steinernen Meer;4024;3684;10057;3501;10719;2015;723;753;10;53;63;82;6;145;58;55;61;319;156;400;465;572;592;494;219;228;169;126;69;215;107;331;573;1237;998;426;189;102;61;2732;586;131;27;10;6;6;2;1;0;142;43;3;0;274;61;2426;104;976;518;66;182;581;651;351;184;98;197;257;109;35;27;106;159;176;184;108;20
50620;St. Martin bei Lofer;459;395;897;365;1098;228;89;46;2;19;5;11;0;22;5;32;0;61;7;23;73;83;57;42;13;29;29;30;12;0;20;23;42;158;124;70;13;9;0;314;35;6;2;1;3;2;1;0;1;26;5;0;0;63;0;246;30;83;100;6;29;39;77;49;28;6;13;23;20;11;16;3;15;13;9;4;2
50621;Stuhlfelden;491;454;751;431;916;245;134;51;1;14;2;8;0;12;2;22;0;47;19;56;66;76;72;55;27;27;28;11;7;0;12;33;75;181;133;44;10;3;0;371;48;1;0;1;8;2;0;0;0;21;2;0;0;37;0;331;11;91;58;3;27;55;65;62;33;12;24;47;31;14;6;10;24;13;3;1;0
50622;Taxenbach;955;854;1390;824;1848;555;203;64;2;21;7;6;1;26;8;60;2;145;62;113;89;172;135;77;33;58;29;28;11;3;34;104;146;343;228;72;21;5;2;744;48;9;0;2;14;7;0;0;0;23;8;0;0;98;2;573;39;143;200;37;87;115;144;115;57;14;39;70;52;20;8;7;28;7;16;6;0
50623;Unken;1173;720;1109;699;2635;478;170;46;5;35;8;10;1;30;18;372;0;114;30;90;126;172;132;117;68;81;80;93;67;3;218;118;142;298;230;128;35;4;0;645;35;4;0;4;3;6;1;0;1;23;2;0;0;449;0;406;83;162;522;48;69;93;112;97;59;9;19;41;40;30;31;2;17;15;9;3;0
50624;Uttendorf;1004;903;1699;862;2900;563;172;126;1;22;8;14;11;26;10;50;1;65;73;121;99;159;112;123;46;65;74;47;15;5;42;55;88;219;274;231;72;22;1;726;103;14;2;1;9;6;1;0;0;37;4;0;0;100;1;655;48;140;161;17;56;131;132;144;83;16;33;52;40;14;17;22;48;32;11;10;3
50625;Viehhofen;257;218;407;202;519;123;58;21;0;19;2;4;0;10;2;18;0;14;13;21;39;51;46;30;11;12;3;9;7;1;10;22;42;88;61;21;12;1;0;176;17;2;1;0;5;1;0;0;0;13;3;0;0;39;0;123;22;49;63;14;31;34;29;10;5;15;17;16;6;4;0;6;4;4;5;1;1
50626;Wald im Pinzgau;990;744;1573;693;2208;521;96;75;1;76;7;7;8;11;5;182;1;31;36;54;93;134;119;161;101;110;55;56;38;2;124;154;179;247;184;61;28;12;1;610;55;8;8;1;7;3;0;1;0;46;5;0;0;245;1;251;100;101;538;43;74;101;89;75;139;5;12;22;14;19;24;9;13;27;10;7;9
50627;Weißbach bei Lofer;214;115;184;104;313;70;26;7;1;14;4;1;0;5;1;85;0;55;19;19;30;17;12;12;5;10;10;12;13;0;21;20;34;70;35;23;10;1;0;94;6;0;0;1;2;1;0;0;0;8;3;0;0;99;0;76;8;25;105;0;13;14;19;10;14;0;8;5;7;5;1;0;2;2;3;0;0
50628;Zell am See;3516;2306;7204;2044;12205;1204;288;542;10;201;71;93;53;127;60;860;7;129;143;369;455;488;413;468;268;250;204;170;89;70;697;304;365;731;725;473;135;79;7;1443;345;111;21;8;49;50;7;8;2;209;51;5;1;1199;7;1099;209;744;1464;52;135;284;290;251;192;27;56;96;57;30;22;39;96;151;146;90;20
60101;Graz;44844;39589;193232;37966;224952;21576;3229;12922;239;407;1398;906;103;1297;796;1777;194;6597;4059;4722;5271;4431;3604;2995;1873;3354;2006;2105;1690;2137;1673;3508;5442;11155;11922;7131;2209;1610;194;24651;7300;2903;1266;191;154;631;464;358;48;1114;523;107;37;4903;194;21915;970;14537;7422;652;2705;5782;6252;3836;2349;376;582;1114;718;275;164;566;1642;3282;3350;2833;1249
60305;Frauental an der Laßnitz;1315;1116;1712;1100;1965;897;117;82;4;8;11;7;1;98;5;68;17;114;68;208;151;142;146;118;53;44;65;91;66;49;50;77;197;453;358;113;27;23;17;1012;78;2;1;4;2;0;0;1;0;17;2;0;0;179;17;790;28;202;295;41;147;185;254;158;112;12;26;37;30;7;5;7;22;33;15;3;2
60318;Lannach;1551;1289;1880;1273;2594;1067;98;105;3;10;17;12;0;47;11;168;13;116;27;87;168;243;211;181;136;93;55;102;88;44;109;100;147;411;518;170;48;35;13;1158;90;7;0;3;7;8;0;0;0;16;2;0;0;247;13;999;30;171;351;52;163;234;333;223;62;7;15;28;31;12;5;5;31;49;15;5;0
60323;Pölfing-Brunn;706;589;898;574;1288;402;142;28;2;6;5;9;3;33;18;58;0;222;20;91;70;64;65;58;45;37;19;9;6;0;32;47;131;246;165;59;19;7;0;539;23;3;0;1;5;2;0;0;1;14;2;0;0;116;0;433;19;95;159;24;81;100;111;58;28;36;33;40;19;11;3;0;2;19;7;0;0
60324;Preding;842;683;918;677;1262;612;38;26;1;1;8;9;3;46;14;78;6;162;28;49;75;80;128;88;43;42;52;77;11;7;47;39;102;274;236;81;37;20;6;650;22;1;1;1;0;2;0;0;0;6;0;0;0;153;6;546;9;66;221;30;78;137;163;104;100;2;3;12;9;5;7;2;5;9;8;1;1
60326;Sankt Josef (Weststeiermark);672;640;822;630;1078;545;66;19;0;4;7;1;1;5;9;15;0;98;20;24;50;105;82;83;36;31;61;66;12;4;13;32;93;235;242;47;7;3;0;607;16;0;1;0;4;2;0;0;0;7;3;0;0;32;0;505;12;62;93;40;76;104;152;106;67;2;6;24;14;15;5;0;3;12;2;2;0
60329;Sankt Peter im Sulmtal;589;487;629;475;1040;413;33;26;3;10;2;2;0;26;9;61;4;72;28;46;68;97;53;73;32;20;35;41;20;4;30;59;101;183;150;48;12;2;4;446;23;0;0;3;0;3;0;0;0;11;1;0;0;98;4;357;11;73;148;18;66;100;112;78;39;4;7;10;6;4;2;3;6;13;4;0;0
60341;Wettmannstätten;769;649;773;629;1138;565;51;13;0;7;11;5;5;27;7;77;1;95;23;45;62;89;84;87;84;74;65;40;19;2;67;59;109;246;211;44;23;9;1;609;11;0;0;0;7;1;1;0;0;18;2;0;0;119;1;537;15;44;173;40;93;91;129;118;94;9;4;11;12;8;7;0;3;5;5;0;0
60344;Deutschlandsberg;4829;4194;7306;4016;8788;3354;273;382;7;76;74;112;7;182;63;265;34;893;231;445;558;612;480;409;255;292;194;174;112;174;234;433;630;1544;1251;470;160;73;34;3616;286;62;14;6;11;13;7;0;1;154;25;2;0;598;34;2623;163;739;1304;351;622;689;870;549;273;32;40;107;54;18;22;36;92;108;93;44;9
60345;Eibiswald;3046;2516;3415;2454;4728;2074;253;120;7;48;26;27;3;110;50;316;12;647;127;299;353;343;368;298;144;132;87;111;82;55;238;230;330;908;945;298;68;17;12;2308;99;7;1;6;19;13;0;0;1;65;4;0;0;511;12;1809;109;235;893;233;362;385;578;336;180;19;32;66;81;43;12;19;26;40;28;6;1
60346;Groß Sankt Florian;1805;1587;2058;1552;2584;1334;165;51;2;11;17;23;2;63;18;116;3;334;60;147;204;250;227;199;122;75;85;55;38;9;67;107;222;593;591;149;44;29;3;1495;41;6;0;2;4;3;1;0;0;35;2;0;0;213;3;1236;22;133;414;105;197;280;332;243;177;18;17;47;38;24;21;8;13;15;10;5;0
60347;Sankt Martin im Sulmtal;1369;1188;1444;1167;1755;1058;72;35;2;13;18;9;3;64;14;81;0;231;54;139;161;161;230;161;67;47;34;45;36;3;52;79;156;426;477;131;28;20;0;1127;27;3;0;1;3;4;1;0;1;21;1;0;0;180;0;951;20;93;305;60;153;221;292;196;136;3;10;16;21;14;8;5;6;16;6;2;0
60348;Sankt Stefan ob Stainz;1873;1592;1891;1554;2937;1451;57;46;0;29;7;6;1;36;20;217;3;454;54;102;202;220;244;206;116;78;58;59;71;9;153;197;269;596;476;142;23;14;3;1500;40;2;0;0;8;4;0;0;0;36;1;0;1;278;3;1136;61;155;521;175;249;295;343;249;140;3;8;14;17;8;7;8;17;14;6;1;0
60349;Bad Schwanberg;2117;1842;2284;1793;2765;1627;109;48;9;32;9;15;3;42;17;189;17;423;102;175;237;290;252;166;87;50;43;112;70;110;96;136;256;728;629;192;43;20;17;1732;35;12;0;9;4;1;0;0;0;50;4;0;0;253;17;1288;59;216;554;141;284;322;403;233;244;18;17;35;21;4;14;1;15;10;14;8;0
60350;Stainz;4014;3406;4578;3322;7112;2918;249;150;5;38;37;47;20;93;37;415;5;752;114;280;437;456;421;505;312;238;155;139;99;106;292;319;490;1308;1156;315;86;43;5;3131;120;20;1;5;36;9;0;0;0;78;8;1;0;600;5;2677;63;306;968;231;459;600;757;588;283;21;25;80;72;29;22;8;33;51;47;11;0
60351;Wies;2008;1723;2170;1681;2898;1502;122;55;2;23;17;22;2;71;22;169;1;438;86;199;255;256;294;175;66;90;44;47;48;10;94;173;206;630;647;180;48;29;1;1612;44;5;0;2;12;4;1;1;0;37;5;0;0;284;1;1300;49;118;541;175;280;271;329;254;193;4;6;30;45;26;11;4;12;20;16;3;0
60608;Feldkirchen bei Graz;2086;1887;3756;1823;4707;1295;263;258;7;13;38;32;12;59;10;79;20;114;32;210;317;255;243;128;111;156;188;186;70;76;107;166;313;547;596;241;55;41;20;1555;222;20;11;7;3;5;0;0;0;51;13;1;0;178;20;1370;41;333;342;102;218;373;375;165;62;34;53;92;57;18;9;24;51;106;51;19;7
60611;Gössendorf;1588;1414;1902;1389;2776;1202;88;96;3;6;28;9;2;35;24;93;2;66;26;88;174;261;189;239;127;158;78;129;50;3;58;93;254;493;506;120;48;14;2;1285;92;1;1;1;5;2;0;0;2;26;2;0;0;169;2;1123;12;187;266;36;146;408;360;170;82;4;10;34;27;11;2;6;33;48;8;1;0
60613;Gratkorn;2490;2045;4587;2002;5654;1530;180;284;8;17;51;21;6;184;29;172;8;218;117;267;309;302;273;183;183;192;173;118;46;109;153;217;311;738;639;248;110;66;8;1705;199;57;18;8;5;9;1;0;0;35;13;1;0;431;8;1596;33;255;606;54;209;461;409;255;142;19;33;61;38;18;11;15;50;94;68;41;16
60617;Hart bei Graz;2664;1825;2914;1804;5663;1485;202;114;3;6;23;12;0;46;15;758;0;51;30;143;239;271;370;522;202;196;230;285;108;17;634;210;396;693;519;138;43;31;0;1680;88;13;7;3;7;1;1;4;0;20;3;0;0;837;0;1284;25;352;1003;67;182;315;442;306;173;20;24;60;55;30;13;6;27;43;21;8;9
60618;Haselsdorf-Tobelbad;651;614;810;605;944;550;37;17;1;2;1;6;0;5;10;14;8;76;12;25;51;85;107;73;41;42;31;64;32;12;21;28;79;221;240;41;9;4;8;586;13;3;0;1;1;1;0;0;0;8;1;0;0;29;8;492;14;72;73;32;83;101;174;118;42;4;4;7;10;7;5;0;3;5;6;3;0
60619;Hausmannstätten;1288;1107;1811;1083;2325;847;133;100;3;2;11;20;1;26;12;130;3;63;19;34;144;199;174;195;110;85;76;137;47;5;66;70;149;401;413;137;37;12;3;975;82;10;1;3;5;7;0;0;0;22;3;0;0;177;3;786;13;245;244;24;84;215;281;159;84;5;11;47;44;17;9;0;25;39;26;9;1
60623;Kainbach bei Graz;985;903;1181;885;1339;762;95;28;0;6;5;4;1;19;22;42;1;126;31;51;90;115;163;108;77;84;67;53;18;2;31;52;135;356;305;75;19;11;1;852;23;3;1;0;5;0;0;1;0;16;2;0;0;81;1;630;15;174;166;36;63;81;85;189;308;2;7;17;23;17;29;1;13;8;4;0;2
60624;Kalsdorf bei Graz;2383;1952;4588;1901;6196;1474;126;296;5;17;42;45;5;160;38;171;4;96;131;171;227;222;189;267;189;154;232;337;155;13;114;243;430;606;509;270;90;117;4;1591;198;68;20;4;9;6;3;1;1;40;12;1;0;425;4;1468;22;378;515;34;234;463;444;224;75;14;25;35;39;9;4;14;34;97;81;58;12
60626;Kumberg;1626;1473;1900;1453;2666;1219;178;56;0;6;18;10;1;11;12;115;0;142;37;67;125;203;244;215;160;100;108;132;91;2;66;113;175;586;509;137;33;7;0;1388;53;2;0;0;9;1;0;0;0;19;1;0;0;153;0;1080;25;227;294;41;133;281;390;247;127;8;21;49;54;28;18;3;19;19;13;2;0
60628;Laßnitzhöhe;1080;943;1560;930;2001;740;106;79;5;13;10;4;1;17;10;95;0;104;58;74;119;136;137;192;69;28;39;97;22;5;68;61;99;369;326;113;28;16;0;841;65;9;0;5;5;1;4;0;0;14;3;1;0;132;0;589;31;228;232;59;100;165;208;144;64;7;17;40;28;7;7;4;15;34;20;6;0
60629;Lieboch;2135;1807;2933;1776;3559;1494;114;165;3;10;20;37;2;50;13;205;22;66;65;159;222;255;314;259;108;186;91;212;170;28;212;226;285;655;512;164;37;22;22;1602;130;17;0;3;6;11;5;2;0;22;11;0;0;304;22;1483;24;213;415;46;196;410;450;257;135;11;16;39;34;9;5;8;38;74;35;9;1
60632;Peggau;701;593;1324;577;1620;402;83;90;2;9;18;13;2;53;8;17;4;70;32;63;97;92;102;44;35;22;33;81;25;5;11;92;72;185;179;105;35;18;4;480;62;24;1;2;5;3;0;0;0;15;3;0;0;102;4;467;9;86;139;17;61;143;95;59;27;5;13;27;21;12;5;4;15;25;26;19;1
60639;Sankt Bartholomä;638;585;670;576;803;524;40;12;0;5;4;3;0;6;7;32;5;93;8;26;65;97;106;91;31;38;24;28;25;6;20;31;74;200;228;61;17;2;5;563;12;0;0;0;1;0;0;0;0;9;0;0;0;48;5;489;6;37;106;37;85;107;142;95;58;1;6;10;13;7;3;5;3;3;0;1;0
60641;Sankt Oswald bei Plankenwarth;519;474;615;473;764;415;33;24;1;1;1;1;0;1;3;34;5;84;16;21;49;76;83;42;17;10;31;25;10;55;20;29;49;177;188;41;7;3;5;447;22;0;0;1;1;2;0;0;0;2;0;0;0;39;5;401;9;31;78;36;59;90;99;79;52;4;7;11;8;1;2;1;8;9;5;1;0
60642;Sankt Radegund bei Graz;962;842;1199;823;1726;709;61;48;5;16;6;8;4;18;12;75;0;131;26;67;161;125;140;107;29;51;54;27;37;7;47;60;112;326;282;96;29;10;0;761;41;4;0;5;9;2;0;1;0;20;2;0;0;117;0;561;36;150;215;48;110;147;211;121;72;2;6;16;19;6;12;2;15;17;10;3;1
60645;Semriach;1285;1188;1544;1160;1648;1052;59;47;2;14;8;7;0;15;10;38;33;260;43;67;109;217;194;128;97;37;23;27;20;63;44;98;115;348;453;162;27;5;33;1110;45;1;1;2;1;0;0;0;0;26;3;0;0;63;33;763;90;215;217;116;197;214;264;137;124;14;5;16;10;5;9;4;6;28;6;2;1
60646;Stattegg;1210;1118;1482;1108;1837;984;69;53;2;6;7;2;0;12;5;68;2;93;25;40;126;279;156;152;115;55;42;79;45;3;80;70;132;368;434;113;9;2;2;1050;48;3;0;2;3;0;2;0;0;10;0;0;0;90;2;753;30;241;186;58;91;209;323;198;105;1;13;31;12;8;4;3;12;21;12;5;0
60647;Stiwoll;293;278;296;276;349;267;6;3;0;3;2;0;0;3;3;6;0;40;11;28;27;47;44;34;19;16;9;10;0;8;9;16;38;106;101;22;1;0;0;272;3;0;0;0;1;0;0;0;0;1;1;0;0;15;0;211;7;35;40;20;39;42;77;62;27;1;0;2;0;2;1;0;3;0;0;0;0
60648;Thal;1040;949;1177;938;1451;784;126;23;5;3;6;3;0;8;8;70;4;94;21;63;88;161;173;72;57;36;46;76;61;92;61;73;107;277;413;82;16;7;4;909;22;1;0;4;1;0;0;0;1;11;1;0;0;86;4;753;23;109;155;57;88;178;255;155;51;8;13;33;48;16;8;2;6;10;3;2;0
60651;Übelbach;789;726;1158;705;1369;552;97;55;1;10;4;8;2;19;9;30;2;161;40;71;115;95;87;52;26;38;28;38;15;23;37;48;116;232;256;81;9;8;2;648;45;6;1;1;1;3;0;0;0;20;1;0;0;61;2;515;20;97;157;43;93;142;151;86;37;9;21;31;17;13;6;9;10;17;13;6;0
60653;Vasoldsberg;1919;1762;2163;1730;2464;1541;142;47;0;10;13;12;1;22;17;111;3;162;47;76;155;349;276;248;127;126;159;132;55;7;97;135;282;695;569;106;25;7;3;1679;40;3;1;0;4;3;0;0;0;28;4;0;0;154;3;1324;39;253;303;90;260;345;457;263;126;6;17;36;50;24;9;4;9;19;12;3;0
60654;Weinitzen;1072;997;1252;981;1616;847;100;33;1;10;14;3;0;12;5;39;8;101;20;54;128;183;198;97;70;48;49;39;19;66;31;45;130;395;362;76;17;8;8;947;31;2;0;1;0;0;0;0;0;14;2;0;0;67;8;768;26;143;135;43;133;156;279;156;80;3;19;24;32;15;7;1;11;13;4;4;0
60655;Werndorf;913;821;1359;809;1601;663;69;76;1;3;11;7;1;38;7;35;2;39;32;57;120;100;122;122;58;73;62;96;23;9;31;56;136;311;262;72;16;27;2;731;64;10;2;1;1;0;0;0;0;10;2;0;0;90;2;691;7;73;142;16;103;171;235;93;45;1;11;28;19;7;3;0;13;38;14;9;2
60656;Wundschuh;690;603;791;590;1018;499;65;26;0;5;7;5;1;17;10;54;1;64;23;29;65;88;105;69;62;37;32;79;36;1;26;32;79;156;267;100;23;6;1;562;25;1;0;0;2;0;0;0;0;12;1;0;0;86;1;477;10;72;131;10;49;81;163;115;81;2;8;19;18;11;7;0;8;10;7;1;0
60659;Deutschfeistritz;1626;1395;2369;1370;2966;1075;159;122;14;12;12;10;1;36;15;167;3;263;58;149;215;191;133;137;81;79;85;148;76;11;103;101;162;553;477;160;36;31;3;1229;100;19;1;14;5;2;0;0;0;23;5;0;0;225;3;1103;28;149;346;45;163;292;331;161;83;21;36;56;28;13;5;6;23;41;32;20;0
60660;Dobl-Zwaring;1842;1338;1739;1313;2451;1141;103;69;0;11;17;8;4;52;21;413;3;221;41;82;117;204;195;181;127;185;133;220;129;7;205;130;230;514;498;175;49;38;3;1239;63;3;0;0;5;2;1;0;0;22;3;0;0;501;3;1076;24;122;620;61;144;242;314;223;157;5;11;30;25;21;11;4;21;34;8;2;0
60661;Eggersdorf bei Graz;2821;2488;3448;2448;4921;2043;273;127;5;14;18;23;2;72;34;203;7;333;78;137;256;407;476;300;204;190;132;131;167;10;125;172;355;924;909;246;53;30;7;2308;112;10;0;4;8;3;0;2;1;36;8;0;0;322;7;1957;45;312;507;101;290;470;603;370;209;20;34;96;76;36;11;7;46;41;23;8;2
60662;Fernitz-Mellach;1841;1670;2295;1643;3067;1406;130;107;0;7;16;17;1;35;15;105;2;146;31;90;148;206;293;239;243;153;131;96;59;6;119;87;229;530;607;203;49;15;2;1529;102;4;0;0;7;1;0;0;0;21;5;1;0;169;2;1291;27;258;265;38;205;347;423;244;149;6;17;36;40;25;6;9;25;52;18;3;0
60663;Frohnleiten;2385;1940;3657;1892;6156;1418;214;251;9;26;43;24;7;113;39;241;0;360;174;315;310;313;257;275;120;66;66;82;47;0;148;218;303;687;644;278;65;42;0;1602;190;36;0;8;30;23;2;0;1;45;8;0;0;440;0;1367;47;374;597;60;176;289;409;323;161;8;16;80;61;30;19;10;44;107;61;29;0
60664;Gratwein-Straßengel;4742;4019;6564;3951;8966;3271;355;315;10;33;34;51;6;78;44;531;14;443;210;425;618;606;529;545;400;316;280;211;125;34;410;421;661;1408;1272;430;78;48;14;3616;229;66;4;10;10;12;4;0;0;61;10;0;0;706;14;3079;67;601;995;167;499;866;999;529;211;24;57;124;100;31;19;26;50;103;77;58;1
60665;Hitzendorf;4100;2714;3319;2679;6321;2363;240;72;4;18;9;14;0;70;28;1280;2;570;259;219;325;529;458;464;252;228;215;352;203;26;625;308;429;1150;1142;359;69;16;2;2587;59;7;0;3;16;5;1;0;1;32;6;0;0;1381;2;2280;34;197;1589;101;257;437;762;567;239;9;11;79;87;33;21;5;23;29;9;6;0
60666;Nestelbach bei Graz;1183;1088;1288;1079;1704;991;64;22;2;6;9;9;2;9;11;49;9;180;35;75;86;130;174;159;78;68;49;43;37;69;46;73;136;429;402;60;19;9;9;1053;19;1;1;1;2;1;0;0;1;9;1;0;0;85;9;858;18;101;206;65;156;237;290;176;67;6;6;19;15;11;7;1;5;9;5;1;1
60667;Raaba-Grambach;1785;1559;2561;1540;3141;1305;117;117;1;5;54;10;2;63;12;85;14;101;28;78;184;233;210;230;192;129;182;119;84;15;68;150;239;544;487;163;66;54;14;1421;83;25;7;1;1;2;0;0;0;19;0;0;0;212;14;1135;36;290;324;53;139;334;379;239;161;5;17;45;26;14;10;4;28;37;22;20;6
60668;Sankt Marein bei Graz;1816;1418;1782;1395;2818;1252;97;45;1;7;8;7;2;25;16;354;2;266;53;78;121;226;231;215;95;95;100;141;185;10;235;124;181;602;498;138;30;6;2;1343;38;4;0;1;6;2;1;0;0;19;4;0;0;396;2;1110;34;142;530;81;195;247;360;272;97;5;12;21;36;13;10;5;7;17;11;5;0
60669;Seiersberg-Pirka;4658;3623;6071;3556;9513;2878;413;262;3;22;59;52;15;114;32;808;0;117;124;397;451;458;603;658;376;356;287;495;334;2;574;478;751;1371;1056;262;91;75;0;3272;190;40;7;3;19;14;7;4;0;53;10;2;3;1034;0;2551;75;771;1261;103;379;940;848;456;152;32;57;149;109;50;16;24;58;74;60;34;12
60670;Premstätten;2617;2124;3590;2079;4632;1729;165;181;4;23;46;31;2;95;15;324;2;101;49;122;210;269;329;374;152;187;466;239;109;10;329;207;379;667;677;221;80;55;2;1891;142;26;5;4;3;4;2;2;0;38;9;1;0;488;2;1531;73;359;654;113;166;392;520;348;190;33;14;48;38;22;10;10;48;60;40;18;5
61001;Allerheiligen bei Wildon;635;530;752;521;1051;464;26;30;1;3;4;3;0;7;7;90;0;95;15;43;92;87;80;64;31;30;36;31;16;15;32;31;73;179;221;74;16;9;0;486;24;4;1;1;4;0;1;0;0;7;2;0;0;105;0;407;15;57;156;20;76;108;113;82;65;1;1;10;6;3;5;2;5;13;3;6;1
61002;Arnfels;423;361;536;348;660;297;22;22;7;4;8;13;2;16;12;15;5;66;8;47;64;77;40;31;8;12;6;16;14;34;14;19;40;108;152;58;20;7;5;315;16;5;0;7;4;1;0;0;0;16;0;0;0;54;5;275;8;26;114;12;54;69;79;46;37;3;4;5;6;3;1;1;3;7;8;3;0
61007;Empersdorf;716;565;658;559;1126;506;38;15;0;2;3;1;1;17;3;130;0;60;14;40;80;111;70;86;52;49;48;56;49;1;76;45;85;216;223;54;15;2;0;540;15;0;0;0;4;0;0;0;0;5;1;0;0;151;0;445;7;38;226;36;80;99;136;95;60;1;2;9;14;6;6;1;6;8;0;0;0
61008;Gabersdorf;504;429;583;414;696;366;23;24;1;6;9;4;1;35;5;27;3;77;16;32;44;58;58;48;47;51;25;26;16;6;19;21;47;118;188;68;22;18;3;388;22;2;0;1;1;0;0;0;0;14;1;0;0;72;3;357;5;28;114;14;51;72;102;77;50;0;4;8;6;3;2;2;6;12;2;2;0
61012;Gralla;937;836;1409;828;1743;664;87;75;2;7;7;28;0;21;15;29;2;52;27;34;53;82;130;125;88;96;77;96;75;2;36;33;133;289;306;92;26;20;2;750;62;11;2;2;1;0;0;0;0;9;0;0;0;98;2;681;8;71;177;13;56;201;243;106;45;3;8;34;12;15;15;3;23;27;10;11;1
61013;Großklein;1118;905;1128;878;1678;775;82;20;1;18;6;10;0;36;16;153;1;228;42;70;107;158;120;119;48;75;35;64;41;11;69;75;130;337;351;102;41;12;1;854;15;2;0;1;3;2;0;1;0;23;4;0;0;212;1;687;20;74;337;66;139;151;199;151;69;3;10;33;21;10;5;3;6;7;2;2;0
61016;Heimschuh;827;775;995;761;1108;606;125;29;1;9;6;4;1;18;11;15;2;104;29;47;67;121;138;94;104;33;35;32;21;2;14;25;97;256;317;103;8;5;2;727;29;0;0;1;4;0;0;0;0;14;0;0;0;50;2;618;16;54;139;21;88;115;131;141;110;2;5;29;35;22;32;3;9;16;1;0;0
61017;Hengsberg;642;579;700;568;822;491;60;17;0;4;5;5;1;8;9;42;0;87;19;34;54;73;74;92;49;55;37;44;21;3;31;29;84;203;204;76;12;3;0;549;16;0;0;0;2;1;0;0;0;11;0;0;0;63;0;486;6;38;112;22;75;90;135;82;87;0;3;16;21;13;7;2;3;9;3;0;0
61019;Kitzeck im Sausal;683;621;684;608;765;553;46;8;1;18;3;1;0;7;5;37;4;205;15;30;54;72;84;63;61;31;20;29;7;12;30;50;78;230;233;54;4;0;4;599;8;0;0;1;0;0;0;0;0;14;0;0;0;57;4;439;23;30;191;52;116;99;107;77;102;4;7;16;11;4;4;3;3;2;0;0;0
61020;Lang;622;521;695;507;1069;430;56;21;0;5;5;4;1;23;10;65;2;94;26;21;35;71;52;61;56;38;29;55;47;37;36;46;60;191;204;65;12;6;2;483;19;0;0;0;3;1;1;0;0;11;3;0;0;99;2;415;10;47;150;14;46;84;140;92;54;5;6;8;18;11;8;4;8;6;3;0;0
61021;Lebring-Sankt Margarethen;1189;803;1126;785;1873;664;72;48;1;11;19;10;2;56;18;287;1;108;40;65;117;165;152;133;73;86;47;98;100;5;193;79;119;348;290;93;42;24;1;735;41;5;0;1;1;2;0;0;0;16;2;0;0;385;1;653;10;89;437;21;98;160;221;120;44;3;6;28;17;7;11;2;19;13;12;2;0
61024;Oberhaag;889;812;974;801;1373;710;72;16;3;12;6;4;2;18;7;31;8;208;45;89;92;121;83;134;21;17;13;27;25;14;30;63;114;301;288;59;16;10;8;778;14;1;0;3;4;1;0;0;0;7;4;0;0;69;8;625;26;74;164;84;142;139;152;130;63;4;3;24;25;12;4;3;5;6;2;0;0
61027;Ragnitz;763;611;737;600;1212;561;18;21;0;7;1;1;0;30;8;115;1;64;31;57;67;104;100;75;39;46;20;75;84;1;78;41;73;241;231;69;21;8;1;578;16;3;0;0;1;2;0;0;0;11;0;0;0;151;1;507;8;59;189;19;71;124;144;117;86;2;2;4;6;2;2;3;7;5;5;1;0
61030;Sankt Andrä-Höch;880;776;930;759;1265;673;68;17;1;15;4;5;0;13;7;75;2;225;41;66;89;138;120;71;28;24;20;30;25;3;56;80;112;275;276;67;6;6;2;737;14;0;0;1;4;2;1;0;0;17;1;0;0;101;2;500;60;89;231;74;129;132;140;127;71;6;5;23;18;11;5;1;6;6;3;1;0
61032;Sankt Johann im Saggautal;982;840;954;834;1348;753;67;13;1;5;7;4;1;22;13;96;0;255;34;56;80;117;158;74;54;58;31;31;30;4;58;77;117;356;298;60;12;4;0;818;13;0;0;1;2;0;0;0;0;6;0;0;0;142;0;623;22;57;280;78;121;136;200;148;70;8;12;16;21;6;4;2;5;5;1;0;0
61033;Sankt Nikolai im Sausal;1487;1279;1411;1266;1956;1200;47;14;5;15;6;6;0;14;13;144;23;231;32;64;148;245;227;245;37;46;50;56;80;26;230;233;168;371;352;86;17;7;23;1245;13;0;0;5;2;1;0;0;0;15;1;0;0;182;23;726;139;143;479;370;179;180;209;150;112;0;6;9;13;12;7;1;4;6;3;0;0
61043;Tillmitsch;1808;1300;1830;1275;2784;1106;88;79;2;9;14;10;2;73;15;410;0;84;39;126;161;201;205;193;103;68;125;233;263;7;248;115;203;509;465;200;50;18;0;1192;71;8;0;2;2;0;0;0;0;23;2;0;0;508;0;1138;10;76;584;47;138;250;354;220;97;4;10;23;22;17;12;8;29;15;21;6;0
61045;Wagna;2311;1792;3533;1752;5292;1353;141;257;1;22;24;30;2;58;23;389;11;126;179;243;317;276;225;230;105;91;169;211;91;48;209;171;329;714;606;194;45;32;11;1489;210;35;5;1;5;6;1;0;0;34;6;0;0;508;11;1462;20;177;652;80;223;390;405;185;70;17;40;47;24;10;3;8;41;127;53;26;2
61049;Ehrenhausen an der Weinstraße;1193;916;1545;875;2279;669;106;98;2;40;14;12;2;100;27;115;8;236;60;94;152;142;120;101;56;61;39;76;48;8;61;92;119;342;336;163;47;25;8;767;80;11;0;2;8;6;1;0;0;39;2;0;0;269;8;685;34;76;398;46;128;139;183;123;50;13;13;30;28;15;7;6;23;45;17;7;0
61050;Gamlitz;1374;1206;1678;1144;2867;993;84;66;1;94;6;20;2;15;9;75;9;193;109;139;119;170;122;190;50;118;47;41;49;27;37;92;178;465;427;126;25;15;9;1052;54;3;0;1;25;6;2;1;0;60;3;0;0;158;9;846;42;96;390;93;171;204;247;186;92;10;9;27;20;16;2;4;13;34;12;3;0
61051;Gleinstätten;1441;1137;1470;1102;2174;978;71;49;4;11;13;30;3;54;21;205;2;223;38;92;114;164;194;163;87;77;99;112;73;5;112;102;143;414;471;137;35;25;2;1046;42;4;0;4;3;3;0;0;0;30;5;1;0;301;2;878;33;87;443;57;135;213;242;198;133;2;6;26;18;18;1;2;17;21;8;1;0
61052;Heiligenkreuz am Waasen;1306;1048;1376;1024;2025;898;64;60;2;13;10;14;0;32;13;200;0;137;32;64;110;157;164;179;77;79;100;106;98;3;109;93;149;354;436;121;31;13;0;958;58;1;0;2;4;1;0;0;0;20;5;0;0;257;0;868;13;83;342;44;116;188;283;167;100;5;6;17;20;10;6;3;22;29;6;0;0
61053;Leibnitz;4735;3533;7850;3390;11438;2555;273;550;12;50;113;115;7;147;80;830;3;513;324;453;638;589;449;401;332;346;240;243;195;12;702;339;578;1214;1183;459;154;103;3;2793;381;102;13;11;35;39;10;5;1;128;20;0;0;1194;3;2552;90;546;1547;215;385;553;638;453;311;28;43;99;60;24;19;27;113;196;122;81;11
61054;Leutschach an der Weinstraße;1804;1441;1852;1393;2740;1193;143;56;1;41;10;20;3;35;17;281;4;367;63;170;189;246;195;150;103;91;89;105;26;10;150;135;219;534;519;194;43;6;4;1321;51;4;0;1;15;1;0;0;0;46;3;0;0;358;4;959;69;147;629;134;230;231;222;193;183;13;20;38;29;25;18;8;16;19;10;3;0
61055;Sankt Georgen an der Stiefing;657;591;771;570;974;481;70;19;0;6;6;6;3;17;11;35;3;113;29;38;59;90;79;100;40;23;27;44;11;4;16;24;61;205;257;64;17;10;3;548;16;0;0;0;3;3;0;0;0;18;3;0;0;63;3;483;10;52;112;24;71;92;127;90;77;3;3;25;22;8;9;2;3;7;7;0;0
61057;Schwarzautal;1090;882;1048;864;1635;811;31;20;2;6;11;6;0;28;14;160;1;149;32;70;97;178;166;125;69;54;60;61;26;3;60;67;101;313;383;126;26;13;1;842;17;2;0;2;0;0;1;0;0;18;1;0;0;206;1;706;27;64;293;44;100;168;241;158;100;4;1;1;12;6;7;1;5;3;7;4;0
61059;Wildon;2571;1905;3010;1856;5243;1543;164;146;3;10;39;32;6;107;36;485;0;292;125;308;272;269;291;294;159;167;102;148;144;0;167;205;345;704;726;308;74;42;0;1693;105;25;0;3;14;13;2;1;0;42;7;1;0;665;0;1446;30;224;871;52;171;373;445;292;210;8;12;59;43;30;12;12;35;42;40;17;0
61060;Sankt Veit in der Südsteiermark;2287;1673;2053;1634;3230;1468;118;48;0;19;21;14;0;73;31;494;1;288;61;128;308;301;231;229;139;125;126;158;123;70;191;108;149;556;822;340;94;26;1;1580;42;5;0;0;6;1;0;0;0;38;1;0;0;613;1;1334;16;134;803;86;173;288;448;328;145;1;9;27;36;26;19;3;12;22;7;4;0
61061;Straß in Steiermark;2731;2411;3294;2359;3933;2008;211;136;4;17;63;51;2;81;39;117;2;425;154;230;309;347;336;293;155;107;147;146;63;19;87;97;276;768;936;416;115;34;2;2214;121;10;0;4;5;4;1;0;0;46;6;0;0;318;2;1936;61;203;531;116;354;433;556;319;230;18;19;76;55;19;24;6;39;62;22;7;0
61101;Eisenerz;1422;1129;3647;1072;4312;487;138;440;7;68;29;53;1;63;17;106;13;302;459;172;147;106;95;32;20;21;16;25;13;14;61;173;123;406;365;202;59;20;13;620;389;45;2;7;5;3;1;0;0;55;5;0;0;277;13;607;54;300;461;22;188;82;109;58;28;26;22;35;27;17;11;76;153;109;74;28;0
61105;Kalwang;419;362;723;350;840;231;63;55;1;5;8;6;1;22;5;21;1;137;18;37;40;49;45;24;23;7;4;3;31;1;20;22;40;136;118;57;16;9;1;294;45;6;1;1;0;3;0;0;0;12;1;0;0;55;1;192;14;86;127;15;33;52;86;27;18;5;4;22;19;6;7;4;13;22;12;3;1
61106;Kammern im Liesingtal;698;649;863;632;995;519;77;34;2;10;4;4;2;17;4;25;0;107;34;43;95;114;98;90;26;29;22;25;11;4;35;50;79;233;221;57;12;11;0;595;34;0;0;2;1;0;0;0;0;18;0;0;0;48;0;412;23;139;124;34;87;93;180;90;35;8;10;28;23;7;1;1;7;21;4;1;0
61107;Kraubath an der Mur;598;496;737;483;889;371;79;32;1;11;7;8;2;14;7;62;4;85;34;57;85;72;58;56;45;28;17;42;14;5;39;48;86;183;172;53;10;3;4;446;30;1;0;1;4;1;0;0;0;13;1;0;0;97;4;331;16;102;149;15;40;84;114;79;39;9;19;24;16;8;3;0;10;13;9;0;0
61108;Leoben;4736;3936;16870;3810;20438;2009;388;1366;47;38;147;157;17;246;105;216;0;810;705;799;514;398;218;270;219;316;225;188;74;0;212;365;655;977;1273;722;309;223;0;2363;828;317;77;40;34;109;29;6;7;90;64;1;0;771;0;2212;100;1336;1088;70;289;402;390;489;369;59;67;133;69;28;32;61;199;409;416;194;87
61109;Mautern in Steiermark;688;563;1110;549;1288;360;114;72;3;11;6;12;4;35;10;44;17;194;28;65;105;100;66;41;23;12;17;14;4;19;34;73;104;190;160;76;23;11;17;470;63;8;0;3;4;0;1;0;0;14;2;0;0;106;17;344;21;108;215;34;78;89;85;49;25;15;33;31;21;8;6;4;17;24;23;4;0
61110;Niklasdorf;730;523;1498;497;1795;280;95;119;3;8;17;13;5;67;21;102;0;96;129;108;96;96;53;58;24;27;34;5;3;1;55;69;80;193;168;91;38;36;0;375;82;36;0;3;0;1;0;0;0;23;5;0;0;205;0;342;21;128;239;15;62;67;85;35;16;10;19;39;18;4;5;7;28;36;26;20;2
61111;Proleb;802;582;873;577;1182;446;87;43;1;5;3;0;0;5;7;205;0;54;17;49;112;139;154;100;50;24;30;62;10;1;126;94;123;232;176;42;6;3;0;529;39;3;0;1;4;0;1;0;0;2;3;0;0;220;0;359;23;161;259;25;70;116;142;63;30;5;18;42;13;9;0;0;11;21;8;3;0
61112;Radmer;267;237;357;232;394;175;39;18;0;3;5;4;0;12;2;9;0;69;17;45;49;36;29;11;3;4;1;1;2;0;4;12;47;121;56;22;3;2;0;214;18;0;0;0;0;0;0;0;0;5;0;0;0;30;0;126;12;65;64;8;37;48;52;22;8;8;10;13;5;2;1;2;3;11;2;0;0
61113;Sankt Michael in Obersteiermark;954;828;1839;810;2077;589;100;118;3;10;15;21;2;32;17;46;1;114;78;90;118;155;83;84;76;35;21;70;27;3;29;82;210;283;218;81;31;19;1;684;68;42;1;3;5;5;2;0;0;16;2;1;0;124;1;591;20;153;190;12;74;176;128;132;67;7;18;40;20;10;5;8;21;30;33;26;0
61114;Sankt Peter-Freienstein;977;809;1335;792;2037;599;136;53;4;11;8;10;3;28;6;109;10;86;37;134;149;130;126;84;84;43;49;25;17;13;59;62;162;354;233;57;28;12;10;734;36;16;0;4;1;1;0;0;0;16;3;0;0;156;10;525;27;198;227;33;87;188;170;94;27;10;40;44;30;7;5;2;15;18;10;8;0
61115;Sankt Stefan ob Leoben;910;738;1080;717;1511;589;90;38;0;8;6;4;0;33;10;132;0;153;63;84;117;116;109;63;47;45;35;49;28;1;81;102;151;313;170;67;22;4;0;672;32;3;0;0;7;2;1;0;0;18;3;0;0;172;0;464;24;161;261;46;97;167;169;79;31;8;17;35;22;8;0;0;8;15;13;2;0
61116;Traboch;596;492;749;476;907;383;57;36;0;9;11;4;6;42;5;37;6;52;9;40;35;122;94;91;27;35;24;44;15;8;14;21;58;191;210;53;21;22;6;439;36;0;0;0;1;0;0;0;0;15;1;0;0;98;6;395;9;65;127;12;55;72;137;68;39;3;13;17;14;6;4;1;4;20;11;0;0
61118;Vordernberg;436;342;891;310;1127;183;39;86;2;38;6;8;2;14;16;42;0;190;16;56;49;34;33;11;11;24;4;5;3;0;49;36;41;73;110;91;31;5;0;214;66;13;0;2;8;7;0;0;0;33;1;0;0;92;0;176;32;52;176;45;36;35;19;26;22;5;11;14;5;3;1;8;20;28;20;10;0
61119;Wald am Schoberpaß;402;258;399;247;647;189;30;27;1;11;3;2;7;23;6;103;0;55;24;32;51;62;59;36;21;17;26;15;3;1;83;46;51;89;75;44;13;1;0;213;24;0;0;1;6;3;0;0;0;12;0;0;0;143;0;115;32;48;207;32;34;32;32;33;26;0;6;12;4;3;5;1;6;15;5;0;0
61120;Trofaiach;5212;3292;6438;3232;9621;2501;286;440;5;22;36;58;11;117;50;1684;2;388;324;419;504;592;459;523;355;301;374;548;421;4;1440;445;560;1165;1154;320;82;44;2;2764;364;49;11;5;23;14;0;2;0;48;12;1;0;1917;2;2255;67;731;2159;94;369;745;735;354;204;27;53;96;63;29;18;32;124;117;109;47;11
61203;Aigen im Ennstal;1196;1069;1584;1051;2300;914;68;67;2;16;7;8;1;18;9;85;1;109;40;107;138;179;152;95;83;73;65;61;43;51;61;80;162;439;331;89;20;13;1;974;54;2;7;2;8;4;0;0;0;18;1;0;0;125;1;624;74;269;229;37;108;202;302;175;90;5;11;20;12;17;3;4;10;32;12;9;0
61204;Altaussee;1213;1093;1530;1046;1783;868;134;43;1;56;11;11;0;17;8;62;2;409;92;103;103;114;128;77;56;43;31;36;17;4;73;134;210;413;297;61;16;7;2;1000;35;1;3;1;2;2;2;0;0;40;7;0;0;118;2;526;141;242;304;63;196;145;161;157;146;17;27;41;21;15;13;3;14;14;6;5;1
61205;Altenmarkt bei Sankt Gallen;292;272;456;260;552;188;51;21;0;3;2;3;1;8;6;9;0;31;11;41;72;44;19;37;16;7;5;5;3;1;3;9;38;110;92;31;8;1;0;237;16;4;0;0;2;1;0;0;0;12;0;0;0;20;0;181;12;51;48;6;23;46;75;26;12;6;18;20;6;1;0;0;4;7;5;5;0
61206;Ardning;566;461;595;456;810;391;47;17;1;7;9;0;2;11;7;74;0;52;8;65;69;96;83;52;27;22;28;12;29;23;54;33;67;199;162;43;5;3;0;433;13;2;0;1;5;2;0;0;0;6;0;0;0;104;0;369;11;40;146;8;43;69;141;83;47;3;6;16;13;7;2;1;0;8;6;2;0
61207;Bad Aussee;2508;2019;4226;1947;5714;1474;219;248;6;26;28;49;6;48;25;376;3;640;175;202;217;298;212;138;86;73;98;163;201;5;285;288;411;758;480;198;56;29;3;1670;177;33;8;5;23;19;7;4;1;58;12;5;1;482;3;1071;193;541;703;87;229;279;353;331;195;12;29;72;58;18;30;31;49;66;70;27;5
61213;Gröbming;1113;939;2044;884;2469;601;121;161;1;15;22;35;4;54;21;76;2;69;23;107;124;177;144;129;102;99;55;51;31;2;70;62;156;320;329;109;45;20;2;713;141;12;1;1;9;6;1;0;0;41;10;4;0;172;2;620;57;188;248;21;104;138;189;107;42;5;18;56;27;9;6;6;41;67;34;13;0
61215;Grundlsee;819;674;964;656;1313;554;61;40;1;71;3;8;1;17;9;51;3;211;46;70;100;80;69;50;34;21;28;48;59;3;63;117;152;268;156;43;13;4;3;610;34;4;1;1;5;1;0;0;0;17;2;0;0;141;3;298;117;153;251;40;102;102;117;108;85;2;14;17;14;7;7;4;8;18;5;5;0
61217;Haus;1352;893;1510;826;3324;618;113;80;15;162;9;11;28;41;18;257;0;130;54;77;158;174;168;155;79;112;87;123;35;0;117;110;186;352;367;155;47;18;0;652;60;10;2;15;79;7;0;1;0;77;3;1;0;445;0;498;65;206;583;28;80;112;162;166;70;2;7;29;44;21;10;5;18;33;17;5;2
61222;Lassing;650;554;760;544;896;444;75;23;2;7;12;7;2;31;5;40;2;64;8;56;76;141;100;55;31;13;15;18;24;49;42;25;76;238;200;41;12;14;2;519;20;2;0;2;0;1;0;0;0;11;0;0;0;93;2;423;7;80;140;23;51;77;146;96;51;8;16;16;21;7;7;2;4;7;9;1;0
61236;Ramsau am Dachstein;1246;1050;1702;879;2856;643;139;97;0;219;5;25;6;9;10;92;1;142;45;108;157;238;162;131;63;58;48;63;30;1;58;87;115;311;389;207;67;11;1;768;79;10;1;0;14;5;2;0;0;162;8;1;0;195;1;487;121;341;297;36;97;145;129;128;108;7;23;40;30;19;20;7;26;36;17;11;0
61243;Selzthal;829;519;1075;506;1765;339;91;76;0;6;12;10;4;13;9;269;0;90;63;118;77;85;49;99;58;24;63;41;62;0;233;83;103;201;137;61;7;4;0;426;63;11;0;0;4;1;1;0;0;9;4;0;0;310;0;333;12;107;377;23;72;89;87;50;18;12;23;31;17;3;5;2;15;31;24;4;0
61247;Trieben;1354;914;1940;888;2749;677;68;142;1;9;5;23;1;55;20;353;0;130;97;163;200;146;121;112;50;57;109;131;37;1;273;122;161;330;294;113;36;25;0;739;105;24;1;1;6;10;1;1;0;23;4;0;0;439;0;666;29;131;528;30;161;161;158;102;65;4;12;21;12;10;9;12;18;62;34;13;3
61251;Wildalpen;339;296;339;283;397;259;17;7;0;8;6;9;0;11;4;15;3;92;8;45;49;51;45;25;8;3;6;1;1;5;24;30;56;129;80;13;4;0;3;276;6;0;0;0;0;1;0;0;0;12;1;0;0;40;3;121;39;66;113;29;54;60;66;35;15;3;1;5;6;1;1;2;3;1;1;0;0
61252;Wörschach;490;438;695;422;847;314;76;32;0;6;7;4;1;18;3;29;0;63;25;70;42;69;53;42;29;23;14;19;20;21;30;20;78;159;145;47;8;3;0;387;28;2;0;0;3;2;0;0;0;14;2;0;0;52;0;341;13;43;93;17;52;63;107;49;26;7;20;23;14;7;5;2;8;11;9;2;0
61253;Admont;2507;1824;2837;1772;4203;1443;165;155;9;51;27;21;6;73;35;521;1;449;134;263;310;327;273;224;126;129;87;103;78;4;363;220;397;667;569;217;49;24;1;1589;131;12;2;9;19;9;1;0;0;55;2;0;0;677;1;1092;118;447;850;57;166;333;498;274;115;12;29;58;41;17;8;14;35;57;38;11;0
61254;Aich;603;519;785;503;1010;425;27;51;0;16;5;2;1;11;5;51;9;78;28;36;48;58;76;78;32;16;46;59;29;19;49;66;86;183;150;47;9;4;9;447;47;4;0;0;5;0;0;0;0;16;0;0;0;75;9;322;28;93;160;26;61;79;104;82;73;0;3;10;5;4;5;7;17;24;3;0;0
61255;Bad Mitterndorf;2827;2258;4307;2151;5736;1783;164;202;2;107;26;41;8;44;29;421;0;410;101;211;431;405;252;256;137;133;154;187;142;8;214;211;394;918;662;303;81;44;0;1919;126;26;15;2;28;29;3;3;0;99;9;0;0;568;0;1199;267;491;870;119;312;340;555;309;148;17;29;63;33;15;7;32;47;56;33;19;15
61256;Gaishorn am See;738;523;687;509;1062;452;33;24;0;6;8;2;5;47;13;148;0;95;17;78;98;86;91;76;42;38;21;32;63;1;75;59;106;196;182;80;21;19;0;484;23;0;0;0;1;1;0;0;0;12;2;0;0;215;0;383;13;79;263;18;43;116;134;82;59;3;3;11;7;5;4;2;4;9;8;1;0
61257;Irdning-Donnersbachtal;2684;1504;2342;1432;4905;1181;150;98;3;137;24;17;9;69;34;959;3;362;94;201;232;336;321;351;197;177;162;161;82;8;511;276;332;710;568;204;63;17;3;1303;72;11;0;3;28;9;4;2;0;65;8;1;0;1175;3;863;120;380;1321;37;88;189;328;358;181;3;22;41;43;24;17;3;22;25;39;8;1
61258;Landl;1408;1170;1706;1121;2111;941;101;76;3;29;17;21;8;54;17;137;4;304;90;215;212;190;159;82;57;37;6;27;22;7;84;115;225;460;340;145;30;5;4;1038;66;7;0;3;4;3;0;0;0;48;4;0;0;231;4;636;109;267;396;65;202;209;212;118;135;11;26;39;12;5;8;10;17;26;21;2;0
61259;Liezen;2660;1911;5040;1847;6521;1293;154;394;6;14;64;90;8;146;48;439;4;208;134;295;338;323;309;343;179;96;131;191;106;7;457;244;260;619;565;279;125;107;4;1429;278;60;15;5;18;29;8;4;1;50;14;2;0;743;4;1009;66;493;1092;226;177;211;338;219;122;10;24;54;38;12;16;25;57;155;86;59;12
61260;Michaelerberg-Pruggern;669;499;774;481;1157;371;70;38;2;75;1;3;1;22;6;72;8;117;33;50;63;89;72;52;40;58;23;35;28;9;42;72;97;197;174;66;10;3;8;429;31;1;0;1;12;6;0;0;1;20;0;0;0;160;8;316;32;61;260;40;76;66;90;65;34;12;13;15;18;3;9;5;11;14;6;2;0
61261;Mitterberg-Sankt Martin;909;795;1047;774;1309;640;96;38;0;34;7;1;1;26;2;61;3;103;17;58;77;174;118;112;51;66;67;39;23;4;36;54;112;357;252;73;16;6;3;733;36;1;0;0;3;1;0;0;0;18;3;0;0;111;3;568;70;89;182;23;72;128;197;120;100;8;20;34;15;11;8;5;16;12;3;2;0
61262;Öblarn;817;734;1074;712;1302;589;64;58;1;11;6;5;2;25;15;41;0;129;30;89;85;107;115;79;25;59;30;47;21;1;33;58;102;336;201;64;17;6;0;650;52;2;0;1;3;3;1;0;0;23;0;0;0;82;0;501;38;101;177;34;69;117;190;108;71;5;17;20;13;7;2;4;15;27;10;2;0
61263;Rottenmann;1639;1423;3223;1371;3509;939;221;204;7;25;16;23;10;51;23;72;48;316;86;166;207;239;215;139;66;31;29;24;18;103;77;85;200;505;442;189;77;16;48;1159;160;33;10;6;1;1;0;0;1;43;9;1;0;167;48;906;42;351;340;45;151;216;295;139;93;30;47;59;55;20;10;17;35;54;64;29;5
61264;Sankt Gallen;779;677;1106;656;1284;512;77;66;1;8;10;15;4;27;12;44;3;222;53;92;100;105;78;50;24;23;16;7;6;3;36;59;97;253;215;95;14;7;3;586;61;2;0;1;3;3;0;0;0;20;2;0;0;98;3;447;46;83;203;49;106;107;138;68;44;5;22;28;15;4;3;6;9;34;16;1;0
61265;Schladming;2859;1935;5016;1633;8977;907;332;385;9;483;42;88;17;63;29;503;1;219;103;237;285;438;362;280;134;244;221;194;136;6;257;218;327;625;763;460;149;59;1;1115;249;74;5;7;124;47;10;0;2;270;30;5;1;919;1;991;171;529;1168;51;152;197;249;167;91;43;45;123;65;37;19;37;78;116;87;62;5
61266;Sölk;803;646;781;626;1033;565;44;17;0;12;4;5;1;27;15;106;7;157;43;101;73;97;85;64;40;57;20;22;25;19;89;69;115;245;194;72;10;2;7;607;15;2;0;0;2;0;0;0;0;19;1;0;0;150;7;429;49;53;272;47;78;91;128;109;112;7;9;13;4;5;6;1;10;1;3;2;0
61267;Stainach-Pürgg;1698;932;1797;895;2834;723;65;105;2;19;20;16;10;66;27;641;4;312;53;186;195;185;167;140;110;120;70;86;62;12;427;167;170;375;322;155;55;23;4;782;75;24;1;1;6;4;1;0;1;34;5;0;0;760;4;479;66;241;912;63;98;172;235;109;46;9;13;16;14;8;5;6;15;29;34;20;1
61410;Mühlen;383;348;436;335;492;291;35;9;0;12;4;1;1;8;8;9;5;83;11;55;47;60;63;32;6;5;6;2;3;10;16;29;59;131;115;27;1;0;5;326;8;0;0;0;0;1;0;0;0;13;0;0;0;30;5;212;18;54;99;32;41;70;81;48;19;2;3;20;6;3;1;2;1;5;1;0;0
61413;Niederwölz;260;204;323;196;478;144;36;16;0;2;3;2;1;15;2;39;0;29;9;31;30;29;33;20;15;18;19;15;12;0;26;17;27;68;86;25;7;4;0;177;15;0;0;0;3;1;0;0;0;6;2;0;0;56;0;148;6;33;73;3;18;35;41;31;16;6;4;8;7;4;7;1;2;10;3;0;0
61425;St. Peter am Kammersberg;828;762;989;738;1206;616;83;35;4;18;5;9;0;11;10;36;1;137;28;74;97;120;138;108;45;23;24;22;11;1;39;67;121;270;242;68;11;9;1;698;31;3;0;4;1;1;0;0;0;26;1;0;0;62;1;452;52;156;168;53;75;97;173;134;84;7;6;20;16;20;14;5;15;9;4;2;0
61428;Schöder;403;369;457;360;515;313;36;11;0;7;2;2;1;4;5;22;0;82;17;42;63;65;64;36;17;6;3;4;1;3;15;28;55;154;118;29;4;0;0;349;11;0;0;0;0;0;0;0;0;9;0;0;0;34;0;195;28;91;89;18;39;64;99;64;29;2;4;11;11;4;4;3;1;3;4;0;0
61437;Krakau;582;537;658;519;756;460;42;16;1;20;2;4;4;4;7;18;4;67;10;36;70;80;105;66;42;25;12;13;10;46;26;32;92;240;145;41;2;0;4;501;15;0;0;1;1;1;0;0;0;16;2;0;0;41;4;383;37;57;105;25;59;83;143;98;52;0;8;19;8;4;3;1;7;5;3;0;0
61438;Murau;1632;1159;2380;1082;3440;744;156;176;6;33;41;56;7;55;40;310;8;300;84;165;157;202;179;105;65;63;98;101;102;11;186;137;208;387;420;180;71;35;8;882;141;15;0;5;18;19;1;0;1;63;17;0;0;462;8;598;83;336;615;36;81;164;234;150;79;13;30;42;38;16;17;14;29;77;49;7;0
61439;Neumarkt in der Steiermark;2179;1860;2795;1787;4031;1448;219;117;3;33;31;54;8;107;22;122;15;432;114;241;260;257;286;192;127;64;70;52;51;33;112;158;295;614;683;214;60;28;15;1654;88;17;0;3;13;10;2;0;0;69;6;0;0;302;15;1082;114;385;598;103;201;289;441;256;158;18;25;67;56;27;26;8;34;32;34;9;0
61440;Oberwölz;1625;1324;1733;1295;2687;1121;128;43;3;148;9;12;2;22;12;119;6;252;40;104;202;250;197;98;52;71;99;138;45;77;99;180;237;523;445;101;26;8;6;1245;30;6;2;3;4;5;0;0;0;30;2;0;0;292;6;710;194;208;513;78;152;239;326;219;107;12;18;28;35;23;12;6;8;16;10;3;0
61441;Ranten;504;419;546;414;866;343;55;16;0;6;2;0;0;5;2;75;0;65;17;56;69;66;46;80;34;18;17;16;12;8;35;44;81;187;112;33;9;3;0;395;15;0;0;0;3;1;0;0;0;4;1;0;0;85;0;294;22;50;138;12;56;73;102;67;33;2;4;23;14;7;5;0;4;8;4;0;0
61442;Sankt Georgen am Kreischberg;943;680;1010;657;1429;524;93;39;1;181;4;9;1;14;8;59;10;97;25;76;77;124;99;54;97;51;61;74;49;59;109;147;129;229;212;88;14;5;10;614;32;3;0;1;3;3;1;0;0;21;2;0;0;253;10;303;70;189;381;35;89;108;123;97;72;5;13;21;18;17;19;2;7;13;14;3;0
61443;Sankt Lambrecht;991;755;1185;733;1533;558;110;63;2;22;7;7;2;146;21;50;3;165;93;165;136;113;119;74;37;18;33;6;21;11;93;82;156;308;236;77;21;15;3;663;59;1;1;1;5;2;0;0;1;21;2;0;0;232;3;404;93;159;335;34;112;134;167;72;39;12;21;35;19;8;15;5;23;25;8;1;1
61444;Scheifling;941;795;1166;770;1505;632;90;47;1;8;22;15;2;36;12;75;1;143;27;102;120;122;109;101;42;56;49;30;39;1;45;55;111;305;270;114;28;12;1;714;36;5;0;1;8;6;0;0;0;25;0;0;0;145;1;574;31;100;236;24;81;146;231;90;60;1;6;21;33;13;16;3;11;14;15;4;0
61445;Stadl-Predlitz;1252;1053;1417;1012;1914;858;106;47;1;135;9;7;4;27;11;39;8;176;41;128;124;149;116;130;79;94;63;73;62;17;70;171;219;372;289;95;20;8;8;961;39;4;1;1;3;3;0;0;0;40;1;0;0;191;8;393;173;164;522;73;181;183;210;141;70;8;10;34;23;19;12;7;13;15;9;3;0
61446;Teufenbach-Katsch;754;605;922;594;1350;457;79;57;1;12;15;5;2;46;13;66;1;96;35;76;84;81;85;82;46;56;42;37;32;2;54;56;89;226;219;70;21;18;1;529;54;1;0;1;7;2;0;0;0;10;2;0;0;147;1;408;14;118;214;14;63;85;141;86;68;3;12;18;23;15;8;5;15;23;13;1;0
61611;Krottendorf-Gaisfeld;1172;963;1238;940;1732;760;146;32;2;5;8;9;3;39;7;161;0;125;35;102;122;142;140;113;74;95;71;124;24;5;107;91;120;350;379;103;17;5;0;903;29;2;0;2;3;1;0;0;0;23;1;0;0;208;0;769;10;67;326;50;102;201;211;152;44;10;24;60;33;15;4;5;8;11;7;1;0
61612;Ligist;1263;1181;1619;1168;1751;975;116;77;0;8;7;6;1;16;17;26;14;212;38;118;155;197;166;145;79;62;34;30;8;19;51;81;151;443;400;98;17;8;14;1087;74;1;0;0;4;2;0;0;0;12;1;0;0;68;14;952;20;103;188;114;159;191;231;163;117;8;17;35;39;11;6;6;25;35;10;1;0
61615;Mooskirchen;1379;765;1047;754;2494;646;58;47;3;5;7;6;0;46;8;553;0;144;20;64;97;140;155;174;116;120;134;95;111;9;316;124;126;351;309;112;30;11;0;693;41;3;0;3;11;3;0;0;0;13;1;0;0;611;0;637;12;61;669;31;79;115;156;155;110;2;4;19;14;10;9;5;8;22;11;1;0
61618;Rosental an der Kainach;603;522;980;506;1172;385;54;67;0;2;13;49;0;14;4;15;0;16;35;96;91;88;108;69;52;12;16;11;9;0;25;51;73;206;161;45;34;8;0;439;61;6;0;0;0;0;0;0;0;15;1;0;0;81;0;370;11;99;123;17;65;105;137;49;12;6;17;21;8;2;0;2;9;32;20;4;0
61621;Sankt Martin am Wöllmißberg;381;339;392;332;500;296;28;7;1;5;1;0;0;6;2;35;0;73;13;34;50;57;50;39;20;15;4;15;11;0;23;30;37;134;109;36;8;4;0;324;7;0;0;1;0;0;0;0;0;7;0;0;0;42;0;222;18;47;94;30;41;52;80;59;34;1;6;11;2;6;2;1;2;3;1;0;0
61624;Stallhofen;1393;1195;1533;1172;2383;981;152;39;0;8;7;8;0;24;10;154;10;201;46;107;135;194;157;134;106;57;60;67;83;46;74;63;175;486;435;120;21;9;10;1132;35;2;0;0;1;2;0;0;0;23;0;0;0;188;10;1013;14;74;292;56;154;225;282;174;90;12;28;48;37;20;7;3;13;13;9;1;0
61625;Voitsberg;3394;2929;5694;2833;7202;2032;483;311;7;31;49;63;9;106;58;245;0;303;226;602;529;489;328;267;214;149;66;125;94;2;145;305;524;1116;835;293;106;70;0;2501;202;76;4;6;14;21;6;2;1;86;12;3;0;460;0;2162;39;445;748;106;353;497;581;324;171;53;100;168;106;39;17;13;69;100;72;52;5
61626;Bärnbach;2213;1895;3162;1822;4887;1487;161;172;2;18;26;42;3;105;35;161;1;108;143;357;306;298;227;222;156;165;84;79;65;3;86;200;399;704;527;210;50;36;1;1631;128;33;1;1;17;10;0;0;1;62;12;0;0;316;1;1447;28;293;445;51;231;394;406;262;143;17;25;64;37;13;5;2;43;62;43;21;1
61627;Edelschrott;1046;955;1088;934;1464;858;53;19;4;15;3;8;1;11;8;64;2;128;64;174;152;169;122;87;50;20;25;17;36;2;68;129;171;331;267;61;16;1;2;909;18;1;0;4;2;0;0;0;0;22;0;0;0;88;2;548;54;95;349;120;158;187;193;129;71;4;13;15;11;4;6;2;8;7;1;1;0
61628;Geistthal-Södingberg;750;672;763;660;992;610;38;11;1;4;4;3;1;15;9;53;1;107;34;81;80;103;117;117;48;19;18;13;8;5;59;49;80;247;237;69;7;1;1;644;9;0;0;1;4;2;0;0;0;11;1;0;0;77;1;473;16;38;223;83;106;121;147;86;67;3;9;11;12;2;1;2;3;6;0;0;0
61629;Hirschegg-Pack;832;760;841;733;1000;679;46;7;1;30;6;3;1;7;5;44;3;120;51;103;121;135;117;96;22;6;13;9;5;34;108;147;123;255;143;49;4;0;3;722;6;0;0;1;3;0;1;0;0;27;1;0;0;68;3;356;72;59;345;168;176;123;122;61;29;7;13;11;9;3;3;3;1;2;1;0;0
61630;Kainach bei Voitsberg;695;644;799;623;890;505;103;15;0;9;3;2;1;24;4;28;1;134;28;70;127;87;92;81;30;30;5;5;5;1;32;45;105;227;236;44;4;1;1;607;14;0;0;0;1;1;0;0;0;21;0;0;0;50;1;466;18;59;152;52;96;98;138;78;43;13;21;34;19;12;4;4;7;3;1;0;0
61631;Köflach;3456;3218;6045;3105;6585;2381;362;358;4;21;32;70;6;108;50;57;7;315;391;696;509;442;433;267;93;75;73;71;60;31;97;357;557;1068;914;305;89;62;7;2723;277;62;5;3;20;12;1;1;1;96;20;0;0;228;7;2325;72;534;525;198;481;552;608;324;218;40;89;120;72;30;11;15;73;157;81;27;5
61632;Maria Lankowitz;1223;1126;1739;1094;2100;938;77;77;2;25;5;11;2;29;16;41;0;248;65;162;159;162;148;138;39;46;26;18;9;3;59;121;178;382;335;111;28;9;0;1011;55;12;2;2;4;6;1;1;0;31;1;0;0;97;0;658;56;202;307;100;193;182;243;135;85;7;16;30;15;7;2;15;15;21;18;7;1
61633;Söding-Sankt Johann;2123;1563;2072;1526;3185;1299;153;71;3;11;21;17;8;71;14;432;23;202;64;146;197;232;194;227;143;171;135;200;178;34;332;155;205;660;558;141;37;12;23;1444;64;4;0;3;8;3;0;0;0;33;5;0;0;536;23;1337;13;130;643;67;155;320;394;239;124;9;26;52;39;21;6;9;17;30;12;3;0
61701;Albersdorf-Prebuch;894;717;1065;707;1430;583;76;48;0;4;8;2;2;34;4;109;24;79;10;29;55;102;81;127;83;88;49;104;61;26;68;64;87;227;282;95;36;11;24;655;46;1;0;0;4;1;0;0;0;10;0;0;0;153;24;593;10;76;215;30;72;114;195;113;59;0;12;23;22;15;4;2;17;22;6;1;0
61708;Fischbach;617;542;713;526;989;407;105;13;1;12;6;4;1;12;7;49;0;101;27;90;90;88;60;51;34;17;28;20;9;2;26;50;64;190;202;64;17;4;0;509;12;0;0;0;3;0;1;0;1;17;0;0;0;74;0;359;27;76;155;46;57;69;93;98;44;8;10;32;25;14;16;1;3;6;3;0;0
61710;Floing;450;407;520;395;640;327;58;10;0;9;4;0;1;5;3;28;5;52;10;36;45;86;68;60;38;10;17;14;9;5;15;34;49;139;146;34;21;7;5;385;7;1;0;0;0;2;0;0;0;11;1;0;0;38;5;322;10;54;64;21;38;74;91;56;47;2;11;17;14;12;2;1;3;5;1;0;0
61711;Gasen;329;278;344;273;479;232;33;8;0;8;1;1;0;9;6;31;0;52;11;44;42;47;38;31;11;20;10;13;6;4;16;20;33;97;109;45;7;2;0;264;8;0;0;0;1;0;0;0;0;5;0;0;0;51;0;195;9;44;81;21;31;30;65;44;41;1;6;2;10;8;6;0;0;8;0;0;0
61716;Markt Hartmannsdorf;1211;1041;1384;1021;1747;853;120;48;0;7;8;12;0;32;12;118;1;179;45;88;99;182;165;120;84;62;58;68;57;4;43;49;90;391;450;138;36;13;1;969;45;0;0;0;4;2;1;0;0;13;7;0;0;169;1;848;16;89;258;37;103;180;242;156;135;3;13;28;47;19;10;3;17;22;6;0;0
61719;Hofstätten an der Raab;881;771;1127;759;1661;627;65;67;0;2;7;8;0;17;12;76;0;62;37;33;69;147;120;111;58;65;53;90;31;5;34;47;85;298;281;97;20;19;0;689;63;0;0;0;3;2;2;0;0;11;1;0;0;110;0;617;9;92;163;25;86;121;204;123;68;1;8;20;15;14;7;4;37;19;7;0;0
61727;Ludersdorf-Wilfersdorf;1109;862;1310;856;2129;659;108;89;0;7;17;12;2;39;9;165;2;83;40;68;105;111;102;115;98;74;87;145;78;3;92;101;144;294;317;110;29;20;2;763;78;3;0;0;4;7;1;0;0;6;0;0;0;245;2;716;13;81;299;33;86;186;169;114;71;8;9;34;34;13;10;3;64;14;5;3;0
61728;Miesenbach bei Birkfeld;300;223;267;211;560;181;28;2;0;13;1;3;0;8;3;59;2;9;16;39;28;54;36;48;32;10;6;15;5;2;18;26;20;59;124;29;19;3;2;203;2;0;0;0;6;0;0;0;0;11;1;0;0;75;2;169;3;24;104;9;23;31;36;37;45;1;4;4;10;7;2;0;2;0;0;0;0
61729;Mitterdorf an der Raab;828;766;968;761;1040;622;113;21;5;4;1;5;2;5;3;31;16;108;19;49;66;119;132;74;52;40;32;40;29;68;19;24;69;251;318;103;23;5;16;735;20;0;0;5;0;0;1;0;0;9;0;0;0;42;16;620;19;88;101;35;81;133;159;93;121;3;15;40;30;12;13;2;6;10;3;0;0
61730;Mortantsch;813;738;912;734;1076;640;67;27;0;3;0;0;0;10;3;56;7;64;18;53;102;114;119;104;42;47;58;64;20;8;32;38;74;243;330;69;17;3;7;706;27;0;0;0;1;0;0;0;0;4;0;0;0;68;7;646;8;41;118;24;59;121;198;155;83;4;7;16;23;11;6;2;13;8;4;0;0
61731;Naas;524;462;547;458;757;395;50;13;0;1;4;0;0;18;6;37;0;72;10;45;49;56;61;84;37;37;34;28;11;0;9;69;67;160;146;49;18;6;0;444;12;0;0;0;1;1;0;0;0;4;0;0;0;62;0;368;5;62;89;11;95;94;114;58;23;0;4;11;11;16;8;1;9;3;0;0;0
61740;Puch bei Weiz;914;779;1005;745;2147;578;149;18;0;17;2;4;0;31;12;103;0;130;26;57;66;108;139;158;61;59;33;44;30;3;47;42;83;297;323;95;22;5;0;711;15;0;0;0;16;3;0;0;0;32;2;0;0;135;0;568;15;85;246;34;80;84;188;120;72;6;11;35;48;28;21;0;8;8;2;0;0
61741;Ratten;432;359;568;346;760;232;89;24;1;7;5;9;3;18;9;34;1;49;33;70;54;60;70;45;12;7;9;10;12;1;23;37;41;141;115;50;17;7;1;316;20;3;0;1;5;1;0;0;0;12;1;0;0;72;1;252;23;38;119;25;36;48;56;46;21;15;9;27;19;15;4;3;7;9;3;2;0
61743;Rettenegg;340;307;459;299;696;208;69;21;1;6;1;1;1;8;9;15;0;79;21;37;53;57;39;27;9;7;3;3;3;2;7;34;64;118;77;30;10;0;0;269;18;1;0;1;8;2;0;0;0;8;0;0;0;33;0;144;64;58;74;15;36;34;35;53;35;3;5;26;18;11;6;3;7;8;3;0;0
61744;St. Kathrein am Hauenstein;285;258;368;247;456;186;51;9;1;9;2;2;0;7;3;15;0;48;42;50;27;53;26;20;5;3;3;5;3;0;13;33;49;72;79;28;10;1;0;235;5;3;0;1;2;1;0;0;0;12;0;0;0;26;0;140;35;48;62;31;45;33;30;26;21;3;5;12;14;9;8;0;3;3;2;1;0
61745;Sankt Kathrein am Offenegg;559;489;598;477;698;382;88;7;0;16;3;2;1;3;6;51;0;79;19;51;90;110;102;44;19;16;18;7;2;2;31;66;61;159;178;50;12;2;0;466;6;0;0;0;4;1;0;0;0;12;0;0;0;70;0;282;44;58;175;61;80;58;80;57;46;2;4;20;13;21;28;2;4;1;0;0;0
61746;St. Margarethen an der Raab;1789;1460;1944;1430;2829;1192;177;60;1;12;16;22;1;60;16;217;15;282;47;80;104;227;221;158;120;154;138;156;81;21;73;93;157;584;608;187;49;23;15;1366;56;1;0;1;3;1;1;1;0;27;4;0;0;313;15;1194;17;117;461;51;153;273;382;227;106;8;17;40;55;37;20;3;27;25;4;0;1
61748;Sinabelkirchen;1615;1443;1984;1417;2803;1210;131;75;1;5;15;12;3;52;7;89;15;171;66;102;124;183;255;216;66;97;94;130;87;24;39;58;141;454;567;246;63;32;15;1339;62;6;1;1;2;4;2;0;0;20;7;0;0;156;15;1224;13;118;260;53;150;257;383;244;123;10;10;25;43;29;14;6;29;25;12;3;0
61750;Strallegg;640;597;900;580;977;356;191;33;0;11;1;3;0;10;7;27;1;54;28;104;94;103;110;52;24;19;22;14;15;1;20;28;51;196;240;72;30;2;1;546;31;1;0;0;1;0;1;0;0;17;0;0;0;42;1;464;24;54;98;17;50;61;113;54;61;38;34;49;40;20;10;9;13;7;3;1;0
61751;Thannhausen;908;816;1047;799;1395;687;86;26;0;6;6;3;1;18;6;60;9;108;28;71;105;133;142;89;65;59;46;40;13;9;48;36;78;265;339;101;23;9;9;772;25;1;0;0;1;0;0;0;0;16;1;0;0;83;9;631;17;122;138;45;86;155;187;136;78;5;16;37;17;6;5;2;7;12;4;1;0
61756;Anger;1773;1373;2088;1345;3851;956;303;86;0;11;9;24;4;82;27;271;0;169;59;159;213;261;272;218;99;131;56;69;61;6;113;97;159;468;642;202;63;29;0;1248;70;7;1;0;11;8;0;0;0;27;1;0;0;400;0;1114;34;90;535;52;80;116;247;247;214;11;16;57;98;58;63;5;23;39;12;7;0
61757;Birkfeld;1856;1569;2268;1522;3222;1113;331;77;1;20;12;24;4;82;29;148;15;211;71;216;224;340;331;154;90;64;41;40;43;31;82;108;128;529;685;212;69;28;15;1435;66;2;0;1;9;7;2;0;0;39;9;0;0;271;15;1180;38;226;412;64;146;222;267;218;196;21;44;107;82;46;31;8;28;28;9;4;0
61758;Fladnitz an der Teichalm;787;682;972;663;1348;501;124;38;0;28;8;6;0;14;9;58;1;152;31;49;100;111;98;81;44;37;34;27;21;2;27;60;65;235;317;65;7;10;1;622;34;3;0;0;3;1;0;0;0;15;4;0;0;104;1;405;35;107;240;26;27;43;80;76;249;0;4;13;15;9;83;3;5;10;17;2;1
61759;Gersdorf an der Feistritz;885;582;708;575;1436;532;23;20;0;2;4;4;0;30;9;261;0;156;27;30;68;102;110;71;50;56;86;75;51;3;110;53;65;184;238;142;67;26;0;555;15;4;0;0;0;1;0;0;0;6;1;0;0;303;0;445;13;60;367;29;92;100;124;101;86;0;1;8;4;6;4;1;10;3;4;2;0
61760;Gleisdorf;3612;3209;5993;3112;7523;2419;305;383;5;15;84;106;7;95;37;152;4;392;245;232;370;448;427;340;293;266;214;229;139;17;164;232;391;1087;1093;425;140;76;4;2705;288;61;6;4;19;18;8;2;1;85;15;1;0;395;4;2445;36;486;645;104;408;549;694;425;239;23;35;101;87;40;19;24;103;119;86;47;4
61761;Gutenberg;656;568;739;559;886;491;50;18;0;1;4;1;1;13;4;22;51;67;11;39;60;75;108;97;42;35;28;27;16;51;24;33;57;195;212;66;14;4;51;540;15;0;0;0;1;2;1;0;0;6;3;0;0;37;51;482;19;74;81;39;67;92;158;95;40;4;8;18;11;6;3;2;4;9;3;0;0
61762;Ilztal;1122;784;1074;774;2221;656;87;29;2;3;7;7;0;31;9;261;30;113;29;49;106;154;143;132;68;79;54;75;85;35;109;74;113;322;303;129;32;10;30;741;26;2;0;2;2;1;0;0;0;11;1;0;0;306;30;654;15;58;395;30;88;139;161;137;101;5;3;17;31;16;15;0;3;18;7;1;0
61763;Passail;1807;1531;2003;1481;2916;1235;194;52;0;28;13;19;3;40;17;202;4;279;57;134;200;283;238;213;66;97;85;89;59;7;73;104;152;501;675;226;50;22;4;1421;43;4;0;0;8;4;1;0;0;42;8;0;0;272;4;1120;37;186;464;77;148;216;339;287;168;7;13;55;62;41;16;2;13;21;12;4;0
61764;Pischelsdorf am Kulm;1453;1293;1849;1267;2556;1050;150;66;1;10;21;18;0;58;21;58;0;248;46;72;169;235;204;138;101;74;57;34;39;36;31;42;139;393;500;233;89;26;0;1190;50;11;0;1;10;2;3;0;0;21;5;0;0;160;0;1028;22;109;294;72;168;209;260;218;123;6;19;30;47;29;19;6;10;22;19;9;0
61765;Sankt Ruprecht an der Raab;2329;1807;2610;1769;3952;1443;211;113;2;14;27;22;4;115;23;349;6;316;55;149;183;259;259;235;117;156;182;215;185;18;217;144;285;539;706;283;97;52;6;1638;93;13;0;2;16;7;0;0;0;37;3;0;0;514;6;1495;30;172;632;51;137;359;433;287;176;17;17;66;63;30;18;5;39;43;18;8;0
61766;Weiz;3338;2686;6960;2586;8577;1828;299;456;3;24;113;137;21;227;60;156;14;291;249;539;503;382;385;305;181;190;100;98;96;19;215;221;400;920;841;439;173;115;14;2110;264;132;18;3;17;31;9;2;0;70;29;4;0;635;14;1965;40;518;815;55;264;445;520;342;202;32;51;89;73;37;17;18;92;121;118;89;18
62007;Fohnsdorf;2745;2263;4784;2197;5698;1552;343;300;2;21;32;89;4;117;29;218;38;323;260;347;365;286;232;249;185;119;106;108;117;48;163;296;348;755;713;245;107;80;38;1886;238;39;8;2;9;11;4;0;0;56;9;2;1;442;38;1610;37;459;639;88;270;437;449;206;102;53;78;108;66;22;16;26;54;100;92;20;8
62008;Gaal;569;474;646;465;826;408;36;21;0;14;5;2;1;6;5;71;0;109;34;51;72;68;59;58;29;27;30;12;20;0;43;36;61;191;186;44;7;1;0;443;18;3;0;0;1;0;0;0;0;8;1;0;0;95;0;296;19;82;172;19;46;78;128;85;52;2;4;9;9;4;8;1;5;4;7;4;0
62010;Hohentauern;420;343;483;329;584;276;26;27;0;19;4;6;2;6;8;43;3;25;12;31;58;22;34;59;49;32;41;43;10;4;84;54;70;99;78;25;7;0;3;302;25;0;0;0;0;2;0;0;0;11;3;0;0;74;3;81;103;60;176;60;39;54;62;37;24;1;11;4;5;2;3;1;14;12;0;0;0
62014;Kobenz;820;739;955;723;1149;623;68;30;2;6;6;8;2;26;11;37;1;65;52;47;87;80;63;97;107;64;48;57;51;2;34;63;142;264;238;52;15;11;1;684;26;2;0;2;7;2;0;0;0;17;0;0;0;79;1;559;13;139;109;13;84;150;177;125;74;9;11;26;11;9;2;3;9;9;8;1;0
62021;Pusterwald;258;230;275;226;327;211;6;9;0;3;4;2;0;4;2;17;0;61;49;18;12;33;35;19;11;5;4;5;6;0;38;26;26;71;73;18;6;0;0;217;9;0;0;0;0;0;0;0;0;4;0;0;0;28;0;96;14;42;106;51;28;32;44;36;20;1;0;2;1;2;0;1;2;3;2;1;0
62026;Sankt Georgen ob Judenburg;370;334;464;327;548;264;39;22;2;4;3;3;1;8;7;17;0;81;16;37;29;38;57;40;19;19;8;17;8;1;13;23;49;113;122;40;9;1;0;303;21;1;0;2;0;0;0;0;0;8;0;0;0;35;0;197;19;67;87;21;27;52;83;47;34;4;12;13;7;2;1;3;5;8;5;1;0
62032;Sankt Peter ob Judenburg;475;396;567;390;792;307;60;22;1;5;2;4;2;19;1;51;1;108;14;30;57;49;57;48;29;29;21;17;13;3;23;30;54;140;162;43;10;12;1;365;20;1;0;0;2;1;0;0;1;5;1;0;0;78;1;275;11;63;126;23;31;54;107;61;31;2;6;16;16;11;9;1;5;6;9;1;0
62034;Seckau;643;467;617;457;987;395;46;16;0;7;0;5;1;7;13;153;0;74;9;45;74;81;60;63;39;27;61;87;23;0;95;37;78;176;186;47;18;6;0;437;10;3;0;0;4;3;0;0;0;10;0;0;0;176;0;295;19;110;219;23;34;49;133;85;71;2;2;8;16;5;13;1;0;8;5;2;0
62036;Unzmarkt-Frauenburg;507;439;733;422;870;322;58;40;2;7;5;7;2;27;6;24;7;92;23;97;69;54;49;39;14;27;8;13;9;13;18;43;59;161;143;62;9;5;7;379;37;2;0;2;1;0;1;0;0;15;2;0;0;61;7;302;15;75;115;17;53;84;97;40;31;11;9;18;9;6;5;4;9;14;13;0;0
62038;Zeltweg;2074;1584;4321;1538;4994;1111;114;310;3;30;33;51;2;104;24;289;3;139;213;306;322;258;203;163;77;69;82;82;157;3;235;142;299;532;506;206;92;59;3;1208;204;67;15;3;17;15;3;6;0;41;7;0;0;485;3;1043;28;441;562;21;195;277;366;150;102;8;21;38;30;7;10;8;57;83;104;44;14
62039;Lobmingtal;877;734;1057;713;1352;589;78;44;2;14;8;2;4;32;13;90;1;107;28;49;101;133;102;97;69;42;53;37;57;2;85;102;119;251;231;70;10;8;1;664;38;3;1;2;3;2;0;0;0;20;3;0;0;140;1;429;37;145;266;38;92;147;179;90;43;3;14;24;21;13;3;4;11;15;12;2;0
62040;Judenburg;2501;2108;6379;1996;7483;1330;208;452;6;29;76;94;17;95;38;129;27;378;323;411;350;276;181;187;78;92;62;41;32;90;151;205;385;633;556;332;139;73;27;1520;262;146;15;4;18;23;3;3;2;86;28;2;0;362;27;1325;48;567;561;73;269;381;335;175;97;32;47;74;40;7;8;14;59;114;143;102;20
62041;Knittelfeld;3322;2287;7604;2183;9628;1428;199;549;7;30;57;106;9;200;64;672;1;515;315;397;458;340;279;200;137;177;178;182;138;6;438;325;402;723;734;409;181;109;1;1608;319;147;29;6;19;43;8;3;1;82;25;2;0;1029;1;1501;45;619;1157;43;233;377;410;240;125;47;36;62;36;12;6;13;57;172;169;109;29
62042;Obdach;1781;1526;2116;1481;2663;1242;172;66;1;20;12;19;3;70;14;155;7;301;42;126;227;271;295;189;137;54;58;35;31;15;111;134;217;500;505;213;77;17;7;1407;56;7;0;1;7;3;0;0;0;40;5;0;0;248;7;845;100;258;578;136;204;271;326;187;118;13;17;38;57;25;22;2;10;26;22;6;0
62043;Pöls-Oberkurzheim;1190;981;1671;956;1954;756;115;83;2;7;12;17;5;85;9;93;6;141;79;160;181;194;125;151;46;36;24;27;17;9;80;85;167;337;345;103;40;27;6;869;69;14;0;1;2;0;0;0;1;24;2;0;0;202;6;628;44;229;289;45;125;179;250;94;63;21;17;42;15;14;6;2;12;44;16;9;0
62044;Pölstal;1482;1022;1485;981;2290;814;106;56;5;19;7;11;3;34;25;402;0;337;57;109;189;203;152;89;38;69;41;99;97;2;196;138;171;408;374;148;35;12;0;912;44;7;0;5;8;4;1;0;0;36;5;0;0;460;0;600;71;195;616;73;132;144;189;158;118;10;11;19;30;15;21;6;8;18;20;4;0
62045;Sankt Marein-Feistritz;1233;772;954;755;2406;675;49;30;1;3;6;6;2;58;12;391;0;123;31;85;122;149;157;159;121;124;86;63;13;0;148;124;141;286;357;124;44;9;0;719;28;0;0;1;5;2;0;0;0;17;0;0;0;461;0;556;16;87;574;57;72;114;173;170;89;0;6;12;12;14;5;0;3;19;8;0;0
62046;Sankt Margarethen bei Knittelfeld;1318;1128;1462;1108;1802;966;98;43;1;12;14;8;2;22;17;132;3;213;89;109;135;172;129;138;53;51;83;97;46;3;100;114;224;398;353;97;17;12;3;1060;41;1;0;1;4;1;0;0;0;19;2;0;0;186;3;780;26;126;386;73;162;164;284;155;128;5;17;26;32;9;9;3;6;18;14;2;0
62047;Spielberg;2028;1656;2786;1623;3703;1348;154;120;1;20;32;26;6;65;15;225;16;99;49;141;216;287;304;208;170;189;109;101;90;65;142;120;269;543;685;167;47;39;16;1500;77;36;4;1;2;2;1;0;0;31;2;0;1;355;16;1131;37;423;437;29;126;380;467;216;130;18;20;46;36;20;14;2;16;39;30;28;5
62048;Weißkirchen in Steiermark;1984;1632;2296;1603;3191;1361;164;77;1;20;17;19;1;82;24;216;2;252;49;127;225;295;237;231;164;115;90;47;55;97;163;119;225;649;597;162;49;18;2;1514;59;14;0;1;11;3;1;0;0;29;1;0;0;349;2;1122;35;332;495;48;131;229;530;276;147;9;18;45;55;24;13;3;10;27;25;12;0
62105;Breitenau am Hochlantsch;663;531;932;514;1518;354;103;57;0;12;8;6;0;71;9;43;0;86;28;166;134;121;66;34;8;10;2;5;3;0;37;55;116;223;146;53;26;7;0;450;46;6;0;0;7;5;0;0;0;16;1;0;0;132;0;409;9;56;189;14;29;101;88;73;49;6;15;40;24;12;6;3;18;19;13;3;1
62115;Krieglach;2523;1804;3076;1754;4765;1292;304;157;1;30;18;41;7;72;38;553;10;180;87;256;305;311;179;221;175;204;173;206;215;11;377;270;384;668;530;194;66;24;10;1580;130;19;0;1;16;6;2;0;0;44;6;0;0;709;10;1356;58;253;856;47;211;378;396;196;64;34;62;95;72;31;10;10;33;54;50;10;0
62116;Langenwang;1372;1212;2228;1175;2500;840;227;108;0;19;15;23;3;27;8;100;2;184;108;193;210;196;135;91;61;51;26;93;21;3;79;137;192;469;346;104;26;17;2;1055;81;25;2;0;12;0;0;0;0;33;4;0;0;158;2;906;37;166;263;55;136;213;232;130;74;31;57;74;41;13;11;7;17;30;33;19;2
62125;Pernegg an der Mur;1046;917;1472;906;1805;677;139;87;3;6;8;6;6;26;5;80;3;162;51;112;157;167;90;66;43;25;27;56;57;33;34;59;160;372;297;90;24;7;3;811;81;1;2;3;5;3;0;0;0;13;0;0;0;124;3;729;24;61;232;32;90;163;223;91;78;9;24;52;38;10;6;18;22;32;12;1;2
62128;Sankt Lorenzen im Mürztal;1456;1295;1932;1273;2580;989;220;63;1;15;4;22;0;34;8;100;0;99;18;140;164;219;178;214;99;117;81;89;35;3;89;104;233;467;401;120;23;19;0;1206;49;13;0;1;3;1;0;0;0;21;2;0;0;160;0;935;29;214;278;63;95;234;386;151;60;27;38;83;51;17;4;5;15;12;20;11;0
62131;Spital am Semmering;1183;1050;1463;1009;1705;868;89;51;1;44;12;15;5;12;8;78;0;206;50;91;228;265;136;61;53;33;25;22;11;2;95;124;193;419;257;72;21;2;0;955;39;6;2;1;2;3;0;1;0;41;1;0;0;132;0;389;220;198;376;105;194;222;179;94;74;10;14;40;14;8;3;4;14;20;7;3;3
62132;Stanz im Mürztal;1112;776;1069;761;2128;567;165;29;0;9;4;3;1;20;8;306;0;173;30;88;170;222;136;133;36;35;28;30;31;0;215;128;153;315;229;57;13;2;0;724;26;0;0;0;8;2;1;0;0;14;1;0;0;336;0;514;44;48;506;117;84;80;150;84;52;13;25;52;42;14;19;3;7;9;10;0;0
62135;Turnau;727;670;952;622;1067;508;76;37;1;40;5;7;2;12;8;28;3;129;35;95;119;116;63;27;20;19;9;28;18;49;47;69;89;236;206;52;21;4;3;581;33;4;0;1;3;0;0;0;0;46;2;0;0;54;3;367;53;122;185;55;109;106;135;50;53;5;14;31;16;6;4;3;11;16;5;2;0
62138;Aflenz;1217;1063;1545;1033;1940;840;113;76;4;35;9;11;2;26;9;91;1;190;58;140;201;206;141;88;44;39;51;33;25;1;96;105;141;412;314;108;23;17;1;949;67;3;1;4;4;5;0;0;0;30;1;0;0;152;1;625;56;218;318;79;116;167;231;170;77;10;16;44;29;8;6;4;19;35;15;3;0
62139;Bruck an der Mur;4949;3419;9616;3296;14480;2278;294;705;19;53;91;108;37;218;84;1062;0;510;487;605;711;691;530;441;227;313;214;133;82;5;672;619;611;1173;1103;496;161;114;0;2527;439;170;14;14;45;60;15;7;5;101;34;4;0;1514;0;2309;60;840;1740;121;373;667;606;341;170;25;42;102;80;29;16;27;93;241;203;122;19
62140;Kapfenberg;5801;4860;13127;4714;16126;3259;382;1053;20;43;89;113;10;271;70;462;29;381;786;736;837;698;631;407;371;280;169;264;209;32;380;579;841;1680;1375;515;225;177;29;3619;834;157;36;16;22;20;5;1;4;118;36;3;1;900;29;3256;111;1174;1260;162;835;1103;733;311;115;78;84;122;61;29;8;55;229;456;207;78;28
62141;Kindberg;3131;2330;4570;2248;6446;1660;325;259;4;17;54;66;5;168;32;537;4;409;182;332;365;449;335;248;177;138;125;254;112;5;341;286;400;907;771;299;64;59;4;1957;183;50;9;4;28;14;3;0;0;70;12;0;0;797;4;1670;45;399;1017;108;235;442;512;244;119;36;67;122;64;27;9;6;53;87;60;45;8
62142;Mariazell;1967;1604;2907;1501;3647;1129;185;182;5;68;30;86;11;90;36;144;1;549;149;271;263;229;172;145;34;52;28;36;27;12;141;124;258;602;491;251;78;21;1;1300;136;29;0;4;14;13;4;0;1;95;11;0;0;359;1;760;219;396;592;64;242;290;259;174;100;20;29;72;48;10;6;20;33;68;40;21;0
62143;Mürzzuschlag;2675;1951;5309;1859;7498;1221;198;429;11;28;58;80;8;143;50;448;1;420;281;338;369;294;219;273;117;124;114;69;55;2;264;219;392;708;605;286;119;81;1;1401;324;63;14;11;18;21;5;2;0;81;18;1;0;715;1;1191;65;489;930;48;261;322;315;172;103;27;46;75;28;15;7;13;68;180;104;49;15
62144;Neuberg an der Mürz;1936;1307;1832;1275;3074;1065;125;85;0;31;14;4;0;42;36;533;1;407;93;197;223;259;225;173;93;80;55;94;35;2;341;204;266;557;388;146;26;7;1;1186;76;4;0;0;4;3;1;1;0;29;3;0;0;628;1;659;198;211;868;86;195;224;226;196;138;15;19;46;21;15;9;9;21;38;13;2;2
62145;Sankt Barbara im Mürztal;2562;2125;4118;2071;4761;1527;242;296;6;35;32;41;9;156;25;188;5;367;173;368;435;332;292;214;81;101;69;84;39;7;173;235;347;784;603;260;84;71;5;1760;250;35;1;6;9;9;1;0;0;47;7;1;0;431;5;1604;54;246;658;81;220;342;465;247;172;42;60;84;28;15;13;13;78;118;67;20;0
62146;Sankt Marein im Mürztal;950;843;1512;826;1652;633;101;90;2;9;14;22;2;45;7;21;4;89;59;125;131;136;96;73;56;60;41;35;44;5;27;84;145;340;230;91;22;7;4;731;71;17;1;2;3;1;0;0;0;17;2;0;0;101;4;604;14;174;158;27;94;174;157;140;41;17;19;30;26;6;3;3;19;36;20;11;1
62147;Thörl;1097;817;1399;802;2089;628;93;80;1;12;10;17;3;28;17;208;0;184;54;142;158;133;146;79;54;36;50;31;29;1;96;107;161;318;266;119;26;4;0;712;65;9;2;1;9;3;1;0;0;15;1;0;0;279;0;560;39;110;388;38;88;132;157;120;93;7;14;38;23;7;4;9;14;29;19;8;1
62148;Tragöß-Sankt Katharein;1033;786;1170;764;1935;533;173;58;0;14;5;4;0;43;16;186;1;183;63;104;158;155;105;87;26;38;34;23;26;31;141;78;122;338;252;79;19;3;1;698;52;1;0;0;8;5;0;0;0;22;0;0;0;246;1;543;35;89;366;37;118;127;127;81;43;5;15;54;64;23;12;5;14;32;6;1;0
62202;Bad Blumau;646;556;874;540;1094;413;84;42;1;15;2;8;4;14;11;52;0;147;22;25;30;64;98;100;64;34;29;22;8;3;44;21;30;109;219;126;70;27;0;491;35;3;0;1;6;2;1;1;0;14;3;0;0;89;0;410;17;71;148;21;54;79;121;80;58;3;1;22;30;17;11;6;13;16;6;0;1
62205;Buch-St. Magdalena;950;832;1009;822;1521;711;90;21;0;7;7;4;1;14;6;88;1;155;45;41;62;150;137;127;48;66;60;40;16;3;44;32;60;234;315;201;57;6;1;799;20;1;0;0;2;0;0;0;0;10;0;0;0;117;1;641;20;79;210;51;94;147;209;125;85;1;8;12;32;24;13;0;6;12;3;0;0
62206;Burgau;508;455;745;441;856;316;73;51;1;12;4;11;1;20;5;12;2;101;20;48;47;66;47;33;31;32;24;38;18;3;9;14;29;104;181;111;47;11;2;386;45;2;0;1;3;3;1;0;0;11;2;1;0;51;2;260;31;108;109;18;60;76;87;52;23;4;10;22;14;14;9;7;14;22;7;1;0
62209;Ebersdorf;489;435;580;428;707;380;30;18;0;2;2;3;0;15;8;12;19;78;12;19;35;66;68;50;17;17;17;25;13;72;11;14;26;110;200;69;30;10;19;408;16;1;0;0;2;1;0;0;0;5;2;0;0;35;19;371;12;34;72;10;48;57;97;89;79;3;4;9;4;5;5;1;6;5;5;1;0
62211;Friedberg;1075;907;1371;886;2047;654;185;46;1;7;11;14;2;59;15;81;0;128;52;89;152;164;148;89;54;59;49;50;30;11;58;44;80;287;374;157;63;12;0;832;35;5;0;1;7;6;0;0;0;18;3;0;0;168;0;707;38;84;246;31;113;143;173;133;61;8;21;54;50;36;16;4;7;16;15;4;0
62214;Greinbach;902;636;856;630;1834;492;114;24;0;9;9;1;0;40;11;202;0;107;29;70;84;143;162;107;38;32;31;46;35;18;89;53;68;183;286;133;72;18;0;600;22;1;0;0;6;1;0;0;0;5;1;0;0;266;0;517;10;50;325;26;44;83;106;79;154;4;2;23;26;28;31;1;12;7;4;0;0
62216;Großsteinbach;552;475;585;466;772;407;43;16;0;4;3;2;0;16;7;54;0;78;14;26;44;92;100;39;24;19;20;41;7;48;27;17;33;126;205;87;51;6;0;449;13;0;0;0;1;3;0;0;0;9;0;0;0;77;0;348;16;78;110;16;39;73;126;91;62;1;2;10;18;7;5;0;5;10;1;0;0
62219;Hartberg;2509;1901;3935;1809;5809;1314;239;249;7;13;65;103;7;137;48;327;0;300;121;185;283;350;310;241;115;109;137;192;108;58;236;96;148;563;816;381;148;121;0;1533;165;50;3;7;20;23;6;2;0;75;18;2;0;605;0;1329;48;332;800;43;151;269;429;271;151;8;23;80;75;30;23;12;50;95;44;45;3
62220;Hartberg Umgebung;915;762;933;753;1657;615;125;11;2;8;10;11;2;15;6;103;7;82;25;29;81;119;145;136;68;76;51;64;20;19;43;34;50;191;393;134;48;15;7;739;11;0;0;1;1;0;0;0;1;9;0;0;0;146;7;612;16;65;222;31;62;105;192;135;90;6;8;33;39;22;17;2;6;3;0;0;0
62226;Lafnitz;585;512;716;502;904;409;73;19;1;4;2;9;1;19;7;41;0;31;31;58;68;85;82;69;23;37;36;43;16;6;16;12;31;148;209;104;53;12;0;481;14;2;1;1;1;1;1;0;0;9;2;0;0;72;0;403;10;45;127;19;70;100;87;64;69;1;5;19;21;16;11;2;6;7;0;3;1
62232;Ottendorf an der Rittschein;684;610;760;603;912;541;36;26;0;3;5;7;0;11;4;50;1;92;29;52;47;100;86;105;37;29;34;52;18;3;31;24;48;181;273;104;18;4;1;576;24;1;0;0;1;1;0;0;0;5;2;0;0;73;1;489;13;51;131;26;72;124;150;91;78;1;4;6;8;5;12;2;11;12;0;1;0
62233;Pinggau;1350;1202;1681;1176;2089;950;182;44;0;15;7;18;1;42;12;74;5;151;74;123;150;227;194;116;67;117;51;32;12;36;75;55;128;390;440;152;88;17;5;1129;33;10;0;0;3;1;0;0;0;23;3;0;0;143;5;820;97;143;290;68;176;235;227;172;72;15;24;68;43;19;13;3;10;13;13;4;1
62235;Pöllauberg;946;715;866;700;1942;576;115;8;1;21;4;2;0;15;5;199;0;75;19;50;82;152;128;122;91;98;55;64;8;2;46;52;55;235;368;129;46;15;0;679;7;1;0;1;12;0;0;0;0;16;0;0;0;230;0;551;18;61;316;37;66;93;108;125;147;1;6;10;39;27;32;0;2;5;1;0;0
62242;Sankt Jakob im Walde;443;378;487;364;728;274;85;5;0;16;3;2;1;5;6;46;0;48;12;79;55;72;72;39;8;14;19;12;12;1;21;36;50;123;132;58;19;4;0;357;5;0;0;0;2;0;0;0;0;14;0;0;0;65;0;224;38;63;118;19;40;66;62;53;34;5;13;23;22;12;10;0;1;2;1;1;0
62244;Sankt Johann in der Haide;1063;710;1216;695;2241;483;150;60;2;7;12;12;3;53;19;261;1;68;25;40;60;131;145;95;65;101;125;107;97;4;144;64;66;181;305;182;94;26;1;629;48;7;1;2;4;2;2;0;0;16;1;0;0;350;1;576;14;74;399;27;60;116;130;85;65;9;13;36;35;30;27;2;14;28;13;2;1
62245;Sankt Lorenzen am Wechsel;556;517;750;506;1055;338;140;28;0;13;2;1;1;7;8;18;0;61;15;92;77;82;71;60;33;23;11;18;13;0;23;29;50;146;211;64;28;5;0;475;28;0;0;0;3;0;0;0;0;10;1;0;0;39;0;376;26;53;101;42;66;66;81;52;31;3;11;34;54;29;9;2;10;14;2;0;0
62247;Schäffern;590;483;577;475;832;408;58;8;1;5;5;2;0;8;9;86;0;78;26;43;68;93;102;51;41;45;15;13;13;2;27;30;42;150;194;78;58;11;0;463;8;0;0;0;3;0;0;0;1;7;1;0;0;107;0;365;21;33;171;24;48;106;102;68;60;1;4;18;12;8;15;0;1;6;1;0;0
62256;Stubenberg;994;857;1168;819;1370;663;114;40;2;41;8;7;0;16;10;89;4;152;30;80;116;175;176;103;35;33;31;46;11;6;48;45;94;296;301;140;52;14;4;775;38;1;0;2;2;1;0;0;0;37;2;0;1;131;4;605;37;125;227;73;113;169;148;95;65;17;15;38;25;13;6;9;14;9;5;3;0
62262;Wenigzell;489;450;595;423;687;343;64;16;0;14;7;7;4;16;5;13;0;28;15;79;66;114;87;55;14;10;5;6;10;0;14;13;40;120;167;64;61;10;0;407;14;1;0;0;0;1;0;0;0;26;1;0;0;39;0;311;20;75;83;21;44;77;90;67;44;0;11;17;16;7;13;0;7;4;4;1;0
62264;Bad Waltersdorf;1715;1485;2105;1433;3194;1200;148;85;0;57;12;21;1;53;30;101;7;328;49;102;108;227;201;250;119;101;80;79;56;15;62;79;102;367;637;300;125;36;7;1340;67;11;0;0;8;5;2;0;0;49;3;0;0;223;7;1084;61;163;407;70;212;236;309;228;145;9;10;35;41;36;17;11;25;34;9;6;0
62265;Dechantskirchen;890;741;964;727;1459;554;152;21;0;9;4;2;0;20;5;123;0;53;39;73;93;154;167;74;35;67;56;45;32;2;44;34;57;234;336;120;56;9;0;698;20;0;0;0;8;1;0;0;0;14;0;0;0;149;0;589;25;67;209;22;72;115;157;102;86;1;18;43;44;26;20;2;6;11;2;0;0
62266;Feistritztal;1075;906;1157;879;1629;735;105;38;1;13;13;9;0;50;12;96;3;212;28;49;106;163;141;121;60;53;55;39;32;16;48;36;91;248;389;184;62;14;3;839;36;0;0;1;1;2;0;0;0;25;3;0;0;165;3;715;28;68;264;38;138;128;200;115;116;4;11;22;39;13;16;0;16;16;6;0;0
62268;Grafendorf bei Hartberg;1266;1062;1555;1034;2268;831;154;45;4;10;15;14;1;58;11;69;54;130;43;88;111;212;195;122;73;50;56;74;43;69;40;33;69;232;444;221;126;47;54;972;36;2;1;4;13;5;1;0;0;29;2;0;0;147;54;898;21;86;261;39;72;169;225;190;136;5;7;27;39;37;39;2;13;20;8;1;1
62269;Großwilfersdorf;1253;910;1095;895;1800;773;102;19;1;4;11;17;2;53;14;257;0;196;29;60;72;113;124;123;77;58;70;174;95;62;127;87;86;250;356;204;100;43;0;870;17;0;0;0;5;2;0;0;1;15;0;0;0;343;0;685;36;79;453;37;99;175;179;156;127;2;9;24;32;23;12;2;5;7;5;0;0
62270;Hartl;1053;758;910;742;1975;629;98;15;0;11;10;4;1;35;15;234;1;148;27;52;78;157;191;149;74;76;41;38;20;2;42;49;71;208;347;211;93;31;1;725;14;0;0;0;2;1;0;0;0;16;0;0;0;294;1;593;21;66;373;27;72;124;149;126;131;1;2;16;35;24;20;1;3;10;1;0;0
62271;Ilz;1548;1323;1980;1291;2577;1053;134;104;0;8;18;20;1;97;13;96;4;278;64;95;169;213;189;156;110;51;71;79;65;8;41;54;107;374;587;246;84;51;4;1182;85;12;0;0;5;5;2;0;0;32;0;0;0;221;4;1028;36;136;348;50;129;199;268;251;156;6;8;37;29;24;30;4;33;41;19;7;0
62272;Kaindorf;1126;991;1396;956;1950;770;130;55;1;12;10;16;0;28;20;68;16;161;22;70;115;154;174;92;51;63;70;55;29;70;25;38;59;259;434;202;68;25;16;899;50;3;0;1;1;2;0;0;0;31;4;0;0;119;16;810;13;88;215;38;100;145;202;172;113;5;14;28;33;29;21;6;21;20;8;0;0
62273;Bad Loipersdorf;839;717;959;686;1215;550;99;37;0;32;3;8;0;15;11;84;0;195;36;59;68;87;127;95;40;39;12;31;50;0;42;33;67;215;255;151;59;17;0;642;34;1;0;0;7;2;0;0;0;28;3;0;0;122;0;572;19;60;188;42;97;134;151;69;57;7;17;24;23;16;12;4;15;14;3;1;0
62274;Neudau;562;476;768;464;920;399;25;38;2;3;13;6;1;41;12;21;1;93;17;72;81;57;79;54;39;25;18;11;14;2;13;32;44;132;185;85;49;21;1;422;26;9;0;2;2;2;1;0;0;11;1;0;0;85;1;361;17;57;127;13;71;101;99;71;44;1;2;9;5;4;4;2;6;13;16;1;0
62275;Pöllau;2124;1912;2643;1862;3826;1556;213;92;1;16;24;28;4;77;27;84;2;310;92;197;244;335;292;236;106;120;68;75;40;9;65;75;137;537;868;302;105;33;2;1761;80;9;1;1;8;2;0;0;0;46;4;0;0;210;2;1486;51;185;402;77;180;291;371;324;313;7;18;55;69;37;27;8;22;31;22;8;1
62276;Rohr bei Hartberg;883;603;777;592;1747;502;75;15;0;5;5;3;3;20;25;230;0;215;32;64;76;129;79;120;35;43;54;23;11;2;85;44;69;186;281;148;67;3;0;561;9;1;2;0;16;3;0;0;0;10;1;0;0;280;0;444;18;55;366;31;64;132;134;85;56;2;5;21;17;22;8;2;3;6;1;3;0
62277;Rohrbach an der Lafnitz;1076;1014;1286;978;1557;789;167;21;1;13;11;20;1;21;8;19;5;60;59;181;113;200;176;106;29;55;42;20;27;8;16;55;91;311;425;108;53;12;5;954;20;0;0;1;2;1;0;0;0;35;1;0;0;57;5;760;37;107;172;38;124;222;184;125;96;7;25;68;43;18;6;1;7;9;4;0;0
62278;Vorau;1713;1542;2147;1517;3338;1080;372;62;3;8;16;18;3;22;20;107;2;142;71;286;190;289;267;156;67;87;66;34;42;16;47;67;129;410;719;198;112;29;2;1439;56;0;1;3;13;3;2;0;0;27;0;0;0;167;2;1162;65;163;323;56;144;217;297;233;133;9;38;84;105;90;46;8;17;25;7;5;0
62279;Waldbach-Mönichwald;674;586;773;566;948;456;89;21;0;17;9;5;0;8;10;59;0;90;38;134;98;120;82;52;14;18;9;6;13;0;48;67;81;175;185;69;45;4;0;543;20;1;0;0;2;0;0;0;0;20;0;0;0;88;0;321;54;100;199;57;93;98;89;55;64;8;8;16;17;22;18;2;4;8;5;2;0
62280;Fürstenfeld;4065;3301;6257;3189;8302;2353;467;360;9;41;58;121;11;137;68;429;11;779;423;410;370;346;383;314;257;172;201;196;186;28;280;211;309;876;1257;736;274;111;11;2801;269;43;8;9;19;31;6;3;0;89;28;1;1;746;11;2450;83;448;1084;97;424;583;636;377;236;25;64;138;139;69;32;18;70;140;88;34;10
62311;Edelsbach bei Feldbach;581;493;638;483;827;393;73;17;0;4;2;6;0;13;7;64;2;101;17;34;40;89;77;54;31;37;36;32;30;3;44;23;62;194;191;47;15;3;2;464;17;0;0;0;2;0;0;0;0;8;2;0;0;86;2;413;5;30;133;25;66;99;112;73;18;6;13;26;16;5;7;2;5;9;1;0;0
62314;Eichkögl;559;523;628;516;759;449;51;16;0;3;2;5;0;7;3;19;4;58;14;29;56;81;77;49;18;52;47;44;29;5;15;22;68;181;192;68;4;5;4;498;16;0;0;0;2;0;0;0;0;6;1;0;0;32;4;438;11;25;85;27;63;83;132;82;62;3;7;11;10;15;5;3;6;6;1;0;0
62326;Halbenrain;770;680;860;664;1002;582;55;23;4;6;10;14;1;26;19;27;3;217;41;80;69;87;101;73;37;17;15;12;18;3;26;16;48;222;286;128;27;14;3;635;16;2;0;4;2;5;0;0;0;17;2;0;0;84;3;501;17;68;184;14;106;158;169;93;42;0;7;8;16;12;12;0;7;11;4;1;0
62330;Jagerberg;665;599;708;590;893;542;34;14;0;1;3;4;1;7;14;44;1;107;27;48;56;100;99;80;62;45;13;12;8;8;42;39;67;253;219;36;6;2;1;574;13;0;1;0;2;0;0;0;0;7;2;0;0;65;1;466;11;47;141;44;82;117;171;72;56;2;6;6;10;6;4;2;4;7;0;1;0
62332;Kapfenstein;682;579;677;567;1065;503;57;7;0;14;4;4;1;9;7;66;10;124;37;59;49;107;121;56;20;19;16;21;23;30;18;34;55;193;225;103;37;7;10;558;6;0;0;0;2;1;0;0;0;12;0;0;0;93;10;453;19;45;165;27;104;118;126;76;52;0;7;10;19;15;6;2;3;2;0;0;0
62335;Klöch;804;621;714;609;1066;566;32;11;0;25;4;5;0;25;8;128;0;78;35;108;134;127;101;73;31;42;21;30;24;0;129;80;76;219;206;83;9;2;0;596;8;0;0;0;2;3;0;0;0;11;1;0;0;183;0;411;28;38;327;93;104;105;134;77;53;0;3;3;9;8;9;1;1;6;3;0;0
62343;Mettersdorf am Saßbach;564;494;598;489;684;464;13;11;1;2;4;3;0;32;11;23;0;75;16;41;63;106;69;60;43;21;28;29;13;0;27;25;74;170;186;45;20;17;0;477;8;2;0;0;0;0;0;1;1;6;0;0;0;69;0;361;11;75;117;40;82;90;104;82;66;1;2;4;2;1;3;0;2;4;3;2;0
62368;Tieschen;639;561;669;547;939;504;32;10;1;7;2;6;0;14;7;51;5;134;41;76;44;84;74;33;34;31;26;18;14;30;43;34;112;197;175;66;4;3;5;531;7;2;0;1;5;1;0;0;0;11;3;0;0;73;5;348;30;80;181;64;129;89;97;87;38;0;1;7;10;10;4;2;1;4;3;0;0
62372;Unterlamm;543;484;647;473;820;362;91;18;2;19;3;2;0;15;4;26;1;139;10;42;24;56;81;57;35;35;33;22;8;1;16;17;37;134;194;110;33;1;1;453;18;0;0;2;0;0;0;0;0;12;0;0;0;57;1;338;21;90;94;43;68;77;98;47;29;3;15;22;31;10;10;1;4;9;4;0;0
62375;Bad Gleichenberg;2379;1869;3117;1817;4928;1499;162;143;13;58;24;30;4;70;39;334;3;398;64;225;244;253;301;288;157;133;101;102;107;6;241;141;234;696;716;245;57;46;3;1654;115;13;3;12;7;7;5;0;1;51;9;1;2;496;3;1348;59;269;703;80;265;289;331;306;228;8;17;33;53;28;23;9;43;56;23;11;1
62376;Bad Radkersburg;1557;1235;2224;1167;3225;915;110;134;8;57;29;40;2;48;34;179;1;324;87;109;167;185;176;137;69;89;83;76;51;4;83;70;106;428;515;235;78;41;1;1007;87;17;3;6;18;22;5;0;2;54;17;1;0;317;1;791;56;249;461;36;146;212;268;156;97;4;10;44;29;18;5;16;30;45;32;10;1
62377;Deutsch Goritz;918;778;921;758;1179;677;66;15;0;8;4;5;0;39;15;86;3;157;61;84;76;107;133;101;48;54;28;44;22;3;30;46;88;286;318;97;36;14;3;741;14;0;0;0;2;1;0;0;0;17;3;0;0;137;3;554;46;86;232;41;121;150;182;111;72;3;6;11;17;17;12;1;7;3;4;0;0
62378;Fehring;3144;2597;3653;2544;5224;2074;355;107;8;41;24;37;3;109;58;326;2;704;100;230;268;431;382;335;117;166;144;153;104;10;145;129;269;808;1028;529;181;53;2;2408;87;17;0;7;21;2;1;0;1;51;5;0;0;542;2;1986;60;273;825;118;337;469;567;347;236;6;21;74;109;76;69;5;21;46;26;9;0
62379;Feldbach;4675;3913;7236;3774;9096;2913;406;442;13;36;76;124;7;145;65;435;13;510;233;423;556;639;580;518;279;238;179;275;222;23;291;223;481;1348;1482;549;187;101;13;3307;339;60;5;11;12;31;6;1;2;101;42;2;0;743;13;3107;73;383;1112;136;472;706;872;506;221;22;42;131;118;59;34;38;101;152;98;50;3
62380;Gnas;2796;2103;2461;2057;3905;1931;74;51;1;16;21;25;4;105;55;494;19;395;82;228;267;432;378;267;194;103;85;135;154;76;217;161;240;854;846;315;82;62;19;2002;41;4;1;1;3;5;0;0;0;44;2;0;0;674;19;1691;36;181;888;105;338;455;520;291;222;1;4;13;28;16;12;0;16;23;7;4;1
62381;Kirchbach-Zerlach;1279;1165;1560;1133;1860;1013;51;68;1;9;13;17;1;39;16;50;1;183;51;106;112;161;195;170;80;45;59;49;65;3;34;43;108;431;485;137;27;13;1;1062;63;5;0;1;2;0;0;0;0;30;3;0;0;112;1;902;16;104;257;36;124;217;303;205;128;3;1;15;15;4;13;2;21;34;9;2;0
62382;Kirchberg an der Raab;2068;1717;2148;1678;3352;1477;130;69;2;20;23;17;5;85;25;212;3;266;73;132;194;255;284;219;139;107;130;148;108;13;92;132;208;629;688;225;48;43;3;1585;63;2;0;1;22;4;0;0;1;34;5;0;0;348;3;1423;36;114;495;89;217;319;393;286;173;5;8;39;42;23;13;5;19;31;12;2;0
62383;Mureck;1608;1340;1918;1309;2311;1136;78;83;12;21;23;35;5;83;26;99;7;347;121;203;174;228;141;121;74;37;42;59;30;31;83;79;156;425;493;257;75;33;7;1198;66;13;0;12;16;4;0;0;0;34;3;0;0;255;7;1019;50;134;405;67;235;237;268;215;114;6;5;23;23;9;12;7;30;23;21;2;0
62384;Paldau;1311;1122;1443;1104;1918;935;122;46;1;5;6;16;1;34;13;130;2;191;51;74;115;188;227;128;69;71;73;82;39;3;48;48;129;408;447;164;36;29;2;1057;45;1;0;1;0;0;0;0;0;16;1;1;0;187;2;913;28;76;294;66;137;227;256;160;89;9;15;23;44;21;10;5;15;23;3;0;0
62385;Pirching am Traubenberg;977;921;1129;904;1488;777;99;28;0;4;5;4;2;20;8;29;1;109;28;51;59;150;153;154;81;52;34;41;23;42;28;32;82;323;423;74;11;3;1;872;28;0;0;0;4;0;0;0;0;16;1;0;0;55;1;772;11;58;136;38;105;160;254;122;98;3;6;24;36;14;16;1;5;19;3;0;0
62386;Riegersburg;2163;1791;2358;1748;3144;1447;245;55;1;19;18;17;4;38;49;269;1;441;88;163;166;293;291;206;107;117;73;64;114;40;126;115;163;557;718;349;108;26;1;1680;49;1;0;1;12;3;2;0;0;34;9;1;0;370;1;1426;37;129;571;79;197;292;393;245;241;8;12;65;68;52;40;2;9;24;17;3;0
62387;Sankt Anna am Aigen;1193;1012;1187;994;2061;856;126;11;1;28;8;11;0;20;10;121;1;159;72;114;91;185;174;89;36;103;47;73;48;2;52;104;133;397;356;123;20;7;1;976;10;0;0;1;6;1;0;0;0;19;0;0;0;179;1;727;58;75;333;93;194;190;192;131;56;2;4;26;41;35;18;0;3;8;0;0;0
62388;Sankt Peter am Ottersbach;1566;1208;1404;1188;2431;1108;63;14;3;10;14;12;1;29;41;270;1;211;68;141;157;243;238;146;97;98;47;65;50;5;115;122;188;481;459;137;43;20;1;1168;12;1;0;3;3;1;0;0;0;21;1;0;0;355;1;915;37;85;529;75;203;198;251;187;194;2;5;14;14;20;8;0;5;4;3;2;0
62389;Sankt Stefan im Rosental;1723;1268;1715;1241;2999;1054;116;70;1;12;16;16;1;43;17;374;3;155;39;79;211;247;264;284;113;80;76;102;63;10;122;95;141;455;595;232;58;22;3;1166;65;1;0;1;4;3;0;1;0;24;3;0;0;452;3;1034;21;110;558;40;138;213;336;191;136;0;10;20;42;28;16;0;19;38;11;2;0
62390;Straden;1978;1571;1807;1534;2798;1416;88;30;0;26;17;14;1;48;30;307;1;285;100;227;188;307;230;228;129;91;77;58;50;8;156;148;245;627;519;200;60;22;1;1499;26;0;0;0;5;4;0;0;0;35;1;1;0;406;1;1086;57;168;667;129;253;284;279;260;211;2;10;23;24;13;16;3;11;12;4;0;0
70101;Innsbruck;16882;11527;80539;10932;109757;3169;1222;6372;169;269;568;430;122;622;550;3380;9;2507;1845;1970;2202;1710;1329;1374;797;1050;688;1014;372;24;2769;1093;1375;2681;4143;2966;1117;729;9;4285;3780;1170;452;120;106;518;253;199;49;422;251;33;18;5217;9;4261;256;6650;5715;124;332;676;947;652;438;114;162;395;315;149;87;189;683;1694;1878;1443;485
70201;Arzl im Pitztal;931;862;1634;839;1817;459;248;130;2;17;3;4;2;18;11;36;1;58;33;92;93;112;134;120;68;78;60;45;34;4;26;40;93;332;307;103;21;8;1;704;112;7;0;2;3;9;1;1;0;19;4;1;0;67;1;719;9;90;113;6;38;90;172;71;82;9;34;98;60;26;21;13;39;50;22;5;1
70202;Haiming;1519;1342;2394;1280;3025;822;288;165;5;33;16;25;2;77;17;43;26;142;54;155;187;150;152;113;114;97;71;109;33;142;45;52;136;492;476;213;50;29;26;1105;152;10;1;5;5;2;0;0;0;54;12;0;0;147;26;1049;11;192;267;21;60;138;329;175;99;19;48;96;79;33;13;12;54;56;32;10;1
70203;Imst;2464;2165;5803;2045;9210;1060;460;501;24;49;68;75;7;108;57;40;15;149;74;249;317;359;304;359;160;133;136;145;64;15;42;74;283;715;793;333;115;94;15;1460;390;54;7;21;60;39;7;4;3;91;30;6;0;277;15;1592;36;435;401;15;60;202;409;272;102;19;55;170;124;63;29;30;93;192;119;58;9
70204;Imsterberg;284;236;373;232;621;125;87;20;0;3;1;0;0;8;8;32;0;27;7;37;24;27;33;38;26;12;18;20;14;1;27;7;29;84;91;38;6;2;0;204;20;0;0;0;8;0;0;0;0;3;1;0;0;48;0;178;0;39;67;4;9;15;55;31;11;1;4;33;25;15;9;0;7;13;0;0;0
70205;Jerzens;332;303;533;276;632;167;84;25;0;25;0;6;3;8;2;7;5;43;8;28;48;41;57;40;18;18;7;9;8;7;3;8;46;121;104;39;3;3;5;248;20;1;1;0;3;3;0;0;0;25;2;0;0;24;5;201;25;58;48;5;25;30;67;25;15;3;11;37;20;8;5;1;10;11;0;2;1
70206;Karres;236;203;312;201;395;124;64;13;0;1;0;1;0;1;5;27;0;31;2;16;17;28;25;26;32;19;12;15;13;0;23;5;13;93;75;21;4;2;0;187;13;0;0;0;1;0;0;0;0;2;0;0;0;33;0;167;3;23;43;2;12;20;62;24;4;3;10;14;25;8;4;2;4;5;1;1;0
70207;Karrösten;291;246;393;239;531;143;73;21;2;3;1;1;1;15;10;20;1;21;19;20;37;43;46;31;17;15;13;19;9;1;26;15;26;98;97;24;4;0;1;216;20;0;0;2;0;1;0;0;0;7;0;0;0;44;1;178;3;44;66;6;11;18;60;37;11;3;7;30;21;9;3;3;7;7;4;0;0
70208;Längenfeld;1626;1459;2466;1347;3547;868;337;139;3;110;7;20;6;54;35;47;0;184;32;86;156;199;250;198;178;96;92;102;53;0;49;45;106;543;604;189;73;17;0;1066;109;6;3;2;139;17;3;1;1;105;8;0;0;166;0;1106;49;220;251;28;90;129;316;145;160;16;36;94;100;52;39;9;52;44;23;8;3
70209;Mieming;1387;1255;2204;1219;2544;778;281;157;3;20;11;12;0;26;10;89;0;97;28;52;127;160;174;237;179;168;51;87;25;2;90;53;132;490;444;135;26;17;0;1054;143;2;0;2;5;11;1;0;1;29;8;0;0;131;0;895;31;234;227;12;81;146;290;144;105;7;32;124;77;27;14;13;50;63;24;6;1
70210;Mils bei Imst;277;208;302;204;451;149;42;13;0;2;5;2;0;5;4;53;2;14;3;14;25;34;26;39;10;10;28;49;22;3;40;11;26;101;66;24;7;0;2;191;11;1;0;0;0;1;0;0;0;4;0;0;0;67;2;150;2;47;78;1;11;22;75;35;5;1;9;16;7;8;1;1;2;9;0;1;0
70211;Mötz;461;430;681;429;784;300;85;44;0;1;5;1;0;1;4;20;0;42;29;25;36;58;80;58;26;32;27;31;17;0;15;52;36;122;168;64;4;0;0;383;41;2;0;0;2;0;1;0;0;1;0;0;0;31;0;358;5;40;58;7;26;61;117;55;34;3;16;22;25;11;8;2;19;11;12;0;0
70212;Nassereith;828;754;1201;729;1335;500;153;74;2;19;7;6;2;18;5;41;1;118;54;97;88;111;70;68;54;46;35;53;33;1;31;34;83;271;300;83;13;12;1;652;66;6;0;2;1;2;0;0;0;21;5;0;0;72;1;599;7;80;142;11;72;110;151;78;78;17;27;61;32;11;5;13;24;22;8;6;1
70213;Obsteig;524;439;759;416;1069;284;74;58;0;23;4;5;3;8;3;62;0;29;7;21;46;65;65;60;84;20;51;40;35;1;50;20;45;148;174;68;14;5;0;354;52;3;0;0;4;3;0;0;0;19;4;0;0;85;0;318;14;92;100;4;13;82;127;35;23;1;9;31;20;8;5;2;24;23;6;3;0
70214;Oetz;876;775;1297;716;1617;499;132;83;2;57;5;18;3;20;13;44;0;95;35;95;104;118;98;100;68;75;30;37;21;0;28;37;97;277;303;103;24;7;0;609;75;2;1;2;22;5;0;0;0;51;9;0;0;100;0;556;30;123;167;15;81;105;180;90;28;5;24;54;38;4;7;3;25;39;15;0;1
70215;Rietz;878;752;1230;735;2121;481;176;78;0;4;4;4;1;22;10;98;0;110;10;54;64;95;84;117;80;71;60;105;26;2;77;29;96;272;279;104;13;8;0;641;69;5;0;0;16;3;1;0;0;12;4;1;0;126;0;634;9;65;170;6;36;113;223;63;40;4;26;65;48;31;2;6;27;36;4;5;0
70216;Roppen;665;561;970;555;1266;319;163;73;0;3;6;2;1;27;6;64;1;85;21;37;58;67;82;75;43;55;44;52;45;1;45;20;66;202;236;71;15;9;1;480;70;2;0;0;2;1;0;0;0;5;1;0;0;103;1;424;12;94;135;9;27;54;108;75;46;10;16;55;42;26;14;11;21;32;7;2;0
70217;St. Leonhard im Pitztal;538;478;803;398;1158;253;107;38;0;84;6;5;1;7;3;34;0;74;28;31;56;62;88;86;29;38;25;12;9;0;17;29;39;129;210;85;24;5;0;344;31;5;0;0;16;1;0;1;0;73;7;0;0;60;0;286;17;121;114;20;39;59;81;36;18;11;10;45;25;11;5;3;13;13;4;4;1
70218;Sautens;604;532;876;509;1148;328;119;61;1;22;2;2;0;9;5;53;2;75;8;44;55;78;59;77;51;39;46;43;27;2;47;25;44;159;255;59;12;1;2;443;55;3;0;1;4;2;1;0;0;22;2;0;0;69;2;387;19;75;123;10;41;51;136;58;32;8;9;41;35;9;17;4;29;19;6;3;0
70219;Silz;923;772;1319;736;1907;448;192;91;5;37;8;12;3;34;12;78;3;132;21;87;94;98;84;70;71;68;49;48;14;87;57;31;85;242;302;139;49;15;3;633;84;0;0;5;7;6;1;0;0;36;5;0;0;143;3;590;18;122;193;9;27;78;208;106;20;14;33;68;49;20;8;5;34;33;16;3;0
70220;Sölden;1286;998;2472;584;3301;312;119;151;2;487;13;26;38;36;27;71;4;169;42;97;130;182;210;160;88;74;53;49;28;4;78;60;116;254;401;240;92;41;4;394;117;9;4;2;37;13;3;5;0;361;52;0;1;284;4;484;86;340;376;13;62;76;70;36;55;3;18;45;32;15;6;16;64;41;17;9;4
70221;Stams;512;451;768;436;940;272;107;56;1;7;5;4;1;22;10;24;3;49;17;56;48;54;64;66;35;35;31;34;20;3;20;24;45;157;160;71;18;14;3;378;51;2;0;1;1;3;0;0;0;15;0;0;0;58;3;350;5;65;92;7;15;52;115;55;28;4;11;42;32;11;7;5;17;22;10;2;0
70222;Tarrenz;980;867;1397;855;2117;538;229;88;0;11;2;7;0;19;15;71;0;98;38;79;97;135;152;115;59;99;43;44;20;1;32;32;121;274;374;121;21;5;0;764;83;1;0;0;3;4;0;0;0;9;3;0;0;113;0;687;12;105;176;12;54;98;216;120;38;15;32;70;51;38;23;6;26;36;16;4;0
70223;Umhausen;1127;1029;1801;1000;2351;634;242;123;1;32;7;8;2;29;19;29;1;182;27;56;108;147;126;123;94;84;51;67;59;3;17;40;110;360;417;138;26;18;1;854;102;4;1;1;22;13;3;0;0;26;4;0;0;96;1;818;28;103;178;18;99;127;252;110;28;9;22;90;70;42;9;8;38;50;17;10;0
70224;Wenns;705;647;1206;629;1567;343;199;87;0;10;2;6;0;7;7;43;1;45;40;68;81;86;74;35;39;38;35;39;25;100;26;25;85;253;231;66;15;3;1;541;80;5;0;0;1;2;0;0;0;15;3;0;0;57;1;516;24;57;108;9;54;71;149;44;16;11;38;64;53;27;6;10;32;29;11;4;1
70301;Absam;1672;1514;3904;1486;4328;717;331;430;8;12;18;8;1;43;15;81;8;181;85;165;206;188;190;158;125;145;60;60;35;74;73;80;152;468;545;239;77;30;8;1039;385;33;6;7;9;4;0;2;1;30;4;0;0;144;8;1091;19;336;226;13;66;166;287;128;57;17;48;104;99;46;17;22;134;161;75;26;12
70302;Aldrans;710;667;1481;659;1626;377;139;140;3;4;6;3;0;5;6;21;6;28;24;59;70;130;107;64;34;86;46;38;17;7;18;58;90;210;226;77;13;12;6;514;122;8;4;3;2;3;2;1;0;7;3;0;0;35;6;458;18;154;80;10;38;49;136;62;82;2;26;44;41;16;10;5;40;63;19;8;5
70303;Ampass;506;482;923;472;1085;283;96;92;1;3;6;2;0;7;5;7;4;38;3;11;88;63;49;82;65;44;34;20;4;5;11;89;49;125;139;64;13;12;4;377;84;0;1;0;2;6;1;0;1;7;4;0;0;19;4;364;6;95;41;6;50;71;92;43;21;9;12;38;25;9;3;9;40;28;15;0;0
70304;Axams;1890;1696;3367;1673;4486;960;393;317;3;24;7;13;21;16;14;122;0;84;33;136;231;317;349;197;152;140;82;113;56;0;114;159;228;617;518;194;46;14;0;1330;279;14;2;3;23;21;1;0;0;19;6;1;0;191;0;1266;31;326;267;40;86;240;355;177;62;16;53;152;114;37;21;23;131;119;30;13;1
70305;Baumkirchen;433;371;629;368;852;235;73;56;4;1;2;0;0;7;4;51;0;29;13;32;40;62;51;66;20;48;31;24;17;0;37;23;51;126;137;48;10;1;0;302;53;2;0;2;6;0;1;0;2;4;0;0;0;61;0;272;8;73;80;4;25;74;83;41;8;4;9;26;27;5;2;6;16;26;5;3;0
70306;Birgitz;405;381;779;371;924;224;68;79;0;7;3;3;0;5;3;13;0;31;2;23;41;77;63;44;24;44;16;14;11;15;18;23;46;148;114;45;10;1;0;292;68;6;0;0;0;4;0;1;0;7;3;0;0;24;0;277;3;84;41;5;19;37;90;48;25;3;8;27;22;7;1;8;21;35;11;4;0
70307;Ellbögen;424;404;617;394;779;249;111;34;0;6;2;1;0;6;3;12;0;68;8;29;38;71;68;49;29;19;14;17;13;1;16;25;49;143;122;62;5;2;0;358;34;0;0;0;2;0;0;0;0;8;2;0;0;20;0;287;17;65;55;20;28;42;79;57;23;4;19;30;31;16;11;1;15;13;5;0;0
70308;Flaurling;454;426;641;417;796;291;94;30;2;1;1;1;1;11;1;20;1;67;8;22;47;36;53;51;33;35;24;19;11;48;15;24;41;171;153;37;11;1;1;382;25;3;0;2;3;2;0;0;0;7;2;0;0;27;1;345;3;45;61;5;24;66;112;61;23;5;18;26;31;10;4;6;6;12;4;2;0
70309;Fritzens;603;542;1115;535;1345;275;154;105;1;2;5;4;2;22;5;28;0;22;23;106;75;45;87;74;64;33;37;22;10;5;25;27;89;216;157;58;22;9;0;427;99;6;0;1;2;0;0;0;0;6;1;0;0;61;0;431;5;80;87;3;23;55;99;52;43;11;28;53;39;14;9;6;29;49;15;5;1
70310;Fulpmes;1202;1037;2364;974;3009;522;249;201;2;47;16;13;6;76;17;52;1;85;46;90;120;164;182;124;120;98;78;40;52;3;32;130;163;324;320;144;43;45;1;759;170;16;3;2;12;9;2;1;0;57;7;1;0;162;1;777;19;204;202;7;53;160;194;64;44;9;29;84;75;33;19;17;59;63;45;14;3
70311;Gnadenwald;345;290;445;278;738;186;58;33;1;8;3;1;0;7;4;43;1;25;10;22;26;21;48;47;26;56;37;20;6;1;30;18;31;86;103;55;14;7;1;237;26;0;0;1;7;7;0;0;0;10;2;0;0;54;1;192;16;60;77;7;16;26;69;36;32;1;8;18;14;10;7;1;12;18;2;0;0
70312;Götzens;1199;1113;2270;1093;2873;611;245;236;1;15;7;7;2;21;8;45;1;60;22;85;184;207;147;132;114;82;39;67;55;5;57;99;128;391;361;120;33;9;1;851;214;11;0;0;5;6;4;1;1;17;4;0;0;84;1;810;20;217;152;22;66;140;229;106;48;15;39;100;53;28;10;13;85;96;32;9;1
70313;Gries am Brenner;476;405;760;387;869;259;78;50;0;22;6;9;8;9;6;25;4;115;24;37;81;63;51;30;41;12;4;7;4;7;18;23;48;156;127;74;21;5;4;335;42;4;0;0;2;3;0;1;0;17;1;0;0;67;4;289;11;57;119;20;51;53;74;43;18;3;14;27;22;5;7;2;14;21;4;9;0
70314;Gries im Sellrain;246;221;340;209;474;141;43;25;0;11;5;4;2;2;2;10;1;48;5;13;30;26;47;17;11;5;13;10;2;19;10;16;31;87;80;18;2;1;1;182;24;0;0;0;2;1;0;0;0;11;1;0;0;24;1;176;7;19;44;3;18;23;47;40;10;3;8;16;11;3;2;5;10;9;1;0;0
70315;Grinzens;473;447;752;442;907;256;135;51;0;4;2;1;0;1;2;21;0;33;17;34;72;87;62;60;33;23;22;15;15;0;13;37;67;180;135;36;4;1;0;391;50;1;0;0;0;0;0;0;0;4;1;0;0;26;0;350;7;65;51;8;25;70;103;31;19;11;15;41;46;13;9;6;20;18;6;1;0
70317;Gschnitz;159;148;208;144;235;107;28;9;0;5;1;0;0;3;3;3;0;32;4;18;18;22;20;10;14;6;1;10;4;0;5;8;17;47;51;25;5;1;0;135;9;0;0;0;0;0;0;0;0;4;0;0;0;11;0;103;4;26;26;3;6;11;14;27;46;7;3;5;3;3;7;1;2;3;3;0;0
70318;Hatting;548;411;746;403;1295;259;88;55;1;2;2;0;0;7;8;126;0;29;19;28;36;38;68;117;73;49;47;30;13;1;99;56;61;128;149;41;8;6;0;346;49;3;1;1;1;2;0;0;0;7;1;0;0;137;0;321;11;64;152;6;13;50;43;53;94;1;10;24;27;17;9;7;13;23;9;3;0
70319;Inzing;1148;1068;2053;1045;2198;637;216;190;2;7;15;6;1;31;8;24;11;100;34;88;145;134;161;189;59;63;70;64;29;12;30;89;148;400;309;118;26;17;11;849;176;7;1;2;4;5;1;0;0;23;2;0;0;67;11;790;12;211;135;27;39;109;265;117;80;16;34;69;58;26;13;17;56;82;26;8;1
70320;Kematen in Tirol;723;639;1711;617;2084;333;87;192;5;3;17;11;3;33;11;27;1;41;43;47;67;93;94;116;38;39;56;50;38;1;21;54;78;196;199;110;38;26;1;411;153;13;3;5;9;16;6;1;0;23;4;0;0;78;1;447;4;144;128;3;16;67;152;60;35;4;9;34;21;14;5;3;56;75;36;19;3
70322;Kolsass;465;420;834;412;994;219;120;73;0;2;6;6;0;16;3;20;0;37;8;43;70;59;80;54;23;28;14;32;14;3;18;18;52;159;127;65;21;5;0;335;68;4;0;0;4;0;1;0;0;7;1;0;0;45;0;331;3;67;64;5;28;42;73;53;18;5;17;42;33;17;6;1;23;30;14;5;0
70323;Kolsassberg;412;374;523;368;673;267;71;30;0;6;0;1;1;1;5;30;0;38;21;16;40;93;53;44;34;10;22;28;13;0;35;50;48;108;132;32;6;1;0;336;30;0;0;0;2;0;0;0;0;6;0;0;0;38;0;225;17;39;131;44;64;44;70;35;10;2;5;29;21;8;6;2;12;15;0;1;0
70325;Lans;333;305;658;289;780;157;69;62;1;13;5;1;0;9;9;7;0;44;7;28;32;46;47;28;24;20;30;13;14;0;5;19;23;104;96;65;15;6;0;222;51;4;0;1;4;6;1;0;0;12;5;0;0;27;0;186;11;86;50;6;9;13;34;52;43;2;7;26;17;12;5;4;17;21;10;9;1
70326;Leutasch;1092;1004;1682;898;2269;603;185;107;3;96;9;14;3;30;7;28;7;103;64;108;126;166;128;46;69;67;59;53;18;85;35;43;96;239;407;224;36;5;7;768;87;3;0;2;20;14;2;1;1;91;15;0;0;81;7;594;78;204;216;34;141;163;142;75;48;17;34;61;39;25;9;12;42;40;5;8;0
70328;Mieders;585;541;999;517;1255;315;122;80;0;16;7;2;2;25;8;8;0;53;20;19;40;94;73;56;50;38;30;38;26;48;8;24;43;194;213;77;17;9;0;430;75;2;0;0;7;1;0;2;0;22;2;0;0;44;0;355;21;143;66;8;32;44;138;66;27;3;20;55;30;11;3;10;21;35;10;3;1
70329;Mils;1288;1204;2264;1178;2944;781;194;196;7;5;16;10;0;53;7;18;1;46;9;34;156;273;253;159;81;94;87;66;29;1;16;97;100;314;478;226;38;18;1;970;177;7;2;6;5;9;0;1;1;25;1;1;0;82;1;839;22;303;124;6;33;145;378;153;66;5;20;66;55;36;12;3;54;91;37;9;2
70331;Mutters;685;632;1201;605;1487;361;125;119;0;25;3;4;1;23;2;18;4;52;35;73;101;120;81;52;27;31;35;52;19;7;23;31;88;224;190;95;20;10;4;485;111;4;0;0;1;2;2;0;0;25;2;0;0;49;4;432;16;159;78;14;36;99;111;72;29;15;18;36;34;13;9;17;43;40;15;4;0
70332;Natters;617;571;1238;549;1520;307;131;110;1;5;7;7;0;11;8;30;0;49;30;57;76;96;101;65;27;20;28;42;26;0;28;31;68;175;193;92;24;6;0;435;99;9;1;0;3;0;1;0;1;21;2;0;0;45;0;357;12;153;95;19;17;57;127;62;25;1;13;48;46;17;6;5;34;46;16;6;3
70333;Navis;673;612;1017;598;1378;341;190;67;0;11;5;2;0;24;5;27;1;51;15;33;77;100;131;116;53;26;17;47;6;1;24;15;72;172;253;118;11;7;1;525;61;4;0;0;6;2;0;0;0;13;1;0;0;60;1;469;15;85;104;7;29;74;159;52;20;6;20;60;62;24;18;4;25;28;6;4;0
70334;Neustift im Stubaital;1516;1332;2736;1136;4510;524;362;247;3;209;13;17;8;29;16;88;0;143;49;79;162;202;221;129;131;72;69;69;57;133;65;60;121;337;582;254;74;23;0;784;224;3;1;3;102;16;3;0;0;162;36;0;0;182;0;889;31;327;269;29;74;128;177;92;24;33;51;139;92;37;10;26;102;84;25;10;0
70335;Oberhofen im Inntal;691;550;906;543;1372;360;124;59;0;1;4;6;0;7;5;125;0;69;6;26;49;75;100;75;47;61;71;68;43;1;82;60;59;194;231;48;10;7;0;474;56;0;1;0;10;1;1;0;0;6;1;0;0;141;0;435;4;76;176;5;20;70;157;83;25;5;12;40;40;25;2;6;16;28;7;1;1
70336;Obernberg am Brenner;197;171;228;164;453;130;19;14;1;8;2;1;0;3;2;16;1;37;9;9;21;28;23;17;9;13;7;19;4;1;12;5;15;50;61;44;8;1;1;148;12;0;0;0;1;2;0;0;1;7;1;0;0;24;1;102;6;23;66;7;17;30;40;27;9;1;1;8;4;3;2;0;4;9;1;0;0
70337;Oberperfuss;1033;877;1608;866;2219;520;213;133;0;9;2;4;4;12;3;132;1;83;18;56;77;111;173;140;68;113;80;52;59;3;95;50;142;334;296;87;24;4;1;719;119;5;0;0;14;8;1;0;0;9;1;1;0;155;1;673;16;130;214;6;41;86;219;124;44;3;20;73;69;35;13;9;40;51;28;5;0
70338;Patsch;321;284;604;273;762;141;64;68;0;8;3;1;6;10;6;11;3;37;16;21;41;54;38;26;29;21;1;18;14;5;14;11;22;75;108;58;25;5;3;205;64;3;0;0;0;1;0;0;0;11;0;0;0;34;3;205;8;62;46;2;13;32;56;25;13;4;7;17;21;9;6;3;23;27;7;8;0
70339;Pettnau;462;350;599;342;1066;222;69;51;0;5;1;1;1;10;3;99;0;44;6;19;50;49;51;42;37;38;61;47;18;0;62;34;50;113;128;55;15;5;0;284;48;1;0;0;7;2;0;0;0;5;3;0;0;112;0;266;5;57;134;1;18;43;95;50;15;6;10;23;16;9;5;3;20;22;4;2;0
70340;Pfaffenhofen;390;348;690;340;788;236;55;49;0;1;4;8;1;17;2;16;1;50;21;27;38;82;41;52;14;22;16;16;8;3;14;34;63;96;103;42;19;18;1;290;41;2;1;0;1;2;1;2;0;6;2;0;0;41;1;219;11;59;101;37;27;44;74;36;18;1;10;28;14;2;0;4;14;17;9;2;3
70342;Polling in Tirol;395;374;604;371;859;264;71;35;1;0;3;1;0;11;1;8;0;16;10;24;20;51;64;59;32;17;24;65;12;1;17;20;68;131;115;30;10;4;0;332;29;4;0;1;3;0;2;0;0;4;0;0;0;20;0;297;7;48;43;9;24;78;127;22;4;4;9;36;15;4;3;2;16;8;4;5;0
70343;Ranggen;379;356;525;353;650;246;76;30;1;1;4;1;0;8;2;10;0;35;5;18;30;45;64;64;24;30;35;21;8;0;5;23;44;139;126;33;7;2;0;320;28;0;0;1;2;2;0;0;0;4;0;0;0;22;0;277;6;58;38;9;14;42;103;50;28;5;10;30;18;11;2;4;8;17;1;0;0
70344;Reith bei Seefeld;473;429;816;409;966;258;88;62;1;18;5;4;0;18;2;16;1;28;28;52;71;48;48;24;35;33;14;33;14;45;17;23;34;119;174;85;15;5;1;343;53;4;1;1;3;3;1;0;0;18;3;0;0;42;1;282;16;101;74;8;30;51;83;39;47;5;8;30;23;12;10;2;21;25;9;5;0
70345;Rinn;591;512;934;499;1376;318;105;76;0;9;5;2;4;14;2;55;1;40;14;29;43;78;87;76;45;65;51;51;10;2;49;41;68;173;181;62;15;1;1;417;69;6;1;0;6;0;0;0;0;13;0;0;0;78;1;374;7;113;97;6;22;57;163;50;20;2;9;32;40;19;3;4;22;33;10;7;0
70346;Rum;1418;1269;5013;1214;5702;514;212;487;1;11;25;46;2;50;22;33;15;39;53;182;288;208;183;132;75;76;65;53;48;16;36;66;175;361;431;191;71;72;15;717;402;47;26;1;9;9;2;1;0;45;11;0;0;133;15;623;27;566;202;12;36;110;201;113;42;25;25;70;51;22;19;32;102;169;107;50;27
70347;St. Sigmund im Sellrain;107;97;111;82;148;73;8;1;0;19;1;0;0;1;1;3;0;25;3;3;13;19;16;10;12;2;1;0;3;0;3;7;14;33;34;14;2;0;0;78;1;0;0;0;3;0;0;0;0;15;0;0;0;10;0;53;9;12;33;2;15;14;28;9;5;0;0;7;1;0;0;0;1;0;0;0;0
70348;Scharnitz;592;526;891;505;996;348;85;69;3;20;3;6;4;16;5;33;0;72;38;58;70;76;73;56;19;38;35;34;23;0;15;22;77;213;189;62;9;5;0;431;63;5;0;3;2;1;0;0;0;18;5;0;0;64;0;362;31;80;119;9;54;69;98;64;54;5;21;27;20;4;8;10;25;20;10;4;0
70349;Schmirn;296;277;442;275;550;136;121;18;0;3;0;0;1;1;4;12;0;61;12;9;22;62;53;38;11;8;3;4;13;0;5;12;32;79;98;65;5;0;0;257;18;0;0;0;0;0;0;0;0;2;0;0;0;19;0;192;6;48;50;10;17;22;58;21;8;11;28;28;29;11;14;3;5;9;1;0;0
70350;Schönberg im Stubaital;371;332;625;314;777;197;67;50;0;12;2;8;2;11;5;17;0;45;6;36;93;58;33;45;11;20;3;8;11;2;14;43;55;116;91;32;14;6;0;260;41;2;1;0;4;4;2;0;0;14;4;0;0;39;0;199;22;57;93;20;25;31;35;32;54;2;3;19;19;12;12;1;14;25;8;2;0
70351;Seefeld in Tirol;950;799;3164;664;4464;351;93;198;22;147;8;21;7;11;16;21;55;41;100;131;135;124;114;68;45;64;24;37;12;55;10;31;58;185;292;222;66;31;55;442;135;33;20;19;2;8;0;2;3;106;45;1;1;78;55;458;49;283;160;12;50;62;97;72;58;7;19;36;20;6;5;29;40;57;31;32;9
70352;Sellrain;590;486;728;476;1065;318;116;42;0;5;3;0;1;13;3;89;0;44;20;60;64;74;74;76;62;36;27;24;29;0;53;64;108;173;147;40;4;1;0;431;41;0;0;0;3;1;0;0;0;8;2;0;0;104;0;369;11;64;146;9;45;71;129;49;15;9;18;37;32;13;7;3;18;17;4;0;0
70353;Sistrans;729;695;1157;679;1485;469;122;88;0;4;5;5;1;6;9;19;1;57;12;17;59;85;136;116;56;68;51;44;27;1;15;40;110;264;210;75;11;3;1;588;84;2;0;0;3;1;1;0;0;13;3;0;0;33;1;471;15;176;67;6;21;72;219;108;43;4;16;45;35;14;8;4;23;46;13;2;0
70354;Hall in Tirol;2112;1788;7656;1703;8523;556;253;855;39;16;75;64;11;155;53;35;0;448;156;282;264;191;165;127;124;123;91;103;38;0;43;127;181;485;590;432;145;109;0;795;637;123;28;36;14;58;7;2;3;78;38;0;0;293;0;1091;11;599;411;8;60;159;190;81;58;21;53;90;61;17;11;62;174;266;197;126;30
70355;Steinach am Brenner;874;777;2008;748;2375;395;161;188;4;33;10;17;6;20;16;24;0;117;42;77;137;109;88;105;57;46;36;48;12;0;14;32;76;266;286;123;46;31;0;548;148;12;3;4;8;23;2;0;0;20;11;0;1;94;0;516;20;195;143;7;37;93;156;78;24;4;20;62;47;20;8;5;40;65;53;22;3
70356;Telfes im Stubai;611;452;877;438;1950;213;144;77;4;15;2;1;2;14;8;131;0;62;16;21;84;90;73;105;41;50;29;23;17;0;83;27;48;146;192;95;16;4;0;348;66;3;0;4;9;8;0;0;0;12;2;1;0;158;0;331;10;83;187;4;14;32;77;48;38;3;16;49;48;13;15;3;22;36;11;5;0
70357;Telfs;3451;3039;8412;2916;10519;1710;537;660;9;55;45;53;6;88;43;225;20;173;134;288;383;420;469;554;365;185;195;145;115;25;238;205;422;955;954;463;122;72;20;2218;489;110;20;8;29;25;12;4;1;100;24;2;0;389;20;2194;28;614;615;42;122;460;666;278;142;23;93;193;160;45;23;28;123;213;158;114;24
70358;Thaur;1123;1032;2235;1011;2686;538;247;220;6;5;5;9;4;46;10;32;1;94;44;68;117;160;179;156;60;78;62;69;35;1;16;34;110;339;386;177;37;23;1;776;192;17;1;6;9;9;1;0;0;14;7;0;0;90;1;774;9;214;126;7;30;103;233;119;46;6;24;74;90;34;19;9;71;87;35;18;0
70359;Trins;501;474;789;459;1037;290;109;60;0;13;2;1;0;3;2;21;0;68;7;24;95;58;72;37;48;22;19;30;20;1;23;31;57;147;165;65;10;3;0;399;57;2;0;0;0;1;0;0;0;15;0;0;0;27;0;315;14;79;93;32;51;47;85;51;24;2;13;39;32;20;3;8;17;18;15;2;0
70360;Tulfes;622;563;934;543;1294;350;113;79;1;18;4;10;1;8;5;33;0;55;35;33;46;86;77;82;61;31;42;53;21;0;37;37;53;172;213;95;13;2;0;447;64;0;0;1;16;14;1;0;0;19;1;0;0;59;0;376;24;87;135;33;38;68;121;70;20;7;7;39;42;18;0;4;32;34;8;1;0
70361;Unterperfuss;72;53;96;50;158;30;9;10;1;2;2;1;0;7;1;8;1;10;3;4;8;6;8;14;2;5;2;6;2;2;3;3;4;12;27;13;7;2;1;38;8;0;0;1;1;2;0;0;0;2;2;0;0;17;1;42;1;11;18;1;0;5;7;12;5;0;1;4;3;0;1;1;4;3;2;0;0
70362;Vals;202;175;260;169;335;114;42;13;0;6;2;1;6;2;11;5;0;53;3;9;23;32;25;21;15;11;4;4;2;0;12;13;24;50;64;31;8;0;0;155;13;0;0;0;1;0;0;0;0;6;0;0;0;27;0;118;5;29;50;6;27;26;32;15;8;0;3;24;4;7;4;0;3;9;1;0;0
70364;Völs;1271;1186;3887;1165;4116;652;183;327;3;2;6;26;2;30;15;17;8;43;15;143;150;284;238;137;51;54;71;50;27;8;21;171;161;368;304;151;51;36;8;826;226;74;10;3;9;14;3;0;0;17;5;0;0;76;8;775;15;356;125;20;55;218;235;95;29;7;32;71;48;17;8;11;54;85;97;74;6
70365;Volders;1315;1082;2448;1048;3677;597;218;230;3;8;12;8;2;70;42;125;0;122;35;124;133;191;214;188;98;78;39;60;33;0;123;131;142;276;385;192;51;15;0;799;202;10;3;3;16;12;1;2;0;21;11;2;0;233;0;781;21;151;362;67;92;134;174;86;44;20;20;62;60;35;21;7;61;93;49;15;5
70366;Wattenberg;409;319;447;312;648;230;61;20;1;7;5;3;1;5;3;73;0;41;16;20;24;47;51;71;61;29;12;31;6;0;52;33;48;91;120;54;8;3;0;287;18;2;0;1;4;0;0;0;0;8;0;0;0;89;0;219;13;29;148;21;32;28;85;48;16;2;9;18;12;14;6;2;12;4;2;0;0
70367;Wattens;1840;1264;4492;1210;5839;469;242;494;5;13;36;24;2;221;45;289;0;90;128;304;223;136;261;172;140;151;125;88;21;1;258;110;137;387;429;300;146;73;0;706;414;44;10;4;5;17;9;0;1;45;9;1;1;574;0;850;23;294;673;19;36;83;181;97;53;22;48;84;56;20;12;16;109;158;153;47;11
70368;Wildermieming;398;338;477;328;659;237;67;24;0;11;2;2;0;11;2;41;1;40;7;12;41;58;45;49;24;43;24;32;22;1;28;19;30;126;144;37;11;2;1;303;22;0;0;0;1;2;0;0;0;9;1;0;0;59;1;256;13;50;79;3;25;35;94;60;20;4;5;23;19;9;7;3;13;8;0;0;0
70369;Zirl;2133;1756;4113;1703;5538;907;336;451;9;17;27;25;5;78;35;235;8;163;95;170;224;282;235;283;218;215;106;74;48;20;210;184;228;584;595;240;49;35;8;1224;410;12;1;6;19;24;4;0;3;44;14;2;1;361;8;1309;21;362;441;13;83;243;377;146;45;22;58;109;101;37;9;27;121;184;97;22;0
70370;Matrei am Brenner;871;797;1900;758;2268;370;181;201;6;19;5;8;4;31;11;33;2;141;23;69;127;101;142;67;47;42;25;25;11;51;20;20;58;216;344;143;52;16;2;543;182;12;0;6;8;7;0;0;0;36;5;0;0;70;2;598;9;134;130;8;37;76;165;57;27;13;38;59;44;16;11;19;49;69;50;14;0
70401;Aurach bei Kitzbühel;654;594;1046;570;2187;342;147;80;1;16;4;3;1;19;3;38;0;81;6;32;75;105;84;73;51;41;42;51;12;1;32;30;57;151;228;124;27;5;0;477;71;3;0;0;12;5;0;1;1;21;4;0;0;59;0;259;95;149;151;24;24;43;60;79;112;9;15;35;34;22;32;7;23;36;11;2;1
70402;Brixen im Thale;1130;1011;2048;958;2386;566;232;157;3;75;2;16;6;24;4;42;3;106;25;82;119;171;125;193;79;100;78;28;21;3;89;91;140;304;300;150;38;15;3;793;134;13;2;3;5;7;0;1;0;35;19;1;0;114;3;562;157;165;246;124;84;92;136;77;53;17;47;91;51;17;9;16;69;35;21;13;3
70403;Fieberbrunn;1728;1512;3059;1427;4147;783;393;248;3;72;11;32;4;59;11;112;0;251;49;158;208;215;212;175;80;104;90;128;56;2;50;73;188;528;593;211;54;31;0;1148;214;10;1;3;28;22;1;0;0;77;10;1;0;213;0;1016;98;279;335;36;106;114;272;175;80;31;83;134;91;30;24;31;102;70;35;9;1
70404;Going am Wilden Kaiser;848;783;1337;714;2088;436;184;91;3;59;7;6;0;25;7;27;3;86;12;68;96;73;103;77;62;92;57;66;31;25;31;34;88;229;298;132;24;9;3;609;78;6;1;3;11;6;0;0;0;62;7;0;0;62;3;414;66;195;173;27;64;75;110;69;91;5;26;46;43;27;37;13;30;27;14;7;0
70405;Hochfilzen;501;410;739;389;1023;253;84;51;1;16;7;1;3;31;5;49;0;33;17;66;58;56;66;48;20;17;34;35;41;10;44;29;41;187;119;54;14;13;0;330;44;4;0;0;7;1;1;1;1;19;2;0;0;91;0;302;17;75;107;7;22;45;102;50;27;11;20;30;14;6;3;9;17;15;4;5;1
70406;Hopfgarten im Brixental;2285;1948;3977;1854;5093;1047;466;337;4;71;26;26;12;77;27;191;1;282;68;201;243;328;222;163;194;177;76;98;94;139;200;180;234;503;670;364;100;33;1;1467;285;17;5;2;46;28;1;1;2;79;15;2;0;334;1;1150;214;267;654;224;164;117;236;185;121;33;77;160;117;59;20;30;116;111;57;20;3
70407;Itter;490;434;691;409;854;268;96;45;0;26;4;4;0;25;7;14;1;27;11;29;52;107;80;73;45;22;21;16;5;2;20;24;44;111;161;102;19;8;1;354;44;0;0;0;10;1;0;0;0;21;4;0;0;55;1;294;39;66;91;20;30;44;93;47;34;2;17;19;34;16;8;3;21;12;9;0;0
70408;Jochberg;816;730;1441;703;1993;386;194;121;2;24;5;3;3;18;6;53;1;111;31;47;113;97;112;54;69;80;32;48;20;2;46;80;91;229;229;109;23;8;1;574;109;5;3;2;6;3;0;1;0;25;2;0;0;85;1;294;141;189;192;31;61;82;88;58;66;14;27;65;35;29;24;12;39;43;21;4;2
70409;Kirchberg in Tirol;2107;1927;4938;1775;7496;885;398;489;3;131;10;26;19;64;14;67;1;272;93;166;282;331;255;203;142;111;125;88;38;1;86;183;263;542;572;318;95;47;1;1213;388;31;13;3;70;51;6;0;0;127;24;2;0;178;1;806;279;532;490;119;159;174;178;122;133;37;67;115;101;35;43;43;114;168;112;42;10
70410;Kirchdorf in Tirol;1647;1340;2402;1260;3287;812;260;185;3;73;16;19;5;64;24;185;1;147;50;114;191;247;220;224;114;104;91;89;54;2;117;114;182;416;488;241;66;22;1;1062;160;16;0;2;10;9;0;0;1;71;11;0;0;304;1;833;94;294;426;80;102;149;265;160;56;19;59;105;45;23;9;16;74;50;29;16;0
70411;Kitzbühel;4301;3003;8003;2710;14891;1378;528;781;23;148;78;68;89;156;51;1001;0;325;213;462;442;577;522;517;433;255;273;202;74;6;730;459;449;807;976;645;166;69;0;1818;504;57;5;17;88;186;24;5;6;203;95;12;0;1281;0;1269;417;912;1703;73;156;255;288;228;378;46;72;134;101;61;114;69;218;253;174;62;5
70412;Kössen;1689;1514;2800;1418;3891;842;359;216;1;67;10;27;2;43;16;106;0;162;35;137;194;286;247;164;118;86;56;78;97;29;81;95;137;496;552;234;70;24;0;1178;190;4;3;1;23;17;1;1;0;83;14;0;0;174;0;1041;96;283;269;37;100;175;327;146;57;30;62;121;92;35;19;23;80;80;21;9;3
70413;Oberndorf in Tirol;956;789;1564;741;2886;397;221;122;1;33;10;13;3;35;12;109;0;63;9;48;114;160;147;134;60;87;40;63;27;4;99;44;85;253;298;110;44;23;0;594;100;3;3;1;24;13;3;0;0;36;10;2;0;167;0;484;65;169;238;29;36;66;121;79;66;30;28;59;52;41;11;13;33;56;10;5;5
70414;Reith bei Kitzbühel;842;788;1522;753;2026;405;188;160;0;25;6;5;2;21;8;22;0;56;9;21;80;142;152;105;56;70;62;57;30;2;21;28;59;195;338;163;30;8;0;588;149;5;0;0;5;6;0;0;0;29;6;0;0;54;0;312;144;270;116;10;42;48;88;82;135;4;7;47;61;23;46;6;40;82;27;5;0
70415;St. Jakob in Haus;390;289;542;274;954;134;94;45;1;14;3;1;4;15;9;70;0;32;13;24;40;52;38;44;34;37;21;39;16;0;58;28;29;79;132;49;12;3;0;221;40;0;0;1;7;4;1;0;0;13;2;0;0;101;0;182;23;59;126;7;17;26;38;22;24;10;9;34;24;6;11;10;15;11;5;4;0
70416;St. Johann in Tirol;2503;2268;6150;2088;7384;1097;437;544;10;86;34;73;13;81;37;90;1;216;66;236;414;349;343;177;174;109;122;122;38;137;87;122;246;643;767;453;125;59;1;1522;409;65;4;8;12;39;20;7;2;150;27;4;3;230;1;1328;115;613;447;48;148;227;322;230;122;45;78;159;106;28;21;42;123;174;132;65;8
70417;St. Ulrich am Pillersee;869;752;1176;716;1431;486;160;69;1;37;9;10;0;19;7;68;3;46;11;66;84;120;125;83;49;86;83;74;31;11;46;50;69;294;283;91;24;9;3;644;67;0;0;1;2;2;0;0;0;31;5;0;0;114;3;488;81;117;183;14;76;95;130;95;76;19;31;59;31;14;6;16;30;8;15;0;0
70418;Schwendt;402;374;504;363;620;279;61;23;0;12;1;0;0;7;2;16;1;46;9;37;58;59;32;58;20;25;23;21;13;1;20;20;39;147;121;41;13;0;1;338;23;0;0;0;2;0;0;0;0;10;1;0;0;27;1;250;44;47;61;25;28;34;87;61;44;3;10;15;15;6;12;3;8;9;3;0;0
70419;Waidring;760;706;1167;662;1495;440;149;73;0;46;4;7;1;17;6;16;1;78;27;70;86;107;92;92;47;50;42;53;14;2;18;25;63;164;304;152;24;9;1;583;64;6;0;0;6;2;1;0;0;42;2;0;0;53;1;464;44;153;99;20;58;72;138;101;51;11;21;56;38;13;10;6;24;32;5;6;0
70420;Westendorf;1830;1398;2865;1294;4249;691;332;268;3;99;14;15;16;57;10;318;7;172;22;101;167;271;397;286;75;98;61;112;59;9;346;161;169;406;433;233;59;16;7;997;235;12;2;2;26;18;1;0;1;91;13;2;0;423;7;710;375;289;456;139;138;97;175;85;57;43;63;102;79;33;12;45;111;62;36;13;1
70501;Alpbach;940;863;1793;809;2269;380;236;193;0;52;4;9;12;18;9;27;0;153;33;65;115;119;97;115;105;68;34;25;11;0;37;69;123;259;268;149;26;9;0;606;173;6;0;0;10;13;1;0;0;46;8;0;0;77;0;515;83;160;182;25;63;84;92;65;51;18;27;75;53;35;28;21;68;74;25;5;0
70502;Angath;313;301;463;294;597;222;42;30;0;2;4;4;0;3;4;2;0;25;19;19;27;57;37;47;35;10;17;12;8;0;3;11;41;99;115;34;7;3;0;262;26;3;0;0;2;1;0;0;0;7;0;0;0;12;0;237;1;47;28;4;15;40;94;49;20;4;9;15;7;3;4;1;9;14;4;2;0
70503;Bad Häring;783;727;1538;702;1884;452;131;116;3;16;8;5;0;11;8;31;2;100;37;73;112;104;85;83;51;65;19;30;22;2;27;45;91;224;276;87;19;12;2;577;101;8;2;3;6;3;2;0;0;23;3;0;0;53;2;566;8;121;88;8;70;98;142;81;53;9;25;46;32;12;7;4;23;43;36;9;1
70504;Brandenberg;539;515;777;498;899;335;127;36;0;12;1;1;1;10;4;12;0;65;30;71;120;68;45;49;31;16;15;25;4;0;14;39;62;198;143;62;20;1;0;460;33;1;0;0;2;2;0;0;0;16;1;0;0;24;0;376;38;56;69;19;54;79;121;49;13;4;23;43;28;22;7;2;8;19;6;0;1
70505;Breitenbach am Inn;1228;1093;1715;1074;2821;743;219;112;0;10;2;6;0;13;8;115;0;81;59;105;129;164;146;155;98;119;60;69;39;4;46;59;109;356;469;138;46;5;0;951;102;1;1;0;11;8;0;0;0;18;0;1;0;135;0;867;27;118;216;31;62;123;263;182;82;7;34;57;79;28;14;13;37;45;15;1;1
70506;Brixlegg;984;699;1741;661;2973;369;130;161;1;12;13;27;4;61;16;190;0;100;35;151;92;101;100;102;82;92;37;55;37;0;134;57;81;206;281;156;41;28;0;479;114;7;2;1;20;28;9;1;0;26;13;0;0;284;0;507;19;131;327;8;49;63;117;91;41;2;18;38;38;21;13;8;34;63;43;12;1
70508;Ebbs;1923;1594;3078;1513;4556;933;343;235;2;35;15;26;1;71;22;240;0;125;42;181;269;256;226;236;109;121;136;158;59;5;162;99;159;571;576;208;98;50;0;1255;198;8;1;2;21;18;6;4;0;68;13;1;0;328;0;1240;37;208;438;34;90;189;366;194;60;13;51;131;94;32;22;22;80;63;50;16;4
70509;Ellmau;1358;1125;2546;1037;4713;561;224;246;6;90;10;32;3;61;15;110;0;87;20;80;123;240;206;143;71;108;88;126;65;1;113;84;122;290;443;227;60;19;0;741;189;10;2;3;44;43;2;0;3;72;17;1;1;230;0;585;156;248;369;62;111;129;121;73;65;17;32;81;60;23;11;23;86;80;42;14;1
70510;Erl;628;539;863;511;1176;343;118;48;2;16;5;4;2;21;5;63;1;83;31;61;61;72;46;117;36;22;23;37;33;6;37;32;49;197;211;70;21;10;1;453;42;2;0;2;8;3;1;0;0;21;7;0;0;88;1;404;25;67;132;22;34;53;138;78;18;6;24;49;28;5;6;7;17;14;7;3;0
70511;Kirchbichl;2334;1562;3143;1505;5906;865;352;283;5;16;16;24;8;105;29;631;0;139;105;165;300;303;197;230;212;184;211;169;116;3;416;178;306;594;516;210;64;50;0;1186;237;10;1;5;31;31;4;0;0;50;9;0;1;769;0;1220;30;225;859;27;90;218;318;159;53;29;59;131;88;33;12;33;85;117;33;14;1
70512;Kramsach;1622;1417;2726;1358;3322;835;303;215;5;37;14;19;2;83;48;61;0;162;93;174;212;192;155;152;99;94;98;63;61;67;76;102;146;474;537;198;57;32;0;1109;187;8;0;5;29;14;6;0;0;55;5;0;1;203;0;1122;18;175;307;24;66;190;295;181;79;13;50;113;74;24;29;8;54;97;43;13;0
70513;Kufstein;2611;2221;11312;2067;13345;827;244;985;11;50;75;100;36;115;55;107;6;263;197;403;367;254;240;253;160;184;119;100;60;11;112;84;171;572;831;519;193;123;6;1040;594;132;27;9;31;128;83;21;2;96;42;18;3;379;6;1374;23;724;490;27;74;133;265;184;144;14;40;79;57;29;25;35;151;208;308;240;43
70514;Kundl;1470;1086;2644;1030;3792;643;166;219;2;12;30;39;2;133;13;147;64;102;68;149;178;147;119;130;65;55;112;109;50;186;102;101;152;360;392;184;64;51;64;800;183;18;2;0;9;12;4;0;2;50;5;1;0;320;64;809;17;243;401;13;58;160;194;128;90;18;29;66;35;11;7;14;52;72;61;18;2
70515;Langkampfen;1389;1202;2274;1176;3165;708;270;196;2;12;16;6;2;67;18;86;6;81;63;137;182;186;188;146;77;142;68;75;36;8;63;67;150;384;485;143;55;36;6;966;176;13;0;2;12;6;1;0;0;23;4;0;0;180;6;926;26;179;258;24;63;173;292;122;34;20;39;101;75;21;14;18;70;62;36;10;0
70516;Mariastein;145;127;201;120;241;92;17;11;0;8;3;0;0;5;2;7;0;9;7;3;6;18;13;32;6;10;12;22;6;1;5;11;19;45;46;14;4;1;0;108;10;1;0;0;1;0;0;0;0;4;3;0;0;18;0;102;1;19;23;1;7;6;37;18;23;0;4;7;2;1;3;1;5;2;2;1;0
70517;Münster;1134;984;1747;972;2347;644;214;111;3;9;2;5;2;15;6;123;0;73;19;65;103;157;117;181;142;123;62;59;33;0;94;58;109;372;366;102;25;8;0;849;92;9;2;2;9;5;3;0;1;11;3;0;0;148;0;834;10;116;174;12;41;144;302;111;34;4;32;82;59;21;16;12;34;39;11;13;2
70518;Niederndorf;926;828;1480;792;2209;499;177;114;2;8;6;18;1;22;16;63;0;44;19;53;134;138;128;125;67;73;65;57;23;0;45;28;69;323;328;98;14;21;0;668;104;3;0;2;8;6;1;0;0;28;8;0;0;98;0;623;13;135;155;8;51;84;222;89;45;3;26;70;46;17;15;9;33;42;25;5;0
70519;Niederndorferberg;307;277;402;269;543;186;64;19;0;3;0;1;0;9;2;23;0;42;5;27;35;36;30;19;35;32;24;9;12;1;19;11;22;75;112;45;20;3;0;246;19;0;0;0;4;0;0;0;0;6;2;0;0;30;0;194;10;36;67;8;25;29;50;35;39;2;7;12;20;14;9;5;7;6;1;0;0
70520;Radfeld;667;585;1312;556;1535;329;110;117;0;13;9;3;4;39;4;29;10;31;18;56;67;88;80;107;80;53;28;29;16;14;33;60;42;175;229;76;29;13;10;434;102;11;0;0;5;2;1;1;0;28;1;0;0;72;10;452;11;102;102;5;20;63;140;70;31;3;24;30;34;9;10;9;29;48;18;12;1
70521;Rattenberg;91;80;305;65;420;14;12;39;0;6;6;8;0;1;4;1;0;86;0;0;2;3;0;0;0;0;0;0;0;0;1;1;3;11;42;29;4;0;0;9;6;0;0;0;17;28;4;1;0;10;5;0;0;11;0;50;1;23;17;0;3;4;1;1;5;2;1;1;3;4;1;0;9;19;6;5;0
70522;Reith im Alpbachtal;953;852;1539;796;1964;518;157;119;2;45;8;15;3;31;12;41;2;140;37;90;123;114;127;98;68;48;31;51;23;3;57;54;107;298;236;132;52;15;2;667;106;4;1;1;8;7;1;0;1;47;11;0;0;97;2;599;48;102;204;49;70;91;146;92;70;14;25;41;32;28;17;8;43;46;16;5;1
70523;Rettenschöss;251;226;334;219;463;144;52;23;0;5;1;0;0;3;4;19;0;55;3;19;40;19;16;16;16;17;18;28;4;0;27;14;32;66;76;31;4;1;0;195;23;0;0;0;1;0;0;0;0;7;0;0;0;25;0;148;22;21;60;27;27;16;38;30;6;5;7;20;10;8;2;6;7;9;1;0;0
70524;Scheffau am Wilden Kaiser;668;548;1062;489;1676;277;127;83;2;72;7;4;1;7;5;83;0;79;26;52;75;85;67;64;29;37;78;55;21;0;66;41;66;158;212;88;29;8;0;364;62;8;1;2;40;12;0;0;0;58;1;0;0;120;0;273;67;126;202;41;41;50;72;46;27;7;17;47;39;9;8;11;26;26;10;9;1
70525;Schwoich;921;841;1346;823;1872;545;187;90;1;5;8;6;1;28;10;39;1;49;28;48;80;142;134;135;72;46;51;100;35;1;46;49;91;241;325;120;39;9;1;732;84;2;1;1;0;2;1;0;0;17;1;0;0;79;1;638;31;125;127;34;54;73;226;111;47;8;24;62;59;27;7;6;28;41;11;3;1
70526;Söll;1352;1167;2363;1073;2912;599;266;206;2;95;6;34;23;59;8;52;2;124;26;91;155;222;202;130;85;81;65;71;43;57;92;70;90;353;432;231;56;26;2;845;184;5;3;2;20;13;0;1;0;85;9;2;0;181;2;708;100;240;304;60;107;96;168;97;71;16;25;92;75;35;23;25;75;67;29;7;3
70527;Thiersee;1356;1028;1814;987;2804;608;250;129;0;146;6;7;1;27;17;165;0;217;44;94;172;152;149;167;97;102;57;74;31;0;103;89;118;387;442;153;51;13;0;810;106;6;1;0;48;14;1;1;0;30;11;0;0;328;0;708;158;151;339;48;71;134;198;98;59;11;30;72;86;29;22;5;43;54;20;6;1
70528;Angerberg;745;681;1009;666;1344;461;143;62;0;8;4;2;0;19;5;40;1;60;23;29;60;123;124;101;66;49;45;35;27;3;28;21;53;225;284;99;30;4;1;597;61;0;0;0;7;1;0;0;0;14;1;0;0;63;1;518;25;96;106;13;46;89;149;89;75;4;16;45;49;21;8;2;29;24;7;0;0
70529;Walchsee;896;698;1335;642;2101;403;143;96;0;61;8;9;1;30;10;135;0;66;24;68;82;116;125;77;73;44;54;98;69;0;85;48;63;229;267;130;54;20;0;518;77;6;2;0;28;11;0;0;0;53;3;0;0;198;0;436;62;140;258;35;48;72;124;89;35;5;28;46;43;13;8;8;29;36;13;9;1
70530;Wildschönau;1785;1559;3033;1434;4093;754;385;292;3;116;17;19;5;57;26;108;3;331;44;134;200;259;200;191;136;73;68;77;64;8;144;128;197;506;484;247;63;13;3;1112;257;9;1;2;27;23;1;1;1;109;18;0;0;221;3;940;159;264;422;109;157;136;179;118;55;46;54;126;96;42;21;42;127;88;26;7;2
70531;Wörgl;2303;1887;7503;1756;9519;784;301;668;3;31;65;80;10;114;35;205;7;118;146;251;287;266;253;257;176;177;158;142;61;11;155;164;215;509;654;344;164;91;7;1041;458;95;27;3;44;60;20;8;0;82;43;5;3;407;7;1351;20;413;519;8;80;250;255;122;69;29;56;111;66;19;20;47;111;182;180;113;35
70601;Faggen;132;113;185;113;282;60;40;13;0;0;1;0;0;2;1;15;0;7;4;9;8;22;14;12;13;6;12;19;6;0;10;4;10;46;41;19;2;0;0;99;13;0;0;0;1;0;0;0;0;0;0;0;0;19;0;94;0;10;28;2;6;9;27;12;4;2;1;7;17;9;4;0;7;5;1;0;0
70602;Fendels;95;90;200;80;234;25;28;27;0;8;2;1;0;0;1;3;0;2;6;2;17;15;15;20;3;3;3;8;1;0;2;4;9;37;32;9;1;1;0;52;26;1;0;0;1;0;0;0;0;9;1;0;0;5;0;63;3;15;14;3;3;6;7;5;1;4;1;10;9;3;1;2;14;8;2;1;0
70603;Fiss;357;292;631;145;1652;59;39;45;2;154;5;7;7;11;9;19;0;11;10;9;36;56;56;25;33;35;21;25;19;21;9;3;8;33;111;125;53;15;0;48;42;1;0;2;50;1;1;0;0;126;21;0;0;65;0;130;16;135;76;0;6;7;13;15;18;0;4;13;10;5;7;8;13;16;5;2;1
70604;Fließ;1059;957;1613;926;2262;527;304;94;1;15;9;4;1;33;9;61;1;70;45;91;118;124;160;121;66;63;80;89;30;2;42;35;113;368;366;107;21;6;1;824;83;7;0;1;7;4;0;0;0;27;3;1;0;101;1;796;19;78;166;17;51;78;240;113;28;10;37;107;102;33;15;10;43;29;7;5;0
70605;Flirsch;324;294;569;277;712;140;102;34;1;16;3;2;2;10;8;6;0;52;14;29;36;51;47;27;22;13;13;13;7;0;10;9;36;117;104;36;7;5;0;239;27;2;2;1;3;3;0;0;0;15;3;0;0;29;0;217;3;45;59;7;32;28;47;17;9;4;18;38;26;10;6;3;13;12;3;2;1
70606;Galtür;297;260;417;159;709;97;50;11;1;99;4;4;0;12;2;14;3;32;23;28;49;32;32;30;17;21;8;14;8;3;5;4;34;77;94;60;13;7;3;126;8;1;0;1;21;2;0;0;0;92;10;0;0;33;3;103;20;117;57;4;12;29;29;15;8;2;13;18;9;3;5;2;4;2;2;1;0
70607;Grins;435;401;705;391;837;206;144;40;1;2;3;5;2;9;4;15;4;15;19;71;37;70;62;49;17;41;25;19;6;4;6;22;62;151;137;37;11;5;4;348;36;3;0;1;2;1;0;0;0;6;5;0;0;29;4;332;5;46;52;3;16;39;79;40;29;9;16;49;35;18;17;5;12;15;5;3;0
70608;Ischgl;668;509;1144;197;1711;108;46;40;3;331;19;14;53;11;24;19;0;45;18;21;39;105;126;77;82;58;30;31;4;32;80;25;42;125;178;135;52;31;0;133;23;3;3;2;21;10;0;1;1;285;26;1;0;159;0;170;53;256;189;3;26;27;25;8;19;4;6;14;14;1;7;3;11;14;7;3;2
70609;Kappl;1081;898;1629;778;2790;358;289;130;1;127;6;7;13;30;10;110;0;135;53;93;75;135;144;150;64;66;67;76;22;1;33;49;156;377;314;109;30;13;0;608;121;0;0;1;39;9;0;0;0;110;8;1;1;183;0;600;38;151;292;4;47;118;120;54;15;12;67;114;65;20;11;16;66;42;3;2;1
70610;Kaunerberg;147;139;228;135;433;67;54;14;0;5;0;0;0;1;1;4;1;18;6;8;22;13;18;16;7;13;14;6;5;1;4;5;15;50;59;12;1;0;1;115;13;0;0;0;6;1;0;0;0;2;2;0;0;7;1;110;5;8;24;3;2;7;22;22;11;1;2;13;22;12;4;1;5;8;0;0;0
70611;Kaunertal;220;195;291;161;665;100;47;14;0;37;4;2;0;7;5;4;0;9;10;17;38;33;27;26;11;10;12;13;14;0;2;6;12;69;90;30;9;2;0;113;10;1;0;0;34;3;0;0;0;34;0;0;0;25;0;128;7;49;36;0;2;3;12;29;54;0;0;8;13;8;18;0;7;5;2;0;0
70612;Kauns;164;159;311;156;376;71;54;31;0;1;2;0;0;0;2;2;1;9;8;10;34;19;18;23;6;10;10;11;5;1;0;5;17;53;64;20;3;1;1;122;31;0;0;0;3;0;0;0;0;3;0;0;0;4;1;130;4;19;11;1;9;11;26;18;6;6;11;22;8;4;3;1;16;9;4;1;0
70613;Ladis;238;220;354;178;470;106;46;26;0;44;2;1;1;1;1;10;0;29;5;12;20;29;36;35;25;14;10;17;6;0;9;10;20;59;79;46;8;7;0;136;26;0;0;0;16;0;0;0;0;38;4;0;0;18;0;124;26;39;49;10;23;21;29;8;15;5;7;18;9;2;5;4;12;6;4;0;0
70614;Landeck;1609;1428;4263;1306;4933;652;287;362;5;27;56;55;7;83;35;29;11;180;133;281;262;182;205;126;82;54;30;27;36;11;104;68;234;446;429;216;65;36;11;926;273;39;17;4;13;26;3;4;1;102;20;1;1;168;11;936;23;299;351;63;60;119;255;118;37;18;41;102;70;44;12;24;82;100;98;40;18
70615;Nauders;645;516;828;408;1467;271;88;44;5;117;5;13;2;18;11;70;1;122;27;48;64;78;68;72;41;64;19;30;11;1;50;24;40;129;230;124;31;16;1;222;38;2;0;5;137;3;0;1;0;108;4;0;0;124;1;289;31;151;174;13;44;70;92;41;11;6;16;38;22;5;1;4;9;20;7;4;0
70616;Pettneu am Arlberg;575;495;913;458;1428;229;149;80;0;39;5;8;1;9;8;47;0;80;16;41;79;65;71;51;34;41;48;29;16;4;23;17;49;177;206;80;15;8;0;336;69;2;0;0;42;8;0;1;0;34;3;0;0;80;0;335;19;98;123;14;40;56;43;35;41;6;24;44;36;25;14;8;39;26;4;3;0
70617;Pfunds;835;774;1467;734;1711;343;259;131;1;30;8;10;0;20;14;18;1;99;50;52;123;112;106;47;40;52;44;32;22;56;18;25;76;269;324;93;20;9;1;597;128;2;0;1;5;1;0;0;0;34;6;0;0;60;1;543;11;131;150;23;45;39;137;73;26;5;37;94;76;35;12;11;51;52;14;3;0
70618;Pians;265;238;409;233;510;135;70;28;0;2;3;2;2;7;5;11;0;34;11;22;33;55;41;19;15;10;10;7;8;0;7;12;41;91;82;26;2;4;0;204;23;1;0;0;1;4;0;0;0;5;0;0;0;27;0;182;4;35;44;4;25;21;48;26;11;5;6;21;22;8;8;1;10;14;3;0;0
70619;Prutz;540;457;1025;434;1230;207;130;97;0;7;12;18;3;17;10;38;1;43;9;38;75;49;93;60;33;59;32;30;18;1;22;17;36;134;192;90;35;13;1;334;90;4;0;0;3;3;0;0;0;15;8;0;0;82;1;360;4;63;113;6;16;35;77;52;21;4;9;46;45;11;15;9;22;38;23;5;0
70620;Ried im Oberinntal;378;339;759;302;1014;160;69;72;1;21;7;8;1;21;9;9;0;39;6;33;34;45;64;55;29;26;21;11;15;0;4;4;7;103;150;79;19;12;0;224;59;4;1;1;5;7;1;0;0;28;10;0;0;38;0;211;15;99;53;2;3;28;68;35;24;0;10;26;23;9;1;3;26;30;11;2;0
70621;St. Anton am Arlberg;991;889;2161;637;2792;236;180;210;11;264;11;12;11;17;14;23;2;44;67;114;142;137;129;123;62;70;55;34;12;2;19;29;75;261;327;193;61;24;2;397;181;15;2;9;19;10;2;0;2;213;43;1;0;95;2;290;132;389;180;12;47;60;49;34;34;7;22;87;45;13;6;25;82;65;20;15;3
70622;Schönwies;716;548;862;539;1362;329;171;38;1;2;7;1;3;13;7;143;1;65;22;60;82;99;68;74;41;62;63;43;36;1;96;53;95;257;167;34;6;7;1;496;34;1;0;1;4;1;2;0;0;7;2;0;0;167;1;429;7;82;198;5;28;68;140;73;15;9;37;64;42;13;6;6;13;13;4;2;0
70623;See;391;359;640;325;893;164;123;37;1;32;2;7;0;10;3;10;2;36;12;29;32;41;50;58;25;57;21;20;7;3;9;6;38;133;143;46;11;3;2;272;32;1;1;1;15;2;1;0;0;33;2;0;0;29;2;223;22;94;52;4;20;44;60;26;10;4;19;39;35;15;11;3;13;15;3;3;0
70624;Serfaus;538;343;574;193;3743;103;49;20;21;203;6;11;1;7;19;98;0;27;13;48;73;79;59;72;40;25;26;29;21;26;44;29;20;74;116;165;62;28;0;102;9;5;1;13;50;5;0;0;8;155;5;0;0;185;0;184;38;137;179;1;5;32;26;25;14;2;5;20;14;3;5;2;5;7;0;3;3
70625;Spiss;64;51;74;44;123;31;9;4;0;7;2;0;0;1;4;6;0;22;6;1;9;4;5;10;6;1;0;0;0;0;6;3;9;15;17;13;1;0;0;28;4;0;0;0;12;0;0;0;0;7;0;0;0;13;0;25;4;9;26;4;6;7;8;2;4;0;5;3;1;0;0;1;1;2;0;0;0
70626;Stanz bei Landeck;214;193;282;190;320;127;51;12;0;1;3;4;0;3;3;9;1;24;9;11;24;28;35;32;10;11;9;10;10;1;6;14;28;77;77;10;1;0;1;177;12;0;0;0;1;0;0;0;0;3;0;0;0;20;1;141;4;38;31;3;11;20;46;34;13;3;5;24;10;8;1;0;6;3;3;0;0
70627;Strengen;442;409;596;403;702;255;131;17;0;2;2;1;1;9;7;17;0;60;48;40;29;51;62;54;18;26;23;20;11;0;14;25;49;180;148;22;2;2;0;385;16;1;0;0;1;0;0;0;0;5;1;0;0;33;0;322;3;44;73;12;31;46;109;32;25;7;21;63;21;7;12;5;7;4;0;1;0
70628;Tobadill;208;196;297;194;358;117;60;17;0;3;1;0;0;3;2;5;0;48;8;12;20;24;32;27;13;10;9;5;0;0;8;14;35;75;55;19;0;2;0;175;17;0;0;0;2;0;0;0;0;2;0;0;0;12;0;134;4;20;50;8;20;33;35;18;3;6;11;20;15;5;3;7;5;4;1;0;0
70629;Tösens;243;216;329;210;401;139;56;15;0;4;2;0;0;3;3;21;0;11;15;19;29;31;25;32;14;18;20;15;11;3;9;9;29;83;74;31;5;3;0;194;14;1;0;0;1;0;0;0;0;4;2;0;0;27;0;189;3;20;31;1;10;17;42;10;59;1;8;15;10;7;15;2;4;5;4;0;0
70630;Zams;1082;865;2021;824;2900;452;218;151;3;21;15;23;6;46;73;73;1;79;46;97;143;156;113;130;102;85;44;64;22;1;95;73;108;285;323;138;33;26;1;655;113;13;1;3;15;14;8;2;0;35;7;2;0;213;1;587;19;195;281;15;37;69;161;131;39;7;29;91;58;26;7;11;40;48;33;18;1
70701;Abfaltersbach;236;202;324;192;470;150;26;16;0;7;3;1;0;13;6;14;0;58;10;9;24;17;26;28;16;7;22;13;6;0;3;8;21;54;91;40;15;4;0;171;11;4;0;0;5;0;1;0;0;8;2;0;0;34;0;127;7;47;55;3;12;19;63;39;14;1;1;10;4;5;5;2;3;5;0;6;0
70702;Ainet;350;300;452;295;661;211;65;19;0;3;5;2;0;12;4;29;0;49;9;44;43;52;38;29;20;21;19;18;6;2;19;16;32;130;113;29;7;4;0;273;16;1;0;0;3;1;1;0;0;4;1;0;0;50;0;191;9;83;67;3;17;36;108;40;7;4;12;17;16;9;7;2;6;5;4;2;0
70703;Amlach;184;173;233;163;285;139;13;11;0;11;2;0;0;3;1;3;1;22;9;14;9;11;14;18;27;10;29;12;8;1;6;15;26;50;67;13;3;3;1;151;10;1;0;0;1;0;0;0;0;10;0;0;0;10;1;127;4;35;18;4;7;29;49;20;30;1;3;5;3;0;1;2;6;1;1;1;0
70704;Anras;480;445;543;438;732;364;65;9;0;1;1;1;1;13;6;18;1;114;21;38;47;61;63;51;29;20;11;18;6;1;18;19;62;156;155;59;6;4;1;428;9;0;0;0;1;0;0;0;0;6;1;0;0;34;1;306;21;74;79;14;35;64;174;58;19;3;5;25;26;6;0;0;4;4;1;0;0
70705;Assling;848;603;858;586;1504;423;133;29;1;9;5;4;2;64;51;126;1;155;46;90;99;93;83;89;50;41;43;39;19;1;90;55;72;222;265;107;25;11;1;551;28;0;0;1;5;1;0;0;0;14;3;0;0;244;1;412;12;118;306;15;33;62;190;96;27;3;12;46;42;17;13;2;6;13;8;0;0
70706;Außervillgraten;265;241;309;235;397;195;31;9;0;4;2;2;0;6;4;11;1;90;12;35;31;21;20;20;6;1;8;14;5;2;3;15;35;74;83;51;2;1;1;226;9;0;0;0;0;0;0;0;0;4;2;0;0;23;1;146;9;64;46;3;17;43;67;49;16;0;4;10;10;6;1;0;1;8;0;0;0
70707;Dölsach;1020;739;1220;721;2064;494;143;83;1;7;7;5;3;52;16;209;0;85;59;97;101;80;111;115;88;84;54;79;66;1;137;62;90;264;300;119;38;10;0;630;72;7;0;0;7;4;0;0;1;14;4;1;0;280;0;540;17;139;324;13;30;72;214;92;73;10;21;52;36;19;5;8;26;30;13;6;0
70708;Gaimberg;365;341;528;331;676;248;63;20;0;7;3;0;0;6;3;15;0;50;8;27;60;44;44;39;23;21;17;20;12;0;39;27;40;84;121;45;5;4;0;311;16;4;0;0;0;0;0;0;0;7;3;0;0;24;0;171;18;80;96;44;29;23;90;44;18;3;7;18;20;11;4;3;4;6;3;4;0
70709;Hopfgarten in Defereggen;271;231;339;218;453;144;59;15;0;8;3;1;3;13;7;18;0;42;22;41;34;30;19;22;12;15;15;10;9;0;17;23;29;82;83;29;5;3;0;202;15;0;0;0;1;0;0;0;0;11;2;0;0;40;0;144;10;56;61;1;18;25;68;20;12;3;9;11;19;10;7;1;6;8;0;0;0
70710;Innervillgraten;300;266;317;265;795;239;18;8;0;8;4;2;1;6;6;8;0;81;15;38;32;28;26;33;14;12;8;8;5;0;6;5;27;90;96;57;17;2;0;257;7;1;0;0;0;0;0;0;0;1;0;0;0;34;0;183;5;55;57;0;4;14;63;76;82;0;3;2;1;8;4;1;1;3;2;1;0
70711;Iselsberg-Stronach;314;292;383;279;495;221;45;13;0;12;1;1;0;4;5;12;0;8;23;31;36;54;50;40;22;14;13;14;9;0;17;22;38;116;96;23;1;1;0;263;12;1;0;0;3;0;0;0;0;12;1;0;0;22;0;184;15;52;63;18;44;38;67;41;13;2;8;13;11;7;4;2;5;5;0;1;0
70712;Kals am Großglockner;466;384;567;349;862;252;65;32;0;81;6;4;1;5;8;12;0;82;19;52;66;33;21;62;31;25;61;9;5;0;7;22;34;164;157;61;16;5;0;307;29;2;0;0;10;1;0;0;0;34;1;0;0;82;0;229;21;111;105;5;31;23;102;59;32;1;7;18;21;7;11;2;17;8;4;1;0
70713;Kartitsch;313;273;384;257;485;187;61;9;0;16;2;2;0;9;2;25;0;95;19;35;31;30;41;20;12;12;8;5;5;0;12;16;28;87;106;57;7;0;0;245;7;0;0;0;3;2;0;0;0;14;2;0;0;40;0;154;11;80;68;7;15;39;71;39;16;2;6;27;14;8;4;2;1;4;1;1;0
70714;Lavant;143;106;150;102;239;75;21;6;0;9;3;0;0;8;5;16;0;19;1;2;9;12;22;23;14;12;12;14;3;0;9;3;11;49;44;16;4;7;0;94;6;0;0;0;2;0;0;0;0;4;0;0;0;37;0;85;1;16;41;2;3;7;37;22;4;1;1;6;10;1;2;0;1;4;1;0;0
70715;Leisach;272;224;382;214;509;140;49;25;0;5;5;1;0;20;5;22;0;47;10;35;29;34;34;31;10;13;11;14;4;0;12;6;48;92;72;25;9;8;0;187;24;1;0;0;2;0;0;0;0;10;0;0;0;48;0;153;5;51;63;1;11;36;62;16;14;1;7;23;12;5;1;1;5;7;10;2;0
70716;Lienz;2845;2260;7895;2071;10579;955;300;802;14;50;83;121;16;155;77;267;5;288;258;370;356;298;222;267;167;174;122;150;151;22;208;147;263;606;812;529;168;107;5;1219;607;102;15;13;36;65;12;1;1;140;51;5;0;573;5;1191;60;854;740;27;114;229;326;163;96;18;55;112;70;25;20;62;155;252;213;106;14
70717;Matrei in Osttirol;1671;1432;2318;1366;3110;965;264;136;1;62;16;28;7;56;49;87;0;267;103;149;210;179;184;196;141;93;74;45;30;0;106;115;198;551;462;154;51;34;0;1213;118;11;1;1;16;6;0;0;0;60;7;0;0;238;0;905;32;254;480;127;84;166;412;141;35;3;30;84;101;36;10;10;32;51;29;14;0
70718;Nikolsdorf;310;268;446;263;588;162;79;21;1;3;1;0;4;14;3;22;0;51;14;32;42;36;35;24;15;26;13;14;8;0;8;14;21;106;105;37;11;8;0;237;17;3;0;1;4;1;0;0;0;4;2;0;0;41;0;194;4;59;53;2;16;22;77;34;11;1;12;32;15;11;8;1;6;9;2;3;0
70719;Nußdorf-Debant;983;891;1725;868;1906;629;127;109;3;4;7;21;1;35;8;38;1;56;14;65;152;144;160;156;87;51;17;37;18;26;59;45;98;368;280;73;27;32;1;752;94;12;0;3;4;0;1;2;0;21;2;0;0;91;1;561;27;223;172;41;59;91;298;108;32;10;25;38;33;18;3;7;14;35;36;15;2
70720;Oberlienz;526;469;632;460;1897;388;47;25;0;2;1;2;2;11;6;42;0;71;19;41;38;52;69;75;53;45;25;26;11;1;26;14;37;286;134;19;8;2;0;431;21;1;0;0;4;1;2;0;0;9;0;0;0;57;0;344;15;83;84;0;3;5;22;110;248;0;0;12;24;9;2;0;7;11;1;6;0
70721;Obertilliach;282;224;347;192;597;114;61;17;0;33;5;3;1;6;10;32;0;76;9;30;42;31;28;25;11;5;4;7;14;0;17;8;25;72;97;54;7;2;0;146;16;0;0;0;29;1;0;0;0;29;3;0;0;58;0;120;11;69;82;6;12;19;37;30;10;2;16;16;15;9;3;2;5;7;3;0;0
70723;Prägraten am Großvenediger;407;347;506;322;797;250;47;25;0;37;4;1;1;6;7;29;0;56;34;36;66;47;55;40;26;14;7;15;11;0;23;30;51;128;123;46;5;1;0;293;20;1;0;0;4;3;1;0;0;24;1;0;0;60;0;250;15;48;94;13;31;44;80;50;32;3;2;17;13;4;8;1;3;16;4;1;0
70724;St. Jakob in Defereggen;468;396;549;333;757;259;52;22;0;85;6;5;1;13;7;18;0;163;22;34;39;59;47;35;16;19;10;16;8;0;41;33;66;124;138;56;4;6;0;310;20;1;0;0;1;1;0;0;0;61;2;0;0;72;0;150;45;107;166;40;63;62;57;26;11;5;10;19;14;3;1;2;3;11;4;2;0
70725;St. Johann im Walde;151;111;134;109;243;91;15;3;0;0;1;0;0;8;4;29;0;21;9;13;10;15;8;13;10;13;18;14;7;0;20;10;16;33;47;21;3;1;0;103;2;0;0;0;3;1;0;0;0;2;0;0;0;40;0;87;4;8;52;4;9;21;25;21;11;0;1;3;3;3;5;0;1;2;0;0;0
70726;St. Veit in Defereggen;270;239;320;232;374;176;45;11;0;10;1;0;0;1;7;18;1;98;7;18;25;23;29;20;7;7;9;3;6;18;8;23;37;116;72;11;1;1;1;219;10;0;0;0;2;1;0;0;0;7;0;0;0;30;1;131;28;50;61;7;18;33;64;35;19;1;5;17;14;2;6;1;1;9;0;0;0
70727;Schlaiten;185;171;235;166;395;121;37;8;0;2;1;0;0;2;5;9;0;37;4;21;9;16;20;30;14;9;8;9;8;0;9;3;22;73;61;13;4;0;0;151;7;0;0;0;7;1;0;0;0;5;0;0;0;14;0;123;3;31;28;4;7;14;62;25;9;4;6;12;8;4;3;0;1;6;1;0;0
70728;Sillian;669;579;1171;523;2263;310;114;97;2;35;6;21;3;37;21;23;0;141;30;72;77;59;73;64;49;43;28;23;9;1;15;15;39;155;253;126;49;17;0;400;83;2;0;1;24;9;3;0;1;48;9;0;0;89;0;357;22;138;152;6;13;23;105;102;61;1;19;29;30;20;15;3;22;45;23;4;0
70729;Strassen;279;254;358;245;527;194;39;12;0;5;2;2;1;7;4;12;1;78;6;16;27;14;33;29;28;14;8;18;7;1;13;5;19;79;98;47;13;4;1;231;11;1;0;0;2;0;0;0;0;6;3;0;0;24;1;155;5;69;50;4;21;30;91;28;20;2;3;10;9;10;5;0;2;6;3;1;0
70731;Thurn;305;276;402;273;489;198;55;20;0;8;2;0;0;2;3;15;2;33;7;22;32;41;27;57;22;24;10;15;13;2;38;29;23;80;104;26;3;0;2;252;20;0;0;0;1;0;0;0;0;3;0;0;0;27;2;152;6;45;102;42;22;27;62;36;9;5;7;18;18;4;3;3;6;6;4;1;0
70732;Tristach;544;457;687;448;965;339;73;36;0;12;3;1;3;9;4;64;0;34;16;38;78;63;67;57;31;40;41;42;37;0;40;31;85;151;165;57;13;2;0;409;34;1;0;0;3;0;1;0;0;9;0;0;0;87;0;320;14;107;103;2;29;74;163;50;21;3;7;22;23;15;3;2;5;20;8;1;0
70733;Untertilliach;105;84;103;79;157;67;9;3;0;3;1;0;0;1;6;15;0;46;3;3;11;7;8;1;5;2;7;5;6;1;9;6;7;26;34;20;3;0;0;72;2;0;0;0;4;1;0;0;0;4;1;0;0;21;0;50;5;21;29;3;12;16;16;14;6;0;3;1;2;2;1;1;1;1;0;0;0
70734;Virgen;991;663;999;630;2299;433;152;45;0;36;3;5;1;13;23;280;0;130;37;71;80;87;95;153;64;81;56;77;57;3;159;87;75;246;290;115;15;4;0;521;42;1;0;0;64;1;1;0;0;30;3;0;0;328;0;526;10;87;368;12;25;66;224;78;28;2;12;51;54;21;12;4;13;22;4;2;0
70735;Heinfels;362;315;517;302;716;221;43;38;0;19;2;7;1;11;6;14;0;53;11;25;34;29;62;66;26;20;16;10;10;0;19;7;27;109;130;51;9;10;0;264;35;2;0;0;0;1;0;0;0;10;3;0;0;47;0;205;11;68;78;3;12;30;94;58;24;5;3;8;12;7;8;3;11;15;6;3;0
70801;Bach;306;278;361;259;429;201;43;14;1;20;2;4;2;2;9;7;1;99;10;21;29;39;40;24;5;9;5;12;12;1;4;9;22;66;99;100;5;0;1;241;14;0;0;1;3;0;0;0;0;17;2;0;0;27;1;172;18;54;62;8;42;58;51;21;21;3;3;14;12;8;3;4;5;5;0;0;0
70802;Berwang;441;268;432;200;1254;119;58;21;2;81;5;6;13;16;15;105;0;58;29;17;47;64;57;48;30;26;22;26;16;1;81;22;29;76;139;74;13;7;0;136;18;0;0;2;41;3;0;0;0;63;6;0;0;172;0;140;41;53;207;6;15;19;40;26;13;1;11;14;12;9;11;1;7;12;1;0;0
70803;Biberwier;387;277;397;257;612;176;58;22;1;37;2;4;7;10;5;65;0;51;21;37;34;36;34;31;32;54;20;22;14;1;48;22;44;113;108;40;7;5;0;233;20;0;0;1;1;2;0;0;0;19;1;0;0;110;0;180;23;55;129;12;35;50;50;18;11;5;8;25;11;4;5;6;10;6;0;0;0
70804;Bichlbach;321;275;470;244;678;153;59;31;1;29;2;4;2;13;4;23;0;79;27;27;30;48;34;19;7;14;14;9;5;8;12;6;23;72;120;78;9;1;0;207;22;3;0;1;5;6;0;0;0;28;3;0;0;46;0;193;10;44;74;6;27;41;51;20;8;5;8;23;13;6;4;2;12;15;0;2;0
70805;Breitenwang;447;416;818;402;853;263;75;64;0;9;5;1;1;5;3;12;9;46;39;50;62;59;53;49;25;12;15;20;8;9;6;8;63;114;182;50;9;6;9;338;59;3;2;0;0;0;0;0;0;12;2;0;0;22;9;273;13;121;40;2;25;63;97;45;31;3;20;21;25;3;3;3;13;31;12;4;1
70806;Ehenbichl;330;276;505;267;765;182;58;25;2;8;1;0;0;5;8;41;0;55;6;15;29;39;43;37;22;27;25;22;9;1;26;6;23;71;147;44;8;5;0;240;22;1;1;2;0;1;0;0;0;9;1;0;1;52;0;167;17;79;67;2;19;23;60;62;16;1;12;21;16;5;3;4;10;8;1;1;1
70807;Ehrwald;1205;1039;2114;940;3643;492;260;182;6;89;7;22;4;42;22;79;0;115;113;106;155;205;131;108;87;55;39;54;37;0;58;57;92;345;425;163;44;21;0;712;157;9;0;5;40;14;1;1;1;81;19;1;0;164;0;609;86;244;266;24;92;132;132;80;32;24;62;101;49;13;11;22;89;48;15;7;1
70808;Elbigenalp;414;302;567;273;901;146;79;48;0;29;6;5;0;19;12;70;0;96;8;11;42;50;47;38;16;26;26;37;16;1;48;20;26;77;121;104;13;5;0;207;38;0;1;0;18;9;0;0;0;20;9;0;0;112;0;192;15;61;146;5;26;32;51;19;13;2;7;24;21;11;14;7;20;18;2;1;0
70809;Elmen;209;158;231;153;347;98;44;11;0;8;2;0;0;8;3;35;0;39;6;10;16;25;29;17;8;11;25;19;4;0;24;11;10;44;59;55;6;0;0;140;11;0;0;0;2;0;0;0;0;5;0;0;0;51;0;116;5;25;63;3;12;24;37;12;10;2;3;20;11;5;3;0;5;5;1;0;0
70810;Forchach;121;105;141;103;172;75;24;4;0;3;0;0;0;4;3;8;0;13;2;6;13;21;19;6;9;9;8;3;9;3;8;4;14;31;43;19;1;1;0;99;4;0;0;0;0;0;0;0;0;2;0;0;0;16;0;72;3;18;28;5;4;15;23;9;19;3;4;9;5;3;0;1;2;1;0;0;0
70811;Grän;266;235;450;198;579;148;28;21;1;40;1;4;1;10;5;7;0;48;5;24;28;49;35;25;14;13;13;9;3;0;8;9;11;49;98;72;14;5;0;173;16;1;2;1;3;1;0;1;0;33;4;0;0;31;0;113;26;64;63;9;22;30;46;22;19;0;2;15;6;5;0;2;9;5;3;0;2
70812;Gramais;25;23;49;18;56;7;4;7;0;4;1;0;0;0;2;0;0;10;0;0;2;6;1;2;3;0;0;0;1;0;1;1;2;2;14;5;0;0;0;11;7;0;0;0;0;0;0;0;0;5;0;0;0;2;0;9;0;7;9;0;1;2;1;3;0;0;1;2;0;1;0;2;4;1;0;0;0
70813;Häselgehr;283;243;336;240;397;176;53;11;0;3;2;3;0;7;7;17;4;91;11;10;30;34;22;24;14;12;6;6;15;8;7;6;22;63;91;84;6;0;4;229;11;0;0;0;0;0;0;0;0;3;0;0;0;36;4;177;9;44;53;6;30;52;52;17;19;2;5;16;24;3;3;0;2;6;3;0;0
70814;Heiterwang;224;205;293;193;331;134;47;11;1;12;1;2;0;4;2;10;0;47;4;16;17;32;31;26;9;14;10;14;4;0;5;1;16;57;93;45;7;0;0;179;9;1;0;1;2;1;0;0;0;12;0;0;0;19;0;144;12;36;32;3;20;31;49;16;15;4;3;19;11;7;3;1;7;1;2;0;0
70815;Hinterhornbach;42;37;49;30;67;26;4;0;0;7;0;0;0;0;1;2;2;8;1;3;8;7;6;1;2;1;1;2;0;2;1;1;6;11;13;8;0;0;2;28;0;0;0;0;2;0;0;0;0;7;0;0;0;3;2;22;2;6;12;2;5;9;6;1;3;0;0;2;2;0;0;0;0;0;0;0;0
70816;Höfen;468;426;743;408;838;237;121;50;0;14;5;3;1;16;2;19;0;63;19;45;54;62;71;55;23;20;15;26;15;0;13;17;33;141;184;61;13;6;0;357;45;4;0;0;1;1;0;0;0;17;1;0;0;42;0;310;3;82;73;10;30;46;94;43;14;5;22;53;31;8;2;3;19;21;3;4;0
70817;Holzgau;195;171;322;139;468;74;38;27;0;27;1;8;0;1;5;14;0;57;6;7;20;29;26;24;7;5;8;2;4;0;4;9;6;39;68;56;12;1;0;104;24;2;0;0;8;1;0;0;0;30;2;0;0;24;0;99;4;37;55;6;17;17;16;11;7;2;8;11;10;4;3;1;14;9;2;1;0
70818;Jungholz;149;132;258;120;296;76;12;32;0;15;3;1;0;0;2;8;0;17;6;23;20;27;17;13;4;8;4;5;5;0;5;5;10;31;48;40;7;3;0;87;31;1;0;0;1;0;0;0;0;11;1;0;0;17;0;70;10;29;40;0;13;23;11;22;7;2;1;3;3;3;0;6;16;6;3;1;0
70819;Kaisers;38;34;41;30;55;25;4;1;0;4;0;0;0;1;1;2;0;22;0;0;3;6;0;3;2;1;1;0;0;0;2;2;2;11;13;8;0;0;0;28;1;0;0;0;1;0;0;0;0;4;0;0;0;4;0;19;3;8;8;3;3;7;9;2;1;0;0;2;1;0;1;0;1;0;0;0;0
70820;Lechaschau;707;639;1242;627;1420;376;137;113;1;5;8;5;0;18;10;34;0;72;49;80;86;87;55;55;66;44;39;46;27;1;31;27;56;212;257;94;22;8;0;505;98;10;0;1;8;5;0;0;0;10;2;0;0;68;0;464;8;116;119;11;57;72;140;78;18;8;26;57;28;12;6;13;29;52;9;10;0
70821;Lermoos;447;373;815;292;1249;137;90;65;0;77;1;13;14;15;6;28;1;26;21;48;59;73;60;43;31;38;25;14;7;2;15;19;19;89;180;82;30;12;1;211;54;4;1;0;16;5;0;1;0;70;11;0;0;73;1;189;23;125;110;7;21;53;31;16;9;12;11;37;19;7;4;12;28;17;5;3;0
70822;Musau;166;145;208;142;268;86;51;5;0;3;0;0;0;2;1;18;0;33;3;8;16;25;19;16;12;20;6;4;4;0;11;2;10;55;61;26;0;1;0;137;5;0;0;0;0;0;0;0;0;3;0;0;0;21;0;111;2;24;29;3;9;19;32;16;7;3;9;17;16;4;2;0;2;3;0;0;0
70823;Namlos;41;34;43;30;58;23;7;0;0;4;0;1;0;0;4;1;1;23;2;4;2;2;4;2;1;0;0;0;0;1;0;1;4;2;23;10;0;0;1;29;0;0;0;0;1;0;0;0;0;4;0;0;0;6;1;19;4;9;9;0;10;6;4;2;1;0;0;5;1;1;0;0;0;0;0;0;0
70824;Nesselwängle;251;199;338;179;453;111;47;21;0;23;1;2;2;4;6;34;0;66;7;7;17;39;31;19;12;8;16;20;9;0;19;5;22;54;88;54;7;2;0;155;19;0;1;0;3;1;0;0;0;19;1;0;0;52;0;120;18;29;84;4;21;31;21;10;24;0;9;15;7;8;8;2;5;11;2;1;0
70825;Pfafflar;104;85;101;79;125;70;8;1;0;5;1;0;0;0;3;15;1;67;3;4;7;4;4;4;0;0;0;0;0;11;2;11;12;38;33;7;0;0;1;78;1;0;0;0;0;0;0;0;0;5;1;0;0;18;1;26;7;9;62;30;26;9;4;1;0;1;3;2;1;1;0;1;0;0;0;0;0
70826;Pflach;561;487;926;479;1229;326;95;57;1;3;2;0;0;19;1;56;1;52;10;33;32;71;63;53;39;44;63;63;32;6;45;19;36;133;236;70;15;6;1;418;44;1;3;1;3;3;4;2;0;8;1;0;0;72;1;344;22;90;105;16;31;56;119;66;38;6;11;34;24;15;5;3;18;18;6;8;4
70827;Pinswang;148;133;228;129;413;58;59;12;0;4;0;2;0;9;2;2;0;29;8;12;25;23;18;10;4;6;6;3;3;1;2;4;10;43;60;25;3;1;0;113;11;0;0;0;4;1;0;0;0;3;1;0;0;15;0;93;5;25;25;1;6;13;17;18;3;1;7;31;16;3;1;2;6;3;1;0;0
70828;Reutte;1486;1300;4233;1205;5292;612;231;358;4;20;35;75;7;33;29;82;0;134;119;227;221;201;144;114;82;59;67;52;65;1;60;48;120;396;456;265;95;46;0;837;253;41;4;4;6;24;28;8;0;64;24;5;3;185;0;844;25;320;297;13;75;138;204;111;71;12;43;94;57;18;7;29;79;86;87;67;10
70829;Schattwald;187;167;298;151;373;89;46;16;0;13;2;2;2;3;2;12;0;40;2;6;10;31;24;18;11;10;15;12;8;0;9;5;8;34;57;65;6;3;0;133;13;3;0;0;2;0;0;0;0;13;3;0;0;20;0;98;9;42;38;1;11;19;24;23;11;2;5;13;16;5;5;2;6;5;3;0;0
70830;Stanzach;285;217;309;196;467;153;27;16;0;14;6;5;2;23;1;38;0;29;8;28;18;40;36;21;14;11;21;40;19;0;29;11;21;68;96;45;13;2;0;179;14;2;0;0;1;0;0;0;0;19;2;0;0;68;0;162;7;26;90;8;23;33;50;33;6;3;6;6;9;1;2;4;5;5;1;1;0
70831;Steeg;270;236;331;210;400;141;56;12;1;28;2;3;3;8;5;9;2;86;5;12;31;48;28;19;17;4;6;8;4;2;11;2;14;65;92;72;10;2;2;194;12;0;0;1;3;0;0;0;0;27;0;0;0;31;2;150;21;45;54;3;30;31;41;18;18;2;9;23;12;8;2;0;7;4;1;0;0
70832;Tannheim;462;389;690;340;858;242;58;40;0;54;5;8;1;12;10;31;1;136;13;17;35;42;49;46;36;20;25;25;16;2;16;18;25;82;144;127;40;9;1;299;32;6;0;0;1;1;1;0;0;42;7;0;0;72;1;260;22;80;100;9;49;55;53;38;38;3;12;20;18;4;1;6;12;12;3;7;0
70833;Vils;599;524;875;511;1243;311;153;47;0;8;4;2;2;32;7;33;0;108;25;50;88;61;66;63;32;40;16;34;16;0;37;25;34;175;243;69;10;6;0;458;43;2;0;0;6;1;0;1;0;9;3;1;0;75;0;398;9;71;121;8;43;71;129;46;14;6;30;51;50;13;3;7;21;11;7;1;0
70834;Vorderhornbach;144;117;160;112;212;81;25;6;0;4;1;1;0;7;3;16;0;25;4;12;17;15;27;6;6;9;2;10;11;0;15;7;10;29;51;29;3;0;0;106;6;0;0;0;0;0;0;0;0;4;1;0;0;27;0;83;8;15;38;2;13;22;21;16;7;1;3;13;5;2;1;1;3;2;0;0;0
70835;Wängle;345;326;557;319;639;202;73;44;0;10;1;0;0;3;2;10;0;60;8;23;43;59;39;33;13;12;25;23;6;1;7;16;35;115;131;35;5;1;0;273;41;1;1;0;2;1;0;0;0;7;0;0;0;19;0;220;23;69;33;6;19;34;73;33;37;5;4;24;22;9;9;5;15;20;1;3;0
70836;Weißenbach am Lech;514;464;732;444;802;272;129;42;1;13;3;2;1;21;5;23;2;92;13;34;45;89;80;54;22;53;6;10;14;2;13;11;40;126;217;90;10;5;2;401;41;1;0;1;0;0;0;0;0;19;1;0;0;48;2;364;11;61;78;9;56;52;90;39;26;3;21;51;37;13;4;2;17;19;3;1;0
70837;Zöblen;99;88;137;77;177;50;19;8;0;11;1;0;1;2;1;6;0;29;1;2;10;15;13;9;0;2;6;3;9;0;1;4;7;17;33;32;3;2;0;69;8;0;0;0;0;0;0;0;0;7;4;0;0;11;0;53;7;19;20;2;10;8;11;9;10;3;0;6;9;1;0;0;6;2;0;0;0
70901;Achenkirch;949;797;1482;736;2321;445;165;122;4;74;9;9;1;32;19;69;0;100;30;93;132;130;127;117;48;50;67;41;14;0;61;45;87;236;318;150;33;19;0;599;110;3;0;3;11;9;0;0;1;56;8;0;0;149;0;490;72;153;234;26;63;92;157;77;30;14;23;63;40;14;11;11;40;48;21;2;0
70902;Aschau im Zillertal;733;676;1199;638;1887;407;130;101;0;32;3;7;1;11;4;34;3;143;20;45;49;109;66;73;54;50;57;46;18;3;84;86;76;170;211;79;16;8;3;518;93;7;0;0;19;1;0;0;0;33;5;0;0;54;3;371;64;91;207;107;97;65;76;50;12;7;18;53;26;19;7;5;48;35;9;4;0
70903;Brandberg;158;134;242;123;303;50;45;28;0;17;1;1;0;5;3;8;0;38;7;11;14;30;21;11;2;10;0;8;6;0;8;10;22;51;53;13;1;0;0;95;27;0;0;0;0;1;0;0;0;11;0;0;0;24;0;81;18;19;40;12;12;13;6;5;2;4;8;9;13;8;3;6;19;3;0;0;0
70904;Bruck am Ziller;387;328;585;319;946;168;102;48;1;4;2;1;0;4;3;54;0;27;12;19;48;53;46;42;33;32;25;27;23;0;38;31;22;89;127;71;9;0;0;260;43;2;0;1;10;3;0;0;0;8;1;0;0;59;0;257;9;31;90;7;30;25;45;40;21;2;10;31;25;13;21;2;14;27;3;2;0
70905;Buch in Tirol;826;725;1330;707;1792;424;164;119;0;5;2;9;0;24;6;72;1;61;17;34;94;116;109;157;65;45;38;60;29;1;45;25;68;294;289;79;12;13;1;584;113;2;0;0;4;4;0;0;0;16;2;0;0;100;1;566;14;117;129;8;33;90;170;92;31;8;25;68;44;14;5;10;48;39;20;2;0
70907;Eben am Achensee;1220;1043;2331;925;3326;531;165;223;6;126;8;17;9;34;20;80;1;65;47;82;131;241;184;124;86;79;77;81;22;1;52;68;103;260;419;241;55;21;1;673;178;12;1;4;23;29;1;2;2;103;18;1;1;171;1;611;95;249;265;21;93;117;189;67;44;9;26;65;35;19;11;18;71;91;30;13;0
70908;Finkenberg;646;540;1000;477;1399;266;111;96;4;68;5;2;10;32;6;46;0;122;38;48;82;91;87;55;27;23;26;35;11;1;51;63;59;187;180;67;26;13;0;375;88;5;0;4;2;3;0;0;0;61;4;0;0;104;0;248;29;136;233;76;48;42;55;28;17;7;15;43;31;11;4;11;52;22;7;4;0
70909;Fügen;1224;976;2369;885;3354;398;252;227;8;84;12;33;3;55;23;128;1;89;45;105;150;159;128;149;86;127;53;78;52;3;81;56;120;276;358;231;63;38;1;618;173;24;0;8;32;27;3;0;0;76;17;2;0;243;1;688;22;192;322;12;48;97;141;77;23;6;47;93;60;30;16;14;80;72;40;20;1
70910;Fügenberg;676;561;996;524;1583;290;154;79;1;57;5;2;19;6;3;60;0;126;18;25;42;97;59;65;77;52;40;40;35;0;74;72;108;140;161;91;22;8;0;440;74;3;0;1;4;2;0;0;0;33;4;0;0;115;0;327;56;59;234;46;72;68;66;24;14;6;20;61;39;19;9;7;36;25;7;4;0
70911;Gallzein;229;210;329;205;416;125;58;21;1;2;0;0;0;4;1;16;1;16;7;11;13;30;31;20;30;22;11;27;9;2;13;14;18;61;78;42;1;1;1;181;20;1;0;1;2;0;0;0;0;5;0;0;0;18;1;170;8;18;33;8;11;17;31;28;30;3;5;19;14;10;7;0;11;9;0;1;0
70912;Gerlos;386;271;429;123;774;78;28;15;2;165;2;2;33;10;7;44;0;63;15;34;48;50;58;22;22;31;5;8;7;23;52;25;32;58;102;78;26;13;0;86;10;2;0;2;20;3;0;0;0;140;10;0;0;113;0;100;29;107;150;16;19;13;14;8;8;4;3;12;7;2;0;2;6;2;2;3;0
70913;Gerlosberg;224;213;316;202;483;134;45;23;0;17;0;0;0;0;1;4;0;52;25;2;8;18;29;30;29;8;12;10;1;0;28;26;22;45;72;26;4;1;0;157;20;0;0;0;22;3;0;0;0;11;0;0;0;11;0;125;37;18;44;36;17;35;23;20;3;5;7;17;11;4;1;2;8;11;2;0;0
70914;Hainzenberg;325;293;451;285;604;178;69;38;0;11;2;2;4;2;5;14;0;49;7;11;31;37;49;43;19;25;25;14;15;0;24;34;39;116;86;23;3;0;0;243;37;0;0;0;4;1;0;0;0;8;0;0;0;32;0;188;40;31;66;20;38;28;41;41;10;5;8;27;20;7;2;4;17;16;1;0;0
70915;Hart im Zillertal;665;629;1067;616;1338;355;172;89;0;12;4;0;0;7;3;22;1;123;21;35;62;73;79;74;75;43;28;35;14;3;72;50;69;219;166;75;13;0;1;523;84;1;0;0;4;4;0;0;0;12;1;0;0;35;1;406;26;59;174;71;78;70;81;33;22;7;18;59;53;22;13;6;32;41;9;1;0
70916;Hippach;575;514;902;482;1313;273;136;73;0;49;2;4;1;3;3;31;0;101;46;52;43;60;48;73;37;26;36;40;10;3;50;53;62;143;180;66;14;7;0;396;65;4;1;0;13;3;0;0;0;30;2;0;0;61;0;315;23;60;177;48;49;49;61;40;26;11;16;55;30;19;5;10;34;21;3;5;0
70917;Jenbach;1317;1173;4277;1118;4633;478;191;445;4;12;21;32;6;77;22;28;1;132;117;182;133;105;199;144;109;69;38;52;31;6;31;70;130;335;382;208;107;53;1;656;344;79;4;4;13;15;3;0;0;41;15;1;0;141;1;813;19;229;256;10;44;106;209;76;33;26;28;84;35;12;6;19;95;145;104;74;8
70918;Kaltenbach;514;418;826;367;1445;224;94;48;1;62;5;6;5;25;12;32;0;81;18;42;65;67;43;76;35;24;23;27;12;1;48;37;59;126;145;51;28;20;0;289;34;6;0;1;29;6;0;2;0;45;4;1;1;96;0;220;33;70;191;38;40;33;50;44;19;6;12;42;19;7;8;3;17;15;4;6;3
70920;Mayrhofen;1164;1043;2717;805;3721;396;158;248;3;208;15;42;5;26;16;45;2;113;77;110;176;164;128;103;83;53;62;67;22;6;38;90;114;279;324;230;60;27;2;522;195;26;2;2;32;18;6;1;1;198;36;4;0;119;2;537;57;283;287;53;77;104;87;41;34;16;35;57;27;15;8;26;71;90;31;28;2
70921;Pill;583;541;759;526;994;413;74;39;0;11;3;1;2;11;3;26;0;69;28;61;73;65;66;79;30;30;21;23;8;30;51;72;85;198;122;46;5;4;0;485;34;3;0;0;2;2;0;0;0;15;0;0;0;42;0;344;74;38;127;64;79;83;129;46;12;5;7;24;20;12;6;2;17;15;3;1;1
70922;Ramsau im Zillertal;484;441;985;407;1431;181;139;87;0;16;5;19;2;15;5;15;0;31;16;39;59;43;66;68;59;39;30;29;5;0;15;13;41;144;179;68;18;6;0;305;75;3;0;0;15;5;3;1;0;24;9;1;0;43;0;317;9;79;79;8;24;35;68;27;19;5;21;52;38;17;6;6;39;24;12;5;1
70923;Ried im Zillertal;374;351;836;328;1058;144;96;88;0;17;5;2;0;6;2;13;1;42;1;27;45;54;30;60;58;31;12;10;3;1;17;8;23;121;133;56;11;4;1;234;79;5;1;0;6;3;0;0;0;18;5;0;0;22;1;254;8;62;50;4;17;25;55;28;15;5;21;32;24;7;7;5;22;48;8;5;0
70924;Rohrberg;265;223;389;211;554;119;58;34;0;21;2;2;3;14;1;11;0;31;30;9;21;24;17;20;40;24;24;20;5;0;34;21;15;63;87;32;9;4;0;167;32;1;0;0;10;1;0;0;0;10;2;0;0;42;0;127;8;34;96;21;25;13;28;9;23;0;7;22;10;6;13;3;15;12;3;1;0
70925;Schlitters;435;386;774;370;1001;203;88;78;1;10;5;13;0;15;6;16;0;44;15;38;52;53;43;74;28;25;20;28;15;0;7;20;43;109;164;64;20;8;0;286;72;2;0;1;5;3;1;0;0;13;1;2;0;49;0;319;0;44;72;9;28;42;65;41;18;6;8;28;22;15;9;3;29;34;10;2;0
70926;Schwaz;2643;2207;7772;2084;10545;980;378;711;15;15;64;75;12;107;67;219;0;414;187;196;287;270;267;261;221;203;116;142;75;4;104;175;277;678;717;446;151;95;0;1298;459;98;19;11;60;99;27;9;4;89;38;2;3;427;0;1551;31;495;566;24;109;223;336;196;92;15;52;137;92;54;28;32;128;226;181;110;34
70927;Schwendau;592;494;967;459;1500;234;139;83;3;43;6;2;2;9;6;65;0;53;15;42;67;66;79;77;66;42;26;39;20;0;45;22;57;158;214;72;19;5;0;357;76;3;2;3;16;2;0;0;0;32;5;0;0;96;0;353;23;86;130;16;33;68;64;40;13;6;33;55;23;11;11;15;32;27;4;4;1
70928;Stans;680;607;1120;581;1383;334;149;98;0;11;7;2;1;35;13;30;0;62;16;43;104;99;78;75;51;51;45;38;18;0;25;32;93;221;211;52;23;23;0;476;90;4;0;0;7;3;1;0;0;21;5;0;0;73;0;486;10;71;113;8;24;54;126;71;51;7;16;53;45;16;12;7;33;40;14;4;0
70929;Steinberg am Rofan;319;191;243;183;775;146;29;8;0;10;2;0;0;26;2;96;0;28;10;25;40;37;25;39;20;33;14;34;14;0;90;42;33;62;59;27;6;0;0;157;5;0;0;0;18;3;0;0;0;8;0;0;0;128;0;99;38;20;162;19;20;20;28;28;31;3;1;6;6;5;8;0;4;3;1;0;0
70930;Strass im Zillertal;312;250;450;229;604;113;78;31;7;9;8;14;2;23;11;16;0;22;9;27;38;38;29;38;34;30;16;24;7;0;9;11;24;75;112;42;24;15;0;191;27;1;0;6;0;2;1;0;1;22;3;0;0;58;0;175;4;52;81;1;11;20;38;27;16;3;14;24;23;9;5;2;13;14;0;2;0
70931;Stumm;640;530;1061;475;1770;221;147;107;0;37;6;9;0;16;7;90;0;84;22;38;83;84;58;101;44;33;48;35;10;0;73;23;53;209;171;82;25;4;0;345;91;4;0;0;23;11;0;1;0;47;7;1;0;110;0;370;23;100;147;7;25;54;67;31;37;6;13;50;49;14;15;8;36;52;6;4;1
70932;Stummerberg;438;375;588;365;919;208;115;42;0;22;0;0;0;2;2;47;0;95;10;21;24;81;33;37;27;31;30;26;22;1;50;48;60;117;102;51;10;0;0;321;42;0;0;0;2;0;0;0;0;9;1;0;0;63;0;218;22;28;170;50;43;33;37;40;5;12;27;34;33;7;2;7;18;15;2;0;0
70933;Terfens;805;693;1205;674;1770;388;197;88;1;5;10;11;1;53;4;45;2;49;15;79;108;94;100;92;47;81;48;53;22;17;52;27;86;237;235;105;36;25;2;579;82;2;0;1;6;4;0;0;0;13;6;0;0;110;2;542;11;89;163;19;35;76;138;84;36;9;29;74;51;19;15;8;27;40;11;2;0
70934;Tux;806;617;1079;446;2208;260;118;57;11;194;7;14;11;29;15;90;0;92;64;87;108;98;98;58;53;49;38;36;25;0;63;72;75;189;217;114;51;25;0;286;42;1;1;6;92;11;2;0;5;161;15;0;0;184;0;305;46;153;302;84;52;36;50;27;11;8;23;41;33;7;6;4;17;18;15;3;0
70935;Uderns;536;475;1114;445;1435;228;105;111;1;19;2;10;2;22;6;24;6;56;9;37;55;51;62;75;33;61;46;22;23;6;20;21;43;152;183;69;33;9;6;323;97;8;1;1;10;2;2;1;0;25;5;0;0;55;6;347;15;85;89;9;27;38;91;46;17;4;18;29;31;15;8;6;38;41;16;8;2
70936;Vomp;1500;1326;2689;1292;3320;756;298;235;3;24;17;22;2;70;10;57;6;77;46;160;216;148;193;204;118;140;80;88;24;6;54;85;181;473;397;189;64;51;6;1048;215;9;0;3;6;4;5;2;0;31;5;0;0;166;6;1038;20;200;242;21;58;160;308;141;68;19;50;102;68;36;23;24;67;86;44;12;2
70937;Weer;580;452;941;431;1230;228;119;83;1;5;6;6;2;23;4;102;1;39;17;59;59;69;55;58;52;106;23;28;12;3;95;31;51;160;164;55;13;10;1;343;71;5;0;1;4;7;0;0;0;16;3;1;1;127;1;315;8;103;154;4;22;36;91;49;26;10;17;41;35;11;5;9;25;35;8;5;1
70938;Weerberg;977;916;1475;901;2051;548;255;96;2;11;2;5;1;8;7;41;1;111;59;71;88;126;145;113;56;88;57;31;31;1;87;98;98;288;315;74;11;5;1;781;89;2;0;2;22;4;0;1;0;13;4;0;0;58;1;592;84;81;220;123;74;79;181;74;17;24;21;69;82;42;17;5;26;58;4;2;1
70939;Wiesing;618;580;1173;549;1468;282;154;111;2;10;10;11;1;23;4;9;1;38;9;57;68;84;106;77;67;31;23;27;29;2;5;32;47;192;221;84;26;10;1;435;104;2;1;1;1;4;0;0;1;24;7;0;0;37;1;444;7;99;68;5;34;47;121;50;25;7;20;60;38;13;16;10;39;44;15;2;1
70940;Zell am Ziller;514;406;1110;330;1685;112;101;115;2;48;20;18;1;32;19;46;0;49;26;59;84;69;39;51;28;40;27;27;15;0;36;21;37;104;151;107;40;18;0;201;94;10;1;2;12;6;3;1;0;67;10;0;0;107;0;265;13;86;150;7;20;26;21;14;24;6;16;37;17;9;16;11;34;34;25;10;1
70941;Zellberg;335;317;496;300;578;197;65;38;0;17;3;2;0;7;1;5;0;38;10;10;21;36;54;92;20;11;10;27;6;0;42;37;30;80;99;29;10;8;0;261;35;0;0;0;1;3;0;0;0;12;5;0;0;18;0;158;46;36;95;57;37;25;27;21;30;5;7;25;14;6;8;3;18;16;1;0;0
80101;Bartholomäberg;1447;1011;1530;993;2525;692;223;74;4;19;5;5;3;22;21;379;0;337;22;127;163;170;167;181;98;79;42;34;27;0;219;154;215;482;304;54;12;7;0;907;68;2;0;3;8;4;0;0;1;15;4;0;0;435;0;587;40;110;710;141;70;95;228;112;46;5;25;91;65;23;14;18;27;21;6;2;0
80102;Blons;180;141;187;134;316;99;31;4;0;3;3;2;0;3;5;30;0;54;6;22;6;8;13;11;11;11;8;16;14;0;7;8;22;70;51;21;1;0;0;128;3;0;0;0;2;1;0;0;0;7;0;0;0;39;0;104;4;6;66;3;9;27;34;15;11;0;5;16;7;2;1;1;2;0;1;0;0
80103;Bludenz;2973;2715;8414;2580;10134;1373;381;819;7;24;78;69;5;102;41;39;35;402;365;365;369;375;323;231;152;92;82;132;49;36;43;188;408;940;793;387;125;54;35;1726;643;96;14;6;28;47;13;6;1;90;39;6;0;223;35;1804;59;731;379;33;141;360;530;217;92;47;67;160;73;26;8;74;177;257;203;93;15
80104;Bludesch;610;573;1319;556;1476;373;71;112;0;5;5;6;3;13;10;6;6;53;17;47;58;54;78;77;49;35;18;26;24;74;10;26;84;226;185;56;10;7;6;442;100;8;1;0;2;1;1;1;0;15;2;0;0;31;6;447;2;90;71;8;19;99;185;41;21;5;15;37;8;4;2;10;20;41;33;7;1
80105;Brand;329;273;747;233;1075;116;56;60;1;65;4;3;2;5;9;7;1;33;15;31;35;59;25;28;18;29;33;11;11;1;15;23;28;84;113;45;13;7;1;163;47;4;3;1;9;5;0;1;0;27;13;0;0;55;1;123;32;90;84;10;8;15;25;17;41;0;4;18;12;6;16;3;16;25;10;5;1
80106;Bürs;881;786;1778;765;2339;408;202;154;1;5;7;21;0;48;12;23;0;91;61;124;127;109;110;78;51;50;27;35;17;1;26;45;131;331;213;87;30;18;0;605;130;13;3;1;5;7;1;0;0;17;4;0;0;95;0;567;10;174;130;11;37;103;210;40;7;27;47;78;36;11;3;26;41;42;31;11;3
80107;Bürserberg;380;333;655;314;836;228;52;32;2;41;2;1;1;3;5;12;1;76;27;26;35;39;37;32;16;25;21;25;20;1;25;27;81;109;100;25;6;6;1;275;26;4;1;2;5;0;1;0;0;19;1;0;1;44;1;145;34;46;155;32;40;40;56;23;37;3;8;19;16;3;3;2;10;8;5;6;1
80108;Dalaas;671;599;1051;567;1335;332;161;70;4;23;5;4;6;23;10;32;1;147;23;49;80;69;66;64;42;23;25;57;25;1;18;59;58;270;184;65;10;6;1;488;64;2;0;4;5;3;1;0;0;27;5;0;0;71;1;348;31;136;156;7;41;78;154;34;18;7;31;80;36;5;2;9;32;18;10;0;1
80109;Fontanella;304;273;432;263;628;207;35;20;1;10;2;3;1;3;1;21;0;92;14;18;32;23;22;27;10;17;25;16;8;0;14;24;32;102;91;34;5;2;0;241;17;2;0;1;1;0;1;0;0;8;3;0;0;30;0;125;5;13;161;66;41;25;32;28;15;4;5;13;3;6;4;3;1;9;4;3;0
80110;Gaschurn;857;664;1147;609;2577;391;124;92;2;102;5;10;1;9;14;106;1;194;38;80;102;86;75;55;57;76;25;46;19;4;80;72;63;248;256;90;30;17;1;479;79;3;0;2;36;9;1;0;0;52;4;0;0;191;1;367;37;114;339;68;50;71;76;74;52;7;19;36;39;15;8;10;38;31;11;2;0
80111;Innerbraz;366;326;521;314;614;194;87;31;2;4;2;2;2;7;4;31;0;58;8;36;24;45;42;37;39;30;12;16;19;0;19;11;22;155;125;20;12;2;0;280;30;1;0;2;1;0;0;0;0;12;0;0;0;40;0;241;6;59;60;2;9;38;92;41;12;4;7;39;28;6;3;2;15;12;1;1;0
80112;Klösterle;335;246;492;215;818;109;68;34;4;46;1;7;6;11;8;41;0;43;12;39;53;41;37;26;11;23;28;17;4;1;26;15;35;102;97;44;10;6;0;175;32;1;1;4;2;0;0;0;0;27;6;0;0;87;0;110;32;82;111;4;17;30;39;13;6;4;14;30;12;7;1;3;13;12;4;1;1
80113;Lech;732;564;1874;339;4660;110;58;117;54;280;11;9;17;11;23;41;1;39;11;74;100;103;101;83;65;55;41;44;14;2;25;18;28;114;229;201;71;45;1;142;74;11;11;40;26;16;4;1;14;224;18;2;3;145;1;95;131;315;191;10;12;19;9;22;38;1;5;19;17;12;4;9;28;37;24;15;4
80114;Lorüns;124;102;168;100;202;72;20;8;0;1;2;0;0;7;2;12;0;21;1;4;11;9;14;16;15;11;9;8;5;0;8;3;12;52;32;14;2;1;0;90;7;0;0;0;2;0;1;0;0;1;1;0;0;22;0;74;1;21;28;0;4;22;33;10;3;2;3;11;2;2;0;0;4;3;1;0;0
80115;Ludesch;1048;955;1819;946;2390;639;176;129;2;1;11;8;1;30;10;41;0;109;21;59;110;115;144;125;152;60;53;63;37;0;38;58;100;382;302;106;44;18;0;812;112;11;4;1;3;2;0;0;1;8;1;0;0;93;0;758;8;150;132;14;37;122;330;95;41;11;33;75;40;12;5;10;44;42;20;12;1
80116;Nenzing;2330;1902;3118;1862;4707;1387;277;192;6;218;20;21;4;62;43;100;0;339;112;188;307;265;271;237;189;122;89;106;102;3;111;281;326;768;603;161;41;39;0;1645;169;10;2;6;19;8;2;1;0;39;4;1;0;424;0;1459;24;332;515;20;146;372;587;191;71;19;49;107;61;28;13;16;55;81;30;8;2
80117;Nüziders;1698;1421;2617;1394;3488;989;211;191;3;6;14;14;1;57;8;204;0;94;45;148;200;244;202;213;168;129;125;91;39;0;170;66;191;571;498;134;38;30;0;1194;172;13;1;2;6;4;1;0;1;25;3;0;0;276;0;1102;37;178;381;20;66;183;501;176;43;11;46;73;60;15;6;24;39;72;46;10;0
80118;Raggal;436;381;587;367;811;263;78;26;0;10;3;2;1;7;9;37;0;113;20;41;43;40;44;49;17;19;17;24;9;0;24;37;64;170;112;24;3;2;0;335;21;2;1;0;6;2;0;0;0;14;0;0;0;55;0;263;5;14;154;23;50;49;74;41;26;3;12;26;13;9;15;2;8;12;2;2;0
80119;St. Anton im Montafon;210;198;393;192;466;123;45;24;0;3;3;1;1;3;3;4;0;17;7;19;38;32;34;27;6;9;12;4;5;0;1;16;26;80;65;17;4;1;0;160;17;7;0;0;8;0;0;0;0;6;0;0;0;12;0;141;3;42;24;2;23;34;41;17;6;2;12;10;13;6;2;2;5;8;5;4;0
80120;St. Gallenkirch;1260;1046;1670;942;2287;670;199;73;0;225;5;8;11;21;14;34;0;308;34;94;133;140;163;102;65;36;91;69;25;0;43;91;159;472;349;100;23;23;0;836;68;1;2;0;33;1;0;1;0;95;7;1;1;214;0;573;70;141;476;79;137;171;173;82;28;15;38;79;46;15;6;12;28;21;9;1;2
80121;St. Gerold;153;130;216;115;312;65;34;16;0;15;1;0;0;0;1;20;1;42;8;13;10;14;11;7;8;5;18;10;6;1;9;10;17;51;45;14;5;1;1;95;16;0;0;0;4;0;0;0;0;15;0;0;0;22;1;90;4;16;43;1;4;7;24;18;11;0;6;8;6;8;6;0;6;9;1;0;0
80122;Schruns;1592;1212;2963;1133;4810;617;248;262;6;70;31;24;7;45;18;262;2;292;61;240;228;184;156;85;61;68;88;74;51;4;144;151;222;482;373;158;32;28;2;826;199;37;5;4;39;18;3;0;2;65;13;3;0;376;2;744;57;246;545;25;93;119;181;124;75;17;41;106;53;16;15;21;87;88;34;32;0
80123;Silbertal;455;429;640;423;766;270;114;39;0;9;2;1;3;3;6;8;0;139;16;46;47;63;49;45;17;11;6;9;7;0;24;71;61;162;110;20;5;2;0;381;39;0;0;0;3;0;0;0;0;6;0;0;0;26;0;221;13;32;189;63;62;51;61;22;11;6;23;42;30;8;5;9;19;10;1;0;0
80124;Sonntag;319;275;396;253;537;178;59;16;0;11;2;0;1;11;10;31;0;117;14;28;22;26;26;23;12;14;22;15;0;0;14;21;39;115;98;24;5;3;0;234;16;0;0;0;3;0;0;0;0;19;3;0;0;44;0;149;4;34;132;13;38;40;38;28;21;4;6;13;19;11;6;2;5;7;2;0;0
80125;Stallehr;103;93;141;92;180;69;14;9;0;2;1;0;0;1;0;7;0;13;4;6;10;7;12;15;8;10;5;6;7;0;3;6;14;41;33;4;1;1;0;82;9;0;0;0;1;0;0;0;0;0;1;0;0;10;0;71;1;18;13;0;2;16;31;15;5;3;2;3;5;1;0;1;6;2;0;0;0
80126;Thüringen;738;692;1215;672;1566;468;125;75;4;4;5;12;1;15;15;12;2;72;23;87;88;107;118;77;46;30;22;34;31;3;14;45;82;314;199;59;11;12;2;589;64;6;1;3;4;3;0;1;1;18;3;0;0;43;2;571;12;73;82;7;49;96;208;70;38;9;24;48;29;12;3;6;26;24;13;4;2
80127;Thüringerberg;325;299;369;289;546;227;55;7;0;5;2;2;0;6;6;15;0;70;11;18;26;42;37;32;22;16;29;15;7;0;12;10;29;156;90;23;4;1;0;270;6;0;0;0;12;1;0;0;0;10;0;0;0;26;0;217;6;31;71;14;14;16;48;77;58;0;5;20;16;8;6;0;3;3;1;0;0
80128;Tschagguns;1118;1067;2020;1037;2176;632;234;168;3;32;2;6;1;11;8;21;0;227;44;130;179;161;126;92;52;24;46;15;22;0;40;115;159;435;286;62;14;7;0;864;155;8;3;3;2;1;0;1;0;24;6;0;0;51;0;505;52;177;384;112;144;141;158;59;18;19;52;107;44;8;4;32;65;47;17;5;2
80129;Vandans;1130;993;1705;974;1965;607;245;119;3;17;13;6;3;28;9;79;1;103;50;110;141;189;128;130;69;40;48;52;69;1;68;74;141;408;339;62;19;18;1;850;108;9;0;3;2;2;0;0;0;14;5;0;0;136;1;678;35;139;278;54;66;140;207;78;62;19;36;105;56;19;10;17;50;32;13;7;0
80201;Alberschwende;1256;1114;1668;1079;2205;794;201;80;4;14;7;7;2;51;16;57;23;252;35;75;96;142;157;140;73;85;63;51;53;34;37;48;120;429;401;152;32;14;23;984;69;7;0;4;11;4;0;0;0;36;3;0;0;115;23;883;15;100;258;24;116;151;319;76;108;7;31;64;47;16;36;8;28;25;12;7;0
80202;Andelsbuch;867;763;1311;727;1794;445;188;92;2;8;12;15;2;43;11;49;0;229;13;46;73;101;66;95;39;63;62;50;30;0;40;18;41;268;280;175;33;12;0;627;86;2;0;1;6;3;1;0;1;28;10;0;0;102;0;571;6;71;219;34;58;77;169;75;32;6;15;50;67;35;15;2;34;42;8;6;0
80203;Au;802;726;1220;694;1826;434;167;91;2;21;5;5;1;27;6;41;2;192;21;59;65;99;76;68;49;42;48;44;37;2;24;18;30;200;339;146;34;9;2;594;82;2;0;2;7;5;2;0;0;25;8;0;0;73;2;472;13;71;246;44;98;76;96;74;46;10;21;52;51;20;13;15;34;28;9;5;0
80204;Bezau;809;667;1217;618;1881;373;142;99;4;24;8;14;4;39;12;90;0;210;26;42;57;68;74;76;46;48;35;52;73;2;58;31;45;191;294;154;21;15;0;505;81;2;0;4;10;11;4;1;0;41;10;0;0;140;0;448;16;74;271;33;67;58;119;74;22;3;20;51;45;17;6;3;36;43;14;3;0
80205;Bildstein;379;343;457;339;590;266;54;18;1;7;1;0;0;3;10;19;0;78;10;15;25;69;38;46;19;15;23;21;13;7;33;19;41;108;126;47;4;1;0;320;18;0;0;1;0;0;0;0;0;5;0;0;0;35;0;240;26;35;78;21;40;45;106;33;21;4;6;21;13;6;4;2;6;6;0;4;0
80206;Bizau;487;429;673;417;1023;277;92;47;1;7;6;2;1;12;4;38;0;124;12;19;37;61;52;45;22;34;24;31;26;0;19;16;34;155;159;89;11;4;0;363;42;2;0;1;6;3;0;0;0;10;3;0;0;57;0;260;6;56;165;33;50;39;84;51;20;2;7;34;28;16;5;7;20;14;5;1;0
80207;Bregenz;4409;3444;16633;3265;22437;1349;406;1481;29;62;161;65;16;71;143;626;0;604;687;585;428;394;360;393;194;256;197;194;115;2;525;386;429;992;993;685;279;120;0;1660;870;249;81;24;95;203;52;26;5;120;63;9;1;951;0;1919;58;1294;1138;32;129;324;462;237;165;41;79;130;81;52;23;78;286;418;319;287;93
80208;Buch;238;228;296;226;328;179;40;7;0;0;0;3;0;1;1;4;3;33;9;14;23;33;30;17;21;9;17;6;5;21;6;7;18;103;71;23;7;0;3;218;7;0;0;0;1;0;0;0;0;2;0;0;0;7;3;163;3;26;46;9;27;23;79;15;26;3;7;14;5;8;3;1;1;3;2;0;0
80209;Damüls;222;192;390;143;563;109;19;14;1;53;2;2;0;10;1;9;2;61;6;14;31;23;30;16;8;13;9;9;0;2;3;13;19;66;71;30;12;6;2;126;3;8;2;1;2;1;0;0;0;49;1;0;0;27;2;72;11;35;104;21;26;28;22;8;4;1;1;5;4;1;7;0;1;2;4;6;1
80210;Doren;390;360;522;347;667;259;70;18;0;5;1;2;2;8;4;20;1;95;15;16;23;38;45;55;27;19;13;18;24;2;6;5;22;128;124;87;12;5;1;326;15;2;0;0;3;1;0;0;0;11;2;0;0;29;1;270;6;48;66;4;27;56;104;45;23;3;4;27;21;10;5;1;4;7;2;4;0
80211;Egg;1657;1487;2271;1454;3419;1024;300;128;2;21;14;17;1;34;15;101;0;395;26;76;182;223;168;152;77;111;104;89;52;2;69;70;154;501;531;271;39;22;0;1302;111;2;1;2;22;13;1;0;0;31;4;0;0;168;0;860;57;137;603;123;192;208;289;154;58;8;31;80;100;52;29;7;44;53;20;3;1
80212;Eichenberg;151;142;239;134;348;77;36;21;0;5;0;1;0;3;2;6;0;26;3;8;18;15;15;17;13;9;14;7;5;1;10;4;4;36;46;42;7;2;0;111;20;0;0;0;2;1;0;0;0;7;1;0;0;9;0;104;7;16;24;9;3;8;25;18;14;1;3;7;9;7;9;1;8;12;0;0;0
80213;Fußach;1527;1219;2037;1198;2778;936;158;103;1;8;14;10;0;61;10;224;2;53;12;100;171;247;188;234;114;146;64;116;80;2;211;72;155;561;376;89;38;23;2;1084;85;14;3;1;10;0;1;0;0;19;2;0;0;306;2;963;11;168;385;19;85;233;451;113;35;14;31;53;45;13;2;11;24;28;24;14;2
80214;Gaißau;692;649;809;638;1001;554;63;21;0;3;8;1;0;9;8;24;1;50;19;27;52;77;64;127;61;72;50;61;31;1;19;34;113;310;175;28;9;3;1;616;19;0;0;0;1;2;0;0;0;8;2;1;0;42;1;549;11;59;73;10;27;132;311;58;16;7;8;25;17;4;2;3;9;6;3;0;0
80215;Hard;3521;2859;6967;2771;9909;1810;390;565;6;29;29;53;6;169;50;414;0;242;116;369;522;369;523;354;244;229;222;177;154;0;293;223;406;1100;879;398;128;94;0;2140;426;75;7;4;60;45;5;7;2;70;21;0;0;659;0;2093;29;580;819;20;197;439;764;268;122;29;77;147;93;32;12;39;108;184;151;74;9
80216;Hittisau;999;756;1267;717;2302;475;165;75;2;28;6;8;1;38;14;184;3;314;22;36;55;86;84;78;95;88;62;39;34;6;111;40;55;194;346;198;41;11;3;610;57;2;0;1;30;14;2;0;1;32;7;1;0;239;3;469;32;63;435;34;96;103;126;71;45;7;16;51;46;26;19;1;19;33;17;5;0
80217;Höchst;3287;2386;4162;2320;6365;1803;272;241;4;16;30;24;1;98;81;715;2;201;67;225;342;345;334;452;328;197;176;350;267;3;628;157;365;1063;722;239;70;41;2;2061;192;40;0;1;14;6;3;0;3;59;8;0;0;898;2;1922;15;329;1021;28;100;338;946;297;94;27;56;91;62;23;13;10;52;79;62;37;1
80218;Hörbranz;2560;1694;3292;1657;7073;1011;375;267;4;19;12;17;5;51;27;772;0;150;75;181;244;313;296;433;202;217;178;179;82;10;640;167;240;700;546;184;48;35;0;1365;234;19;1;3;21;10;3;0;1;34;7;0;0;862;0;1263;32;326;939;28;53;259;449;175;47;14;63;142;103;43;10;13;85;110;37;21;1
80219;Hohenweiler;531;429;637;421;1262;293;96;31;1;3;3;0;0;8;3;93;0;54;12;22;39;77;65;92;30;37;32;42;28;1;76;17;75;188;123;41;10;1;0;388;29;2;0;1;1;0;0;0;0;9;0;0;0;101;0;363;1;44;123;7;11;42;151;66;16;3;17;32;28;13;3;2;13;12;2;2;0
80220;Kennelbach;530;468;969;458;1063;293;69;95;1;2;9;3;1;37;5;15;0;96;35;80;69;59;64;35;33;18;17;16;8;0;21;36;84;172;143;49;15;10;0;361;89;4;0;1;1;1;1;0;0;7;3;0;0;62;0;354;7;85;84;5;49;69;107;39;24;5;14;27;14;7;2;5;28;40;18;4;0
80221;Krumbach;392;338;602;321;763;195;89;36;1;8;3;1;0;16;8;35;0;86;12;30;30;50;34;45;23;22;14;18;27;1;18;12;23;100;145;78;12;4;0;279;27;5;0;1;5;3;1;0;0;15;2;0;0;54;0;275;2;30;85;2;28;38;78;25;24;3;10;31;30;6;9;1;14;8;10;3;0
80222;Langen bei Bregenz;539;459;752;435;1382;285;103;45;2;7;6;7;0;16;9;59;0;55;8;23;28;62;81;81;39;44;42;40;34;2;37;14;33;165;179;86;19;6;0;382;32;5;0;1;6;8;0;0;1;20;4;0;0;80;0;386;5;50;98;6;20;46;141;58;14;0;8;44;29;17;5;1;15;14;12;3;0
80223;Langenegg;407;361;609;348;895;225;79;43;1;3;3;5;0;12;9;27;0;112;6;13;14;47;43;55;33;19;29;11;25;0;18;8;12;100;156;86;20;7;0;302;38;4;0;1;2;1;0;0;0;7;6;0;0;46;0;257;11;51;88;4;29;49;83;44;16;0;9;17;30;15;8;3;12;23;3;2;0
80224;Lauterach;2742;2270;5262;2188;6607;1500;264;419;5;11;31;45;4;94;23;346;0;136;93;231;255;295;365;369;186;283;196;177;152;4;252;169;310;796;701;345;110;59;0;1741;314;71;3;4;23;24;5;2;1;66;16;1;0;471;0;1783;21;358;580;22;192;433;613;173;67;53;58;97;41;8;7;43;89;124;114;47;2
80225;Lingenau;495;443;755;427;1015;253;116;55;3;5;5;1;2;23;4;28;0;113;12;17;26;49;68;52;45;22;30;33;28;0;17;5;20;151;183;87;23;9;0;364;52;0;0;3;5;2;1;0;0;16;2;0;0;50;0;354;4;53;84;2;20;46;101;50;34;1;6;47;26;19;17;0;16;28;10;1;0
80226;Lochau;1253;1158;4163;1124;4673;605;145;372;2;26;17;25;2;17;15;27;0;99;98;152;190;141;135;114;65;71;61;78;37;12;32;64;102;357;336;279;58;25;0;742;256;56;22;2;8;21;13;4;0;29;6;0;0;94;0;750;24;253;226;20;60;99;182;106;138;7;22;51;35;14;16;13;56;96;100;77;30
80227;Mellau;509;441;819;413;1205;257;88;66;2;34;6;12;1;18;4;20;1;79;16;43;64;76;56;44;35;26;21;26;21;2;11;12;35;125;212;85;18;10;1;329;56;3;0;2;16;6;1;0;0;23;6;0;0;66;1;306;10;70;123;8;25;58;92;56;18;4;11;34;20;11;8;4;25;28;8;0;1
80228;Mittelberg;1551;1287;3524;1017;6965;402;278;325;12;320;12;30;8;41;18;105;0;255;133;197;254;256;132;107;46;53;41;57;19;1;60;76;105;348;579;291;70;22;0;527;234;12;5;10;153;65;3;6;2;238;35;1;0;260;0;776;78;342;355;37;67;90;87;72;49;20;39;113;61;32;13;51;126;104;29;9;6
80229;Möggers;177;159;260;153;360;90;41;22;0;5;2;0;0;4;2;11;0;37;9;9;11;14;30;23;2;5;8;19;10;0;7;3;16;36;48;49;17;1;0;131;22;0;0;0;0;0;0;0;0;5;1;0;0;18;0;119;3;29;26;4;5;18;37;17;9;1;1;10;17;9;3;1;6;13;2;0;0
80230;Reuthe;304;220;366;214;593;146;43;23;2;9;5;0;0;14;4;58;0;57;6;14;21;37;33;30;15;24;16;41;10;0;34;12;14;64;99;56;14;11;0;187;21;2;0;1;2;0;0;0;1;5;2;0;0;83;0;149;6;20;129;14;21;20;53;19;19;1;6;10;12;7;7;2;8;11;1;1;0
80231;Riefensberg;401;370;612;353;731;207;103;43;0;10;1;2;0;10;1;22;2;118;10;23;25;58;36;33;15;24;15;8;25;11;7;11;14;107;140;110;9;1;2;308;43;0;0;0;2;0;0;0;0;17;0;0;0;29;2;251;17;48;85;7;16;38;81;44;21;5;13;33;27;16;9;5;17;16;5;0;0
80232;Schnepfau;215;186;302;182;391;128;38;16;0;5;0;2;0;6;2;18;0;45;12;8;18;26;35;21;6;8;11;13;10;2;6;8;10;59;92;35;4;1;0;164;14;2;0;0;2;0;0;0;0;4;0;0;0;29;0;123;3;23;66;6;13;18;46;24;21;0;5;11;10;8;4;0;4;10;0;2;0
80233;Schoppernau;417;359;583;317;1340;212;66;39;0;37;5;6;1;7;2;42;0;77;9;20;46;50;29;50;34;30;26;20;26;0;22;12;18;102;166;82;9;6;0;205;35;0;0;0;73;3;1;0;0;35;7;0;0;58;0;229;15;52;121;7;22;48;62;52;21;3;12;20;17;8;6;3;16;17;2;1;0
80234;Schröcken;119;99;275;73;500;36;16;21;0;27;3;3;0;3;3;6;1;32;4;9;9;14;9;13;3;6;3;4;12;1;2;1;5;23;36;41;6;4;1;43;13;0;2;0;9;4;2;0;0;19;7;0;0;19;1;44;6;23;46;5;5;7;9;5;5;0;2;5;4;2;3;1;8;8;0;3;1
80235;Schwarzach;1134;1070;1950;1046;2359;781;135;129;1;2;12;11;1;28;8;25;1;66;51;96;160;191;142;150;94;63;36;51;30;4;20;36;140;425;337;121;34;20;1;911;101;17;0;1;5;10;1;0;0;21;4;0;0;62;1;814;8;189;123;9;53;131;332;159;97;7;32;52;28;12;4;8;24;42;32;22;1
80236;Schwarzenberg;1003;878;1388;852;1836;571;186;94;1;47;6;4;3;20;9;62;0;306;73;51;80;139;91;73;59;37;29;24;41;0;47;70;92;276;305;192;19;2;0;741;88;2;0;1;16;2;2;0;0;21;5;0;0;125;0;463;54;76;410;56;109;118;154;78;56;12;25;64;46;25;14;15;31;36;10;2;0
80237;Sibratsgfäll;271;228;298;214;504;177;24;13;0;11;0;1;0;12;3;30;0;33;9;26;23;42;44;28;15;11;11;7;22;0;10;13;27;72;90;53;5;1;0;197;10;0;0;0;4;3;0;0;0;13;1;0;0;43;0;118;10;25;118;19;29;42;37;27;23;0;4;5;11;1;3;0;2;6;5;0;0
80238;Sulzberg;599;557;966;537;1155;314;147;74;2;11;4;7;0;10;9;21;0;134;19;25;46;69;92;56;32;49;33;27;16;1;9;11;29;148;184;178;33;7;0;456;61;1;0;2;5;11;1;0;0;17;4;0;0;41;0;408;31;82;78;7;34;62;122;50;39;2;12;27;50;28;28;2;26;28;17;1;0
80239;Warth;107;85;273;53;449;35;6;12;0;36;5;3;0;3;1;4;2;18;1;2;8;17;17;7;7;5;2;16;5;2;6;3;6;13;31;21;13;12;2;38;4;3;3;0;3;2;0;0;0;26;6;0;0;20;2;31;19;25;32;2;12;9;2;9;1;2;1;2;0;0;1;1;1;2;2;5;1
80240;Wolfurt;2313;2126;4419;2074;4897;1479;236;355;4;7;40;31;3;82;26;50;0;161;60;223;357;298;339;314;134;144;102;94;86;1;64;105;326;831;618;262;56;51;0;1702;286;38;5;4;13;25;1;0;0;44;8;1;0;186;0;1705;13;293;302;26;140;292;667;222;132;15;46;99;45;20;11;26;68;121;109;29;2
80301;Dornbirn;12244;10739;27388;10378;31284;7041;1285;2028;24;99;197;187;11;358;171;757;86;1158;664;1196;1550;1560;1311;1305;983;636;632;556;409;284;806;695;1403;3802;3357;1407;407;281;86;8263;1441;389;59;22;63;89;29;21;2;303;61;5;4;1407;86;8180;109;1662;2293;236;610;1578;3037;961;619;117;228;472;322;97;49;91;380;584;573;347;53
80302;Hohenems;5104;3965;8626;3844;12050;2677;529;627;11;37;61;56;15;155;56;866;14;484;141;437;566;477;499;420;468;356;368;444;235;209;663;295;646;1609;1193;435;155;94;14;3164;465;92;12;9;42;48;7;3;2;95;30;3;1;1117;14;3126;32;560;1386;57;266;781;1163;308;102;50;116;202;114;35;12;56;123;205;150;85;8
80303;Lustenau;6634;5585;11925;5365;15797;3984;619;752;10;37;103;103;7;303;99;616;1;639;429;820;751;680;624;774;333;313;364;434;466;7;463;400;721;2313;1661;751;219;105;1;4495;508;137;20;10;108;57;18;12;0;192;29;4;0;1043;1;4424;51;717;1442;51;386;1021;1857;524;145;40;110;252;151;43;23;36;146;171;222;149;28
80401;Altach;2086;1893;3541;1849;4169;1381;232;233;3;6;19;26;0;78;16;46;46;129;70;184;236;200;283;338;212;82;96;98;111;47;42;64;243;882;549;196;40;24;46;1604;200;25;0;3;9;7;0;1;0;41;4;0;0;146;46;1569;14;252;251;15;99;327;719;173;48;32;46;83;54;14;3;20;36;77;73;27;0
80402;Düns;181;165;199;162;286;137;21;3;1;0;1;1;0;4;2;11;0;45;4;6;21;16;17;19;10;4;17;8;13;1;6;8;20;67;54;23;2;1;0;158;3;0;0;1;0;0;0;0;0;2;1;0;0;16;0;134;3;15;29;2;17;19;73;20;6;2;2;10;5;2;0;0;1;2;0;0;0
80403;Dünserberg;90;85;108;81;157;65;14;2;0;3;1;0;1;0;0;4;0;26;4;6;9;9;12;6;3;5;2;4;4;0;5;13;13;30;16;13;0;0;0;79;2;0;0;0;0;0;0;0;0;3;1;0;0;5;0;48;4;5;33;10;11;11;22;8;3;0;1;7;3;3;0;0;0;2;0;0;0
80404;Feldkirch;8746;7688;19972;7479;34711;4753;1046;1658;22;52;123;139;12;213;131;593;4;867;485;780;908;998;1139;1207;513;632;385;478;349;5;567;633;935;2747;2391;1061;264;144;4;5725;1223;234;30;21;74;129;25;17;1;153;58;7;2;1043;4;5378;99;1784;1485;121;515;1526;1808;605;178;125;222;413;198;63;25;120;338;499;457;201;43
80405;Frastanz;2005;1798;3474;1744;4306;1241;276;221;6;12;18;23;4;59;14;131;0;190;110;212;265;226;224;233;126;101;104;133;79;2;137;141;298;691;503;171;36;28;0;1512;173;35;3;6;5;3;7;0;0;45;12;0;1;203;0;1301;53;250;401;96;163;255;522;168;37;23;55;110;67;18;3;22;56;59;52;31;1
80406;Fraxern;287;277;362;274;479;226;33;14;1;4;2;0;0;1;3;3;0;38;39;8;11;35;36;32;20;15;17;18;17;1;7;8;25;105;120;19;2;1;0;258;13;0;0;1;1;1;0;0;0;3;0;0;0;10;0;222;5;22;38;10;28;44;110;23;11;2;6;11;11;3;0;3;2;7;2;0;0
80407;Göfis;1141;1074;1634;1062;1968;831;141;88;2;4;2;6;1;14;7;10;35;145;27;73;95;150;139;155;94;48;83;43;54;35;10;28;103;470;364;106;20;5;35;967;84;3;0;2;5;1;0;0;0;11;3;0;0;30;35;877;9;170;85;15;68;189;404;122;33;8;27;50;41;13;2;6;24;35;20;3;0
80408;Götzis;3084;2829;6230;2732;7227;1928;368;430;6;18;38;55;1;87;39;97;17;376;140;354;382;339;465;325;235;86;113;129;92;48;74;160;424;1158;818;295;85;53;17;2278;335;55;13;6;18;21;5;1;0;76;22;1;1;235;17;2222;25;384;453;64;243;452;861;231;77;30;57;153;82;33;13;16;74;172;114;39;15
80409;Klaus;1090;991;1545;969;1953;729;138;101;1;7;19;16;0;36;11;24;8;102;21;61;146;129;128;174;149;45;42;41;43;9;25;36;93;437;347;105;22;17;8;858;93;2;0;1;9;6;0;0;0;18;3;0;1;91;8;786;11;153;140;16;70;169;342;88;44;11;34;56;25;10;2;14;39;33;14;1;0
80410;Koblach;1681;1590;2309;1567;2794;1263;192;106;6;4;9;7;1;39;10;38;6;105;25;63;152;176;238;314;140;147;100;124;91;6;30;33;135;769;523;130;38;17;6;1448;92;7;0;6;7;7;0;0;0;24;3;0;0;81;6;1353;14;145;169;16;75;281;681;164;46;11;49;60;44;16;12;8;27;39;29;3;0
80411;Laterns;359;329;465;319;573;217;83;18;1;9;3;4;3;7;6;8;0;137;9;18;29;42;37;20;20;17;10;7;11;2;22;29;58;136;89;20;3;2;0;299;17;0;0;1;1;1;0;0;0;9;1;0;0;30;0;202;5;24;128;39;39;52;61;22;4;9;15;33;17;4;5;3;6;8;1;0;0
80412;Mäder;1251;1183;1955;1166;2480;924;126;115;1;3;9;7;0;32;10;21;3;45;17;50;128;197;219;180;106;132;53;71;49;4;30;58;175;577;300;72;21;15;3;1043;99;8;0;1;7;6;2;0;0;13;4;0;0;65;3;1015;8;108;120;14;52;211;545;80;22;7;26;47;24;14;8;12;18;44;30;11;0
80413;Meiningen;877;822;1139;807;1454;668;87;51;1;3;6;1;2;26;10;18;4;58;12;31;55;130;120;108;78;70;57;83;70;5;21;37;78;336;307;61;23;10;4;752;47;3;0;1;3;1;0;0;0;12;3;0;0;51;4;726;6;59;86;12;46;146;344;91;29;3;26;30;18;8;2;6;20;16;7;2;0
80414;Rankweil;3324;2837;6096;2742;10480;1821;444;471;6;15;40;60;7;138;74;247;1;173;77;215;319;418;522;687;344;205;123;136;97;8;172;140;323;1064;986;403;130;105;1;2205;369;53;5;5;60;41;2;1;1;84;13;1;0;483;1;2218;18;461;627;14;128;477;898;251;53;16;91;185;114;26;12;26;97;155;132;56;5
80415;Röns;155;136;177;132;292;101;26;5;0;1;2;0;0;5;2;13;0;27;2;4;15;12;14;15;11;13;16;13;13;0;6;7;13;55;54;14;4;2;0;126;5;0;0;0;1;0;0;0;0;4;0;0;0;19;0;106;2;18;29;1;4;22;50;20;4;1;5;12;6;1;1;0;1;3;1;0;0
80416;Röthis;687;611;1132;598;1425;413;110;73;2;6;14;5;0;44;7;12;1;76;18;61;72;96;61;106;60;39;27;44;24;3;26;13;41;270;216;80;28;12;1;522;56;13;1;2;1;3;0;0;0;13;0;0;0;75;1;481;2;88;116;6;37;78;187;67;38;9;26;34;27;8;6;6;15;28;11;12;1
80417;Satteins;985;840;1329;820;1780;576;173;70;1;6;4;7;1;24;7;115;1;145;13;78;99;98;113;143;48;51;46;70;77;4;90;36;76;352;316;91;11;12;1;747;60;5;0;1;2;5;0;0;0;17;4;0;0;143;1;676;10;118;181;15;41;133;279;83;25;12;32;68;37;19;5;3;20;27;18;2;0
80418;Schlins;913;706;1271;683;2454;462;116;92;13;3;14;6;1;23;14;169;0;86;25;60;82;89;99;98;69;46;61;128;70;0;148;56;89;269;243;81;21;6;0;569;80;7;0;13;9;5;0;0;0;26;3;0;0;201;0;565;6;99;243;12;38;151;162;73;26;8;28;35;28;11;6;8;23;40;15;6;0
80419;Schnifis;336;311;364;306;507;271;28;7;0;1;3;0;3;4;3;16;0;68;14;19;26;29;41;43;22;29;13;13;19;0;11;24;35;122;106;34;4;0;0;299;7;0;0;0;0;0;0;0;0;5;0;0;0;25;0;238;6;41;51;16;41;48;108;39;19;0;3;12;6;7;0;2;1;2;2;0;0
80420;Sulz;784;729;1392;701;1701;478;133;89;1;5;15;11;3;27;13;9;0;75;19;73;99;76;103;87;82;54;42;32;41;1;9;21;85;283;250;91;27;18;0;607;74;11;0;1;4;3;1;0;0;20;7;0;1;55;0;595;7;89;93;5;40;95;261;63;14;5;18;56;39;7;8;6;21;33;17;12;0
80421;Übersaxen;273;260;356;260;429;186;66;8;0;0;0;1;0;0;3;3;6;52;8;17;39;41;23;31;10;16;7;12;11;6;2;14;33;89;113;13;2;1;6;250;8;0;0;0;2;0;0;0;0;0;0;0;0;7;6;180;3;25;65;11;32;40;79;18;6;4;14;27;15;5;1;0;3;5;0;0;0
80422;Viktorsberg;150;144;215;144;275;97;36;10;1;1;1;0;0;0;2;2;0;18;1;12;28;17;14;15;7;12;11;8;7;0;1;1;11;62;56;14;3;2;0;133;8;1;0;1;0;1;0;0;0;0;0;0;0;6;0;122;2;17;9;1;3;16;55;18;4;2;1;16;12;4;1;0;5;3;2;0;0
80423;Weiler;690;632;1148;620;1473;450;104;65;1;1;14;6;1;25;3;20;0;66;15;46;68;71;99;84;74;64;26;36;40;1;16;14;69;264;206;88;21;12;0;547;56;7;2;1;7;0;0;0;0;9;3;1;0;57;0;515;7;74;94;7;27;87;228;78;23;6;19;43;26;6;4;1;19;14;26;4;1
80424;Zwischenwasser;1123;1073;1740;1062;2099;812;151;93;6;5;3;4;1;11;7;27;3;148;28;80;118;164;120;154;108;57;52;51;40;3;31;43;110;476;342;96;19;3;3;960;78;12;1;6;3;2;0;0;0;10;2;0;0;46;3;835;8;141;139;29;72;154;407;120;30;11;32;56;39;9;4;7;22;37;19;8;0
90101;Wien-Innere Stadt;1675;1145;11868;468;13831;11;8;437;12;140;613;155;24;18;91;128;38;1135;56;125;56;15;67;14;1;5;11;23;7;160;139;10;7;30;87;388;599;377;38;18;154;156;68;12;1;16;36;7;0;125;380;151;22;491;38;158;44;946;527;0;2;1;1;0;7;3;0;1;1;1;2;3;10;31;62;189;142
90201;Wien-Leopoldstadt;5670;4632;63991;4458;71693;1646;22;2751;39;107;240;106;16;128;168;333;114;1590;294;569;460;283;527;138;144;352;329;223;221;540;917;888;98;107;323;1365;977;881;114;1667;423;1204;915;32;1;6;56;147;7;94;63;26;11;904;114;1065;225;2828;1552;667;708;161;28;21;61;11;5;1;1;1;3;4;22;113;433;1309;870
90301;Wien-Landstraße;4062;3368;58395;3136;62778;188;19;2896;33;58;308;104;18;109;121;119;89;1787;404;441;261;136;200;37;28;91;97;129;92;359;143;79;33;51;310;1539;888;930;89;207;560;1470;783;27;0;7;14;62;6;93;99;40;11;594;89;384;33;2916;729;59;58;11;12;7;41;3;2;9;3;2;0;8;25;131;553;1399;780
90401;Wien-Wieden;1520;1353;19754;1198;20535;22;6;1162;8;41;156;19;5;12;50;15;24;929;77;166;109;53;40;15;12;3;11;28;6;71;15;1;2;22;119;652;480;205;24;28;338;543;239;8;0;5;18;19;0;36;86;29;4;143;24;130;10;1232;148;3;2;1;1;0;15;1;0;3;1;0;1;5;13;50;217;541;336
90501;Wien-Margareten;2176;1995;33658;1878;34744;29;10;1825;14;14;93;30;12;37;40;19;53;1167;245;201;130;100;63;27;14;31;19;21;14;144;18;3;7;27;286;956;463;363;53;39;324;972;469;13;0;8;27;25;1;40;55;22;4;124;53;253;8;1750;165;0;0;2;10;3;14;2;3;1;2;1;1;3;29;132;462;893;306
90601;Wien-Mariahilf;1497;1219;18499;1057;19610;28;4;1000;25;34;126;130;5;28;48;26;43;916;61;62;62;83;77;16;6;19;20;10;13;152;90;17;10;20;132;596;415;174;43;31;247;491;230;23;1;6;16;10;2;40;85;40;3;229;43;125;23;1101;248;2;6;1;2;3;14;0;1;1;1;0;1;5;12;59;194;471;259
90701;Wien-Neubau;1626;1398;18459;1227;19364;26;26;1163;12;56;123;50;10;25;43;19;73;1105;53;32;51;58;62;24;10;31;20;15;15;150;39;7;6;37;172;642;446;204;73;52;430;503;166;12;0;19;27;18;0;38;93;42;2;151;73;149;16;1299;162;2;5;7;4;0;8;4;3;5;9;5;0;8;44;123;272;510;206
90801;Wien-Josefstadt;1181;1022;14433;925;14815;17;7;882;19;27;85;15;7;26;32;22;42;833;44;52;41;49;35;14;3;7;0;1;2;100;31;4;2;28;143;484;338;109;42;22;263;442;157;19;2;5;10;5;0;32;44;21;1;116;42;93;7;954;127;2;1;2;3;1;8;0;0;1;2;0;4;4;17;56;175;419;211
90901;Wien-Alsergrund;2006;1684;26268;1534;27375;28;13;1470;23;42;133;30;16;59;114;40;38;1328;147;95;68;58;62;24;4;16;26;15;10;153;40;5;8;22;207;886;526;274;38;40;339;760;312;23;1;9;23;27;0;51;62;34;6;281;38;151;16;1521;318;0;1;1;2;2;22;3;3;3;2;2;0;5;14;74;289;722;366
91001;Wien-Favoriten;14526;12820;113334;12546;123242;7024;241;5222;59;123;254;251;42;251;194;645;220;1513;1960;2364;1856;1019;1527;490;283;727;454;633;412;1288;1785;1805;932;1153;1550;3036;2061;1984;220;7264;1288;2156;1519;47;1;15;52;192;12;187;78;21;11;1463;220;5741;595;5427;2763;1889;2450;1179;947;342;217;73;35;68;38;18;9;38;191;634;1314;1905;1140
91101;Wien-Simmering;7873;6550;54862;6392;60183;3639;173;2539;41;50;190;122;42;374;114;441;148;622;904;1071;832;688;743;304;130;456;263;346;329;1185;846;950;578;901;774;1184;1179;1313;148;3807;611;1131;716;38;5;8;21;52;3;156;18;4;3;1152;148;2907;288;2702;1976;842;1032;761;623;204;177;24;31;71;33;9;5;19;110;277;673;794;666
91201;Wien-Meidling;7455;6520;56073;6261;61475;2662;200;3363;36;61;246;176;12;195;82;253;169;1383;1783;1020;751;410;360;148;119;144;160;281;236;660;853;561;320;465;899;1821;1239;1128;169;2858;1256;1431;557;32;4;15;39;65;4;174;82;17;5;747;169;2360;338;3475;1282;631;1018;493;285;116;119;47;34;58;30;23;8;70;197;528;1067;1133;368
91301;Wien-Hietzing;10877;9867;33421;9618;37321;6279;615;2686;38;45;237;102;12;77;188;397;201;1554;2630;1336;1177;999;639;347;205;291;245;341;286;827;1007;788;848;2099;2245;2017;975;697;201;6881;1951;624;79;36;13;15;11;6;2;185;71;4;1;797;201;4758;545;3729;1845;964;1340;948;1240;900;887;44;63;163;173;99;73;55;217;766;928;633;87
91401;Wien-Penzing;13649;12461;57869;12216;63570;8348;481;3364;23;64;180;114;15;139;140;519;262;1756;2503;1518;1384;1291;1201;392;401;547;452;530;559;1115;2086;2163;1251;1967;1812;2189;1002;917;262;8823;1470;1302;506;21;6;10;36;40;2;196;45;8;2;920;262;5460;1017;4377;2795;1966;2300;1310;1441;785;546;53;68;160;120;58;22;40;178;620;1088;1063;375
91501;Wien-Rudolfsheim-Fünfhaus;3811;2964;42770;2766;45221;222;21;2486;37;38;133;66;29;70;63;559;87;1613;379;177;163;227;128;32;36;62;64;82;61;787;681;30;16;50;444;1361;661;481;87;241;613;1306;504;35;2;10;16;37;2;87;95;26;4;746;87;574;147;2330;760;92;58;12;12;8;40;3;6;4;7;1;0;12;63;302;736;1131;242
91601;Wien-Ottakring;7172;6355;58929;6116;61924;2354;132;3600;30;42;142;102;12;155;122;291;190;2036;1023;722;719;486;523;161;90;157;206;206;171;672;853;716;322;464;1089;1928;821;789;190;2483;1192;1704;609;27;3;14;33;48;3;150;73;17;4;622;190;2095;328;3545;1204;789;623;319;284;175;164;11;21;42;30;20;8;34;220;593;1087;1354;312
91701;Wien-Hernals;6349;5735;33879;5560;36360;3203;163;2171;23;28;110;66;6;119;62;212;186;1462;938;655;538;436;538;200;137;163;174;237;197;674;1089;891;392;660;991;1401;471;268;186;3363;922;926;265;21;3;13;21;24;2;102;62;16;2;421;186;2098;469;2422;1360;1064;765;440;419;272;243;20;24;34;39;25;21;32;142;375;742;719;161
91801;Wien-Währing;4860;4429;31655;4261;33524;1334;237;2657;33;21;113;54;8;55;86;173;89;2030;593;445;342;332;224;82;74;96;75;116;108;343;357;224;119;492;1333;1621;402;223;89;1567;1499;934;177;33;4;18;19;10;0;96;72;10;0;332;89;1315;210;2690;645;248;195;131;207;184;369;2;12;50;71;44;58;22;164;558;881;879;153
91901;Wien-Döbling;9553;8388;44732;8094;50523;4018;508;3521;47;114;256;117;18;138;98;491;227;1574;1268;1136;1314;953;718;236;118;252;346;327;343;968;1050;624;392;989;2043;2592;1015;621;227;4520;2136;1112;225;41;6;22;17;9;6;203;95;9;3;922;227;3263;515;3813;1962;741;719;522;556;531;949;27;39;110;117;102;113;25;157;759;1334;1031;215
92001;Wien-Brigittenau;2613;2237;47501;2162;49252;122;3;2022;15;20;69;71;18;56;53;113;51;787;308;271;445;225;89;38;14;60;34;26;49;267;229;19;17;18;218;795;524;742;51;125;142;945;876;14;0;3;20;36;1;47;13;10;7;323;51;307;28;1865;413;74;10;13;7;2;16;1;0;0;1;1;0;4;11;72;336;1034;565
92101;Wien-Floridsdorf;22172;19624;99833;19282;112636;13349;652;5176;105;105;323;298;42;383;264;1027;448;1478;1976;2139;2543;2116;2477;796;944;1163;1309;1277;1148;2806;2698;3360;2725;3521;2643;2630;2084;2063;448;13986;2101;1952;930;101;15;26;55;112;4;304;52;11;2;2073;448;10592;931;6099;4550;2136;3411;3090;3057;1108;547;75;119;253;149;42;14;78;327;926;1431;1425;989
92201;Wien-Donaustadt;35467;31297;119257;30952;140920;25592;646;4654;60;142;388;310;53;486;281;1584;1271;743;4159;2519;2719;3037;3671;2014;1252;2290;2172;2228;2394;6269;3263;6037;4534;6056;4534;4922;2759;2091;1271;26210;1826;1409;1060;49;28;38;60;261;11;336;42;2;5;2859;1271;19891;1496;7717;6363;3046;6332;7378;6132;1797;907;42;107;249;153;63;32;47;260;657;1218;1225;1247
92301;Wien-Liesing;17579;15322;62790;14894;71176;10416;873;3554;51;78;483;286;38;677;146;651;326;1232;1380;1810;2459;1926;2525;701;442;770;677;938;805;1914;1229;1807;1648;3180;3017;2636;1831;1905;326;11270;2082;925;424;49;19;28;25;70;2;370;74;4;3;1908;326;8351;704;5002;3522;929;1618;2813;2947;1190;919;84;147;291;204;91;56;84;243;951;1116;676;484
