id;name;fl_lt45;fl_45b60;fl_60b75;fl_75b90;fl_90b120;fl_120b150;fl_150b200;fl_ge200;fl_ohne;wraum_1;wraum_2;wraum_3;wraum_4;wraum_5;wraum_ge6;wraum_unbekannt
10101;Eisenstadt;489;1209;1723;1812;2183;1243;624;342;213;430;645;2083;2554;1845;2068;213
10201;Rust;331;174;149;194;298;217;120;71;35;327;158;199;329;301;240;35
10301;Breitenbrunn am Neusiedler See;65;158;192;191;284;269;165;90;0;59;138;243;328;274;372;0
10302;Donnerskirchen;41;107;162;173;245;257;132;58;21;29;45;183;277;284;357;21
10303;Großhöflein;34;59;120;138;251;329;138;67;1;18;58;171;234;327;327;2
10304;Hornstein;279;315;356;326;514;433;230;105;11;50;137;371;529;570;901;11
10305;Klingenbach;16;50;80;106;176;147;67;37;1;6;27;114;197;174;161;1
10306;Leithaprodersdorf;6;30;25;28;107;151;127;86;0;7;12;39;80;150;271;1
10307;Mörbisch am See;62;101;162;196;300;317;200;97;1;31;56;183;279;290;596;1
10308;Müllendorf;8;42;78;102;220;195;95;47;5;11;16;76;168;184;332;5
10309;Neufeld an der Leitha;266;329;329;374;447;271;197;97;22;192;227;431;508;393;559;22
10310;Oggau am Neusiedler See;34;110;141;115;253;252;126;47;5;12;61;138;242;260;365;5
10311;Oslip;20;43;61;83;187;238;66;36;1;9;26;117;158;231;193;1
10312;Purbach am Neusiedler See;154;162;212;226;417;476;204;75;173;117;181;301;456;503;368;173
10313;Sankt Margarethen im Burgenland;76;104;148;138;399;445;192;77;7;33;103;251;320;338;534;7
10314;Schützen am Gebirge;15;36;57;73;161;197;120;71;2;7;46;90;154;185;248;2
10315;Siegendorf;69;121;122;194;423;406;206;85;4;47;90;202;413;422;452;4
10316;Steinbrunn;371;285;296;224;388;288;197;74;37;75;187;609;487;340;425;37
10317;Trausdorf an der Wulka;38;134;208;252;397;317;136;50;10;104;99;249;406;337;337;10
10318;Wimpassing an der Leitha;29;56;92;118;236;185;97;59;13;21;38;110;183;180;340;13
10319;Wulkaprodersdorf;10;30;50;105;218;329;151;66;8;3;22;122;187;276;349;8
10320;Loretto;37;43;53;38;70;82;33;12;0;11;34;57;95;62;109;0
10321;Stotzing;16;22;26;63;89;132;61;23;0;5;19;52;103;102;151;0
10322;Zillingtal;35;71;76;106;116;155;47;34;3;20;62;138;117;157;146;3
10323;Zagersdorf;4;20;40;70;149;149;93;30;3;7;8;39;97;163;241;3
10401;Bocksdorf;10;15;29;80;147;116;43;22;0;3;8;56;111;118;166;0
10402;Burgauberg-Neudauberg;15;48;50;67;181;208;95;57;0;14;40;100;154;199;214;0
10403;Eberau;26;47;60;96;128;159;77;28;6;32;25;83;132;131;218;6
10404;Gerersdorf-Sulz;8;13;49;61;146;157;78;34;1;3;15;66;104;124;234;1
10405;Güssing;179;139;212;368;549;440;171;85;32;113;139;326;572;526;467;32
10406;Güttenbach;3;15;78;93;127;90;28;10;1;2;2;29;103;156;152;1
10407;Heiligenbrunn;12;21;41;82;109;115;46;33;4;5;15;87;110;95;147;4
10408;Kukmirn;31;40;89;148;233;302;147;80;2;19;46;178;247;272;308;2
10409;Neuberg im Burgenland;20;35;53;73;176;149;38;27;0;3;13;82;139;176;157;1
10410;Neustift bei Güssing;17;22;37;52;69;67;19;6;2;5;15;60;83;62;64;2
10411;Olbendorf;26;40;104;135;230;183;69;46;4;12;19;118;245;211;228;4
10412;Ollersdorf im Burgenland;4;40;46;66;130;136;84;32;1;8;26;71;115;127;191;1
10413;Sankt Michael im Burgenland;5;45;35;96;140;172;74;28;2;5;15;98;148;157;172;2
10414;Stegersbach;77;145;247;295;403;335;123;58;7;34;118;378;403;368;382;7
10415;Stinatz;18;43;58;76;167;177;68;23;0;3;21;98;137;167;204;0
10416;Strem;13;104;96;55;98;57;70;194;0;5;25;62;189;71;335;0
10417;Tobaj;10;26;47;101;196;204;111;60;0;6;19;76;156;188;310;0
10418;Hackerberg;6;11;32;19;38;56;41;9;0;3;5;39;33;59;73;0
10419;Wörterberg;4;14;23;23;52;64;36;28;1;4;6;42;56;45;91;1
10420;Großmürbisch;7;8;19;22;32;38;20;6;0;6;6;41;25;39;35;0
10421;Inzenhof;15;20;21;34;54;40;14;10;0;7;22;46;44;43;46;0
10422;Kleinmürbisch;4;1;6;12;39;42;19;6;0;2;7;12;39;36;33;0
10423;Tschanigraben;3;4;6;2;19;13;2;3;0;2;3;10;13;9;15;0
10424;Heugraben;1;4;13;22;37;38;15;7;0;1;1;18;38;33;46;0
10425;Rohr im Burgenland;6;6;30;24;67;46;26;17;0;2;4;36;55;43;82;0
10426;Bildein;4;10;25;24;52;40;20;13;0;2;6;31;53;36;60;0
10427;Rauchwart;19;21;41;53;81;59;28;20;8;4;19;59;88;84;68;8
10428;Moschendorf;10;2;15;21;50;48;37;23;3;14;9;17;42;40;84;3
10501;Deutsch Kaltenbrunn;31;44;68;123;202;242;132;77;7;4;45;119;176;221;354;7
10502;Eltendorf;30;59;78;75;137;80;47;22;4;14;20;94;108;130;162;4
10503;Heiligenkreuz im Lafnitztal;44;40;74;107;214;174;67;27;2;22;37;111;213;159;205;2
10504;Jennersdorf;144;200;304;386;575;509;230;105;15;78;92;388;641;579;675;15
10505;Minihof-Liebau;22;49;65;69;166;130;44;21;1;12;31;111;129;136;147;1
10506;Mogersdorf;19;58;65;98;181;149;61;35;0;9;30;106;167;161;193;0
10507;Neuhaus am Klausenbach;29;20;56;66;106;126;62;26;2;4;26;74;141;114;132;2
10508;Rudersdorf;24;61;126;184;332;298;136;39;1;12;57;155;308;317;351;1
10509;Sankt Martin an der Raab;31;54;111;130;274;298;145;57;1;9;73;181;271;289;277;1
10510;Weichselbaum;21;20;50;69;118;107;42;16;1;2;18;68;124;99;132;1
10511;Königsdorf;20;18;30;74;115;105;47;20;2;6;19;57;136;95;116;2
10512;Mühlgraben;3;12;24;29;52;53;23;12;0;1;7;36;63;37;64;0
10601;Draßburg;8;61;57;93;157;149;74;46;8;4;45;100;150;167;179;8
10602;Forchtenstein;90;63;131;146;345;422;221;118;1;62;53;177;327;380;537;1
10603;Hirm;22;42;61;99;176;107;38;18;4;20;37;82;147;153;124;4
10604;Loipersbach im Burgenland;37;58;85;93;136;177;78;42;0;17;47;82;148;162;250;0
10605;Marz;29;42;81;113;220;346;171;59;0;10;37;159;219;283;353;0
10606;Mattersburg;169;295;480;711;954;716;414;308;141;107;343;772;932;745;1148;141
10607;Neudörfl;201;280;389;481;672;437;197;78;3;47;129;478;743;517;821;3
10608;Pöttelsdorf;16;43;44;68;88;111;56;22;0;14;33;62;89;116;134;0
10609;Pöttsching;104;186;190;243;410;384;200;89;4;67;153;303;359;409;515;4
10610;Rohrbach bei Mattersburg;37;106;155;174;333;367;150;86;17;14;68;163;346;411;406;17
10611;Bad Sauerbrunn;39;121;166;209;365;262;120;87;8;33;91;223;308;300;414;8
10612;Schattendorf;44;128;158;146;338;332;160;50;6;12;49;202;339;379;375;6
10613;Sieggraben;22;33;67;68;161;186;87;41;0;6;21;91;160;160;227;0
10614;Sigleß;12;33;58;74;170;167;80;29;1;2;20;91;145;144;221;1
10615;Wiesen;44;106;159;123;346;471;179;56;126;25;61;245;365;403;385;126
10616;Antau;7;27;32;54;95;129;46;39;1;10;16;57;104;99;143;1
10617;Baumgarten;12;46;34;60;108;144;60;27;7;2;45;78;124;108;134;7
10618;Zemendorf-Stöttera;19;56;74;76;140;185;74;67;4;2;43;103;155;180;208;4
10619;Krensdorf;7;2;26;25;65;100;57;19;1;2;11;29;71;93;95;1
10701;Andau;25;50;71;87;215;421;204;113;14;27;54;104;250;357;394;14
10702;Apetlon;47;47;73;91;204;303;210;117;1;25;72;143;229;291;332;1
10703;Bruckneudorf;38;223;237;447;453;193;74;30;36;74;155;294;621;364;187;36
10704;Deutsch Jahrndorf;4;9;21;33;84;92;65;62;1;2;7;38;87;93;143;1
10705;Frauenkirchen;150;168;167;202;351;490;214;96;4;77;81;278;456;446;500;4
10706;Gattendorf;15;51;51;66;202;183;136;65;4;6;10;48;151;157;397;4
10707;Gols;68;120;170;209;436;503;350;180;5;16;66;205;390;473;886;5
10708;Halbturn;14;36;77;79;178;257;191;111;2;9;19;83;204;238;390;2
10709;Illmitz;30;96;113;123;263;408;198;146;7;18;65;204;270;319;501;7
10710;Jois;28;66;81;123;179;206;121;82;36;20;45;137;185;178;321;36
10711;Kittsee;74;111;202;302;485;373;238;100;4;56;56;169;421;344;839;4
10712;Mönchhof;34;60;84;85;223;339;192;94;4;18;59;133;203;295;403;4
10713;Neusiedl am See;315;555;708;898;1135;807;525;278;30;153;703;1064;1149;864;1288;30
10714;Nickelsdorf;29;51;73;99;230;267;173;74;5;26;45;127;221;229;348;5
10715;Pama;18;70;50;62;111;197;106;63;0;10;45;101;144;180;197;0
10716;Pamhagen;46;25;38;66;203;224;141;81;1;40;25;41;119;189;410;1
10717;Parndorf;51;206;254;379;662;586;307;119;3;24;64;311;657;668;840;3
10718;Podersdorf am See;114;105;134;148;320;343;194;89;8;68;120;217;384;319;339;8
10719;Sankt Andrä am Zicksee;49;88;88;79;161;199;138;63;20;27;71;109;206;225;227;20
10720;Tadten;2;13;34;45;114;196;120;82;0;3;6;43;113;193;248;0
10721;Wallern im Burgenland;12;31;41;63;172;292;141;104;2;11;22;86;171;217;349;2
10722;Weiden am See;151;191;306;222;396;343;247;130;8;86;254;356;383;351;556;8
10723;Winden am See;35;93;93;79;181;202;117;32;1;13;85;145;169;193;227;1
10724;Zurndorf;63;129;111;123;292;356;147;95;1;50;127;200;294;307;338;1
10725;Neudorf;16;34;39;44;124;115;79;31;0;2;17;60;107;126;170;0
10726;Potzneusiedl;8;39;49;40;135;84;47;17;3;4;23;65;89;85;153;3
10727;Edelstal;12;24;32;38;79;100;67;73;0;8;14;37;76;77;213;0
10801;Deutschkreutz;57;63;181;233;403;457;216;141;6;27;100;258;388;472;506;6
10802;Draßmarkt;24;44;50;68;167;219;84;76;3;12;9;72;209;202;228;3
10803;Frankenau-Unterpullendorf;27;33;62;74;157;187;100;70;4;13;22;111;154;166;244;4
10804;Großwarasdorf;36;51;124;128;252;234;95;46;6;15;39;207;236;241;228;6
10805;Horitschon;28;56;89;89;255;285;111;54;7;11;56;106;194;247;353;7
10806;Kaisersdorf;4;24;45;48;122;108;42;21;3;1;19;63;115;117;99;3
10807;Kobersdorf;36;77;118;161;275;230;161;74;1;9;42;226;254;225;376;1
10808;Lackenbach;21;44;88;74;159;151;60;32;15;15;24;90;167;146;187;15
10809;Lockenhaus;74;89;164;169;286;271;169;84;6;45;76;210;311;276;388;6
10810;Lutzmannsburg;35;87;79;69;127;137;83;39;0;7;50;137;124;116;222;0
10811;Mannersdorf an der Rabnitz;18;95;127;124;234;270;124;67;10;13;21;156;293;262;314;10
10812;Markt Sankt Martin;7;69;113;88;186;183;91;46;6;4;33;135;206;190;215;6
10813;Neckenmarkt;34;52;90;95;171;280;126;67;3;15;40;151;207;250;252;3
10814;Neutal;23;43;58;64;153;181;60;22;24;17;38;81;151;146;171;24
10815;Nikitsch;29;71;120;109;251;257;134;50;1;11;45;175;256;255;279;1
10816;Oberpullendorf;90;158;280;380;476;305;170;98;38;70;108;352;570;393;464;38
10817;Pilgersdorf;21;49;82;101;219;289;101;40;7;16;32;134;228;243;249;7
10818;Piringsdorf;6;28;28;61;92;136;67;19;6;3;22;49;85;130;148;6
10819;Raiding;11;65;37;45;119;128;42;38;1;6;56;69;90;96;168;1
10820;Ritzing;21;32;79;84;175;139;60;29;1;9;27;109;174;145;155;1
10821;Steinberg-Dörfl;13;35;96;75;169;166;109;73;2;5;27;116;174;175;239;2
10822;Stoob;31;55;85;91;189;171;78;55;4;23;50;100;171;188;223;4
10823;Weppersdorf;14;63;93;120;263;233;143;81;4;5;21;129;220;242;393;4
10824;Lackendorf;2;25;15;32;72;85;46;33;1;5;13;39;57;66;130;1
10825;Unterfrauenhaid;5;11;34;31;79;95;40;34;2;4;12;35;65;89;124;2
10826;Unterrabnitz-Schwendgraben;2;11;16;22;74;87;55;33;1;2;6;32;46;86;128;1
10827;Weingraben;4;8;20;17;54;64;24;11;0;2;4;31;44;72;49;0
10828;Oberloisdorf;5;38;38;47;96;106;61;37;2;9;10;47;104;99;159;2
10901;Bad Tatzmannsdorf;206;100;133;158;232;202;92;61;2;108;125;146;284;243;278;2
10902;Bernstein;43;56;130;145;276;328;165;90;6;12;54;175;248;310;434;6
10903;Deutsch Schützen-Eisenberg;17;40;62;80;189;158;83;29;34;52;32;85;142;159;188;34
10904;Grafenschachen;19;44;45;71;161;191;76;40;1;1;23;103;159;177;184;1
10905;Großpetersdorf;60;173;236;274;561;455;182;93;21;31;93;290;500;523;597;21
10906;Hannersdorf;27;48;63;70;128;107;50;20;7;16;24;103;141;110;119;7
10907;Kemeten;36;45;100;103;236;216;91;46;1;5;22;102;198;210;336;1
10908;Kohfidisch;40;40;61;104;217;230;87;32;3;10;25;114;221;206;235;3
10909;Litzelsdorf;12;45;75;82;184;151;71;39;0;4;34;115;161;143;202;0
10910;Loipersdorf-Kitzladen;14;29;36;55;159;207;97;35;0;5;26;66;115;196;224;0
10911;Mariasdorf;15;49;57;69;179;158;81;24;0;10;22;99;146;156;199;0
10912;Markt Allhau;31;76;138;119;282;275;147;71;9;28;65;179;275;225;367;9
10913;Markt Neuhodis;6;20;58;38;100;109;43;24;2;3;7;51;80;113;144;2
10914;Mischendorf;15;30;75;91;201;263;87;47;0;10;26;108;200;220;245;0
10915;Oberdorf im Burgenland;16;31;55;51;193;163;58;23;1;9;21;84;162;186;128;1
10916;Oberschützen;52;97;165;140;273;325;159;82;13;25;56;173;279;297;463;13
10917;Oberwart;385;557;643;827;1086;722;371;159;14;210;272;785;1189;930;1364;14
10918;Pinkafeld;247;355;399;442;811;527;252;107;33;123;325;572;692;731;697;33
10919;Rechnitz;106;143;243;194;462;411;141;74;39;55;76;312;466;392;473;39
10920;Riedlingsdorf;7;71;103;115;185;236;94;42;1;1;13;111;201;191;336;1
10921;Rotenturm an der Pinka;15;28;65;99;227;228;80;36;5;8;38;111;210;228;183;5
10922;Schachendorf;11;31;65;57;127;97;59;31;1;8;11;86;117;114;142;1
10923;Stadtschlaining;23;59;127;148;298;268;136;64;1;8;54;176;239;309;337;1
10924;Unterkohlstätten;6;9;37;32;110;172;74;58;0;3;12;48;90;146;199;0
10925;Unterwart;17;37;59;84;157;129;51;28;0;1;34;118;133;105;171;0
10926;Weiden bei Rechnitz;16;36;75;70;145;140;51;24;0;16;12;101;151;137;140;0
10927;Wiesfleck;17;25;50;42;128;163;82;70;2;7;19;77;115;109;250;2
10928;Wolfau;23;59;61;102;173;207;106;50;0;11;58;96;181;162;273;0
10929;Neustift an der Lafnitz;9;15;44;39;112;105;46;26;1;1;15;55;97;122;106;1
10930;Jabing;4;21;35;49;116;112;43;11;4;0;21;55;93;109;113;4
10931;Badersdorf;1;5;11;23;50;47;11;8;3;3;4;29;39;52;29;3
10932;Schandorf;4;10;19;25;39;51;20;11;2;3;3;25;43;44;61;2
20101;Klagenfurt am Wörthersee;8885;10548;12352;13048;11746;6488;2813;1148;528;5367;11401;17115;17056;8886;7203;528
20201;Villach;4429;6791;8288;7487;7136;3891;1732;628;968;2450;5851;11284;11200;5336;4261;968
20302;Dellach;23;34;53;70;117;118;139;49;2;5;25;32;60;52;429;2
20305;Hermagor-Pressegger See;770;832;1004;848;1010;752;385;123;35;235;672;1279;1285;899;1354;35
20306;Kirchbach;49;83;172;180;272;253;192;96;1;14;51;218;261;222;531;1
20307;Kötschach-Mauthen;95;179;301;259;342;370;228;111;6;49;151;327;371;299;688;6
20316;St. Stefan im Gailtal;97;59;110;105;217;159;124;60;14;18;57;197;174;147;338;14
20320;Gitschtal;35;42;90;78;127;131;89;65;15;16;43;95;125;102;276;15
20321;Lesachtal;53;51;57;68;110;115;122;79;2;22;60;82;123;110;258;2
20402;Ebenthal in Kärnten;173;316;630;690;801;1009;449;87;3;85;277;850;1133;912;898;3
20403;Feistritz im Rosental;41;150;124;245;288;268;181;68;3;28;73;202;310;255;497;3
20405;Ferlach;359;441;612;749;894;768;369;142;26;155;280;673;998;833;1395;26
20409;Grafenstein;51;99;190;179;293;362;209;83;7;16;71;223;313;324;519;7
20412;Keutschach am See;67;137;184;212;289;287;151;77;16;44;171;218;295;276;400;16
20414;Köttmannsdorf;57;82;170;171;362;428;243;75;13;20;94;229;338;390;517;13
20415;Krumpendorf am Wörthersee;283;335;381;417;437;363;241;139;75;233;379;398;553;416;617;75
20416;Ludmannsdorf;38;50;88;118;191;233;138;55;24;15;53;123;174;213;333;24
20417;Maria Rain;49;69;148;190;247;392;205;73;10;35;66;215;322;297;438;10
20418;Maria Saal;75;99;213;229;413;560;288;162;2;43;102;251;387;404;852;2
20419;Maria Wörth;131;214;296;179;307;238;149;170;3;32;131;246;283;363;629;3
20421;Moosburg;107;180;267;317;463;537;309;101;4;62;191;368;496;465;699;4
20424;Pörtschach am Wörther See;136;384;418;379;435;285;205;155;8;82;321;421;568;407;598;8
20425;Poggersdorf;49;100;173;179;351;472;246;81;1;28;67;203;360;350;643;1
20428;St. Margareten im Rosental;19;37;52;76;104;160;94;44;1;5;18;72;104;122;265;1
20432;Schiefling am Wörthersee;131;172;233;195;441;307;214;78;2;54;231;344;416;338;388;2
20435;Techelsberg am Wörther See;147;181;172;191;255;213;174;119;12;95;107;284;264;223;479;12
20441;Zell;66;29;49;53;77;65;41;12;6;28;43;54;82;61;124;6
20442;Magdalensberg;51;85;160;164;345;490;286;97;2;28;45;207;325;355;718;2
20501;Althofen;245;401;640;514;466;374;185;105;2;194;270;516;923;307;720;2
20502;Brückl;75;135;267;258;288;272;133;53;4;55;93;267;345;335;386;4
20503;Deutsch-Griffen;23;42;78;85;92;75;52;26;0;13;24;81;106;94;155;0
20504;Eberstein;62;62;142;122;142;129;74;36;0;23;48;193;168;121;216;0
20505;Friesach;204;328;481;400;465;485;252;128;27;93;224;470;641;457;858;27
20506;Glödnitz;57;90;118;106;131;91;63;25;7;43;46;119;138;97;238;7
20508;Gurk;38;76;111;112;141;111;53;42;3;10;46;104;165;126;233;3
20509;Guttaring;29;67;96;93;148;135;121;58;12;9;49;83;150;164;292;12
20511;Hüttenberg;80;162;203;130;227;139;60;44;33;84;88;231;265;172;205;33
20512;Kappel am Krappfeld;42;93;122;132;177;221;121;68;9;22;66;173;203;165;347;9
20513;Klein St. Paul;110;178;206;161;211;166;67;43;47;38;138;252;259;191;264;47
20515;Liebenfels;83;148;230;241;319;345;209;112;8;43;99;252;358;340;595;8
20518;Metnitz;66;86;97;115;171;223;150;85;9;23;74;141;169;149;437;9
20519;Micheldorf;55;37;96;69;83;128;57;19;7;8;44;113;99;81;199;7
20520;Mölbling;32;49;91;90;120;162;82;69;35;29;50;105;143;120;248;35
20523;St. Georgen am Längsee;114;153;230;258;342;446;246;126;32;55;165;264;400;357;674;32
20527;St. Veit an der Glan;814;1291;1575;1493;1065;737;378;134;151;393;1124;1922;2075;994;979;151
20530;Straßburg;45;104;164;156;199;177;128;64;5;12;70;182;228;168;377;5
20531;Weitensfeld im Gurktal;51;59;122;127;215;247;118;72;139;28;40;138;207;223;375;139
20534;Frauenstein;48;101;158;200;367;437;266;120;1;23;69;193;355;385;672;1
20601;Bad Kleinkirchheim;725;668;598;325;342;209;116;56;6;169;378;552;611;445;884;6
20602;Baldramsdorf;34;84;149;140;174;195;105;38;16;22;61;148;196;162;330;16
20603;Berg im Drautal;30;49;100;94;172;134;77;36;6;16;36;132;156;127;225;6
20604;Dellach im Drautal;37;75;136;149;232;146;84;60;6;12;49;182;255;158;263;6
20605;Großkirchheim;16;41;65;70;130;142;165;100;0;6;17;42;73;76;515;0
20607;Flattach;45;66;67;96;133;142;104;39;5;26;53;108;138;113;254;5
20608;Gmünd in Kärnten;72;180;232;211;276;251;172;88;19;27;104;266;350;248;487;19
20609;Greifenburg;46;101;169;159;219;141;100;51;4;23;87;211;230;171;264;4
20610;Heiligenblut am Großglockner;64;54;128;86;120;81;58;69;34;44;55;104;129;93;235;34
20611;Irschen;54;62;104;111;234;215;192;52;9;18;38;109;163;185;511;9
20613;Kleblach-Lind;15;24;72;74;115;116;88;35;8;10;12;70;102;106;239;8
20616;Lendorf;43;59;117;95;167;154;126;96;2;19;58;143;152;116;369;2
20618;Mallnitz;47;57;139;95;128;71;45;36;25;39;49;135;152;93;150;25
20619;Malta;49;98;119;159;218;195;168;75;1;28;93;170;238;186;366;1
20620;Millstatt am See;169;272;458;423;520;376;259;128;28;57;354;672;609;392;521;28
20622;Mörtschach;27;57;57;55;81;92;75;22;2;8;24;94;86;80;174;2
20624;Mühldorf;33;49;103;76;95;77;56;22;8;16;26;110;145;85;129;8
20625;Oberdrauburg;39;49;95;89;109;132;81;29;58;20;36;113;131;117;206;58
20627;Obervellach;74;106;164;200;256;213;147;71;21;36;84;216;315;213;367;21
20630;Radenthein;235;418;539;699;745;615;253;90;111;101;289;742;932;659;871;111
20631;Rangersdorf;94;79;119;128;176;157;109;65;6;48;74;155;179;158;313;6
20632;Rennweg am Katschberg;162;112;163;169;221;187;144;47;40;51;120;224;304;192;314;40
20633;Sachsenburg;35;65;108;125;142;153;65;17;8;23;50;118;150;116;253;8
20634;Seeboden am Millstätter See;222;467;661;637;773;711;457;162;40;87;201;511;706;758;1827;40
20635;Spittal an der Drau;940;1422;1690;1630;1627;1017;549;230;29;538;932;2064;2281;1401;1889;29
20636;Stall;71;60;127;90;126;142;90;35;12;34;71;127;152;118;239;12
20637;Steinfeld;62;82;126;136;187;149;103;171;3;39;43;105;230;187;412;3
20638;Trebesing;40;24;64;58;91;129;80;69;2;13;22;83;97;110;230;2
20639;Weißensee;98;89;78;110;131;100;59;22;2;48;64;173;141;93;168;2
20640;Winklern;50;74;111;81;131;116;67;28;51;18;60;102;138;99;241;51
20642;Krems in Kärnten;66;98;131;148;175;194;137;58;14;25;121;163;200;199;299;14
20643;Lurnfeld;43;94;189;200;278;325;157;76;39;17;74;206;265;265;535;39
20644;Reißeck;79;79;153;154;304;250;161;88;8;25;64;163;283;225;508;8
20701;Afritz am See;58;89;146;109;183;131;82;45;12;39;68;168;192;144;232;12
20702;Arnoldstein;179;454;645;737;872;651;332;103;6;62;310;780;998;756;1067;6
20703;Arriach;43;64;95;78;131;126;146;96;4;17;58;136;145;105;318;4
20705;Bad Bleiberg;102;201;242;232;345;209;118;43;15;36;103;319;376;275;383;15
20707;Feistritz an der Gail;29;24;40;51;64;60;61;35;9;10;9;50;65;56;174;9
20708;Feld am See;42;68;113;97;157;126;76;29;1;20;48;145;178;132;185;1
20710;Ferndorf;57;94;242;220;229;220;75;41;49;35;52;259;318;216;298;49
20711;Finkenstein am Faaker See;475;653;828;808;1107;1070;588;191;185;228;406;1048;1306;1115;1617;185
20712;Fresach;28;38;70;67;140;152;84;53;2;14;27;63;137;125;266;2
20713;Hohenthurn;34;29;54;59;97;90;80;26;6;8;34;70;109;82;166;6
20719;Nötsch im Gailtal;50;110;175;178;281;250;158;61;20;30;78;205;287;245;418;20
20720;Paternion;271;244;401;508;569;600;275;140;14;125;203;562;705;497;916;14
20721;Rosegg;14;84;114;174;246;197;120;76;39;24;35;97;209;214;446;39
20722;St. Jakob im Rosental;81;167;378;403;566;510;311;74;2;31;149;410;564;525;811;2
20723;Stockenboi;27;56;88;110;175;195;110;48;2;12;44;120;147;157;329;2
20724;Treffen am Ossiacher See;375;385;559;525;583;489;232;130;55;129;395;598;664;599;893;55
20725;Velden am Wörther See;739;787;1037;880;1288;1020;632;297;38;363;605;1197;1304;1272;1939;38
20726;Weißenstein;73;122;214;152;339;318;175;93;16;31;89;230;299;278;559;16
20727;Wernberg;60;168;381;303;606;764;359;87;40;27;117;407;469;565;1143;40
20801;Bleiburg;142;159;285;302;429;412;271;121;6;99;169;414;504;356;579;6
20802;Diex;24;35;71;68;97;67;67;31;2;12;39;80;97;77;155;2
20803;Eberndorf;143;240;435;386;805;715;364;146;2;41;237;578;867;694;817;2
20804;Eisenkappel-Vellach;102;165;195;257;278;214;113;59;1;103;99;278;307;223;373;1
20805;Feistritz ob Bleiburg;35;60;138;141;254;269;191;56;1;11;46;152;243;237;455;1
20806;Gallizien;28;62;125;122;188;241;107;41;12;22;41;152;193;183;323;12
20807;Globasnitz;35;38;78;106;186;163;90;101;1;33;36;115;156;153;304;1
20808;Griffen;118;158;291;260;351;337;237;84;13;47;126;312;387;360;604;13
20810;Neuhaus;12;25;35;76;104;98;66;32;3;13;17;69;94;80;175;3
20812;Ruden;44;40;97;88;188;171;93;31;8;16;55;102;177;144;258;8
20813;St. Kanzian am Klopeiner See;206;371;413;385;622;472;301;158;10;32;192;389;514;421;1380;10
20815;Sittersdorf;51;118;170;137;264;240;135;55;2;17;61;176;248;229;439;2
20817;Völkermarkt;371;586;817;852;1206;1150;698;273;4;85;206;472;790;1115;3285;4
20901;Bad St. Leonhard im Lavanttal;132;207;262;262;465;475;277;123;8;53;169;423;447;407;704;8
20905;Frantschach-St. Gertraud;113;149;245;250;216;180;113;52;2;55;116;253;333;177;384;2
20909;Lavamünd;95;117;231;246;353;314;181;75;14;19;86;127;216;207;957;14
20911;Preitenegg;21;28;46;62;97;105;64;60;3;10;18;39;59;79;278;3
20912;Reichenfels;19;43;103;136;168;174;110;75;12;45;29;109;192;157;296;12
20913;St. Andrä;209;410;625;751;1143;1044;589;187;5;65;322;832;1128;985;1626;5
20914;St. Georgen im Lavanttal;54;102;105;109;146;206;148;61;0;17;76;164;191;191;292;0
20918;St. Paul im Lavanttal;99;138;221;246;298;332;190;101;14;50;89;252;374;314;546;14
20923;Wolfsberg;1013;1633;2091;2266;2654;2459;1341;470;5;493;1380;3122;3496;2595;2841;5
21001;Albeck;55;82;123;109;185;119;98;46;0;18;72;161;168;157;241;0
21002;Feldkirchen in Kärnten;562;835;1251;1334;1473;1440;800;264;26;280;841;1555;1944;1351;1988;26
21003;Glanegg;36;49;95;85;199;207;115;61;6;33;30;104;173;203;304;6
21004;Gnesau;28;44;90;76;121;126;72;36;13;10;45;92;128;103;215;13
21005;Himmelberg;67;86;166;158;241;262;164;71;9;25;82;212;265;195;436;9
21006;Ossiach;78;77;121;86;149;91;65;44;12;40;52;135;135;122;227;12
21007;Reichenau;141;232;259;231;339;223;161;84;1;64;200;326;377;276;427;1
21008;St. Urban;163;129;124;106;147;150;112;60;0;36;176;191;131;127;330;0
21009;Steindorf am Ossiacher See;340;570;469;416;501;426;256;116;22;193;561;651;669;436;584;22
21010;Steuerberg;37;48;96;133;158;172;111;32;11;20;45;102;157;139;324;11
30101;Krems an der Donau;2141;2967;3276;3213;3032;1426;712;435;75;968;2606;4369;4826;2337;2096;75
30201;St. Pölten;4031;5403;7105;6567;5551;3406;1688;759;69;1754;5073;8359;9578;5043;4703;69
30301;Waidhofen an der Ybbs;483;762;1110;1046;1248;948;601;429;11;317;512;1290;1642;1138;1728;11
30401;Wiener Neustadt;2735;4842;5883;5601;4426;2300;1137;559;70;930;4731;8222;7520;3332;2748;70
30501;Allhartsberg;27;33;63;117;169;274;188;96;11;3;21;76;118;151;598;11
30502;Amstetten;1015;2026;2282;2463;2725;1721;883;434;96;202;1223;2711;3736;2433;3244;96
30503;Ardagger;25;68;107;109;195;329;248;516;8;2;44;141;244;278;888;8
30504;Aschbach-Markt;39;95;144;226;402;428;254;129;15;28;60;228;376;386;639;15
30506;Behamberg;68;72;166;141;329;457;295;126;88;29;81;162;289;390;703;88
30507;Biberbach;25;44;61;115;192;246;148;140;39;12;24;102;191;214;428;39
30508;Ennsdorf;54;102;220;385;344;292;161;98;21;19;70;166;438;437;526;21
30509;Ernsthofen;35;63;102;172;241;289;152;64;25;16;28;89;239;239;507;25
30510;Ertl;9;12;49;55;111;182;90;41;23;4;8;57;91;103;286;23
30511;Euratsfeld;14;36;53;122;204;260;215;201;3;7;23;62;149;234;630;3
30512;Ferschnitz;27;28;76;46;125;199;162;136;5;16;36;44;91;117;495;5
30514;Haag;117;299;453;434;564;540;306;217;79;49;262;459;672;517;971;79
30515;Haidershofen;48;74;167;150;401;449;283;134;114;21;24;91;294;349;927;114
30516;Hollenstein an der Ybbs;52;60;161;133;188;213;110;76;17;16;51;143;261;164;358;17
30517;Kematen an der Ybbs;44;157;252;249;338;236;103;60;39;24;76;216;414;288;421;39
30520;Neuhofen an der Ybbs;19;43;120;121;248;348;193;154;5;13;30;71;133;240;759;5
30521;Neustadtl an der Donau;32;43;90;96;244;223;144;83;3;15;52;128;225;196;339;3
30522;Oed-Oehling;10;47;97;149;191;231;139;82;12;13;28;101;168;195;440;13
30524;Opponitz;13;22;33;34;101;74;70;63;19;5;16;45;74;95;175;19
30526;St. Georgen am Reith;9;21;17;26;68;43;34;31;1;0;9;29;53;38;120;1
30527;St. Georgen am Ybbsfelde;26;58;119;133;299;375;174;109;8;13;28;102;229;275;646;8
30529;St. Pantaleon-Erla;68;88;149;155;264;341;171;87;21;29;61;123;264;273;573;21
30530;St. Peter in der Au;48;139;237;268;470;559;316;228;2;34;78;210;525;476;942;2
30531;St. Valentin;304;638;899;1013;1022;831;437;207;16;130;437;914;1517;1126;1227;16
30532;Seitenstetten;39;120;128;183;319;335;210;161;4;11;53;181;273;329;648;4
30533;Sonntagberg;129;284;376;277;402;333;150;74;83;49;111;396;589;374;506;83
30534;Strengberg;33;60;82;106;190;239;175;138;81;23;39;114;190;184;473;81
30536;Viehdorf;16;55;35;64;123;143;85;62;6;4;63;41;92;129;254;6
30538;Wallsee-Sindelburg;18;45;79;121;180;249;140;116;4;14;23;89;212;195;415;4
30539;Weistrach;19;62;158;108;187;314;204;95;20;10;41;91;208;288;509;20
30541;Winklarn;27;69;62;124;145;228;121;71;8;13;81;106;171;189;287;8
30542;Wolfsbach;22;31;59;53;133;219;160;168;7;2;12;73;130;139;489;7
30543;Ybbsitz;55;114;189;193;361;389;211;132;1;29;78;234;366;348;589;1
30544;Zeillern;10;32;69;69;128;213;170;112;0;3;3;33;121;156;487;0
30601;Alland;105;141;162;169;269;326;195;133;9;76;83;199;309;300;533;9
30602;Altenmarkt an der Triesting;61;74;158;177;229;217;136;96;3;25;37;163;201;184;538;3
30603;Bad Vöslau;741;884;1143;1243;1487;879;533;242;88;384;663;1308;1974;1407;1416;88
30604;Baden;1827;2459;3424;2950;2877;1582;1091;937;15;912;1821;3554;4450;2457;3953;15
30605;Berndorf;528;750;971;789;862;656;309;153;50;159;556;1198;1378;766;961;50
30607;Ebreichsdorf;487;578;839;969;1490;1043;529;350;117;324;386;784;1429;1459;1903;117
30608;Enzesfeld-Lindabrunn;141;371;453;359;519;413;176;89;18;179;122;467;616;472;665;18
30609;Furth an der Triesting;22;31;62;54;115;82;40;29;22;11;24;72;91;79;158;22
30612;Günselsdorf;59;134;186;141;172;136;43;25;36;26;60;205;255;181;169;36
30613;Heiligenkreuz;23;29;95;75;149;185;109;120;4;11;16;74;134;178;372;4
30614;Hernstein;30;54;84;117;225;188;117;62;13;12;42;123;199;209;292;13
30615;Hirtenberg;178;152;249;237;222;119;49;22;20;36;102;296;385;219;190;20
30616;Klausen-Leopoldsdorf;32;96;119;205;192;163;112;75;21;12;71;174;275;207;255;21
30618;Kottingbrunn;178;298;451;603;1104;724;334;134;49;76;277;527;1000;945;1001;49
30620;Leobersdorf;225;487;764;525;584;240;152;65;11;140;333;652;775;461;681;11
30621;Mitterndorf an der Fischa;66;128;221;200;369;305;128;56;2;18;88;251;335;322;459;2
30623;Oberwaltersdorf;183;209;296;353;663;395;324;371;13;122;180;337;652;542;961;13
30625;Pfaffstätten;94;194;212;283;370;301;215;107;96;66;92;325;458;328;507;96
30626;Pottendorf;245;339;600;634;954;753;382;176;142;107;251;607;1179;849;1090;142
30627;Pottenstein;130;214;377;333;280;236;106;56;26;56;108;312;456;346;454;26
30629;Reisenberg;59;49;181;159;256;223;81;58;10;22;53;172;290;205;324;10
30631;Schönau an der Triesting;112;72;172;158;236;220;121;41;47;77;57;167;332;260;239;47
30633;Seibersdorf;14;54;63;93;267;233;130;85;20;9;38;140;226;212;314;20
30635;Sooß;63;73;84;68;120;106;61;56;11;31;36;105;146;96;217;11
30636;Tattendorf;28;57;87;95;179;205;99;54;4;13;36;80;170;179;326;4
30637;Teesdorf;43;142;158;115;230;109;116;72;1;26;52;130;166;84;527;1
30639;Traiskirchen;624;1018;1471;1723;2409;1268;702;262;172;350;812;1912;2794;1934;1675;172
30641;Trumau;191;246;294;300;478;219;118;66;38;43;208;415;546;381;319;38
30645;Weissenbach an der Triesting;70;126;214;161;183;135;80;49;37;24;101;217;299;168;209;37
30646;Blumau-Neurißhof;37;208;242;165;210;165;68;25;5;19;145;281;340;199;136;5
30701;Au am Leithaberge;34;59;43;46;124;139;73;35;4;8;39;84;135;140;147;4
30702;Bad Deutsch-Altenburg;188;132;189;200;196;199;69;41;12;108;86;202;238;262;318;12
30703;Berg;47;98;85;83;100;83;65;42;0;11;69;134;118;122;149;0
30704;Bruck an der Leitha;294;595;1083;661;922;695;505;303;19;131;286;821;1294;1026;1500;19
30706;Enzersdorf an der Fischa;74;143;202;293;473;401;177;113;58;36;129;317;515;416;463;58
30708;Göttlesbrunn-Arbesthal;19;26;65;78;158;197;136;88;0;10;42;80;156;182;297;0
30709;Götzendorf an der Leitha;49;105;141;156;241;221;160;91;4;21;72;196;277;254;344;4
30710;Hainburg a.d. Donau;436;595;814;693;666;420;246;244;55;159;343;957;1013;610;1032;55
30711;Haslau-Maria Ellend;32;36;87;82;378;238;84;55;2;16;19;95;244;256;362;2
30712;Höflein;13;21;50;47;116;153;117;99;5;12;18;56;114;128;288;5
30713;Hof am Leithaberge;8;60;101;112;179;214;111;90;16;8;22;99;198;191;357;16
30715;Hundsheim;9;23;36;51;80;80;40;38;0;10;7;41;72;91;136;0
30716;Mannersdorf am Leithagebirge;187;215;425;377;483;407;181;102;6;62;137;400;611;551;616;6
30718;Petronell-Carnuntum;32;70;88;106;187;153;67;42;19;21;49;99;189;177;210;19
30719;Prellenkirchen;21;44;78;86;212;266;128;104;2;12;22;129;200;225;351;2
30721;Rohrau;16;23;75;100;200;194;131;66;10;22;19;104;199;210;251;10
30722;Scharndorf;31;28;49;70;166;159;111;60;19;22;30;79;134;161;248;19
30724;Sommerein;18;64;138;122;319;200;143;131;6;4;23;104;255;265;484;6
30726;Trautmannsdorf an der Leitha;62;80;149;183;399;369;219;134;11;34;88;217;350;360;546;11
30728;Wolfsthal;21;33;71;66;141;139;81;47;2;7;35;111;137;160;149;2
30729;Ebergassing;207;584;412;287;378;256;142;133;32;68;206;559;530;383;653;32
30730;Fischamend;226;520;699;565;471;388;227;90;10;66;339;754;989;438;600;10
30731;Gramatneusiedl;142;195;270;209;395;285;141;71;6;67;161;309;394;356;421;6
30732;Himberg;283;1052;497;672;818;655;404;292;341;292;802;495;1013;794;1277;341
30733;Klein-Neusiedl;69;62;128;84;107;59;46;18;2;8;91;121;91;73;189;2
30734;Lanzendorf;34;82;147;130;217;140;134;47;11;29;43;131;266;170;292;11
30735;Leopoldsdorf;173;321;406;439;630;406;289;237;172;101;200;571;598;514;917;172
30736;Maria-Lanzendorf;127;74;174;189;257;196;112;65;36;25;134;196;283;216;340;36
30737;Moosbrunn;38;46;144;128;219;184;139;74;7;14;65;137;233;260;263;7
30738;Rauchenwarth;11;46;28;59;99;73;66;50;18;7;47;73;105;65;135;18
30739;Schwadorf;80;101;239;236;225;175;103;66;0;38;116;268;314;234;255;0
30740;Schwechat;1086;2136;2670;2760;1813;771;325;146;157;591;1766;3627;3229;1386;1108;157
30741;Zwölfaxing;53;44;97;151;255;140;68;46;15;31;51;112;232;223;205;15
30801;Aderklaa;2;5;5;8;21;20;11;16;3;1;5;12;14;18;38;3
30802;Andlersdorf;1;2;3;8;14;21;13;13;0;0;1;6;14;12;42;0
30803;Angern an der March;53;96;299;326;458;404;176;143;9;48;79;297;480;485;566;9
30804;Auersthal;34;86;155;139;220;259;132;113;8;12;23;147;287;260;409;8
30805;Bad Pirawarth;21;43;112;129;236;230;109;63;6;13;17;100;200;246;367;6
30808;Deutsch-Wagram;192;501;713;591;1123;782;530;367;51;114;257;772;1140;1030;1486;51
30810;Drösing;14;48;99;96;191;162;43;36;0;6;33;130;185;184;151;0
30811;Dürnkrut;64;93;215;167;344;265;107;53;19;29;81;212;321;346;319;19
30812;Ebenthal;10;21;60;61;140;121;69;25;1;1;26;100;116;120;144;1
30813;Eckartsau;20;40;77;89;177;175;83;56;9;7;17;75;167;151;300;9
30814;Engelhartstetten;30;61;146;153;276;288;139;92;9;14;46;235;330;265;295;9
30817;Gänserndorf;156;435;1167;1124;1437;994;525;386;12;62;216;778;1831;1268;2069;12
30819;Glinzendorf;0;2;6;7;34;35;28;38;1;2;0;8;19;27;94;1
30821;Groß-Enzersdorf;413;591;887;817;1544;1285;703;367;158;248;545;928;1599;1578;1709;158
30822;Großhofen;2;1;7;8;5;8;4;12;0;1;2;9;12;4;19;0
30824;Groß-Schweinbarth;14;67;82;72;177;162;98;52;2;15;22;102;153;169;263;2
30825;Haringsee;8;28;53;69;154;155;98;52;2;5;12;94;147;131;228;2
30826;Hauskirchen;12;42;93;116;217;210;81;32;2;7;17;121;215;202;241;2
30827;Hohenau an der March;87;123;282;256;459;289;100;52;0;42;77;270;516;395;348;0
30828;Hohenruppersdorf;12;30;59;69;128;123;86;50;0;0;44;85;119;126;183;0
30829;Jedenspeigen;8;33;72;65;152;169;90;29;2;2;13;90;136;165;212;2
30830;Lassee;93;239;218;245;389;359;175;128;46;49;120;309;501;349;518;46
30831;Leopoldsdorf im Marchfeld;34;116;217;166;304;301;191;168;7;16;39;105;295;323;719;7
30834;Mannsdorf an der Donau;14;17;24;18;52;44;19;27;13;7;16;24;48;40;80;13
30835;Marchegg;137;188;284;280;493;281;152;126;8;21;104;277;365;367;807;8
30836;Markgrafneusiedl;12;62;68;64;146;90;38;29;6;6;11;52;129;134;177;6
30838;Matzen-Raggendorf;53;88;171;246;414;385;159;74;1;19;46;175;403;402;545;1
30841;Neusiedl an der Zaya;11;23;100;136;194;179;74;28;2;1;13;86;228;195;222;2
30842;Obersiebenbrunn;27;45;79;151;273;184;68;51;15;15;42;133;231;234;223;15
30844;Orth an der Donau;31;105;205;194;259;252;115;72;3;11;82;178;313;289;360;3
30845;Palterndorf-Dobermannsdorf;50;26;86;118;193;169;71;41;11;30;20;99;163;191;251;11
30846;Parbasdorf;1;0;7;4;5;19;21;16;1;1;0;4;8;8;52;1
30848;Prottes;15;28;98;70;169;179;64;97;17;7;16;93;169;174;261;17
30849;Raasdorf;20;17;21;24;63;65;50;71;8;7;14;42;47;79;142;8
30850;Ringelsdorf-Niederabsdorf;30;61;127;134;242;169;47;27;16;11;30;169;226;220;181;16
30852;Schönkirchen-Reyersdorf;13;23;75;104;288;298;129;56;3;8;16;102;202;268;390;3
30854;Spannberg;3;29;65;69;141;159;44;29;11;2;15;90;141;149;142;11
30856;Strasshof an der Nordbahn;363;407;693;825;1424;1193;797;386;36;174;313;677;1215;1369;2340;36
30857;Sulz im Weinviertel;16;56;97;94;207;177;79;45;17;13;18;116;175;209;240;17
30858;Untersiebenbrunn;8;48;72;162;211;200;117;60;5;4;11;62;167;215;419;5
30859;Velm-Götzendorf;15;48;52;63;119;109;44;29;2;8;22;99;99;95;156;2
30860;Weikendorf;10;29;76;95;253;272;123;93;11;6;23;78;213;253;378;11
30863;Zistersdorf;105;260;391;408;710;687;308;163;31;68;144;499;745;716;860;31
30865;Weiden an der March;58;65;65;62;103;124;94;94;3;19;56;94;126;83;287;3
30902;Amaliendorf-Aalfang;28;43;111;103;188;154;62;43;8;20;23;118;178;194;199;8
30903;Brand-Nagelberg;96;93;125;171;261;202;101;41;17;35;75;198;309;239;234;17
30904;Eggern;24;45;73;56;106;81;38;26;33;11;19;84;120;84;131;33
30906;Eisgarn;17;27;58;70;75;100;40;26;1;11;19;66;83;101;133;1
30908;Gmünd;396;611;781;510;608;519;217;101;26;162;369;881;857;673;801;26
30909;Großdietmanns;54;77;122;162;367;316;130;56;12;22;50;187;274;326;425;12
30910;Bad Großpertholz;54;95;129;123;213;176;96;72;37;20;58;150;189;160;381;37
30912;Großschönau;31;55;83;85;120;158;68;34;12;7;27;101;150;124;225;12
30913;Moorbad Harbach;27;41;48;58;104;82;53;42;6;10;24;53;101;101;166;6
30915;Haugschlag;25;28;36;51;106;66;48;35;1;6;30;69;95;88;107;1
30916;Heidenreichstein;162;195;371;355;607;435;222;157;26;54;125;348;563;495;919;26
30917;Hirschbach;27;36;44;38;104;68;31;36;12;15;17;61;84;61;146;12
30920;Hoheneich;22;59;74;88;236;220;133;65;0;9;38;75;143;232;400;0
30921;Kirchberg am Walde;28;49;95;82;156;128;93;113;29;11;24;100;149;98;362;29
30925;Litschau;104;238;274;239;400;320;152;73;52;34;163;356;481;393;373;52
30929;Reingers;28;45;65;81;91;79;37;16;23;12;29;93;109;79;120;23
30932;St. Martin;17;62;75;70;128;105;48;38;11;10;22;86;137;98;190;11
30935;Schrems;189;272;489;455;716;647;255;101;88;49;241;459;818;754;803;88
30939;Unserfrau-Altweitra;15;37;40;64;112;139;83;73;0;1;53;108;132;124;145;0
30940;Waldenstein;22;34;57;57;143;174;112;47;0;4;30;81;127;144;260;0
30942;Weitra;110;172;294;233;354;296;132;74;132;48;120;328;416;349;404;132
31001;Alberndorf im Pulkautal;10;22;71;47;111;95;58;32;1;8;17;67;108;109;137;1
31008;Göllersdorf;33;133;184;187;359;408;222;176;32;25;42;172;346;382;735;32
31009;Grabern;16;36;80;66;210;200;113;108;1;8;13;85;170;169;384;1
31014;Guntersdorf;19;50;67;88;148;145;84;93;0;7;13;69;171;139;295;0
31015;Hadres;18;55;124;157;320;227;128;79;1;9;20;128;283;318;350;1
31016;Hardegg;53;65;151;169;230;186;114;69;12;19;48;156;272;251;291;12
31018;Haugsdorf;47;66;132;146;244;180;110;71;6;17;42;155;217;248;317;6
31019;Heldenberg;13;23;64;81;217;177;100;107;1;11;14;75;142;156;384;1
31021;Hohenwarth-Mühlbach a.M.;12;28;94;78;187;163;115;109;1;9;21;83;162;148;363;1
31022;Hollabrunn;471;842;1206;1132;1432;1103;778;409;1;96;458;1097;1643;1395;2684;1
31025;Mailberg;7;53;61;72;90;90;56;31;3;6;10;76;141;91;136;3
31026;Maissau;18;94;125;153;243;258;166;159;3;15;50;135;261;251;504;3
31028;Nappersdorf-Kammersdorf;19;46;90;88;180;142;102;87;4;9;20;101;152;179;293;4
31033;Pernersdorf;23;34;93;107;187;130;76;53;2;9;27;113;214;155;185;2
31035;Pulkau;28;61;139;113;231;229;116;54;4;16;55;139;244;252;265;4
31036;Ravelsbach;40;53;127;141;221;235;132;62;12;26;28;137;226;262;332;12
31037;Retz;146;306;445;406;551;436;221;130;32;60;186;439;727;553;676;32
31038;Retzbach;22;46;75;105;194;142;87;78;0;15;21;115;199;140;259;0
31041;Schrattenthal;9;31;62;66;147;120;79;50;0;13;18;71;134;119;209;0
31042;Seefeld-Kadolz;58;73;108;108;160;137;51;25;0;11;50;139;215;161;144;0
31043;Sitzendorf an der Schmida;17;69;102;161;262;299;204;145;0;6;13;125;244;249;622;0
31051;Wullersdorf;26;85;129;159;332;307;207;190;25;14;33;183;292;306;607;25
31052;Zellerndorf;48;64;211;230;357;299;159;100;33;22;53;214;348;341;489;34
31053;Ziersdorf;61;137;234;247;479;455;218;91;54;26;96;278;484;427;611;54
31101;Altenburg;28;16;32;37;119;120;50;29;16;20;19;48;87;103;154;16
31102;Brunn an der Wild;7;23;46;44;115;98;76;46;1;7;8;66;78;94;202;1
31103;Burgschleinitz-Kühnring;17;31;63;73;179;195;117;87;1;8;28;82;145;178;321;1
31104;Drosendorf-Zissersdorf;59;53;155;132;223;154;79;45;70;34;59;183;224;182;218;70
31105;Eggenburg;118;265;358;373;399;360;216;136;6;55;97;316;561;386;810;6
31106;Gars am Kamp;133;187;392;378;442;352;227;254;6;75;142;357;548;412;831;6
31107;Geras;52;59;128;120;182;157;113;69;15;24;63;148;195;149;301;15
31109;Horn;259;380;776;761;715;604;279;172;35;179;260;772;1038;740;957;35
31110;Irnfritz-Messern;20;44;97;107;179;146;86;58;35;11;26;91;159;145;305;35
31111;Japons;9;33;42;48;88;88;56;47;2;3;26;76;87;79;140;2
31113;Langau;41;26;27;54;81;99;98;40;1;7;45;48;86;118;162;1
31114;Meiseldorf;9;30;52;57;136;115;54;47;2;3;16;75;110;127;169;2
31117;Pernegg;13;22;39;48;91;88;53;34;5;4;18;59;101;77;129;5
31119;Röhrenbach;10;6;22;32;66;65;46;34;4;4;12;29;55;49;132;4
31120;Röschitz;7;33;67;83;170;156;79;47;3;6;23;78;147;167;221;3
31121;Rosenburg-Mold;55;52;76;69;116;127;58;53;3;20;31;78;135;109;233;3
31123;St. Bernhard-Frauenhofen;15;15;39;65;144;188;103;61;5;7;17;45;85;97;379;5
31124;Sigmundsherberg;41;91;139;148;243;206;98;104;6;17;60;186;223;218;366;6
31129;Weitersfeld;30;56;118;105;236;206;104;108;5;10;38;154;204;213;344;5
31130;Straning-Grafenberg;4;21;55;56;120;104;59;36;2;7;11;56;115;105;161;2
31201;Bisamberg;130;254;281;380;579;571;356;202;9;74;191;374;629;600;885;9
31202;Enzersfeld im Weinviertel;18;34;83;99;234;281;158;109;17;17;20;122;213;218;426;17
31203;Ernstbrunn;71;149;214;223;477;403;239;151;11;23;66;275;431;419;713;11
31204;Großmugl;18;34;57;90;174;217;157;145;10;14;32;92;159;177;418;10
31205;Großrußbach;27;72;130;141;302;294;173;89;14;9;40;144;295;266;474;14
31206;Hagenbrunn;63;57;110;132;273;298;194;141;64;46;58;141;228;291;504;64
31207;Harmannsdorf;40;121;202;281;550;582;299;238;12;25;50;302;481;557;898;12
31208;Hausleiten;19;82;139;204;420;479;349;186;6;6;34;178;359;337;964;6
31213;Korneuburg;708;1363;1740;1591;1569;901;446;176;48;303;624;1565;2739;1565;1698;48
31214;Langenzersdorf;552;645;636;764;930;805;478;355;15;268;551;816;1246;944;1340;15
31215;Leitzersdorf;8;15;48;49;123;185;111;98;0;7;9;57;121;137;306;0
31216;Leobendorf;74;231;382;354;618;563;380;186;29;45;123;425;678;671;846;29
31224;Rußbach;13;22;57;56;188;199;110;48;7;15;29;71;168;185;225;7
31226;Sierndorf;62;112;196;200;440;514;279;175;17;39;61;197;438;453;790;17
31227;Spillern;47;146;235;233;292;215;133;58;7;13;70;251;290;327;408;7
31228;Stetteldorf am Wagram;6;23;56;69;108;142;89;58;0;4;15;79;110;131;212;0
31229;Stetten;16;36;102;91;157;137;99;73;2;10;28;75;148;134;316;2
31230;Stockerau;1012;1624;1958;1884;1650;1240;623;387;46;466;900;2016;2158;1903;2935;46
31234;Niederhollabrunn;20;16;45;80;198;254;132;104;5;12;23;59;156;177;422;5
31235;Gerasdorf bei Wien;406;502;736;817;1578;1295;783;468;40;297;288;724;1560;1418;2297;41
31301;Aggsbach;6;22;53;49;110;95;46;32;12;9;15;61;99;100;129;12
31302;Albrechtsberg an der Großen Krems;23;35;49;64;122;106;106;55;1;6;19;58;69;61;347;1
31303;Bergern im Dunkelsteinerwald;26;33;51;75;161;189;102;81;5;11;32;75;122;158;320;5
31304;Dürnstein;46;56;68;66;137;105;78;49;0;19;56;75;114;121;220;0
31308;Grafenegg;36;64;144;301;372;442;253;157;3;8;52;184;392;395;738;3
31309;Furth bei Göttweig;73;138;151;230;448;343;192;83;7;35;100;222;358;437;506;7
31310;Gedersdorf;7;32;84;99;288;305;134;67;1;3;29;111;199;280;394;1
31311;Gföhl;105;154;314;315;583;380;248;98;1;49;133;337;450;512;716;1
31315;Hadersdorf-Kammern;69;48;178;187;223;191;112;105;4;26;68;126;292;212;389;4
31319;Jaidhof;34;35;65;87;137;119;87;72;1;4;39;116;148;125;204;1
31321;Krumau am Kamp;31;48;102;77;143;104;55;25;28;18;41;124;140;126;136;28
31322;Langenlois;136;377;544;698;894;764;481;337;6;101;163;564;996;979;1428;6
31323;Lengenfeld;13;29;60;63;159;208;112;36;30;10;15;52;109;171;323;30
31324;Lichtenau im Waldviertel;38;93;125;115;258;209;136;111;2;16;48;170;209;217;425;2
31326;Maria Laach am Jauerling;13;35;50;50;98;119;67;34;2;6;12;78;98;110;162;2
31327;Mautern an der Donau;106;231;377;392;427;283;139;110;5;23;111;358;518;378;677;5
31330;Mühldorf;25;52;73;85;165;170;97;73;23;15;37;94;169;145;280;23
31333;Paudorf;35;118;194;190;328;302;151;118;16;14;42;213;288;303;576;16
31336;Rastenfeld;28;88;88;110;237;195;116;60;4;15;60;111;209;242;285;4
31337;Rohrendorf bei Krems;25;52;69;118;210;255;131;127;26;10;28;106;177;176;490;26
31338;Rossatz-Arnsdorf;33;45;78;66;145;149;97;75;16;16;36;90;130;145;271;16
31340;St. Leonhard am Hornerwald;36;53;86;90;161;131;96;59;2;18;42;130;151;150;221;2
31343;Senftenberg;71;103;163;164;264;235;135;90;11;43;67;178;305;250;382;11
31344;Spitz;47;66;149;139;238;193;123;39;3;18;53;137;230;231;325;3
31346;Straß im Straßertale;38;69;99;96;256;199;107;77;0;15;38;100;155;101;532;0
31347;Stratzing;8;41;35;48;65;125;73;41;0;5;39;74;70;94;154;0
31350;Weinzierl am Walde;19;28;53;84;138;160;104;38;2;13;24;59;134;129;265;2
31351;Weißenkirchen in der Wachau;36;54;107;125;170;183;109;62;50;21;40;118;198;172;297;50
31355;Schönberg am Kamp;45;77;131;179;264;257;175;118;3;16;42;142;257;265;524;3
31356;Droß;12;18;31;31;119;133;79;34;1;8;9;35;66;127;212;1
31401;Annaberg;20;24;55;77;126;93;53;27;78;8;23;51;103;92;198;78
31402;Eschenau;14;40;113;59;113;148;80;46;1;8;28;63;165;107;242;1
31403;Hainfeld;103;268;360;346;519;307;137;75;15;50;192;458;505;438;472;15
31404;Hohenberg;87;112;187;124;166;161;71;69;8;23;95;203;232;155;269;8
31405;Kaumberg;34;43;77;83;129;154;69;56;35;19;33;81;155;132;225;35
31406;Kleinzell;26;54;65;88;101;91;47;49;8;13;36;119;112;92;149;8
31407;Lilienfeld;86;212;295;312;268;243;144;74;36;32;123;368;493;269;349;36
31408;Mitterbach am Erlaufsee;23;26;64;55;65;76;41;38;35;4;26;52;85;75;146;35
31409;Ramsau;29;56;88;80;121;77;44;33;17;11;22;89;143;97;166;17
31410;Rohrbach an der Gölsen;49;47;141;136;190;134;79;45;1;13;48;109;223;150;278;1
31411;St. Aegyd am Neuwalde;119;196;390;201;276;196;66;37;68;47;137;327;449;242;279;68
31412;St. Veit an der Gölsen;69;129;417;283;470;398;166;73;21;25;84;365;622;341;568;21
31413;Traisen;184;343;569;255;334;198;68;36;38;46;187;492;587;357;318;38
31414;Türnitz;78;107;164;156;235;221;124;74;70;32;80;174;240;230;403;70
31502;Artstetten-Pöbring;17;19;33;64;119;140;66;73;4;18;15;29;95;114;260;4
31503;Bergland;13;25;41;71;142;216;155;141;3;4;12;58;119;149;462;3
31504;Bischofstetten;11;38;74;70;115;161;53;49;16;12;44;76;139;131;169;16
31505;Blindenmarkt;57;113;202;180;386;289;122;80;23;28;66;192;382;289;472;23
31506;Dorfstetten;14;24;23;19;80;79;33;16;7;6;9;42;53;65;113;7
31507;Dunkelsteinerwald;20;73;114;135;295;324;160;94;2;9;65;176;252;296;417;2
31508;Erlauf;15;36;94;73;104;125;68;41;7;4;19;80;112;136;205;7
31509;Golling an der Erlauf;35;98;222;162;115;120;39;21;7;21;34;146;337;135;139;7
31511;Hofamt Priel;41;39;79;118;230;216;119;48;14;25;39;120;187;190;329;14
31513;Hürm;11;53;59;64;147;210;178;167;1;10;31;60;119;166;503;1
31514;Kilb;23;86;91;120;249;337;184;176;6;18;34;139;243;249;583;6
31515;Kirnberg an der Mank;12;43;33;55;94;133;102;59;16;4;31;66;97;114;219;16
31516;Klein-Pöchlarn;16;50;97;148;102;98;68;40;18;4;17;62;162;134;240;18
31517;Krummnußbaum;13;74;87;110;157;180;115;63;13;5;17;71;181;166;359;13
31519;Leiben;33;62;119;81;158;145;68;67;35;21;26;76;183;157;270;35
31520;Loosdorf;94;253;335;377;326;389;190;112;12;31;140;340;470;472;623;12
31521;Mank;49;169;213;167;314;308;211;139;26;19;48;232;330;353;588;26
31522;Marbach an der Donau;31;72;135;148;225;188;79;66;13;13;35;147;258;205;286;13
31523;Maria Taferl;23;29;67;47;113;96;65;36;35;20;25;58;118;94;161;35
31524;Melk;208;456;663;680;657;467;251;122;8;77;229;562;1062;671;903;8
31525;Münichreith-Laimbach;35;24;74;97;237;217;100;40;6;8;12;85;173;217;329;6
31527;Neumarkt an der Ybbs;46;77;154;175;316;242;105;48;0;19;57;150;282;286;369;0
31528;Nöchling;13;31;56;71;112;112;71;27;29;3;22;66;96;123;183;29
31530;Persenbeug-Gottsdorf;41;95;154;253;292;229;127;63;11;13;73;169;337;288;374;11
31531;Petzenkirchen;70;84;131;147;144;171;86;41;11;23;97;137;210;145;262;11
31533;Pöchlarn;154;240;432;439;414;354;137;87;20;60;215;557;612;387;426;20
31534;Pöggstall;28;107;153;155;333;278;152;120;13;11;59;203;292;285;476;13
31535;Raxendorf;46;27;46;47;108;143;69;43;52;15;55;55;113;119;172;52
31537;Ruprechtshofen;33;57;90;141;185;266;179;147;6;13;38;119;181;206;541;6
31539;St. Leonhard am Forst;43;118;121;149;268;368;216;194;5;17;42;143;241;290;744;5
31540;St. Martin-Karlsbach;17;19;54;82;130;231;118;79;3;2;20;43;147;164;354;3
31541;St. Oswald;13;23;26;39;105;126;67;39;10;3;15;44;86;114;176;10
31542;Schönbühel-Aggsbach;25;42;71;123;146;134;51;29;20;15;29;95;163;144;175;20
31543;Schollach;7;12;26;29;93;145;84;77;2;3;5;32;67;110;256;2
31546;Weiten;15;34;59;69;124;112;91;67;3;1;24;41;116;90;299;3
31549;Ybbs an der Donau;179;277;501;472;681;441;303;153;2;61;250;458;795;573;870;2
31550;Zelking-Matzleinsdorf;15;21;42;36;120;174;102;64;3;3;24;52;100;123;272;3
31551;Texingtal;32;64;53;81;110;171;136;129;0;23;57;97;141;138;320;0
31552;Yspertal;44;67;125;114;238;231;112;74;43;39;27;135;237;217;350;43
31553;Emmersdorf an der Donau;55;37;72;103;200;188;112;77;52;53;27;95;157;183;329;52
31601;Altlichtenwarth;23;44;80;92;109;97;36;18;14;9;29;93;116;126;126;14
31603;Asparn an der Zaya;16;78;103;155;264;301;126;56;0;2;30;141;252;304;370;0
31604;Bernhardsthal;63;85;189;169;285;254;81;44;1;28;47;206;319;268;302;1
31605;Bockfließ;34;35;89;66;190;186;103;41;5;10;23;114;169;209;219;5
31606;Drasenhofen;34;61;118;111;177;148;73;47;0;14;40;154;206;163;192;0
31608;Falkenstein;6;17;46;40;89;56;50;27;0;8;7;41;77;52;146;0
31609;Fallbach;5;30;55;70;111;106;68;39;8;2;6;75;122;106;173;8
31611;Gaubitsch;6;18;39;29;92;122;89;67;1;4;12;34;73;99;240;1
31612;Gaweinstal;63;147;300;342;567;446;256;153;6;29;84;276;605;527;753;6
31613;Gnadendorf;13;37;77;86;178;180;120;47;0;10;33;105;178;193;219;0
31614;Großebersdorf;25;92;141;163;346;358;146;63;12;28;40;195;323;365;383;12
31615;Großengersdorf;19;49;93;85;182;209;114;60;8;5;23;107;241;180;255;8
31616;Großharras;23;35;101;81;165;148;82;88;0;5;20;72;178;178;270;0
31617;Großkrut;16;52;126;159;246;257;115;50;2;6;23;106;272;258;356;2
31620;Hausbrunn;42;74;103;100;137;110;50;33;1;28;48;150;181;132;110;1
31621;Herrnbaumgarten;27;46;72;54;147;148;82;24;1;7;27;114;121;125;206;1
31622;Hochleithen;5;18;66;70;166;145;102;73;0;3;13;51;132;134;312;0
31627;Kreuttal;17;72;89;149;217;205;111;59;2;12;30;90;227;233;327;2
31628;Kreuzstetten;11;72;115;95;257;234;119;75;4;2;28;103;226;235;384;4
31629;Laa an der Thaya;92;286;310;360;314;339;675;1263;0;31;35;112;230;282;2949;0
31630;Ladendorf;14;28;70;108;224;207;283;364;0;0;8;81;188;228;793;0
31633;Mistelbach;299;844;1179;1065;1487;1215;590;273;36;127;497;1307;1870;1298;1853;36
31634;Neudorf im Weinviertel;12;31;75;125;166;187;117;52;6;6;15;94;192;201;257;6
31636;Niederleis;8;19;47;70;150;124;70;43;1;6;14;70;118;120;203;1
31642;Pillichsdorf;18;48;84;68;162;156;70;49;17;13;43;103;132;164;200;17
31644;Poysdorf;130;198;427;416;796;745;345;162;79;54;125;498;855;800;887;79
31645;Rabensburg;23;51;109;104;193;153;38;18;10;13;41;138;186;173;138;10
31646;Schrattenberg;14;26;71;64;135;119;90;43;0;13;26;104;131;123;165;0
31649;Staatz;25;104;124;114;284;272;142;49;26;15;34;154;289;280;342;26
31650;Stronsdorf;18;44;101;75;193;237;152;84;1;6;24;113;193;233;335;1
31651;Ulrichskirchen-Schleinbach;56;133;188;158;390;373;188;95;4;39;87;229;374;321;531;4
31652;Unterstinkenbrunn;9;25;27;18;63;84;47;25;0;9;9;38;62;73;107;0
31653;Wildendürnbach;9;27;60;63;143;172;157;167;7;10;24;80;152;152;380;7
31654;Wilfersdorf;23;76;135;154;306;266;128;84;6;10;20;147;260;270;465;6
31655;Wolkersdorf im Weinviertel;105;404;534;761;879;851;452;191;14;54;272;581;934;975;1361;14
31658;Ottenthal;7;10;25;32;64;84;60;26;1;3;10;43;82;71;99;1
31701;Achau;55;72;158;139;164;171;100;56;4;7;60;66;74;212;496;4
31702;Biedermannsdorf;74;187;254;325;377;297;140;80;7;59;121;456;396;312;390;7
31703;Breitenfurt bei Wien;166;305;302;336;726;755;453;343;6;88;240;430;634;802;1192;6
31704;Brunn am Gebirge;519;656;1112;1169;1248;752;733;698;18;278;548;1075;1649;1157;2180;18
31706;Gaaden;57;39;90;83;154;204;116;97;35;43;38;117;179;196;267;35
31707;Gießhübl;40;48;105;140;231;329;193;155;9;17;54;137;248;272;513;9
31709;Gumpoldskirchen;124;282;404;374;548;276;207;141;9;44;124;341;460;358;1029;9
31710;Guntramsdorf;475;883;906;730;975;753;442;162;4;160;413;1043;1090;1169;1451;4
31711;Hennersdorf;24;60;107;96;230;206;84;38;4;14;27;115;234;220;235;4
31712;Hinterbrühl;106;83;251;246;463;404;297;306;47;89;92;242;465;476;792;47
31713;Kaltenleutgeben;103;252;373;305;359;282;139;98;25;75;122;417;537;318;442;25
31714;Laab im Walde;71;26;44;59;118;177;69;57;0;62;28;45;123;113;250;0
31715;Laxenburg;236;239;189;217;302;330;102;62;27;138;255;281;312;348;343;27
31716;Maria Enzersdorf;337;435;642;920;1263;847;331;291;11;144;295;789;1515;936;1387;11
31717;Mödling;1429;2634;2757;2562;2036;1215;643;508;70;901;1680;3465;3510;1984;2244;70
31718;Münchendorf;211;307;271;263;404;328;220;97;3;141;213;327;457;445;518;3
31719;Perchtoldsdorf;567;865;1072;1041;1701;1579;1030;688;199;263;619;1405;1724;1475;3057;199
31723;Vösendorf;510;734;799;743;788;419;220;124;5;164;570;1005;977;813;808;5
31725;Wiener Neudorf;343;622;1178;1032;1184;495;169;192;149;140;405;1000;1568;1060;1042;149
31726;Wienerwald;54;67;144;187;361;381;207;139;4;17;47;177;340;346;613;4
31801;Altendorf;8;9;18;16;39;38;36;30;0;4;7;28;26;31;98;0
31802;Aspang-Markt;137;142;162;207;229;188;137;51;4;74;118;237;247;200;377;4
31803;Aspangberg-St. Peter;158;142;173;142;275;208;100;44;3;69;130;222;254;201;366;3
31804;Breitenau;29;78;121;197;161;114;87;61;26;6;41;151;240;156;254;26
31805;Breitenstein;38;29;36;39;49;44;52;116;0;15;32;41;49;46;220;0
31806;Buchbach;9;14;23;26;43;41;18;27;1;2;9;33;49;28;80;1
31807;Edlitz;57;61;91;100;114;87;44;28;53;22;40;97;143;120;160;53
31808;Enzenreith;45;65;110;128;335;203;154;56;5;17;40;115;191;204;529;5
31809;Feistritz am Wechsel;51;58;87;88;144;120;55;40;21;17;41;99;146;140;200;21
31810;Gloggnitz;323;527;895;539;719;451;181;88;26;110;411;926;1003;575;698;26
31811;Grafenbach-St. Valentin;58;149;204;207;260;234;134;105;4;39;93;215;352;294;358;4
31812;Grimmenstein;93;117;135;136;146;120;84;60;5;30;83;160;251;153;214;5
31813;Grünbach am Schneeberg;75;137;168;181;237;174;76;27;12;16;98;229;282;213;237;12
31814;Kirchberg am Wechsel;112;167;200;179;298;266;158;86;58;57;111;247;318;285;448;58
31815;Mönichkirchen;34;44;64;63;82;75;49;49;2;15;29;64;93;92;167;2
31817;Natschbach-Loipersbach;18;51;59;136;255;198;92;54;24;12;19;87;177;244;324;24
31818;Neunkirchen;647;985;1523;1280;1489;724;429;199;193;303;768;1526;1971;1331;1377;193
31820;Otterthal;15;21;45;31;71;62;46;20;17;10;8;52;73;65;103;17
31821;Payerbach;138;220;305;258;302;227;142;113;3;53;173;375;407;270;427;3
31823;Pitten;76;146;392;289;323;244;98;156;23;34;159;301;497;308;425;23
31825;Prigglitz;17;25;32;36;74;49;38;15;15;6;16;53;66;58;87;15
31826;Puchberg am Schneeberg;197;232;291;276;397;327;187;105;47;83;187;409;427;361;545;47
31827;Raach am Hochgebirge;17;29;25;19;47;35;20;27;12;3;9;57;39;33;78;12
31829;Reichenau an der Rax;206;422;449;371;478;315;158;130;61;89;229;513;726;430;542;61
31830;St. Corona am Wechsel;16;17;22;26;44;44;26;18;3;24;17;29;41;36;66;3
31831;St. Egyden am Steinfeld;17;69;165;170;366;254;119;59;5;14;58;202;291;234;420;5
31832;Scheiblingkirchen-Thernberg;37;50;126;102;190;174;123;77;25;18;37;121;163;170;370;25
31833;Schottwien;57;55;88;125;103;67;31;22;26;26;30;94;134;104;160;26
31834;Schrattenbach;8;19;35;26;41;51;30;7;3;5;16;32;51;42;71;3
31835;Schwarzau am Steinfeld;39;96;168;195;280;167;98;25;21;16;49;143;276;293;291;21
31836;Schwarzau im Gebirge;39;47;67;81;106;96;44;29;16;14;27;75;114;112;167;16
31837;Seebenstein;52;120;171;179;247;131;61;52;9;21;52;164;288;223;265;9
31838;Semmering;295;249;193;141;88;56;32;33;24;172;230;252;234;73;126;24
31839;Ternitz;543;1245;1865;1443;1799;1113;539;213;20;249;750;1918;2307;1743;1793;20
31840;Thomasberg;44;43;75;121;132;109;47;57;22;11;39;115;153;111;199;22
31841;Trattenbach;45;43;60;57;72;40;30;16;10;15;28;77;72;69;102;10
31842;Bürg-Vöstenhof;3;5;16;12;18;16;12;17;2;1;7;16;20;19;36;2
31843;Warth;41;68;114;131;251;189;97;33;12;13;41;122;171;214;363;12
31844;Wartmannstetten;11;35;96;117;183;225;104;62;16;3;14;103;194;164;355;16
31845;Willendorf;12;26;56;72;140;132;59;30;22;7;21;63;99;136;201;22
31846;Wimpassing im Schwarzatale;114;186;329;136;139;52;43;13;1;32;114;272;339;114;141;1
31847;Würflach;25;45;80;122;213;221;120;60;2;7;27;95;178;234;345;2
31848;Zöbern;38;50;85;76;192;143;82;44;30;14;50;135;164;141;206;30
31849;Höflein an der Hohen Wand;38;67;132;76;116;105;42;25;24;24;56;132;134;107;148;24
31901;Altlengbach;63;175;292;418;394;322;162;115;48;28;102;288;582;329;612;48
31902;Asperhofen;30;60;88;130;245;268;196;126;3;15;40;149;189;249;501;3
31903;Böheimkirchen;80;183;510;426;589;555;263;194;40;47;95;386;746;567;959;40
31904;Brand-Laaben;50;66;112;96;187;146;96;61;10;21;84;144;191;149;225;10
31905;Eichgraben;114;187;323;343;647;587;429;204;13;75;156;386;619;589;1009;13
31906;Frankenfels;21;53;132;126;222;158;109;111;5;12;28;113;174;150;455;5
31907;Gerersdorf;31;37;41;42;90;129;76;63;2;22;12;30;99;89;257;2
31909;Hofstetten-Grünau;34;77;141;160;244;304;178;84;7;12;73;151;271;252;463;7
31910;Hafnerbach;25;50;84;70;177;230;107;79;16;26;23;88;163;163;359;16
31911;Haunoldstein;10;57;69;83;134;163;64;42;6;6;52;60;148;107;249;6
31912;Herzogenburg;228;505;697;686;918;801;300;170;38;83;311;822;982;906;1201;38
31913;Inzersdorf-Getzersdorf;26;41;69;134;179;164;153;39;23;12;33;82;177;142;359;23
31915;Kapelln;14;40;28;83;113;199;92;89;5;11;21;71;105;164;285;6
31916;Karlstetten;46;56;76;111;267;311;144;94;17;22;77;127;228;252;399;17
31917;Kasten bei Böheimkirchen;17;35;82;54;147;216;88;65;14;6;20;94;157;172;255;14
31918;Kirchberg an der Pielach;70;114;247;233;419;325;200;99;12;29;83;234;463;349;549;12
31919;Kirchstetten;37;77;117;126;229;276;136;83;7;26;48;158;215;281;352;8
31920;Loich;12;23;26;31;81;73;28;27;3;6;14;43;70;42;126;3
31921;Maria Anzbach;70;102;187;230;486;376;224;113;37;28;99;228;451;416;566;37
31922;Markersdorf-Haindorf;27;107;65;112;194;250;114;104;0;12;48;123;202;199;389;0
31923;Michelbach;12;32;53;55;120;82;48;53;19;4;19;55;97;93;187;19
31925;Neidling;10;24;40;72;192;209;115;87;2;7;9;43;104;155;431;2
31926;Neulengbach;324;430;699;592;1033;891;560;298;2;76;363;752;1093;908;1635;2
31927;Neustift-Innermanzing;21;68;88;112;180;165;97;129;3;10;31;107;151;167;394;3
31928;Nußdorf ob der Traisen;20;41;77;182;231;242;130;44;7;10;39;128;250;206;334;7
31929;Ober-Grafendorf;145;369;389;581;472;437;208;87;1;33;158;492;732;578;695;1
31930;Obritzberg-Rust;14;47;90;116;266;322;185;96;2;7;43;120;230;263;473;2
31932;Prinzersdorf;41;71;153;132;212;150;79;54;19;15;33;96;214;215;319;19
31934;Pyhra;100;158;244;219;378;382;273;175;16;50;85;172;276;338;1008;16
31935;Rabenstein an der Pielach;41;141;194;249;247;279;136;69;21;29;71;249;301;289;417;21
31938;St. Margarethen an der Sierning;0;5;43;48;100;145;92;57;0;2;5;61;67;91;264;0
31939;Schwarzenbach an der Pielach;8;16;16;17;50;38;20;26;2;4;12;28;48;34;65;2
31940;Statzendorf;30;50;134;128;123;165;72;53;2;20;37;121;224;161;192;2
31941;Stössing;31;30;84;72;106;79;58;25;4;12;37;110;109;105;112;4
31943;Traismauer;410;304;640;540;646;536;292;232;9;102;173;637;838;671;1179;9
31945;Weinburg;37;64;91;106;145;124;72;27;34;30;37;111;171;123;194;34
31946;Perschling;12;33;52;70;116;204;130;104;1;2;16;54;100;128;421;1
31947;Wilhelmsburg;252;568;700;599;745;504;186;121;19;95;220;732;945;763;920;19
31948;Wölbling;54;124;145;231;259;272;110;92;10;21;83;191;405;306;281;10
31949;Gablitz;168;314;290;320;617;624;384;186;21;79;147;371;566;595;1145;21
31950;Mauerbach;125;138;230;284;465;528;249;132;49;54;99;309;546;487;656;49
31951;Pressbaum;141;271;484;504;409;365;572;1579;7;60;351;805;642;356;2111;7
31952;Purkersdorf;441;622;1108;1087;1113;686;362;209;2;232;706;1547;1525;768;850;2
31953;Tullnerbach;95;99;234;248;383;248;226;127;39;79;73;220;430;313;545;39
31954;Wolfsgraben;36;44;63;105;133;142;193;259;1;10;31;67;121;89;657;1
32001;Gaming;75;129;319;315;458;327;198;98;33;28;136;328;505;380;542;33
32002;Göstling an der Ybbs;53;90;150;156;205;249;166;92;12;25;70;193;231;202;440;12
32003;Gresten;95;123;199;198;204;205;103;63;4;36;85;205;261;196;407;4
32004;Gresten-Land;17;19;44;64;156;173;105;72;0;7;9;26;47;84;477;0
32005;Lunz am See;59;93;190;139;188;219;120;122;5;22;63;198;222;190;435;5
32006;Oberndorf an der Melk;23;57;107;129;229;328;234;154;0;18;50;124;216;222;631;0
32007;Puchenstuben;15;26;30;34;43;29;16;25;16;6;10;43;47;37;75;16
32008;Purgstall an der Erlauf;97;159;212;282;587;610;399;217;86;38;156;385;611;557;816;86
32009;Randegg;9;45;62;105;212;187;132;99;12;1;12;58;121;107;552;12
32010;Reinsberg;5;10;25;27;104;124;70;41;0;3;11;37;75;103;177;0
32011;St. Anton an der Jeßnitz;24;43;52;50;111;132;72;42;37;14;27;69;103;103;210;37
32012;St. Georgen an der Leys;8;21;9;31;81;129;81;70;2;0;8;27;66;79;250;2
32013;Scheibbs;138;287;358;346;445;375;231;167;0;39;198;441;517;400;752;0
32014;Steinakirchen am Forst;16;43;86;111;205;285;196;128;3;10;29;146;194;218;473;3
32015;Wang;2;22;29;54;74;148;106;78;1;1;13;44;93;106;256;1
32016;Wieselburg;144;442;657;528;453;265;204;123;34;58;251;548;733;578;648;34
32017;Wieselburg-Land;43;97;135;204;321;417;240;135;28;16;38;105;261;373;799;28
32018;Wolfpassing;16;36;31;71;129;146;167;118;0;11;39;80;128;153;303;0
32101;Absdorf;31;132;240;252;253;249;125;53;13;21;52;185;344;278;455;13
32104;Atzenbrugg;71;118;175;256;361;393;253;111;79;66;53;227;461;377;554;79
32106;Fels am Wagram;34;69;120;163;303;287;189;132;3;6;30;131;252;314;564;3
32107;Grafenwörth;56;87;237;206;397;433;229;124;26;24;58;213;386;380;708;26
32109;Großriedenthal;12;38;65;60;95;128;75;61;1;6;30;92;90;104;212;1
32110;Großweikersdorf;44;112;248;290;419;371;202;144;20;28;49;181;354;427;791;20
32112;Judenau-Baumgarten;57;68;109;133;259;283;203;95;7;22;74;141;206;285;479;7
32114;Kirchberg am Wagram;38;170;279;249;494;433;265;107;3;21;98;254;472;451;739;3
32115;Königsbrunn am Wagram;5;28;61;110;142;194;96;74;3;12;32;105;180;164;217;3
32116;Königstetten;54;75;157;171;325;307;167;96;8;20;51;135;252;205;689;8
32119;Langenrohr;31;81;203;106;311;286;167;76;2;35;79;186;283;304;374;2
32120;Michelhausen;92;323;323;408;406;378;267;161;12;42;282;484;513;459;578;12
32131;Sieghartskirchen;224;300;483;517;1034;949;534;376;19;187;226;610;989;978;1427;19
32132;Sitzenberg-Reidling;53;126;160;213;251;216;157;117;3;38;52;169;342;254;438;3
32134;Tulbing;34;89;251;236;425;457;225;152;12;19;34;188;453;496;679;12
32135;Tulln an der Donau;1366;1470;1736;1758;1609;1243;709;462;213;1121;1322;2095;2519;1543;1753;213
32139;Würmla;30;59;76;87;168;228;118;48;6;6;59;109;181;188;271;6
32140;Zeiselmauer-Wolfpassing;130;83;120;205;341;308;154;50;3;85;73;152;320;297;464;3
32141;Zwentendorf an der Donau;126;169;304;220;482;483;248;127;16;78;111;344;535;523;568;16
32142;St. Andrä-Wördern;399;505;652;743;1021;975;535;313;24;157;228;715;971;917;2155;24
32143;Muckendorf-Wipfing;100;142;84;177;224;193;92;40;13;47;69;138;162;207;429;13
32144;Klosterneuburg;2153;1954;2231;2404;3113;2561;1980;1750;46;932;2126;3246;3581;2960;5301;46
32202;Dietmanns;29;77;102;100;163;110;33;29;7;12;45;112;161;141;172;7
32203;Dobersberg;39;61;83;105;220;191;104;66;40;11;51;111;170;205;321;40
32206;Gastern;22;48;65;82;193;167;77;51;5;16;30;119;161;183;196;5
32207;Groß-Siegharts;106;187;327;329;424;279;121;46;44;35;166;455;475;362;326;44
32209;Karlstein an der Thaya;40;63;152;139;228;187;92;53;5;9;45;165;221;163;351;5
32210;Kautzen;35;72;107;111;215;147;59;28;15;16;49;143;208;168;190;15
32212;Ludweis-Aigen;20;50;100;86;152;120;65;32;0;4;43;137;145;137;159;0
32214;Pfaffenschlag bei Waidhofen a.d.Thaya;24;55;62;62;130;114;65;38;14;11;27;97;99;101;215;14
32216;Raabs an der Thaya;134;179;282;269;475;361;176;98;16;37;120;379;474;395;569;16
32217;Thaya;30;57;117;87;232;181;118;65;12;6;50;140;183;175;333;12
32219;Vitis;82;102;167;165;394;328;207;94;2;34;79;265;336;344;481;2
32220;Waidhofen an der Thaya;147;343;565;532;651;598;312;163;13;67;214;563;842;664;961;13
32221;Waidhofen an der Thaya-Land;13;36;55;58;136;203;88;28;7;2;12;88;138;138;239;7
32222;Waldkirchen an der Thaya;18;43;73;55;98;64;30;21;6;5;38;98;106;56;99;6
32223;Windigsteig;18;40;56;61;150;145;65;28;16;7;17;98;131;111;199;16
32301;Bad Fischau-Brunn;75;196;284;236;450;384;257;135;42;67;139;320;448;443;600;42
32302;Bad Schönau;18;21;57;41;83;79;50;25;10;10;19;39;67;89;150;10
32304;Ebenfurth;173;234;396;310;348;245;149;106;33;42;156;417;569;308;469;33
32305;Eggendorf;243;393;323;359;694;477;232;122;3;53;409;317;721;687;656;3
32306;Bad Erlach;64;226;303;353;392;255;124;52;5;33;90;269;476;314;587;5
32307;Felixdorf;238;186;393;395;587;351;225;71;10;123;192;358;605;474;694;10
32308;Gutenstein;85;90;181;121;156;128;83;67;40;44;59;166;245;155;242;40
32309;Hochneukirchen-Gschaidt;30;63;90;77;240;199;107;54;18;19;49;142;180;185;285;18
32310;Hochwolkersdorf;26;30;89;79;139;109;64;28;21;6;33;105;131;139;150;21
32311;Hohe Wand;49;55;100;128;182;182;140;64;22;27;54;140;216;167;296;22
32312;Hollenthon;12;48;67;66;116;101;81;51;5;9;42;82;107;105;197;5
32313;Katzelsdorf;43;70;170;187;409;404;190;129;17;34;46;171;327;407;617;17
32314;Kirchschlag in der Buckligen Welt;109;126;186;184;317;348;202;96;74;46;80;209;280;307;646;74
32315;Krumbach;90;148;151;174;309;261;154;104;61;24;58;197;300;268;544;61
32316;Lanzenkirchen;70;249;386;362;524;377;192;158;13;35;83;320;609;588;683;13
32317;Lichtenegg;24;39;62;44;99;125;75;71;6;15;22;69;108;108;217;6
32318;Lichtenwörth;50;203;219;219;358;312;172;67;5;21;97;305;373;416;388;5
32319;Markt Piesting;79;186;317;254;351;266;198;113;6;26;135;381;406;345;471;6
32320;Matzendorf-Hölles;17;35;110;209;300;258;116;51;4;11;27;123;286;268;381;4
32321;Miesenbach;19;29;52;51;88;52;42;44;2;7;26;60;63;81;140;2
32322;Muggendorf;16;15;51;51;57;53;37;23;2;4;15;35;75;87;87;2
32323;Pernitz;110;301;291;293;309;184;101;47;11;24;158;325;452;298;379;11
32324;Rohr im Gebirge;22;22;52;39;56;54;31;27;8;8;21;49;72;51;102;8
32325;Bromberg;8;19;48;30;104;155;79;73;1;8;18;53;92;115;230;1
32326;Schwarzenbach;10;31;73;59;131;117;73;25;4;12;14;91;114;135;153;4
32327;Sollenau;136;291;467;515;700;439;244;73;3;57;241;556;838;600;573;3
32330;Theresienfeld;90;156;216;232;488;326;271;168;5;40;79;202;453;389;784;5
32331;Waidmannsfeld;70;83;157;191;225;162;69;37;3;19;79;177;287;195;237;3
32332;Waldegg;77;192;227;176;261;192;91;51;30;28;79;287;272;241;360;30
32333;Walpersbach;14;24;62;87;164;136;66;79;16;6;14;56;116;160;280;16
32334;Weikersdorf am Steinfelde;9;37;111;52;112;116;77;49;3;9;13;62;156;124;199;3
32335;Wiesmath;25;55;90;82;184;208;110;45;7;8;27;115;128;147;374;7
32336;Winzendorf-Muthmannsdorf;95;116;212;132;249;232;122;69;34;81;80;236;254;265;311;34
32337;Wöllersdorf-Steinabrückl;125;205;354;393;703;462;214;79;35;58;178;376;715;578;630;35
32338;Zillingdorf;200;235;202;154;286;233;108;35;8;92;211;273;301;285;291;8
32501;Allentsteig;73;117;179;179;275;254;88;47;25;25;51;220;258;265;393;25
32502;Arbesbach;12;47;55;65;166;206;123;78;35;8;31;97;161;214;241;35
32503;Bärnkopf;11;15;27;20;37;46;30;13;1;4;7;40;49;40;59;1
32504;Echsenbach;16;35;81;44;111;111;99;153;13;14;32;81;72;99;352;13
32505;Göpfritz an der Wild;36;54;85;133;255;217;164;92;0;11;31;136;193;196;469;0
32506;Grafenschlag;7;35;50;49;79;109;49;65;0;4;34;65;94;86;160;0
32508;Groß Gerungs;87;146;252;270;519;533;364;195;1;32;144;439;563;496;692;1
32509;Großgöttfritz;23;43;61;55;149;186;85;49;11;8;33;100;137;158;215;11
32511;Gutenbrunn;16;37;53;42;76;48;54;32;2;11;25;42;66;66;148;2
32514;Kirchschlag;29;14;48;47;71;77;43;17;18;9;36;50;78;82;91;18
32515;Kottes-Purk;20;42;78;101;189;174;101;86;9;7;29;104;159;171;321;9
32516;Langschlag;45;79;125;113;224;208;101;48;18;12;60;181;216;211;263;18
32517;Martinsberg;15;24;49;45;142;141;86;53;0;3;17;92;101;140;202;0
32518;Ottenschlag;21;54;64;91;128;122;87;50;15;11;36;116;123;123;208;15
32519;Altmelon;6;15;27;36;108;104;71;42;21;5;16;42;65;86;195;21
32520;Pölla;52;44;87;82;160;108;69;33;51;24;36;141;165;117;152;51
32521;Rappottenstein;42;79;104;117;217;188;126;94;57;23;66;151;206;206;315;57
32522;Sallingberg;14;48;51;70;154;167;102;68;0;4;22;85;137;129;297;0
32523;Schönbach;22;26;36;40;79;98;64;40;3;11;32;53;78;76;155;3
32524;Schwarzenau;43;107;124;116;216;154;88;60;19;13;51;161;217;202;264;19
32525;Schweiggers;34;54;95;121;219;212;131;118;39;18;33;119;175;184;455;39
32528;Bad Traunstein;50;44;61;48;122;93;98;58;0;18;56;74;87;120;219;0
32529;Waldhausen;46;47;94;95;151;154;85;55;15;13;51;120;165;126;252;15
32530;Zwettl-Niederösterreich;372;509;803;851;1322;1298;636;360;123;185;380;832;1243;1265;2246;123
40101;Linz;17901;26061;29304;24769;15205;5664;2270;1056;1;3039;36331;38536;27152;9494;7678;1
40201;Steyr;3339;4825;4448;4282;3568;1686;1008;566;0;399;1286;3758;5406;6655;6218;0
40301;Wels;3702;6502;6255;7565;5714;2922;1440;739;14;896;4198;5399;8371;5402;10573;14
40401;Altheim;141;248;351;403;489;465;350;192;0;75;221;431;491;461;960;0
40402;Aspach;148;140;143;172;223;210;213;152;1;42;76;133;166;194;790;1
40403;Auerbach;5;38;22;29;90;84;78;38;1;3;5;39;46;56;235;1
40404;Braunau am Inn;941;1649;1717;1559;1731;977;573;241;2;417;1261;2295;2415;1350;1650;2
40405;Burgkirchen;46;45;77;104;213;264;273;179;7;25;19;51;111;218;777;7
40406;Eggelsberg;89;182;247;203;250;275;189;124;9;36;58;178;312;323;652;9
40407;Feldkirchen bei Mattighofen;43;82;66;87;217;191;229;116;0;12;52;106;168;186;507;0
40408;Franking;36;50;92;70;120;83;96;46;1;11;35;83;91;118;255;1
40409;Geretsberg;11;19;28;53;93;103;141;102;0;3;12;26;57;41;411;0
40410;Gilgenberg am Weilhart;17;30;44;65;101;135;127;96;2;6;20;34;87;109;359;2
40411;Haigermoos;11;18;19;19;62;66;64;42;1;3;15;23;46;61;153;1
40412;Handenberg;6;38;60;68;141;138;127;65;0;2;22;62;112;115;330;0
40413;Helpfau-Uttendorf;77;137;191;199;325;314;290;164;0;34;141;255;360;351;556;0
40414;Hochburg-Ach;63;113;174;212;349;355;326;152;1;28;54;147;313;342;860;1
40415;Höhnhart;33;66;68;79;121;138;157;98;1;12;30;53;112;132;421;1
40416;Jeging;16;22;35;50;81;59;71;36;0;8;18;27;73;65;179;0
40417;Kirchberg bei Mattighofen;12;27;40;41;107;158;147;87;0;11;15;63;77;91;362;0
40418;Lengau;118;239;333;330;510;461;374;154;17;30;136;387;480;495;991;17
40419;Lochen am See;221;81;114;190;271;298;295;168;23;197;66;155;240;258;722;23
40420;Maria Schmolln;17;34;43;45;108;116;170;109;1;3;27;74;83;104;351;1
40421;Mattighofen;224;446;575;722;750;480;341;147;0;53;166;377;617;760;1712;0
40422;Mauerkirchen;100;176;210;194;312;210;130;73;2;43;62;234;291;277;498;2
40423;Mining;6;19;53;59;117;158;161;64;0;2;9;44;85;128;369;0
40424;Moosbach;25;30;53;52;106;121;82;64;0;7;20;50;88;87;281;0
40425;Moosdorf;23;82;91;98;170;181;133;81;1;10;41;125;149;136;398;1
40426;Munderfing;71;104;195;189;351;297;216;90;6;31;58;144;284;276;720;6
40427;Neukirchen an der Enknach;14;68;109;91;223;232;239;115;1;5;15;101;169;220;581;1
40428;Ostermiething;159;142;183;269;404;329;306;152;0;5;130;162;245;272;1130;0
40429;Palting;6;58;84;46;121;124;140;66;0;0;8;64;54;129;390;0
40430;Perwang am Grabensee;26;26;61;81;96;123;106;37;0;10;18;43;84;116;285;0
40431;Pfaffstätt;52;23;42;46;99;122;129;89;0;13;30;81;89;114;275;0
40432;Pischelsdorf am Engelbach;31;43;62;95;159;168;148;95;9;17;11;49;133;136;455;9
40433;Polling im Innkreis;14;35;27;41;80;95;116;99;0;3;28;63;83;113;217;0
40434;Roßbach;22;41;54;33;94;97;82;44;2;9;17;54;69;103;215;2
40435;St. Georgen am Fillmannsbach;7;11;30;12;28;50;40;32;0;0;13;14;35;48;100;0
40436;St. Johann am Walde;46;61;82;84;191;212;222;120;1;17;39;123;157;179;503;1
40437;St. Pantaleon;101;237;289;201;276;266;178;169;1;26;66;265;392;304;664;1
40438;St. Peter am Hart;39;52;103;126;291;304;221;71;0;10;42;119;235;293;508;0
40439;St. Radegund;4;19;27;20;42;63;97;62;1;3;11;24;39;33;224;1
40440;St. Veit im Innkreis;7;12;11;12;36;29;50;29;1;1;4;14;25;26;116;1
40441;Schalchen;66;120;256;179;433;422;362;164;3;17;81;215;379;443;867;3
40442;Schwand im Innkreis;5;18;40;55;79;130;108;55;0;2;4;32;84;81;287;0
40443;Tarsdorf;36;66;77;72;189;210;224;130;0;14;38;69;152;173;558;0
40444;Treubach;31;33;37;44;61;81;75;27;2;20;21;53;50;75;170;2
40445;Überackern;8;30;37;39;83;77;59;36;0;4;7;30;60;94;174;0
40446;Weng im Innkreis;26;55;89;73;114;154;132;75;1;5;26;67;116;156;348;1
40501;Alkoven;259;211;396;522;731;585;349;153;0;208;114;243;544;672;1425;0
40502;Aschach an der Donau;67;152;165;184;246;155;117;67;0;10;42;242;286;239;334;0
40503;Eferding;213;435;541;535;333;159;129;68;0;53;311;516;671;372;490;0
40504;Fraham;39;65;122;166;220;258;180;153;1;14;49;122;172;209;637;1
40505;Haibach ob der Donau;27;40;59;65;151;132;120;63;1;2;27;64;86;95;383;1
40506;Hartkirchen;65;108;182;203;382;365;336;244;1;7;70;212;337;356;903;1
40507;Hinzenbach;27;45;106;107;121;211;187;131;0;12;37;76;151;153;506;0
40508;Prambachkirchen;61;87;118;145;235;297;279;171;0;19;82;151;236;246;659;0
40509;Pupping;19;50;94;122;173;197;162;102;1;6;10;58;134;215;496;1
40510;St. Marienkirchen an der Polsenz;68;40;75;101;215;248;255;159;0;53;42;113;187;201;565;0
40511;Scharten;45;69;106;125;210;275;210;121;1;10;43;107;150;248;603;1
40512;Stroheim;23;47;43;50;149;170;157;119;2;11;10;22;69;72;574;2
40601;Freistadt;411;582;782;847;851;505;416;147;0;125;465;803;1174;792;1182;0
40602;Grünbach;43;52;90;72;151;244;152;99;0;9;33;76;109;136;540;0
40603;Gutau;33;102;159;151;231;265;191;137;5;17;42;105;221;266;618;5
40604;Hagenberg im Mühlkreis;49;218;261;220;334;358;210;57;0;16;107;150;353;342;739;0
40605;Hirschbach im Mühlkreis;20;22;35;39;70;120;135;80;0;2;6;29;51;59;374;0
40606;Kaltenberg;8;10;25;31;44;45;59;24;0;3;8;23;38;40;134;0
40607;Kefermarkt;22;72;102;122;190;254;175;105;0;19;34;93;137;148;611;0
40608;Königswiesen;44;89;99;119;292;301;258;118;1;22;41;117;198;241;701;1
40609;Lasberg;43;102;114;139;298;354;216;100;2;11;39;184;205;249;678;2
40610;Leopoldschlag;36;35;65;51;98;109;91;39;1;10;23;53;91;100;247;1
40611;Liebenau;21;73;81;62;147;154;164;117;5;11;43;84;124;126;431;5
40612;Neumarkt im Mühlkreis;36;112;145;174;293;368;259;135;0;11;97;207;261;274;672;0
40613;Pierbach;12;23;29;34;67;94;91;60;1;3;15;27;57;78;230;1
40614;Pregarten;154;323;415;474;476;529;325;145;1;54;249;640;583;499;816;1
40615;Rainbach im Mühlkreis;56;117;132;134;275;311;267;97;1;19;52;148;225;241;704;1
40616;Sandl;31;54;58;70;148;165;132;69;0;9;27;79;111;111;390;0
40617;St. Leonhard bei Freistadt;36;52;84;74;189;186;88;24;3;14;35;80;139;152;313;3
40618;St. Oswald bei Freistadt;34;107;117;141;279;333;293;92;1;9;86;131;267;229;674;1
40619;Schönau im Mühlkreis;89;56;88;93;182;199;188;57;0;38;50;101;133;159;471;0
40620;Tragwein;81;108;190;165;279;355;223;117;2;16;103;186;282;288;643;2
40621;Unterweißenbach;45;51;66;101;144;150;174;188;0;5;31;116;130;135;502;0
40622;Unterweitersdorf;12;71;80;84;152;189;272;207;0;8;39;91;191;185;553;0
40623;Waldburg;23;41;63;56;153;155;146;38;2;4;25;59;90;130;367;2
40624;Wartberg ob der Aist;53;143;277;239;422;541;311;81;4;30;79;222;354;498;884;4
40625;Weitersfelden;10;39;49;48;102;101;119;68;0;5;31;55;95;87;263;0
40626;Windhaag bei Freistadt;30;60;68;58;140;180;140;78;0;9;39;77;99;152;378;0
40627;Bad Zell;51;104;155;123;254;245;255;120;0;10;89;173;215;215;605;0
40701;Altmünster;566;1028;1024;910;1321;881;601;286;16;195;296;741;1415;1426;2544;16
40702;Bad Goisern am Hallstättersee;382;401;574;572;897;753;498;278;3;238;268;681;882;748;1538;3
40703;Bad Ischl;1428;1467;1886;1619;1730;1138;601;242;33;592;1519;2194;2272;1564;1970;33
40704;Ebensee am Traunsee;239;644;823;844;924;586;354;128;25;92;239;825;1218;820;1348;25
40705;Gmunden;972;1294;1577;1586;1575;829;552;394;3;436;979;2005;2073;1406;1880;3
40706;Gosau;117;113;101;114;218;157;194;230;2;55;77;86;145;151;730;2
40707;Grünau im Almtal;164;148;178;188;261;216;159;83;11;81;118;243;301;240;414;11
40708;Gschwandt;15;59;102;189;306;299;266;114;0;10;47;164;349;334;446;0
40709;Hallstatt;103;67;113;101;139;73;35;18;1;32;66;161;96;96;198;1
40710;Kirchham;57;92;127;89;246;253;177;95;2;21;54;143;195;196;527;2
40711;Laakirchen;325;435;775;910;975;814;454;181;41;180;221;562;1045;1040;1821;41
40712;Obertraun;86;81;107;76;99;80;43;18;5;31;67;131;122;77;162;5
40713;Ohlsdorf;67;215;264;393;577;618;412;174;5;34;86;335;563;658;1044;5
40714;Pinsdorf;105;281;383;409;477;364;219;92;9;39;137;323;593;529;709;9
40715;Roitham am Traunfall;30;81;122;127;198;200;127;120;5;14;47;126;215;192;411;5
40716;St. Konrad;19;23;47;61;124;128;90;42;0;7;15;56;94;86;276;0
40717;St. Wolfgang im Salzkammergut;316;188;241;217;314;244;191;114;16;135;172;308;350;303;557;16
40718;Traunkirchen;102;123;170;209;252;213;111;82;4;60;112;202;299;247;342;4
40719;Scharnstein;180;231;334;340;534;534;376;162;0;68;118;277;394;473;1361;0
40720;Vorchdorf;174;262;495;489;791;752;537;245;2;55;219;567;675;778;1451;2
40801;Aistersheim;19;34;35;35;69;106;113;44;1;2;26;56;66;93;212;1
40802;Bad Schallerbach;294;414;389;418;483;277;209;104;1;62;326;500;582;455;663;1
40804;Eschenau im Hausruckkreis;13;16;27;33;88;113;81;51;1;4;20;39;58;83;218;1
40805;Gallspach;296;190;185;256;268;215;109;51;9;91;227;242;302;260;448;9
40806;Gaspoltshofen;85;105;162;173;228;360;303;161;0;47;93;178;238;246;775;0
40807;Geboltskirchen;48;66;86;78;135;151;112;86;0;18;38;74;137;129;366;0
40808;Grieskirchen;284;409;468;540;442;379;265;156;0;146;307;602;691;460;737;0
40809;Haag am Hausruck;74;96;152;129;194;218;177;97;1;20;56;140;213;210;498;1
40810;Heiligenberg;2;14;15;10;53;71;77;55;0;0;5;15;33;49;195;0
40811;Hofkirchen an der Trattnach;54;42;59;71;137;147;188;129;0;6;81;98;130;134;378;0
40812;Kallham;44;85;142;155;224;250;208;97;0;17;47;150;228;225;538;0
40813;Kematen am Innbach;10;27;75;85;124;151;113;53;0;4;23;102;123;135;251;0
40814;Meggenhofen;14;26;44;61;130;148;129;111;0;3;21;39;98;117;385;0
40815;Michaelnbach;9;30;67;66;90;152;105;58;2;5;16;53;105;108;290;2
40816;Natternbach;44;65;83;128;234;226;190;127;2;15;47;115;205;202;513;2
40817;Neukirchen am Walde;36;37;95;66;160;171;138;88;1;16;31;98;125;148;373;1
40818;Neumarkt im Hausruckkreis;34;107;139;177;148;138;78;45;10;10;38;100;213;202;303;10
40820;Pötting;6;6;21;21;45;53;53;25;1;2;3;18;25;39;143;1
40821;Pollham;11;29;37;42;94;106;109;50;1;3;13;61;66;92;243;1
40822;Pram;34;69;74;91;142;178;129;83;3;21;46;91;146;147;349;3
40823;Rottenbach;29;42;70;45;95;113;104;65;3;10;27;46;64;103;313;3
40824;St. Agatha;36;32;57;56;149;194;210;166;1;10;40;84;117;150;499;1
40825;St. Georgen bei Grieskirchen;19;23;63;86;108;144;94;64;3;8;11;45;118;93;326;3
40826;St. Thomas;3;16;11;22;39;69;54;27;2;5;3;17;23;42;151;2
40827;Schlüßlberg;43;109;219;255;323;318;197;119;2;17;111;242;335;322;556;2
40828;Steegen;6;15;24;19;77;118;82;88;1;1;9;22;47;70;280;1
40829;Taufkirchen an der Trattnach;17;40;90;103;177;207;181;116;0;3;30;91;155;176;476;0
40830;Tollet;6;12;29;49;69;81;117;55;0;1;11;34;56;82;234;0
40831;Waizenkirchen;69;156;247;188;306;334;327;172;0;20;145;271;282;307;774;0
40832;Wallern an der Trattnach;64;103;183;231;356;337;210;106;2;18;47;160;333;314;718;2
40833;Weibern;16;43;79;72;145;203;166;65;4;6;16;86;107;129;445;4
40834;Wendling;7;17;17;29;63;96;130;31;0;3;11;30;41;54;251;0
40835;Peuerbach;53;190;328;251;355;381;433;313;0;14;70;231;337;357;1295;0
40901;Edlbach;49;27;44;40;74;68;53;29;2;15;33;49;73;70;144;2
40902;Grünburg;90;169;245;261;376;344;249;126;0;24;86;241;396;306;807;0
40903;Hinterstoder;84;136;97;151;192;139;91;61;5;49;83;175;173;199;272;5
40904;Inzersdorf im Kremstal;27;65;149;115;206;203;136;51;1;11;58;144;200;224;315;1
40905;Kirchdorf an der Krems;244;404;584;550;457;203;151;91;1;61;195;495;773;472;688;1
40906;Klaus an der Pyhrnbahn;62;53;102;98;146;105;87;34;0;15;56;100;149;120;247;0
40907;Kremsmünster;211;390;492;597;676;506;402;232;1;125;369;677;816;616;903;1
40908;Micheldorf in Oberösterreich;167;247;507;442;554;562;398;166;1;52;217;522;752;602;898;1
40909;Molln;100;197;225;202;415;356;241;104;5;41;102;287;440;370;600;5
40910;Nußbach;26;76;90;130;179;272;195;151;3;21;18;92;185;206;597;3
40911;Oberschlierbach;11;15;19;25;56;43;44;24;0;4;13;23;46;44;107;0
40912;Pettenbach;171;316;424;270;369;378;434;465;6;64;137;373;374;525;1354;6
40913;Ried im Traunkreis;34;127;148;164;249;237;220;159;0;7;116;129;216;208;662;0
40914;Rosenau am Hengstpaß;52;57;70;54;76;55;40;25;1;21;38;71;97;71;131;1
40915;Roßleithen;72;131;151;139;206;205;121;47;5;20;87;239;222;198;306;5
40916;St. Pankraz;18;21;26;29;40;27;20;30;0;10;13;21;55;43;69;0
40917;Schlierbach;53;112;169;213;291;319;234;77;0;13;86;188;299;282;600;0
40918;Spital am Pyhrn;129;196;216;201;271;202;126;71;2;36;107;208;329;216;516;2
40919;Steinbach am Ziehberg;20;22;48;47;103;79;59;40;0;14;15;47;104;85;153;0
40920;Steinbach an der Steyr;29;74;95;115;249;180;137;69;1;8;21;110;177;199;433;1
40921;Vorderstoder;44;51;62;83;97;90;70;52;1;15;33;90;111;91;209;1
40922;Wartberg an der Krems;65;107;115;170;265;279;194;169;0;25;47;133;191;200;768;0
40923;Windischgarsten;157;226;319;279;267;151;119;43;4;35;196;287;436;226;381;4
41001;Allhaming;22;47;68;55;115;127;84;74;1;11;10;60;111;106;294;1
41002;Ansfelden;768;1614;1782;1542;1493;1055;459;158;19;348;936;1715;2395;1749;1728;19
41003;Asten;132;300;464;885;1030;410;213;77;0;34;186;485;969;730;1107;0
41004;Eggendorf im Traunkreis;7;18;28;38;80;139;105;68;0;1;11;23;78;81;289;0
41005;Enns;594;1044;1455;1263;1004;641;372;153;69;277;622;1344;1825;1095;1363;69
41006;Hargelsberg;11;42;53;46;105;160;117;125;1;2;14;31;98;131;383;1
41007;Hörsching;309;325;592;514;636;626;274;103;19;178;284;472;691;741;1013;19
41008;Hofkirchen im Traunkreis;11;76;91;128;176;258;128;70;0;10;43;151;177;187;370;0
41009;Kematen an der Krems;56;127;180;227;309;235;221;120;2;25;39;68;144;186;1013;2
41010;Kirchberg-Thening;29;69;121;132;211;253;232;208;1;7;16;86;165;239;742;1
41011;Kronstorf;50;176;243;226;402;375;225;98;1;23;87;230;283;415;757;1
41012;Leonding;1762;1977;3103;3406;2587;1688;927;525;252;696;1925;2676;4255;2689;3734;252
41013;St. Florian;78;212;417;539;747;646;375;205;0;38;138;404;736;691;1212;0
41014;Neuhofen an der Krems;144;323;410;525;737;636;402;152;2;53;166;431;689;585;1405;2
41015;Niederneukirchen;11;66;77;122;163;252;159;109;0;7;39;75;136;172;530;0
41016;Oftering;18;54;179;142;196;261;157;66;3;8;23;126;257;249;410;3
41017;Pasching;215;491;621;771;796;589;371;139;7;107;188;606;1005;720;1367;7
41018;Piberbach;17;52;98;126;205;214;145;58;0;7;12;61;145;229;461;0
41019;Pucking;10;79;165;154;467;504;319;122;1;11;63;149;310;395;892;1
41020;St. Marien;78;141;190;256;447;651;367;194;13;33;95;246;348;533;1069;13
41021;Traun;1129;1904;2623;2660;2597;1375;598;184;6;560;1735;2891;3715;2329;1840;6
41022;Wilhering;89;272;319;367;652;738;424;170;2;28;152;335;569;696;1251;2
41101;Allerheiligen im Mühlkreis;16;38;42;51;92;134;105;78;0;4;10;30;55;75;382;0
41102;Arbing;20;32;56;60;135;151;153;77;2;6;22;41;75;114;426;2
41103;Baumgartenberg;22;82;73;89;118;176;151;84;2;14;29;72;110;150;420;2
41104;Dimbach;30;37;28;25;87;87;83;67;0;15;33;37;64;52;243;0
41105;Grein;65;156;202;230;331;269;133;64;4;30;93;261;347;305;414;4
41106;Katsdorf;25;112;173;190;290;421;251;116;2;12;24;142;245;321;834;2
41107;Klam;5;18;26;34;71;104;108;45;0;2;2;30;62;93;222;0
41108;Bad Kreuzen;51;53;57;78;145;202;179;140;0;20;34;60;117;113;561;0
41109;Langenstein;65;139;264;221;252;249;125;46;8;29;63;169;393;293;414;8
41110;Luftenberg an der Donau;95;242;342;411;512;394;184;51;56;23;84;394;574;452;704;56
41111;Mauthausen;140;246;447;352;436;272;261;332;2;34;190;398;568;465;831;2
41112;Mitterkirchen im Machland;15;49;51;59;137;190;175;145;0;4;7;18;48;74;670;0
41113;Münzbach;23;50;66;64;120;198;203;107;0;8;26;54;99;140;504;0
41114;Naarn im Machlande;33;105;128;217;337;426;282;184;1;19;27;155;304;295;912;1
41115;Pabneukirchen;14;28;32;46;84;151;166;122;0;8;9;34;79;101;412;0
41116;Perg;255;593;790;779;876;645;498;337;37;69;227;619;980;944;1934;37
41117;Rechberg;8;26;35;40;75;112;105;48;0;1;16;71;77;79;205;0
41118;Ried in der Riedmark;36;81;138;191;422;514;324;146;1;10;45;103;269;358;1067;1
41119;St. Georgen am Walde;18;54;44;64;147;174;190;140;1;11;30;72;96;119;503;1
41120;St. Georgen an der Gusen;69;300;550;500;407;273;170;74;88;23;198;425;556;501;640;88
41121;St. Nikola an der Donau;30;67;54;77;85;65;33;36;0;14;40;97;90;72;134;0
41122;St. Thomas am Blasenstein;15;31;52;42;94;82;77;26;1;1;12;28;64;48;266;1
41123;Saxen;17;57;103;80;141;166;110;96;1;6;18;69;137;129;411;1
41124;Schwertberg;142;305;430;364;556;509;288;124;1;66;196;438;612;453;953;1
41125;Waldhausen im Strudengau;48;69;108;133;277;230;247;145;0;11;73;165;223;269;516;0
41126;Windhaag bei Perg;33;30;43;62;134;166;127;78;1;15;25;53;100;123;357;1
41201;Andrichsfurt;21;22;34;22;73;90;58;45;2;10;17;31;45;69;193;2
41202;Antiesenhofen;35;25;84;78;95;101;68;44;1;15;34;50;92;115;224;1
41203;Aurolzmünster;48;110;176;219;338;333;218;97;0;9;38;114;260;285;833;0
41204;Eberschwang;76;168;212;250;383;367;243;111;1;4;100;184;342;333;847;1
41205;Eitzing;11;23;24;25;71;96;94;56;0;4;9;23;52;73;239;0
41206;Geiersberg;28;7;21;41;43;38;43;17;0;12;18;15;21;61;111;0
41207;Geinberg;76;94;119;96;129;129;99;49;1;31;89;158;130;150;233;1
41208;Gurten;37;37;75;74;103;112;93;96;0;12;38;85;112;108;272;0
41209;Hohenzell;31;60;111;110;184;248;224;142;0;13;31;84;164;231;587;0
41210;Kirchdorf am Inn;17;16;29;38;78;74;71;39;18;4;9;39;53;59;198;18
41211;Kirchheim im Innkreis;26;33;37;23;60;98;85;50;0;3;16;32;40;73;248;0
41212;Lambrechten;26;63;70;56;108;133;113;88;1;4;46;99;118;129;261;1
41213;Lohnsburg am Kobernaußerwald;50;66;69;94;185;171;233;172;2;19;47;69;142;141;622;2
41214;Mehrnbach;86;72;126;116;223;269;183;78;4;30;54;139;178;205;547;4
41215;Mettmach;41;84;131;108;193;239;233;132;2;17;61;127;156;213;587;2
41216;Mörschwang;3;4;14;9;42;31;26;24;1;2;3;6;17;18;107;1
41217;Mühlheim am Inn;14;22;46;47;89;85;56;39;2;7;6;50;81;62;192;2
41218;Neuhofen im Innkreis;42;55;91;108;195;355;209;128;0;29;20;74;105;197;758;0
41219;Obernberg am Inn;81;174;159;160;177;130;82;47;0;38;78;165;223;200;306;0
41220;Ort im Innkreis;37;88;78;63;98;111;86;75;0;14;25;86;121;114;276;0
41221;Pattigham;20;30;31;40;82;150;104;46;2;10;18;51;68;100;256;2
41222;Peterskirchen;5;14;16;23;60;63;67;57;0;2;8;25;37;61;172;0
41223;Pramet;19;36;53;52;91;119;75;73;1;10;18;56;85;104;245;1
41224;Reichersberg;59;44;62;54;140;102;143;211;1;10;48;45;73;87;552;1
41225;Ried im Innkreis;798;1491;1539;1333;1303;716;318;191;0;377;1113;1620;1811;1275;1493;0
41226;St. Georgen bei Obernberg am Inn;3;18;21;51;56;46;51;41;0;2;7;25;73;41;139;0
41227;St. Marienkirchen am Hausruck;6;10;24;40;48;87;100;50;0;3;8;23;33;48;250;0
41228;St. Martin im Innkreis;42;87;120;194;223;163;127;70;0;12;58;99;207;190;460;0
41229;Schildorn;25;38;51;39;95;121;120;80;0;13;12;34;74;97;339;0
41230;Senftenbach;4;14;17;33;67;104;103;33;0;1;8;26;60;75;205;0
41231;Taiskirchen im Innkreis;58;91;112;102;225;242;213;114;4;29;53;136;204;236;499;4
41232;Tumeltsham;6;33;45;63;138;162;144;124;0;1;3;49;104;146;412;0
41233;Utzenaich;40;57;66;76;153;169;147;73;0;20;35;75;106;143;402;0
41234;Waldzell;83;75;94;123;220;199;230;113;0;32;69;109;169;215;543;0
41235;Weilbach;23;16;35;21;41;56;59;45;1;18;14;30;36;45;153;1
41236;Wippenham;6;10;20;25;48;72;53;39;1;2;8;22;25;52;164;1
41304;Altenfelden;59;78;141;114;227;230;174;90;3;20;55;121;189;229;499;3
41305;Arnreit;13;18;51;51;99;116;127;73;0;2;15;42;89;94;306;0
41306;Atzesberg;12;15;28;19;32;60;41;19;0;3;17;37;34;41;94;0
41307;Auberg;9;17;28;33;63;54;52;42;0;1;12;42;31;52;160;0
41309;Haslach an der Mühl;66;130;149;190;268;249;165;124;3;26;57;210;249;229;570;3
41311;Hörbich;6;10;11;14;44;43;34;16;0;1;9;18;21;37;92;0
41312;Hofkirchen im Mühlkreis;18;69;68;75;144;186;129;75;1;7;35;88;127;129;378;1
41313;Julbach;23;57;75;107;177;161;154;66;0;3;37;103;152;161;364;0
41314;Kirchberg ob der Donau;42;46;86;73;112;131;82;42;0;16;36;76;129;109;248;0
41315;Klaffer am Hochficht;29;48;99;68;171;160;110;41;1;9;30;99;146;150;292;1
41316;Kleinzell im Mühlkreis;25;49;71;86;155;191;147;58;0;1;28;68;112;112;461;0
41317;Kollerschlag;16;44;71;50;120;153;124;104;1;5;17;44;79;108;429;1
41318;Lembach im Mühlkreis;21;65;87;122;140;145;115;66;0;2;46;96;150;122;345;0
41319;Lichtenau im Mühlkreis;1;2;16;13;40;61;52;45;0;5;3;7;32;30;153;0
41320;Nebelberg;4;13;32;14;64;55;57;38;0;2;5;9;24;39;198;0
41321;Neufelden;43;46;77;79;120;157;84;37;0;16;41;80;129;140;237;0
41322;Niederkappel;26;33;46;54;108;116;85;49;0;6;28;58;72;83;270;0
41323;Niederwaldkirchen;34;62;115;85;154;192;157;95;1;15;48;87;163;162;419;1
41324;Oberkappel;19;30;44;46;56;80;58;32;1;5;25;50;62;59;164;1
41325;Oepping;28;32;65;73;129;185;157;76;0;10;40;93;114;143;345;0
41326;Peilstein im Mühlviertel;34;59;78;105;156;177;139;66;1;11;54;110;134;176;329;1
41327;Pfarrkirchen im Mühlkreis;10;32;51;27;118;141;165;113;0;2;20;49;89;97;400;0
41328;Putzleinsdorf;36;48;84;77;161;167;145;101;0;10;26;55;82;119;527;0
41329;Neustift im Mühlkreis;18;33;44;51;120;136;163;98;0;1;21;38;72;98;433;0
41331;St. Johann am Wimberg;18;40;53;50;87;127;96;46;0;8;32;49;100;100;228;0
41332;St. Martin im Mühlkreis;61;104;228;168;367;341;362;186;0;18;71;168;288;304;968;0
41333;St. Oswald bei Haslach;3;9;31;16;33;50;47;46;0;2;5;20;32;33;143;0
41334;St. Peter am Wimberg;30;88;72;107;143;231;159;64;0;4;53;96;154;155;432;0
41336;St. Ulrich im Mühlkreis;10;16;24;19;55;79;73;42;0;3;20;26;35;42;192;0
41337;St. Veit im Mühlkreis;20;38;70;52;112;138;132;81;1;4;43;60;108;116;312;1
41338;Sarleinsbach;39;65;126;123;227;268;157;82;1;16;49;139;182;231;470;1
41341;Schwarzenberg am Böhmerwald;17;13;54;53;114;82;47;30;0;5;20;59;83;84;159;0
41342;Ulrichsberg;67;115;164;163;290;299;224;145;3;29;79;171;272;270;646;3
41343;Aigen-Schlägl;108;179;210;226;312;326;264;143;4;41;142;240;348;382;615;4
41344;Rohrbach-Berg;208;288;446;479;506;510;349;145;0;129;195;507;627;615;858;0
41345;Helfenberg;60;70;98;90;200;172;138;68;1;51;53;87;133;131;441;1
41346;St. Stefan-Afiesl;45;39;48;62;126;129;101;48;0;32;19;50;78;124;295;0
41401;Altschwendt;12;31;41;40;64;78;53;31;0;3;17;32;54;58;186;0
41402;Andorf;128;279;364;318;464;428;377;177;19;52;119;259;437;456;1212;19
41403;Brunnenthal;26;56;86;114;203;205;158;120;0;4;34;82;150;204;494;0
41404;Diersbach;39;49;71;82;132;134;153;78;0;17;34;72;106;111;398;0
41405;Dorf an der Pram;28;37;40;39;78;109;106;74;5;2;14;44;50;76;325;5
41406;Eggerding;7;39;39;40;71;71;125;227;0;3;8;35;32;66;475;0
41407;Engelhartszell;30;36;51;57;98;73;87;64;1;20;23;37;76;74;266;1
41408;Enzenkirchen;46;65;71;87;183;158;134;134;4;8;28;88;135;170;449;4
41409;Esternberg;103;93;127;134;267;317;217;106;3;32;60;180;238;270;584;3
41410;Freinberg;88;60;85;84;192;161;118;54;0;33;53;162;166;145;283;0
41411;Kopfing im Innkreis;51;66;82;98;227;210;196;111;1;17;40;130;189;202;463;1
41412;Mayrhof;1;4;5;2;14;18;27;40;0;1;3;3;15;5;84;0
41413;Münzkirchen;37;82;99;98;195;241;213;156;0;6;30;86;138;157;704;0
41414;Raab;43;89;101;123;211;242;191;139;1;9;62;103;160;205;600;1
41415;Rainbach im Innkreis;21;24;60;49;81;122;146;135;0;7;34;67;73;103;354;0
41416;Riedau;36;72;138;86;204;242;155;73;21;17;37;115;191;182;464;21
41417;St. Aegidi;21;46;42;42;94;146;128;148;1;8;23;44;91;90;411;1
41418;St. Florian am Inn;141;160;231;252;324;253;199;163;18;55;126;242;357;333;610;18
41419;St. Marienkirchen bei Schärding;38;89;87;106;200;201;174;71;0;19;31;103;145;189;479;0
41420;St. Roman;22;47;60;56;158;168;152;122;0;5;10;46;60;86;578;0
41421;St. Willibald;10;34;48;41;111;101;112;76;1;3;22;53;77;67;311;1
41422;Schärding;263;605;588;662;604;310;207;145;1;107;421;661;876;597;722;1
41423;Schardenberg;51;96;105;171;254;265;213;93;4;22;66;176;241;241;502;4
41424;Sigharting;8;12;38;44;52;76;84;69;2;3;11;35;61;69;204;2
41425;Suben;124;66;102;81;137;134;86;40;2;17;89;101;160;132;271;2
41426;Taufkirchen an der Pram;53;103;132;127;253;273;217;203;1;14;47;133;195;236;736;1
41427;Vichtenstein;18;24;45;36;81;50;47;42;2;7;18;60;61;58;139;2
41428;Waldkirchen am Wesen;40;41;59;65;104;128;113;59;2;14;38;73;86;102;296;2
41429;Wernstein am Inn;40;58;88;74;182;161;124;63;0;11;39;117;147;126;350;0
41430;Zell an der Pram;27;63;68;88;131;185;147;135;3;10;19;74;127;128;486;3
41501;Adlwang;16;74;88;87;217;205;170;80;0;12;21;48;143;146;567;0
41502;Aschach an der Steyr;13;50;73;119;245;318;168;95;1;3;11;44;139;171;713;1
41503;Bad Hall;298;414;571;612;744;408;238;79;1;121;296;577;820;630;920;1
41504;Dietach;41;102;159;212;376;367;238;129;1;11;94;222;333;349;615;1
41505;Gaflenz;21;48;93;99;209;167;152;78;2;16;35;83;185;160;388;2
41506;Garsten;130;285;392;443;602;639;326;175;25;77;122;409;600;648;1136;25
41507;Großraming;57;113;164;151;276;271;214;83;0;17;56;157;257;245;597;0
41508;Laussa;34;42;97;86;142;102;77;47;2;12;45;95;154;126;195;2
41509;Losenstein;28;78;130;114;158;125;109;97;0;13;19;76;119;138;474;0
41510;Maria Neustift;14;47;51;70;99;153;132;79;0;10;37;83;109;140;266;0
41511;Pfarrkirchen bei Bad Hall;45;56;145;169;289;256;148;52;2;8;50;103;233;234;532;2
41512;Reichraming;72;92;153;167;171;150;85;46;1;15;86;154;244;169;268;1
41513;Rohr im Kremstal;32;60;42;106;152;128;97;74;0;4;41;85;105;161;295;0
41514;St. Ulrich bei Steyr;41;94;156;196;385;339;212;101;0;18;73;171;291;383;588;0
41515;Schiedlberg;25;36;64;78;113;117;109;95;1;16;21;79;128;109;284;1
41516;Sierning;282;482;713;731;1200;1002;536;211;0;122;175;616;1022;1087;2135;0
41517;Ternberg;100;181;213;181;300;341;236;148;8;46;128;272;342;356;556;8
41518;Waldneukirchen;29;59;126;131;253;247;161;81;0;6;29;109;212;206;525;0
41521;Wolfern;34;83;130;163;357;424;237;149;7;8;25;107;277;320;840;7
41522;Weyer;150;240;419;324;489;391;216;95;8;53;166;392;602;471;640;8
41601;Alberndorf in der Riedmark;70;102;146;165;352;471;320;304;0;23;23;82;152;248;1402;0
41602;Altenberg bei Linz;56;106;179;232;412;548;397;232;0;10;62;183;291;465;1151;0
41603;Bad Leonfelden;176;276;301;302;357;386;331;127;2;88;218;276;467;383;824;2
41604;Eidenberg;68;73;122;106;226;224;216;107;0;34;75;147;213;244;429;0
41605;Engerwitzdorf;115;222;416;584;1019;1081;561;219;3;53;151;463;940;932;1678;3
41606;Feldkirchen an der Donau;79;259;331;295;580;602;460;229;0;24;80;255;381;453;1642;0
41607;Gallneukirchen;170;327;583;732;723;508;338;127;0;53;186;467;900;772;1130;0
41608;Goldwörth;14;16;30;47;86;93;83;32;0;8;22;35;85;92;159;0
41609;Gramastetten;95;187;229;299;496;526;403;292;2;43;75;265;370;485;1289;2
41610;Haibach im Mühlkreis;11;33;42;43;98;102;84;54;1;5;10;28;65;93;266;1
41611;Hellmonsödt;86;146;195;207;244;251;141;64;10;70;133;246;303;232;350;10
41612;Herzogsdorf;23;51;79;77;173;254;303;221;0;7;20;87;85;129;853;0
41613;Kirchschlag bei Linz;168;118;157;146;229;242;165;112;4;86;132;152;209;229;529;4
41614;Lichtenberg;36;97;173;201;280;339;247;112;0;25;66;151;325;322;596;0
41615;Oberneukirchen;95;165;226;231;310;364;263;111;1;49;110;253;336;318;699;1
41616;Ottenschlag im Mühlkreis;8;15;32;18;52;60;49;30;0;2;3;23;27;46;163;0
41617;Ottensheim;108;313;436;514;505;360;237;126;0;42;139;419;676;487;836;0
41618;Puchenau;80;205;289;426;842;377;214;167;0;42;148;580;470;621;739;0
41619;Reichenau im Mühlkreis;19;40;74;83;147;172;102;48;1;7;20;40;94;115;409;1
41620;Reichenthal;24;55;65;75;131;158;143;88;0;8;27;57;110;120;417;0
41621;St. Gotthard im Mühlkreis;44;48;114;99;139;132;119;62;3;16;44;96;147;145;309;3
41622;Schenkenfelden;50;62;75;92;128;197;122;54;17;16;57;102;148;148;309;17
41623;Sonnberg im Mühlkreis;11;19;45;30;96;140;102;61;0;3;24;51;84;100;242;0
41624;Steyregg;171;265;446;519;599;513;238;96;18;37;160;438;662;648;902;18
41626;Walding;107;190;300;272;411;391;299;163;0;40;59;170;335;407;1122;0
41627;Zwettl an der Rodl;53;96;140;133;189;167;119;36;1;24;60;132;219;190;308;1
41628;Vorderweißenbach;52;74;158;125;264;308;227;124;0;19;84;178;253;268;530;0
41701;Ampflwang im Hausruckwald;103;235;269;261;314;297;208;99;0;22;82;297;349;337;699;0
41702;Attersee am Attersee;238;244;275;255;338;204;164;98;5;152;266;326;352;275;445;5
41703;Attnang-Puchheim;566;838;853;965;893;527;290;111;4;332;440;1218;1186;796;1071;4
41704;Atzbach;13;45;49;54;83;128;110;77;0;10;19;50;77;103;300;0
41705;Aurach am Hongar;28;56;71;96;179;214;177;66;3;10;26;74;151;181;445;3
41706;Berg im Attergau;28;36;49;36;92;84;115;104;0;16;32;42;76;65;313;0
41707;Desselbrunn;16;48;69;50;126;208;193;97;2;6;26;69;118;145;443;2
41708;Fornach;13;14;24;34;99;98;113;47;0;3;15;46;71;97;210;0
41709;Frankenburg am Hausruck;84;189;274;281;494;455;449;221;2;30;148;353;444;472;1000;2
41710;Frankenmarkt;118;213;300;308;352;308;229;110;1;41;178;354;430;370;565;1
41711;Gampern;28;96;121;84;229;296;302;258;2;12;24;103;138;194;943;2
41712;Innerschwand am Mondsee;62;122;67;113;121;133;107;76;0;37;90;111;126;129;308;0
41713;Lenzing an der Ager;240;549;535;473;481;350;210;107;46;74;255;467;748;558;843;46
41714;Manning;7;11;36;30;69;94;81;31;1;0;6;23;51;57;222;1
41715;Mondsee;375;540;471;404;354;219;169;123;2;245;537;504;586;310;473;2
41716;Neukirchen an der Vöckla;22;103;115;110;234;293;252;106;0;8;76;144;190;240;577;0
41717;Niederthalheim;11;24;55;42;93;134;97;48;0;6;13;50;86;122;227;0
41718;Nußdorf am Attersee;246;216;171;176;220;201;146;135;1;94;227;257;229;215;489;1
41719;Oberhofen am Irrsee;85;86;130;116;202;158;140;65;2;39;85;139;206;182;331;2
41720;Oberndorf bei Schwanenstadt;16;37;80;71;131;177;123;44;0;10;12;80;114;141;322;0
41721;Oberwang;45;52;113;86;180;150;145;73;0;15;42;103;167;186;331;0
41722;Ottnang am Hausruck;78;146;213;204;412;352;355;180;0;23;36;140;205;289;1247;0
41723;Pfaffing;85;27;63;53;159;163;172;65;0;71;26;72;147;150;321;0
41724;Pilsbach;4;5;18;21;54;82;64;47;0;1;2;18;32;58;184;0
41725;Pitzenberg;3;6;10;18;38;60;69;24;0;2;10;16;31;41;128;0
41726;Pöndorf;20;41;89;114;242;253;260;135;0;12;40;138;224;251;489;0
41727;Puchkirchen am Trattberg;53;33;32;38;73;97;106;58;1;10;23;34;55;72;296;1
41728;Pühret;4;6;12;11;40;60;82;35;0;2;4;18;28;38;160;0
41729;Redleiten;17;15;22;21;30;65;46;19;0;6;9;18;30;48;124;0
41730;Redlham;21;48;50;71;142;235;153;50;0;9;28;49;108;179;397;0
41731;Regau;105;223;311;367;762;608;528;317;4;20;89;325;461;546;1780;4
41732;Rüstorf;38;117;164;153;190;236;159;77;0;13;37;146;201;231;506;0
41733;Rutzenham;2;4;5;17;17;37;29;12;0;1;4;12;13;18;75;0
41734;St. Georgen im Attergau;135;258;359;364;502;364;292;148;0;51;140;361;584;434;852;0
41735;St. Lorenz;220;190;179;174;247;209;214;164;7;46;229;220;269;215;618;7
41736;Schlatt;34;66;94;68;134;162;102;53;2;12;36;98;131;127;309;2
41737;Schörfling am Attersee;162;249;333;331;492;332;267;111;5;67;169;321;463;466;791;5
41738;Schwanenstadt;252;465;555;419;385;204;204;202;0;75;254;511;629;367;850;0
41739;Seewalchen am Attersee;197;536;437;474;705;625;439;208;1;59;283;596;776;778;1129;1
41740;Steinbach am Attersee;143;89;144;98;171;144;111;77;6;54;121;152;177;169;304;6
41741;Straß im Attergau;48;49;59;66;141;166;163;105;0;12;38;74;111;112;450;0
41742;Tiefgraben;108;203;221;218;414;377;295;264;13;59;107;258;375;350;951;13
41743;Timelkam;212;314;568;545;645;489;264;77;2;140;196;479;825;573;901;2
41744;Ungenach;11;30;62;57;108;173;167;69;0;7;15;46;84;132;393;0
41745;Unterach am Attersee;139;184;192;177;225;208;179;115;13;75;144;250;285;243;422;13
41746;Vöcklabruck;722;1069;1305;1348;1283;673;476;520;21;422;595;1227;1938;1485;1729;21
41747;Vöcklamarkt;96;193;253;331;437;512;404;207;3;13;71;182;363;494;1310;3
41748;Weißenkirchen im Attergau;6;11;22;27;79;95;95;104;0;3;5;26;54;78;273;0
41749;Weyregg am Attersee;212;260;234;198;272;178;117;51;5;128;223;290;294;196;391;5
41750;Wolfsegg am Hausruck;49;101;150;134;197;207;128;59;2;8;46;155;248;204;364;2
41751;Zell am Moos;104;98;109;96;185;158;160;72;2;36;130;144;186;155;331;2
41752;Zell am Pettenfirst;24;46;65;63;119;130;103;50;1;8;35;78;113;113;253;1
41801;Aichkirchen;6;13;17;25;48;55;46;60;0;0;12;29;47;42;140;0
41802;Bachmanning;9;13;33;43;58;71;63;34;1;6;7;12;53;72;174;1
41803;Bad Wimsbach-Neydharting;47;103;161;154;247;213;207;152;0;15;70;185;264;207;543;0
41804;Buchkirchen;43;90;176;176;401;471;394;250;1;16;40;114;218;315;1298;1
41805;Eberstalzell;33;88;167;136;177;260;243;92;1;9;32;93;198;209;655;1
41806;Edt bei Lambach;37;97;117;160;205;245;181;94;6;7;30;98;189;237;575;6
41807;Fischlham;6;12;44;71;144;154;120;73;4;4;9;30;52;71;458;4
41808;Gunskirchen;69;160;365;371;663;668;427;189;1;31;131;397;595;670;1088;1
41809;Holzhausen;8;76;97;44;98;122;91;27;2;3;22;41;83;143;271;2
41810;Krenglbach;30;69;89;174;272;355;258;186;1;13;27;111;221;329;732;1
41811;Lambach;174;390;345;317;356;248;160;68;0;93;225;521;436;335;448;0
41812;Marchtrenk;490;688;1090;1136;1445;1487;693;153;74;283;412;972;1593;1481;2441;74
41813;Neukirchen bei Lambach;6;23;53;61;72;127;79;54;0;2;12;52;76;89;244;0
41814;Offenhausen;22;58;106;96;153;163;131;95;2;11;24;63;200;162;364;2
41815;Pennewang;5;32;34;36;100;118;105;65;1;2;18;58;73;80;264;1
41816;Pichl bei Wels;51;99;134;177;277;304;252;143;0;23;28;127;175;255;829;0
41817;Sattledt;69;111;174;229;223;179;165;112;1;36;62;209;215;252;488;1
41818;Schleißheim;19;36;45;74;113;142;143;66;0;5;21;49;119;135;309;0
41819;Sipbachzell;28;58;89;107;215;268;165;86;0;2;17;87;167;208;535;0
41820;Stadl-Paura;281;335;463;441;499;437;219;82;3;82;196;447;624;535;873;3
41821;Steinerkirchen an der Traun;12;48;86;131;186;215;159;157;8;13;18;85;174;222;482;8
41822;Steinhaus;32;114;165;169;332;219;180;114;4;4;24;56;218;255;768;4
41823;Thalheim bei Wels;377;323;381;577;474;443;284;228;1;185;162;332;739;403;1266;1
41824;Weißkirchen an der Traun;19;97;130;147;307;410;332;150;0;8;66;193;280;331;714;0
50101;Salzburg;17921;19660;17701;15266;12024;5069;2541;1362;301;11266;19861;24447;20252;9015;6703;301
50201;Abtenau;231;303;418;401;558;421;350;154;18;89;261;479;622;572;813;18
50202;Adnet;100;205;223;267;441;324;227;131;9;37;131;308;454;403;585;9
50203;Annaberg-Lungötz;73;106;167;161;283;200;150;68;5;31;105;187;266;219;400;5
50204;Golling an der Salzach;205;311;396;422;483;265;203;77;21;74;222;414;634;404;614;21
50205;Hallein;1424;2815;2294;1842;1611;797;465;237;36;746;1878;2897;2841;1479;1644;36
50206;Krispl;23;50;52;44;115;78;74;24;1;8;46;71;83;106;146;1
50207;Kuchl;292;424;547;542;826;498;427;195;18;92;374;723;916;666;980;18
50208;Oberalm;267;229;343;338;479;320;175;68;0;161;231;333;550;450;494;0
50209;Puch bei Hallein;125;306;366;409;493;364;202;99;6;38;199;407;580;427;713;6
50210;Rußbach am Paß Gschütt;104;54;68;42;83;68;65;24;1;87;42;67;77;85;150;1
50211;St. Koloman;62;47;64;102;197;174;136;82;0;20;60;109;186;172;317;0
50212;Scheffau am Tennengebirge;43;72;82;75;167;151;113;46;2;19;43;90;130;110;357;2
50213;Bad Vigaun;59;125;175;175;241;153;109;59;2;23;76;178;325;185;309;2
50301;Anif;252;344;335;377;406;298;217;178;21;157;328;425;551;425;521;21
50302;Anthering;87;223;282;336;484;275;165;88;2;42;152;300;462;381;603;2
50303;Bergheim;282;368;378;463;608;373;267;136;5;183;277;468;603;561;783;5
50304;Berndorf bei Salzburg;15;64;98;104;195;187;151;57;6;11;59;143;194;207;257;6
50305;Bürmoos;81;304;384;356;590;426;241;51;2;20;169;411;550;516;767;2
50306;Dorfbeuern;25;49;68;59;148;165;168;38;4;6;38;83;121;117;355;4
50307;Ebenau;29;28;58;69;158;129;139;70;0;12;25;60;104;91;388;0
50308;Elixhausen;97;173;242;234;424;263;144;67;3;70;161;315;369;340;389;3
50309;Elsbethen;308;469;479;466;617;347;251;152;3;184;389;567;662;519;768;3
50310;Eugendorf;197;371;402;557;715;619;381;141;13;108;266;580;791;626;1012;13
50311;Faistenau;49;77;141;169;327;278;258;78;29;29;58;154;288;306;542;29
50312;Fuschl am See;82;127;119;117;176;94;101;91;0;34;134;157;182;138;262;0
50313;Göming;15;37;37;24;60;79;79;40;3;9;33;56;47;59;167;3
50314;Grödig;408;858;825;593;627;377;218;91;63;232;508;875;1006;623;753;63
50315;Großgmain;196;205;243;189;218;169;104;72;135;81;177;270;348;223;297;135
50316;Hallwang;128;287;296;334;539;336;230;103;3;67;235;445;438;471;597;3
50317;Henndorf am Wallersee;130;301;389;393;571;437;280;132;0;69;271;460;586;522;725;0
50318;Hintersee;13;15;16;26;48;46;31;20;0;6;11;21;32;54;91;0
50319;Hof bei Salzburg;264;178;252;280;400;286;223;91;27;123;288;332;378;358;495;27
50320;Köstendorf;69;90;137;143;274;232;200;85;30;34;97;197;260;218;424;30
50321;Koppl;48;140;247;198;422;313;277;120;1;39;90;237;347;274;778;1
50322;Lamprechtshausen;69;154;181;186;412;371;302;154;5;37;111;196;284;303;898;5
50323;Mattsee;171;228;322;287;425;282;211;139;28;81;269;381;373;369;592;28
50324;Neumarkt am Wallersee;163;411;482;549;670;386;368;147;1;37;210;467;664;557;1241;1
50325;Nußdorf am Haunsberg;49;93;126;119;272;240;170;75;18;14;25;128;213;273;491;18
50326;Oberndorf bei Salzburg;203;495;522;714;524;378;186;73;8;114;441;704;793;547;496;8
50327;Obertrum am See;148;262;302;413;575;368;304;107;6;62;230;401;589;544;653;6
50328;Plainfeld;19;75;85;51;119;118;90;50;5;5;42;78;116;129;237;5
50329;St. Georgen bei Salzburg;42;115;153;154;312;291;263;118;2;24;46;169;183;217;809;2
50330;St. Gilgen;632;537;549;425;457;328;254;238;5;461;566;711;493;402;787;5
50331;Schleedorf;18;31;61;64;85;67;82;122;7;4;13;62;94;79;278;7
50332;Seeham;66;110;144;171;216;182;144;83;0;42;93;235;264;172;310;0
50335;Straßwalchen;195;415;530;499;982;553;432;219;2;140;473;729;841;741;901;2
50336;Strobl;378;325;277;230;398;264;222;328;14;189;299;378;440;363;753;14
50337;Thalgau;141;374;449;475;618;486;352;152;13;57;295;493;667;666;869;13
50338;Wals-Siezenheim;529;1174;1542;1442;1455;775;401;182;24;333;894;1392;2145;1440;1296;24
50339;Seekirchen am Wallersee;323;885;982;939;1372;812;447;237;8;183;290;915;1366;1223;2020;8
50401;Altenmarkt im Pongau;392;479;459;451;427;303;228;152;1;211;479;781;547;324;549;1
50402;Bad Hofgastein;1181;988;850;691;688;363;190;79;38;545;827;1219;978;608;853;38
50403;Bad Gastein;839;896;759;525;486;180;104;47;56;518;798;969;776;433;342;56
50404;Bischofshofen;941;1635;1244;802;775;299;187;58;465;411;1030;1670;1456;813;561;465
50405;Dorfgastein;59;139;137;129;220;139;67;29;4;16;119;186;168;164;266;4
50406;Eben im Pongau;60;167;206;189;226;209;123;57;129;39;80;222;325;222;349;129
50407;Filzmoos;119;106;115;90;202;115;121;58;7;50;69;138;163;148;358;7
50408;Flachau;551;375;317;278;386;227;193;96;2;212;293;344;401;329;844;2
50409;Forstau;10;12;14;27;63;46;43;16;6;5;5;27;50;61;83;6
50410;Goldegg;113;159;164;220;316;233;193;94;7;60;152;242;280;230;528;7
50411;Großarl;258;193;275;229;389;276;235;111;4;117;159;304;393;358;635;4
50412;Hüttau;59;97;125;127;163;117;66;35;1;18;63;155;194;160;199;1
50413;Hüttschlag;48;55;52;65;106;76;56;46;2;37;24;50;83;100;210;2
50414;Kleinarl;24;51;46;71;108;94;40;17;0;2;41;88;110;90;120;0
50415;Mühlbach am Hochkönig;350;223;199;138;126;105;55;22;6;76;310;279;233;144;176;6
50416;Pfarrwerfen;126;122;171;141;234;179;150;126;10;85;55;143;204;231;531;10
50417;Radstadt;362;472;418;434;447;317;261;139;21;196;505;705;532;377;535;21
50418;St. Johann im Pongau;681;1046;1204;1308;1171;523;317;138;11;312;944;1401;1773;984;974;11
50419;St. Martin am Tennengebirge;55;119;127;121;211;163;112;26;2;21;89;202;233;175;214;2
50420;St. Veit im Pongau;200;261;329;333;405;287;161;70;72;87;282;389;462;385;441;72
50421;Schwarzach im Pongau;636;505;413;342;254;113;56;27;0;446;381;560;483;257;219;0
50422;Untertauern;76;55;59;50;61;37;22;37;47;44;56;95;78;47;77;47
50423;Wagrain;182;233;265;252;341;232;183;86;2;76;205;341;370;327;455;2
50424;Werfen;134;230;251;262;282;195;149;69;1;21;272;307;342;261;369;1
50425;Werfenweng;81;67;65;75;88;71;66;45;4;41;79;91;100;104;143;4
50501;Göriach;10;6;8;17;22;38;26;14;2;1;14;12;14;29;71;2
50502;Lessach;18;19;17;17;52;66;32;16;10;7;12;19;34;40;125;10
50503;Mariapfarr;64;113;191;108;222;252;158;80;15;24;83;190;197;210;484;15
50504;Mauterndorf;84;118;165;121;181;182;84;51;0;31;67;135;241;162;350;0
50505;Muhr;19;16;24;30;61;67;33;15;1;1;15;45;35;52;117;1
50506;Ramingstein;66;46;80;75;151;128;55;25;13;29;36;86;129;112;234;13
50507;St. Andrä im Lungau;20;20;27;30;58;40;74;101;5;4;15;42;41;47;221;5
50508;St. Margarethen im Lungau;32;42;30;38;62;88;54;22;0;12;27;32;58;68;171;0
50509;St. Michael im Lungau;145;257;209;215;359;311;226;133;8;64;163;283;317;366;662;8
50510;Tamsweg;326;504;454;425;506;453;306;206;20;107;375;544;613;506;1035;20
50511;Thomatal;4;7;13;16;40;43;29;27;2;5;0;10;21;26;117;2
50512;Tweng;64;34;32;38;26;27;13;26;0;11;55;33;39;46;76;0
50513;Unternberg;21;30;41;31;70;127;87;39;1;9;20;48;42;75;252;1
50514;Weißpriach;4;9;22;16;24;40;27;21;2;3;10;12;24;30;84;2
50515;Zederhaus;25;30;54;48;99;124;74;54;2;9;28;51;77;87;256;2
50601;Bramberg am Wildkogel;153;283;293;311;472;389;305;103;5;51;145;348;422;422;921;5
50602;Bruck an der Großglocknerstraße;260;436;482;445;506;299;158;68;14;81;321;509;591;547;605;14
50603;Dienten am Hochkönig;77;80;76;65;97;78;49;20;1;17;59;128;132;90;116;1
50604;Fusch an der Großglocknerstraße;35;60;78;58;71;53;47;19;1;10;47;89;80;62;133;1
50605;Hollersbach im Pinzgau;23;50;96;101;154;99;128;75;0;11;45;146;171;117;236;0
50606;Kaprun;708;532;452;321;355;130;78;70;23;505;400;591;404;417;329;23
50607;Krimml;221;196;154;113;150;85;60;68;1;11;153;289;209;164;221;1
50608;Lend;88;124;110;127;122;103;59;14;8;25;86;161;182;123;170;8
50609;Leogang;423;248;346;298;380;282;202;92;8;315;223;453;379;343;558;8
50610;Lofer;78;128;181;173;249;172;154;53;2;15;99;200;269;175;430;2
50611;Maishofen;228;351;312;259;335;258;159;126;2;127;347;348;348;313;545;2
50612;Maria Alm am Steinernen Meer;419;490;330;280;354;191;136;153;20;97;376;600;446;292;542;20
50613;Mittersill;159;384;472;397;614;337;291;151;2;92;270;566;595;486;796;2
50614;Neukirchen am Großvenediger;43;129;151;180;258;210;168;80;1;13;70;192;235;176;533;1
50615;Niedernsill;109;176;183;202;344;272;181;50;4;24;57;261;261;318;596;4
50616;Piesendorf;122;239;275;308;485;307;209;92;3;42;212;366;412;429;576;3
50617;Rauris;89;211;230;224;418;237;185;52;69;30;126;273;333;317;567;69
50618;Saalbach-Hinterglemm;821;499;311;309;379;197;182;129;3;783;522;409;388;282;443;3
50619;Saalfelden am Steinernen Meer;1085;2021;1914;1473;1646;919;461;266;272;538;1820;2198;2208;1432;1589;272
50620;St. Martin bei Lofer;226;101;108;79;132;124;73;52;2;180;72;111;135;128;269;2
50621;Stuhlfelden;46;70;116;98;169;122;89;39;2;15;50;141;138;152;253;2
50622;Taxenbach;67;180;227;194;271;219;148;77;7;20;115;237;312;257;442;7
50623;Unken;62;108;150;149;222;178;148;90;2;17;122;209;238;183;338;2
50624;Uttendorf;152;215;279;232;300;216;191;107;7;101;84;199;293;249;766;7
50625;Viehhofen;49;73;76;60;80;51;13;5;0;13;49;98;108;61;78;0
50626;Wald im Pinzgau;331;248;197;152;205;135;127;173;5;116;193;312;247;189;511;5
50627;Weißbach bei Lofer;10;18;19;31;41;25;22;18;0;11;7;26;30;24;86;0
50628;Zell am See;944;1495;1333;1215;1051;478;351;242;95;573;1045;1461;1666;1004;1360;95
60101;Graz;39081;39789;38002;29951;25859;11272;5614;2947;717;16374;50287;55141;40221;17235;13256;718
60305;Frauental an der Laßnitz;62;202;266;232;317;307;175;120;31;29;64;250;355;334;649;31
60318;Lannach;83;184;239;252;403;381;248;66;24;27;101;265;386;450;627;24
60323;Pölfing-Brunn;87;100;143;147;163;152;72;34;0;13;120;187;205;159;214;0
60324;Preding;47;70;95;78;200;187;109;110;22;30;53;97;174;146;396;22
60326;Sankt Josef (Weststeiermark);32;57;90;98;164;187;124;70;0;7;24;105;133;149;404;0
60329;Sankt Peter im Sulmtal;26;33;87;67;154;129;84;41;8;14;32;78;119;111;267;8
60341;Wettmannstätten;34;47;100;75;123;165;127;101;1;6;17;72;137;130;409;2
60344;Deutschlandsberg;716;1066;1207;1061;1219;993;611;313;120;297;640;1279;1623;1244;2103;120
60345;Eibiswald;210;375;437;433;636;711;392;199;22;84;316;595;787;594;1017;22
60346;Groß Sankt Florian;113;202;234;194;417;404;280;205;9;35;164;329;409;360;752;9
60347;Sankt Martin im Sulmtal;43;96;170;139;292;336;213;149;6;20;89;208;292;290;539;6
60348;Sankt Stefan ob Stainz;154;165;219;167;377;372;268;155;14;108;123;244;308;327;767;14
60349;Bad Schwanberg;130;203;268;272;427;439;257;267;21;49;80;279;363;426;1066;21
60350;Stainz;256;427;550;638;875;872;630;313;17;92;374;808;853;871;1563;17
60351;Wies;132;196;260;274;391;408;282;214;13;34;155;354;392;399;823;13
60608;Feldkirchen bei Graz;267;472;667;806;743;460;208;76;57;115;222;570;854;694;1244;57
60611;Gössendorf;62;120;221;297;540;390;186;86;0;13;109;253;391;550;586;0
60613;Gratkorn;264;919;949;703;795;486;289;156;26;129;544;1018;1201;743;926;26
60617;Hart bei Graz;257;276;313;406;607;516;343;193;3;106;97;382;462;404;1460;3
60618;Haselsdorf-Tobelbad;63;46;56;117;148;199;126;46;9;14;66;108;174;176;263;9
60619;Hausmannstätten;69;168;201;296;427;344;200;94;12;19;149;282;361;413;575;12
60623;Kainbach bei Graz;67;78;85;109;153;133;217;336;3;25;38;85;130;158;742;3
60624;Kalsdorf bei Graz;404;701;823;968;822;508;248;95;19;86;636;1246;1089;785;727;19
60626;Kumberg;65;101;194;177;440;487;288;147;1;18;82;228;361;433;777;1
60628;Laßnitzhöhe;101;183;255;238;310;243;161;68;1;48;156;305;388;331;331;1
60629;Lieboch;156;364;442;379;627;503;271;146;45;42;256;459;625;667;839;45
60632;Peggau;70;221;249;226;295;145;72;39;7;31;91;272;328;259;336;7
60639;Sankt Bartholomä;18;38;63;73;141;164;104;64;5;7;21;70;113;121;333;5
60641;Sankt Oswald bei Plankenwarth;40;55;74;64;129;108;81;59;5;21;47;100;115;132;195;5
60642;Sankt Radegund bei Graz;73;140;159;124;229;243;139;90;2;48;127;244;244;197;337;2
60645;Semriach;95;153;195;189;278;279;161;141;53;68;95;195;341;252;540;53
60646;Stattegg;89;83;155;156;325;349;206;108;11;35;84;210;313;303;526;11
60647;Stiwoll;8;23;27;20;45;79;65;29;0;0;17;25;38;51;165;0
60648;Thal;52;65;88;102;313;312;179;59;7;22;48;134;228;270;468;7
60651;Übelbach;79;145;201;141;241;189;107;43;12;31;120;226;240;187;342;12
60653;Vasoldsberg;84;143;218;272;480;536;291;135;4;21;64;257;535;464;818;4
60654;Weinitzen;47;70;122;120;269;337;187;91;9;25;57;123;224;249;565;9
60655;Werndorf;19;66;258;253;348;263;101;46;5;13;27;156;287;278;593;5
60656;Wundschuh;14;42;92;91;130;196;137;89;0;11;19;108;156;161;336;0
60659;Deutschfeistritz;126;275;388;420;485;380;179;99;17;72;149;419;554;463;695;17
60660;Dobl-Zwaring;60;79;206;198;395;371;251;167;12;27;82;195;343;380;700;12
60661;Eggersdorf bei Graz;113;316;460;450;733;723;420;220;13;37;159;477;747;732;1283;13
60662;Fernitz-Mellach;60;159;221;392;521;498;286;155;3;19;103;253;506;394;1017;3
60663;Frohnleiten;162;496;686;636;621;510;368;178;0;43;355;864;919;615;861;0
60664;Gratwein-Straßengel;393;681;1047;1019;1415;1151;592;233;33;245;380;1080;1572;1397;1857;33
60665;Hitzendorf;89;145;269;363;691;873;621;257;11;36;118;354;618;651;1531;11
60666;Nestelbach bei Graz;39;75;109;176;297;315;190;73;14;15;52;144;269;277;517;14
60667;Raaba-Grambach;73;321;370;364;515;444;269;174;31;27;129;309;541;528;996;31
60668;Sankt Marein bei Graz;65;130;205;225;333;416;296;103;9;35;89;208;372;406;663;9
60669;Seiersberg-Pirka;383;739;832;921;1474;1045;508;167;2;90;624;1224;1273;1369;1489;2
60670;Premstätten;339;560;535;343;613;609;381;205;5;82;444;645;684;694;1036;5
61001;Allerheiligen bei Wildon;33;64;68;126;153;131;98;76;3;17;36;110;206;142;238;3
61002;Arnfels;26;52;91;80;90;90;55;42;10;29;30;89;103;109;166;10
61007;Empersdorf;19;44;49;92;125;155;107;67;0;15;26;97;111;112;297;0
61008;Gabersdorf;43;33;86;61;98;118;84;53;7;16;28;72;85;142;233;7
61012;Gralla;109;145;212;184;290;283;122;62;2;24;46;137;268;299;633;2
61013;Großklein;76;92;137;120;212;238;164;79;10;21;81;172;219;206;419;10
61016;Heimschuh;27;41;107;93;205;199;180;141;2;5;19;74;151;183;561;2
61017;Hengsberg;14;28;61;74;153;172;101;94;3;7;15;71;117;134;353;3
61019;Kitzeck im Sausal;27;48;80;76;132;127;87;105;2;18;35;87;145;106;291;2
61020;Lang;45;73;60;41;135;169;109;61;2;23;74;108;101;122;265;2
61021;Lebring-Sankt Margarethen;48;135;139;119;242;254;137;52;0;21;85;205;217;248;350;0
61024;Oberhaag;63;74;118;104;188;200;148;67;12;25;50;128;177;190;392;12
61027;Ragnitz;23;62;66;73;140;156;125;88;4;12;35;86;169;148;283;4
61030;Sankt Andrä-Höch;68;59;103;113;184;174;145;78;6;20;54;139;167;161;383;6
61032;Sankt Johann im Saggautal;57;73;94;87;181;226;160;74;2;20;69;116;174;225;348;2
61033;Sankt Nikolai im Sausal;184;216;113;120;227;231;165;124;31;77;72;214;268;189;560;31
61043;Tillmitsch;76;182;283;183;348;394;250;111;3;60;54;233;419;298;763;3
61045;Wagna;239;556;656;705;620;465;198;79;15;92;328;799;957;777;565;15
61049;Ehrenhausen an der Weinstraße;96;198;261;274;254;232;151;64;15;26;157;267;364;276;440;15
61050;Gamlitz;74;210;235;223;295;306;209;100;26;18;120;274;263;258;719;26
61051;Gleinstätten;81;118;172;149;303;283;213;144;7;30;114;214;294;306;505;7
61052;Heiligenkreuz am Waasen;58;121;114;214;258;318;184;107;2;36;60;169;265;282;562;2
61053;Leibnitz;672;1404;1502;1447;1131;804;531;345;14;279;1380;2185;1654;969;1369;14
61054;Leutschach an der Weinstraße;119;160;245;229;359;283;233;210;14;85;99;296;346;331;681;14
61055;Sankt Georgen an der Stiefing;18;76;71;84;157;164;107;88;6;7;31;129;149;150;299;6
61057;Schwarzautal;37;80;98;84;196;268;171;107;7;16;56;151;188;211;419;7
61059;Wildon;183;314;445;376;601;538;331;222;0;53;199;419;619;589;1131;0
61060;Sankt Veit in der Südsteiermark;94;134;130;230;403;515;366;169;12;62;60;205;391;379;944;12
61061;Straß in Steiermark;132;223;519;497;654;641;365;262;1;68;170;501;702;608;1244;1
61101;Eisenerz;559;1109;782;465;348;196;93;45;50;161;490;1063;1124;422;337;50
61105;Kalwang;43;85;131;109;151;136;37;30;1;18;78;123;182;148;173;1
61106;Kammern im Liesingtal;30;57;118;149;155;214;99;39;2;18;49;134;224;166;270;2
61107;Kraubath an der Mur;37;75;76;121;148;137;91;44;8;26;32;120;149;166;236;8
61108;Leoben;2809;3513;3626;2941;2123;805;615;434;4;855;4058;5721;3248;1269;1715;4
61109;Mautern in Steiermark;93;142;207;197;208;139;66;36;22;23;124;181;280;193;287;22
61110;Niklasdorf;173;220;334;371;222;103;51;23;1;28;196;374;454;224;221;1
61111;Proleb;31;54;100;218;204;164;71;31;0;9;27;83;124;213;417;0
61112;Radmer;11;64;64;54;68;61;26;9;0;4;14;74;95;78;92;0
61113;Sankt Michael in Obersteiermark;175;275;304;348;337;171;154;71;4;39;109;437;463;308;479;4
61114;Sankt Peter-Freienstein;96;113;260;193;309;205;113;37;9;40;60;165;360;204;497;9
61115;Sankt Stefan ob Leoben;72;111;191;151;237;195;91;32;0;21;40;128;288;216;387;0
61116;Traboch;22;71;108;118;132;158;74;48;18;18;27;94;173;184;235;18
61118;Vordernberg;121;209;214;129;116;39;35;24;4;24;113;316;238;105;91;4
61119;Wald am Schoberpaß;29;53;78;45;72;42;44;34;2;17;38;76;78;59;129;2
61120;Trofaiach;511;880;1323;1031;1221;831;411;223;7;151;569;1431;1844;1098;1338;7
61203;Aigen im Ennstal;123;186;179;190;280;338;189;97;2;189;59;130;238;260;706;2
61204;Altaussee;123;133;191;213;274;206;193;167;30;43;105;233;275;243;601;30
61205;Altenmarkt bei Sankt Gallen;11;52;77;96;100;80;27;13;0;1;13;68;147;85;142;0
61206;Ardning;4;30;50;75;131;166;84;52;3;0;7;31;96;115;343;3
61207;Bad Aussee;791;539;631;545;624;465;393;231;7;256;712;658;792;661;1140;7
61213;Gröbming;147;320;378;400;347;259;133;48;12;45;132;327;447;450;631;12
61215;Grundlsee;45;90;165;124;167;152;123;93;5;26;73;155;219;187;299;5
61217;Haus;119;176;214;231;233;236;216;85;0;19;84;146;238;246;777;0
61222;Lassing;34;41;100;108;127;180;110;55;5;12;25;80;170;144;324;5
61236;Ramsau am Dachstein;131;190;238;271;315;203;200;137;17;38;82;227;331;325;682;17
61243;Selzthal;90;231;192;175;189;112;61;23;2;14;107;241;243;177;291;2
61247;Trieben;200;259;437;333;326;194;117;73;1;18;204;352;573;361;431;1
61251;Wildalpen;19;25;47;37;80;72;40;15;4;5;24;54;57;65;130;4
61252;Wörschach;37;81;116;110;118;142;56;31;4;15;42;104;156;132;242;4
61253;Admont;123;289;422;442;563;560;307;128;3;32;150;471;648;519;1014;3
61254;Aich;120;57;91;109;106;119;95;77;11;46;61;114;155;123;275;11
61255;Bad Mitterndorf;759;645;673;500;580;631;345;167;7;320;828;738;752;604;1058;7
61256;Gaishorn am See;17;42;90;79;149;155;90;63;2;9;24;95;99;146;312;2
61257;Irdning-Donnersbachtal;162;219;289;321;346;387;405;206;7;69;87;298;392;317;1172;7
61258;Landl;124;217;269;252;314;237;140;143;10;45;109;298;340;302;602;10
61259;Liezen;610;849;1046;937;718;434;278;146;22;393;720;1154;1251;649;851;22
61260;Michaelerberg-Pruggern;72;83;124;123;112;113;83;43;21;25;53;116;126;135;298;21
61261;Mitterberg-Sankt Martin;65;61;119;115;199;228;142;113;5;19;73;96;185;206;463;5
61262;Öblarn;63;122;162;131;177;215;128;74;2;15;82;149;172;230;424;2
61263;Rottenmann;338;418;567;577;532;413;189;126;63;209;338;527;795;556;735;63
61264;Sankt Gallen;60;155;207;192;188;168;79;48;9;25;89;213;276;183;311;9
61265;Schladming;587;873;952;875;837;472;284;135;1;277;767;1337;1148;722;764;1
61266;Sölk;52;50;73;91;122;138;120;120;15;28;29;98;133;130;348;15
61267;Stainach-Pürgg;171;220;296;298;336;264;129;56;27;88;155;337;446;296;448;27
61410;Mühlen;30;31;54;35;106;95;55;23;7;13;22;61;73;99;161;7
61413;Niederwölz;9;29;48;58;59;56;42;20;2;4;14;40;76;63;124;2
61425;St. Peter am Kammersberg;58;93;95;89;171;214;155;103;11;22;69;120;168;169;430;11
61428;Schöder;30;25;45;44;95;112;71;33;2;17;25;55;67;89;202;2
61437;Krakau;22;37;56;82;126;167;103;58;7;3;17;57;129;129;316;7
61438;Murau;248;230;374;391;402;334;209;109;83;152;244;394;488;358;661;83
61439;Neumarkt in der Steiermark;202;286;368;349;524;537;301;204;24;60;237;456;550;496;972;24
61440;Oberwölz;158;149;162;163;327;382;257;124;11;59;121;267;292;292;691;11
61441;Ranten;13;32;68;72;120;121;80;40;0;3;22;63;90;115;253;0
61442;Sankt Georgen am Kreischberg;62;77;143;106;195;181;133;93;20;38;54;133;168;176;421;20
61443;Sankt Lambrecht;96;165;161;184;221;199;92;60;7;13;130;192;303;144;396;7
61444;Scheifling;37;106;154;143;249;285;120;71;1;6;81;144;220;218;496;1
61445;Stadl-Predlitz;98;142;199;181;272;245;179;93;8;57;97;201;246;235;573;8
61446;Teufenbach-Katsch;25;74;124;150;163;188;122;74;2;12;47;106;196;146;413;2
61611;Krottendorf-Gaisfeld;46;88;128;164;318;258;172;52;12;13;64;183;252;271;443;12
61612;Ligist;90;133;224;218;331;298;184;120;21;34;91;270;385;338;480;21
61615;Mooskirchen;37;99;113;121;200;187;170;120;0;12;66;171;163;189;446;0
61618;Rosental an der Kainach;40;216;129;191;185;147;51;15;6;26;61;284;233;170;200;6
61621;Sankt Martin am Wöllmißberg;17;28;38;40;74;92;66;34;3;12;24;54;63;74;162;3
61624;Stallhofen;49;94;187;208;338;344;201;99;13;19;59;170;301;287;684;13
61625;Voitsberg;440;883;1073;964;992;757;383;194;8;136;606;1140;1357;939;1508;8
61626;Bärnbach;214;381;467;490;706;466;282;155;1;23;262;424;572;424;1456;1
61627;Edelschrott;90;87;128;112;227;219;140;82;3;40;73;147;176;183;466;3
61628;Geistthal-Södingberg;63;46;94;86;145;162;91;69;7;24;48;83;130;135;336;7
61629;Hirschegg-Pack;104;106;137;101;154;134;67;32;6;44;105;158;176;117;235;6
61630;Kainach bei Voitsberg;54;65;78;104;171;173;93;53;8;29;56;111;149;142;304;8
61631;Köflach;501;1034;1162;983;1009;734;367;238;17;191;706;1196;1415;1001;1519;17
61632;Maria Lankowitz;229;204;279;243;269;276;144;91;4;57;273;319;347;260;479;4
61633;Söding-Sankt Johann;106;144;224;231;469;470;269;135;24;27;171;285;460;457;648;24
61701;Albersdorf-Prebuch;30;121;152;126;170;234;133;72;27;11;60;157;217;201;392;27
61708;Fischbach;43;59;78;72;133;144;125;57;2;11;42;94;128;110;326;2
61710;Floing;21;37;60;40;115;126;64;51;6;20;21;83;104;114;172;6
61711;Gasen;20;24;26;35;52;82;56;48;1;10;26;27;45;49;186;1
61716;Markt Hartmannsdorf;54;98;148;152;293;309;186;144;0;12;67;180;248;265;612;0
61719;Hofstätten an der Raab;60;164;194;90;168;241;134;75;1;17;25;59;186;272;567;1
61727;Ludersdorf-Wilfersdorf;34;161;231;132;313;224;130;81;4;12;82;276;264;278;394;4
61728;Miesenbach bei Birkfeld;15;8;21;21;52;55;39;54;2;6;17;23;44;47;128;2
61729;Mitterdorf an der Raab;34;55;78;93;233;205;118;134;18;20;27;114;183;216;390;18
61730;Mortantsch;14;56;80;75;187;230;165;92;13;14;12;68;116;176;513;13
61731;Naas;3;27;52;87;125;156;67;28;2;2;15;46;98;128;256;2
61740;Puch bei Weiz;41;53;87;101;208;282;143;88;2;5;41;113;142;175;527;2
61741;Ratten;71;61;72;53;119;94;69;28;1;12;58;111;112;111;163;1
61743;Rettenegg;29;33;61;53;114;54;72;43;0;7;30;37;73;54;258;0
61744;St. Kathrein am Hauenstein;33;50;44;44;71;48;52;21;5;29;47;67;64;37;119;5
61745;Sankt Kathrein am Offenegg;36;51;57;67;106;123;84;72;2;24;35;58;77;89;313;2
61746;St. Margarethen an der Raab;77;159;202;183;426;478;281;117;21;23;51;222;377;411;839;21
61748;Sinabelkirchen;92;184;261;162;361;483;285;136;20;36;141;286;330;465;706;20
61750;Strallegg;63;98;130;96;192;172;74;71;4;21;67;169;187;182;270;4
61751;Thannhausen;44;74;91;92;267;221;147;84;27;27;56;136;183;210;408;27
61756;Anger;73;176;194;229;401;417;342;255;1;21;70;175;219;206;1396;1
61757;Birkfeld;153;161;273;234;503;402;294;229;19;29;139;292;484;389;916;19
61758;Fladnitz an der Teichalm;47;49;45;50;117;152;144;367;1;23;20;60;82;129;657;1
61759;Gersdorf an der Feistritz;37;38;73;102;119;139;108;89;3;7;33;87;142;159;277;3
61760;Gleisdorf;401;925;973;964;1099;846;493;267;25;89;477;974;1395;1265;1768;25
61761;Gutenberg;25;54;79;57;139;176;106;44;59;15;28;99;112;125;301;59
61762;Ilztal;34;64;109;90;238;225;166;115;33;8;29;76;109;157;662;33
61763;Passail;58;127;201;224;406;444;354;183;6;27;110;232;373;390;864;7
61764;Pischelsdorf am Kulm;93;160;201;287;352;357;258;139;2;27;71;216;384;355;794;2
61765;Sankt Ruprecht an der Raab;79;270;376;267;546;534;328;200;10;25;101;301;454;527;1192;10
61766;Weiz;621;1335;1375;1094;1124;677;415;225;94;137;893;1329;1437;1239;1831;94
62007;Fohnsdorf;435;740;955;796;819;574;275;127;63;189;652;1089;1313;824;654;63
62008;Gaal;14;41;75;86;129;142;96;62;1;20;24;77;114;130;280;1
62010;Hohentauern;23;85;74;73;78;69;43;28;10;7;24;77;119;79;167;10
62014;Kobenz;28;79;96;130;204;197;139;79;3;7;18;62;169;191;505;3
62021;Pusterwald;33;26;24;44;41;46;40;21;0;13;19;32;42;49;120;0
62026;Sankt Georgen ob Judenburg;26;33;65;57;97;97;54;34;1;7;28;52;112;98;166;1
62032;Sankt Peter ob Judenburg;24;41;68;53;116;143;73;45;4;7;23;63;110;105;255;4
62034;Seckau;27;41;44;51;119;153;96;85;1;6;20;64;89;96;341;1
62036;Unzmarkt-Frauenburg;41;110;133;98;129;122;50;39;11;5;64;155;138;126;234;11
62038;Zeltweg;534;629;866;989;575;426;177;121;4;199;462;809;1212;666;969;4
62039;Lobmingtal;98;59;146;154;226;220;104;49;1;49;66;157;202;245;337;1
62040;Judenburg;627;1077;1373;1493;996;429;229;121;34;254;628;1591;2137;861;874;34
62041;Knittelfeld;840;1448;1931;1439;998;511;287;143;7;189;785;1820;2128;1242;1433;7
62042;Obdach;133;186;253;283;436;426;239;138;22;38;138;279;449;474;716;22
62043;Pöls-Oberkurzheim;118;247;253;275;298;284;106;73;17;47;185;310;416;313;383;17
62044;Pölstal;78;177;208;200;241;238;190;148;5;36;116;251;277;219;581;5
62045;Sankt Marein-Feistritz;40;37;87;131;172;201;182;102;2;12;26;56;106;96;656;2
62046;Sankt Margarethen bei Knittelfeld;73;96;179;223;253;314;183;133;8;22;62;164;255;266;685;8
62047;Spielberg;136;177;304;500;711;538;248;151;21;72;116;279;550;734;1014;21
62048;Weißkirchen in Steiermark;74;157;285;268;406;616;314;157;19;44;101;300;489;503;840;19
62105;Breitenau am Hochlantsch;54;100;137;155;215;122;93;55;1;1;23;109;130;154;514;1
62115;Krieglach;185;375;452;554;672;505;230;87;16;33;253;564;683;709;818;16
62116;Langenwang;91;265;420;487;418;286;156;83;22;26;160;370;607;395;648;22
62125;Pernegg an der Mur;87;175;207;215;306;283;105;85;9;28;90;203;341;237;564;9
62128;Sankt Lorenzen im Mürztal;103;190;263;258;410;471;165;66;6;51;119;271;362;432;691;6
62131;Spital am Semmering;115;209;205;203;325;208;114;78;6;49;111;229;337;249;482;6
62132;Stanz im Mürztal;98;106;103;175;204;189;126;67;1;34;92;150;188;177;427;1
62135;Turnau;81;101;151;149;174;168;64;60;4;45;70;158;193;159;323;4
62138;Aflenz;91;176;194;190;326;291;183;86;8;35;103;177;268;274;680;8
62139;Bruck an der Mur;991;2012;1888;1760;1561;798;411;194;1;310;1500;2558;2440;1410;1397;1
62140;Kapfenberg;1901;2820;3063;1866;1882;931;363;132;169;631;1610;3137;3671;1958;1951;169
62141;Kindberg;250;584;871;904;876;633;293;145;14;80;376;864;1259;843;1134;14
62142;Mariazell;252;417;525;480;543;346;221;120;3;87;183;580;760;524;769;4
62143;Mürzzuschlag;452;881;1459;1027;763;391;213;118;5;80;434;971;1493;940;1386;5
62144;Neuberg an der Mürz;109;184;269;236;361;295;218;154;6;32;114;302;373;302;703;6
62145;Sankt Barbara im Mürztal;374;677;852;557;619;554;277;191;17;124;387;854;960;684;1092;17
62146;Sankt Marein im Mürztal;99;206;234;288;277;201;153;48;6;42;86;308;320;309;441;6
62147;Thörl;117;172;213;196;272;189;134;102;4;35;62;150;250;213;685;4
62148;Tragöß-Sankt Katharein;55;93;143;161;324;214;120;52;8;11;59;152;272;247;421;8
62202;Bad Blumau;86;89;90;94;155;180;105;73;2;72;85;114;149;130;322;2
62205;Buch-St. Magdalena;24;63;79;108;218;269;149;98;1;17;38;110;221;221;401;1
62206;Burgau;52;83;116;92;145;136;71;44;6;12;40;104;158;171;254;6
62209;Ebersdorf;17;45;52;65;85;115;98;84;19;11;36;61;91;96;266;19
62211;Friedberg;46;118;194;201;293;259;181;77;2;15;77;249;274;274;480;2
62214;Greinbach;36;43;79;66;157;179;117;179;0;13;19;38;82;81;623;0
62216;Großsteinbach;10;41;33;57;113;161;102;66;2;8;22;73;118;127;235;2
62219;Hartberg;241;602;711;658;645;558;331;182;7;97;239;594;827;775;1396;7
62220;Hartberg Umgebung;38;29;59;69;188;275;167;98;10;16;28;98;188;236;357;10
62226;Lafnitz;26;73;90;70;157;136;83;81;0;8;47;127;135;158;241;0
62232;Ottendorf an der Rittschein;31;66;63;85;145;171;105;90;4;6;24;78;150;154;344;4
62233;Pinggau;71;177;216;237;387;292;205;77;19;34;174;298;358;355;443;19
62235;Pöllauberg;30;36;61;45;177;182;166;169;0;10;47;63;148;160;438;0
62242;Sankt Jakob im Walde;22;24;52;47;129;92;72;44;5;4;21;51;79;101;226;5
62244;Sankt Johann in der Haide;80;115;181;152;247;215;137;87;2;30;123;187;266;251;357;2
62245;Sankt Lorenzen am Wechsel;45;47;96;102;172;169;81;38;0;19;38;93;126;140;334;0
62247;Schäffern;16;24;51;54;140;128;84;79;1;5;23;52;94;127;275;1
62256;Stubenberg;84;136;146;135;247;210;121;74;15;39;75;195;295;203;346;15
62262;Wenigzell;24;44;60;56;140;123;81;60;7;12;33;61;121;123;238;7
62264;Bad Waltersdorf;159;208;250;244;369;416;271;165;23;67;156;285;369;423;782;23
62265;Dechantskirchen;27;44;80;101;233;239;138;102;0;11;30;90;140;188;505;0
62266;Feistritztal;37;63;136;148;211;273;144;132;13;14;47;138;235;202;508;13
62268;Grafendorf bei Hartberg;57;103;126;134;285;348;260;174;68;23;76;183;256;302;647;68
62269;Großwilfersdorf;38;47;95;90;257;236;195;136;1;15;43;110;182;194;550;1
62270;Hartl;23;34;58;68;204;200;174;145;4;4;32;83;166;171;450;4
62271;Ilz;84;194;233;268;360;344;308;182;7;29;159;402;377;408;598;7
62272;Kaindorf;64;120;136;155;261;281;220;129;30;32;81;180;253;310;510;30
62273;Bad Loipersdorf;46;82;130;113;219;200;88;73;8;22;42;169;202;207;309;8
62274;Neudau;69;117;101;107;130;113;78;52;1;13;82;182;127;125;238;1
62275;Pöllau;89;193;292;321;540;481;382;339;6;48;120;336;538;496;1099;6
62276;Rohr bei Hartberg;45;62;73;63;188;171;110;62;3;23;53;124;133;184;257;3
62277;Rohrbach an der Lafnitz;47;69;121;163;370;252;147;109;8;15;59;166;270;322;446;8
62278;Vorau;79;118;210;189;512;537;329;170;3;25;52;249;364;426;1028;3
62279;Waldbach-Mönichwald;46;57;91;92;183;139;75;85;5;23;40;67;156;136;346;5
62280;Fürstenfeld;372;932;1007;974;1263;917;497;276;19;164;590;1259;1653;1116;1456;19
62311;Edelsbach bei Feldbach;30;39;55;113;146;147;81;22;5;17;24;85;115;156;236;5
62314;Eichkögl;22;34;52;64;116;164;101;71;4;9;30;65;95;138;287;4
62326;Halbenrain;14;53;126;86;204;204;118;49;6;6;31;138;226;202;251;6
62330;Jagerberg;43;52;64;77;135;194;81;61;1;12;8;69;166;152;300;1
62332;Kapfenstein;15;29;66;77;167;160;95;55;13;12;28;90;127;141;266;13
62335;Klöch;68;52;79;74;130;162;88;61;0;33;39;109;141;154;238;0
62343;Mettersdorf am Saßbach;47;55;64;60;103;111;84;74;0;7;12;48;110;105;316;0
62368;Tieschen;48;50;87;99;117;119;99;42;8;13;65;113;124;117;229;8
62372;Unterlamm;25;53;81;73;161;148;66;38;2;9;23;95;142;154;222;2
62375;Bad Gleichenberg;415;323;395;443;499;426;348;258;10;251;339;560;621;510;826;10
62376;Bad Radkersburg;229;331;322;297;403;338;189;111;4;100;368;477;432;381;462;4
62377;Deutsch Goritz;29;56;94;89;202;230;133;83;5;10;38;116;178;205;369;5
62378;Fehring;184;293;382;472;778;754;466;312;12;86;183;509;758;702;1403;12
62379;Feldbach;556;883;1217;1164;1338;1090;610;272;106;284;690;1371;1675;1313;1797;106
62380;Gnas;80;117;267;289;546;578;318;239;27;54;86;253;456;494;1091;27
62381;Kirchbach-Zerlach;62;129;158;205;301;332;227;140;6;21;72;172;345;311;633;6
62382;Kirchberg an der Raab;72;158;188;247;488;479;320;188;8;29;100;218;381;454;958;8
62383;Mureck;115;275;260;248;313;312;240;143;12;59;189;366;398;321;573;12
62384;Paldau;73;98;151;159;355;317;182;100;8;24;77;211;288;299;536;8
62385;Pirching am Traubenberg;26;54;99;110;261;321;146;105;7;12;23;88;200;241;558;7
62386;Riegersburg;65;183;214;240;511;541;315;287;2;37;84;261;482;513;979;2
62387;Sankt Anna am Aigen;49;74;119;158;280;270;165;69;3;22;46;143;211;205;557;3
62388;Sankt Peter am Ottersbach;84;87;135;141;257;282;207;209;2;54;51;116;211;208;762;2
62389;Sankt Stefan im Rosental;71;103;192;218;322;425;230;149;5;15;64;203;366;360;702;5
62390;Straden;89;114;197;199;354;320;302;224;8;50;96;253;371;321;708;8
70101;Innsbruck;16930;16347;14479;14171;12061;4005;1777;768;1;9933;15388;21766;20018;8490;4943;1
70201;Arzl im Pitztal;117;140;219;224;352;327;129;120;6;35;142;281;338;281;551;6
70202;Haiming;90;216;305;346;560;484;239;117;37;26;71;379;474;529;878;37
70203;Imst;492;765;860;1104;1167;763;412;142;98;200;716;1194;1232;889;1474;98
70204;Imsterberg;15;20;37;41;72;115;53;20;0;2;9;36;55;75;196;0
70205;Jerzens;56;46;71;64;92;131;46;19;8;22;69;78;113;107;136;8
70206;Karres;4;29;38;28;70;101;36;6;0;1;7;30;81;77;116;0
70207;Karrösten;18;36;44;46;68;110;55;12;4;5;20;66;84;69;145;4
70208;Längenfeld;148;266;300;277;453;552;254;216;0;62;129;352;428;488;1007;0
70209;Mieming;160;169;261;283;527;455;216;129;4;50;233;369;495;444;609;4
70210;Mils bei Imst;9;17;40;34;51;98;44;7;2;3;25;54;45;65;108;2
70211;Mötz;29;47;90;74;164;164;71;41;1;3;18;81;120;183;275;1
70212;Nassereith;61;102;173;172;266;229;98;95;5;23;76;180;238;249;430;5
70213;Obsteig;70;61;66;103;182;186;58;30;3;14;93;138;191;125;195;3
70214;Oetz;106;107;165;193;302;259;129;34;2;15;85;213;293;252;437;2
70215;Rietz;54;88;144;156;289;348;104;47;0;17;40;170;234;250;519;0
70216;Roppen;46;78;120;115;220;213;115;58;5;11;40;161;199;194;360;5
70217;St. Leonhard im Pitztal;82;83;106;94;176;160;67;27;8;27;48;115;138;165;302;8
70218;Sautens;44;78;106;122;172;210;99;42;3;20;85;139;173;166;290;3
70219;Silz;41;91;164;235;294;307;145;30;12;19;66;224;329;289;380;12
70220;Sölden;725;284;319;316;369;246;103;88;22;271;474;489;470;370;376;22
70221;Stams;48;46;78;106;179;173;93;37;8;10;31;98;160;163;298;8
70222;Tarrenz;46;91;159;157;347;336;192;69;0;16;63;214;266;318;520;0
70223;Umhausen;96;166;250;266;394;406;182;37;4;32;150;353;383;458;421;4
70224;Wenns;74;135;180;170;255;281;79;27;5;20;76;209;274;243;379;5
70301;Absam;199;383;749;762;896;596;217;85;17;68;447;961;1089;772;550;17
70302;Aldrans;140;122;176;265;310;239;119;102;8;72;125;260;299;247;470;8
70303;Ampass;88;86;128;160;218;150;64;25;4;73;104;150;197;179;216;4
70304;Axams;231;377;503;506;820;585;257;87;1;123;371;733;795;659;685;1
70305;Baumkirchen;31;50;54;72;214;131;64;12;1;16;27;67;131;164;223;1
70306;Birgitz;55;120;92;114;163;137;69;28;1;17;120;140;150;141;210;1
70307;Ellbögen;34;53;57;82;118;147;88;36;2;8;35;74;122;123;253;2
70308;Flaurling;26;54;75;63;150;166;79;27;1;12;43;93;122;153;217;1
70309;Fritzens;64;91;146;203;285;192;75;58;1;34;64;180;280;236;320;1
70310;Fulpmes;191;290;377;407;522;366;132;71;8;69;202;486;524;426;649;8
70311;Gnadenwald;26;26;40;51;80;120;58;42;2;16;21;42;61;73;230;2
70312;Götzens;156;248;359;359;531;393;159;63;2;82;247;442;561;422;514;2
70313;Gries am Brenner;91;50;99;142;154;113;68;30;13;71;45;115;201;123;192;13
70314;Gries im Sellrain;24;26;47;36;73;70;49;12;3;13;20;63;56;70;115;3
70315;Grinzens;50;57;91;83;206;181;54;28;2;11;49;83;138;180;289;2
70317;Gschnitz;11;13;18;16;35;24;36;54;1;75;4;8;25;23;72;1
70318;Hatting;44;54;99;113;167;90;73;106;0;32;50;129;145;105;285;0
70319;Inzing;142;193;298;272;430;425;161;103;29;85;105;306;493;369;666;29
70320;Kematen in Tirol;100;242;265;371;351;249;84;42;7;41;113;310;486;380;374;7
70322;Kolsass;35;57;113;143;229;160;71;26;0;7;36;108;190;222;271;0
70323;Kolsassberg;46;36;76;62;114;121;53;15;0;32;41;74;105;113;158;0
70325;Lans;62;51;76;96;151;84;81;57;0;42;72;109;124;121;190;0
70326;Leutasch;177;187;257;220;369;274;117;64;17;70;174;345;410;319;347;17
70328;Mieders;80;113;117;143;194;224;96;31;1;28;111;205;207;193;254;1
70329;Mils;109;214;245;321;520;559;205;89;2;54;222;331;511;486;658;2
70331;Mutters;102;109;178;164;312;192;97;38;9;31;111;242;294;240;274;9
70332;Natters;120;163;174;153;271;222;94;37;4;52;109;226;254;252;341;4
70333;Navis;21;64;94;159;268;263;97;49;2;1;29;122;205;258;400;2
70334;Neustift im Stubaital;312;317;356;435;678;405;169;50;14;146;230;561;724;490;571;14
70335;Oberhofen im Inntal;38;76;82;127;209;230;112;32;0;6;57;172;166;200;305;0
70336;Obernberg am Brenner;8;12;20;23;62;53;34;14;2;6;4;24;37;38;117;2
70337;Oberperfuss;66;115;189;223;392;378;181;63;1;23;69;200;353;313;649;1
70338;Patsch;29;49;60;112;160;114;52;25;3;7;36;103;127;85;243;3
70339;Pettnau;28;64;69;76;137;137;68;20;0;13;45;117;131;117;176;0
70340;Pfaffenhofen;56;89;106;116;141;113;46;20;3;22;86;116;173;133;157;3
70342;Polling in Tirol;24;71;61;75;171;163;31;8;0;12;32;79;129;123;229;0
70343;Ranggen;18;46;51;62;105;147;61;34;1;13;30;61;94;103;223;1
70344;Reith bei Seefeld;70;90;90;103;193;139;65;64;2;30;79;179;177;136;213;2
70345;Rinn;77;61;90;117;217;261;79;27;5;56;86;141;185;181;280;5
70346;Rum;378;623;1098;1222;969;436;180;69;38;217;447;1154;1732;731;694;38
70347;St. Sigmund im Sellrain;4;4;15;16;21;30;11;5;5;4;1;10;29;20;42;5
70348;Scharnitz;65;66;142;138;189;140;80;69;2;29;91;154;233;153;229;2
70349;Schmirn;17;55;54;58;89;108;41;20;0;10;46;68;65;91;162;0
70350;Schönberg im Stubaital;77;52;70;85;118;81;59;81;2;26;82;99;152;82;182;2
70351;Seefeld in Tirol;1005;495;308;304;393;210;114;90;245;766;523;408;494;306;422;245
70352;Sellrain;25;56;73;110;184;181;76;22;1;10;41;82;157;164;273;1
70353;Sistrans;64;75;118;133;260;308;143;53;3;16;53;132;225;203;525;3
70354;Hall in Tirol;748;1395;1401;1899;1393;542;169;101;8;294;947;2210;2324;1128;745;8
70355;Steinach am Brenner;120;182;249;443;549;294;135;35;1;14;68;315;601;493;516;1
70356;Telfes im Stubai;46;100;93;99;200;184;98;57;0;5;40;96;140;148;448;0
70357;Telfs;598;1101;1339;1903;1723;1056;398;168;126;511;1197;1973;1961;1290;1354;126
70358;Thaur;172;230;264;344;501;427;221;72;4;95;216;330;485;436;669;4
70359;Trins;46;55;103;132;175;161;82;34;1;17;31;115;181;213;231;1
70360;Tulfes;93;59;129;100;211;210;106;23;3;44;83;152;174;204;274;3
70361;Unterperfuss;7;11;8;16;15;13;17;8;1;1;15;11;18;16;34;1
70362;Vals;7;9;30;58;63;53;25;12;3;0;9;26;58;67;97;3
70364;Völs;449;520;448;942;898;400;139;41;50;312;490;742;1011;835;447;50
70365;Volders;160;259;349;471;596;378;155;64;16;70;222;471;672;542;455;16
70366;Wattenberg;27;42;43;46;83;121;65;20;0;57;16;44;66;95;169;0
70367;Wattens;359;718;807;1134;867;365;166;70;6;135;567;1064;1344;748;628;6
70368;Wildermieming;25;21;47;49;100;129;75;29;2;14;26;63;89;104;179;2
70369;Zirl;226;429;569;813;1186;586;226;64;14;93;406;756;1184;869;791;14
70370;Matrei am Brenner;109;177;357;363;442;300;111;37;4;44;148;397;541;384;382;4
70401;Aurach bei Kitzbühel;72;107;120;132;160;159;142;153;1;5;47;119;150;171;553;1
70402;Brixen im Thale;261;293;326;310;386;266;119;78;9;88;296;513;473;353;316;9
70403;Fieberbrunn;440;336;474;411;537;456;281;122;2;192;331;534;632;470;898;2
70404;Going am Wilden Kaiser;102;94;166;184;278;230;126;145;12;37;103;172;258;240;515;12
70405;Hochfilzen;66;73;117;122;138;129;63;31;0;25;45;106;152;142;269;0
70406;Hopfgarten im Brixental;530;535;618;615;689;495;317;173;5;200;421;816;908;641;986;5
70407;Itter;46;49;87;99;150;139;71;50;0;8;48;109;144;154;228;0
70408;Jochberg;142;177;215;188;307;191;112;107;2;47;125;253;324;225;465;2
70409;Kirchberg in Tirol;657;773;710;732;946;547;345;227;1;105;560;736;789;622;2125;1
70410;Kirchdorf in Tirol;209;276;351;385;488;390;221;74;8;86;297;603;563;425;420;8
70411;Kitzbühel;1319;1201;1234;1114;1223;733;566;611;2;556;1392;1927;1736;1042;1348;2
70412;Kössen;283;276;432;386;594;498;223;101;7;127;369;603;594;505;595;7
70413;Oberndorf in Tirol;167;206;184;186;313;255;146;107;0;82;197;295;350;217;423;0
70414;Reith bei Kitzbühel;85;119;192;181;271;255;204;212;3;52;116;218;333;311;489;3
70415;St. Jakob in Haus;79;72;66;62;89;82;50;42;0;15;59;102;97;66;203;0
70416;St. Johann in Tirol;709;994;1228;979;1086;615;360;168;11;340;1217;1693;1410;775;704;11
70417;St. Ulrich am Pillersee;94;98;188;160;226;201;120;86;3;39;91;193;213;205;432;3
70418;Schwendt;41;29;51;47;72;122;76;64;2;25;19;49;86;97;226;2
70419;Waidring;70;113;158;179;231;212;142;61;1;10;76;183;266;190;441;1
70420;Westendorf;443;402;386;515;488;349;163;92;27;154;474;697;681;382;450;27
70501;Alpbach;233;196;255;216;379;250;155;109;0;54;232;338;399;330;440;0
70502;Angath;15;36;56;61;102;108;57;26;2;7;22;64;79;111;178;2
70503;Bad Häring;187;145;210;291;311;222;103;64;5;145;104;243;348;304;389;5
70504;Brandenberg;30;49;85;113;222;181;75;19;3;12;30;97;175;171;289;3
70505;Breitenbach am Inn;96;148;176;192;368;396;238;99;2;59;83;271;342;272;686;2
70506;Brixlegg;148;215;299;346;301;223;135;68;6;67;194;386;473;299;316;6
70508;Ebbs;199;329;425;477;715;550;290;90;3;80;318;569;706;567;835;3
70509;Ellmau;429;336;362;303;547;287;172;108;2;146;364;443;532;423;636;2
70510;Erl;68;65;106;128;166;186;111;26;7;28;57;141;219;153;258;7
70511;Kirchbichl;236;300;524;565;723;506;218;67;4;95;143;410;718;562;1211;4
70512;Kramsach;151;303;411;416;576;476;269;117;7;47;186;505;606;559;816;7
70513;Kufstein;1509;1850;1769;2671;2215;706;335;199;58;818;1873;2985;3259;1455;864;58
70514;Kundl;204;307;338;559;536;323;170;106;101;132;125;376;656;502;752;101
70515;Langkampfen;140;238;308;362;530;453;181;47;15;52;229;449;512;455;562;15
70516;Mariastein;10;20;24;26;25;45;25;26;0;0;16;24;49;32;80;0
70517;Münster;62;170;226;296;379;415;150;49;0;11;156;335;380;359;506;0
70518;Niederndorf;48;114;202;266;336;324;124;65;1;29;119;256;388;287;400;1
70519;Niederndorferberg;27;28;46;31;82;79;55;54;0;8;31;58;67;76;162;0
70520;Radfeld;69;170;219;214;248;218;108;45;21;28;63;160;350;262;428;21
70521;Rattenberg;50;46;58;29;61;43;11;7;0;27;50;76;90;34;28;0
70522;Reith im Alpbachtal;139;158;210;215;325;256;130;94;12;53;71;205;272;309;617;12
70523;Rettenschöss;35;49;35;37;58;67;43;10;0;11;24;49;68;70;112;0
70524;Scheffau am Wilden Kaiser;121;124;130;143;257;163;75;45;4;54;140;228;249;173;214;4
70525;Schwoich;56;104;143;180;308;337;163;55;0;16;76;192;292;313;457;0
70526;Söll;272;267;359;340;448;366;193;111;7;96;236;492;536;473;523;7
70527;Thiersee;163;163;214;244;420;347;175;88;0;85;186;314;401;344;484;0
70528;Angerberg;51;59;103;99;239;250;119;86;3;19;45;120;183;207;432;3
70529;Walchsee;173;127;172;200;281;200;127;51;4;56;200;242;310;214;309;4
70530;Wildschönau;350;408;509;425;584;422;240;89;6;135;323;565;615;507;882;6
70531;Wörgl;574;1299;1267;1969;1540;537;199;111;7;268;1132;1861;2142;1288;805;7
70601;Faggen;7;11;20;24;34;50;32;7;0;1;10;28;36;39;71;0
70602;Fendels;25;27;22;40;32;30;18;5;1;7;19;61;28;28;56;1
70603;Fiss;86;79;100;57;101;82;66;59;1;18;85;109;103;100;215;1
70604;Fließ;125;139;223;190;295;405;193;43;0;30;166;308;270;281;558;0
70605;Flirsch;41;75;107;102;91;99;36;17;1;11;52;104;127;117;157;1
70606;Galtür;41;15;61;68;108;72;30;11;11;21;48;97;88;76;76;11
70607;Grins;53;42;91;88;136;170;74;46;5;11;31;107;114;124;313;5
70608;Ischgl;323;109;115;128;242;123;52;46;6;320;70;201;242;178;127;6
70609;Kappl;176;133;255;190;404;301;137;33;0;65;122;313;339;327;463;0
70610;Kaunerberg;11;18;19;17;45;51;48;17;2;2;13;29;28;54;100;2
70611;Kaunertal;3;15;20;23;46;49;57;78;0;0;5;17;47;79;143;0
70612;Kauns;21;36;54;44;58;58;27;12;1;19;9;44;86;68;84;1
70613;Ladis;28;34;53;41;76;72;25;22;3;13;37;67;65;72;97;3
70614;Landeck;302;523;793;1032;831;449;205;62;66;164;460;1085;1227;692;569;66
70615;Nauders;36;62;122;156;231;139;67;14;1;6;44;184;215;191;187;1
70616;Pettneu am Arlberg;108;105;138;103;164;128;90;77;0;24;70;181;139;146;353;0
70617;Pfunds;118;111;229;200;322;299;147;37;4;27;85;229;322;297;503;4
70618;Pians;40;31;42;68;89;81;35;23;0;19;24;59;95;73;139;0
70619;Prutz;61;83;119;179;261;191;95;34;2;11;78;136;287;263;248;2
70620;Ried im Oberinntal;112;77;101;102;147;131;59;30;0;17;79;106;161;150;246;0
70621;St. Anton am Arlberg;261;319;402;326;463;206;98;66;20;144;273;593;518;313;300;20
70622;Schönwies;27;79;110;130;186;207;98;24;1;13;65;162;180;147;294;1
70623;See;42;49;105;76;145;138;60;21;4;22;21;84;177;125;207;4
70624;Serfaus;27;42;55;99;157;101;64;28;1;8;55;120;130;122;138;1
70625;Spiss;7;7;15;16;11;10;4;4;0;2;7;14;20;10;21;0
70626;Stanz bei Landeck;6;16;30;39;58;80;38;14;1;3;6;27;42;60;143;1
70627;Strengen;32;51;70;70;122;156;63;32;0;9;28;77;117;107;258;0
70628;Tobadill;27;35;37;28;70;64;28;7;1;7;32;42;49;64;102;1
70629;Tösens;11;22;34;40;51;67;25;79;0;3;23;38;58;49;158;0
70630;Zams;221;203;355;348;377;280;186;49;2;144;252;451;459;305;408;2
70701;Abfaltersbach;12;25;24;37;71;86;49;20;0;7;14;30;55;59;159;0
70702;Ainet;7;30;51;55;106;132;57;14;0;6;23;60;73;92;198;0
70703;Amlach;15;11;19;23;52;56;22;31;4;4;12;28;27;48;110;4
70704;Anras;16;19;37;54;114;218;64;19;2;11;14;39;63;111;303;2
70705;Assling;26;36;84;109;163;272;126;42;0;10;37;86;116;171;438;0
70706;Außervillgraten;6;10;20;32;78;88;57;17;1;4;4;16;42;63;179;1
70707;Dölsach;48;91;126;205;249;282;126;87;6;15;85;183;234;236;461;6
70708;Gaimberg;62;35;53;71;91;120;63;24;9;24;34;75;78;72;236;9
70709;Hopfgarten in Defereggen;12;16;42;43;72;96;40;18;0;2;12;30;59;74;162;0
70710;Innervillgraten;1;11;10;16;28;79;85;87;0;0;2;7;15;17;276;0
70711;Iselsberg-Stronach;23;40;51;42;60;88;60;15;4;3;25;68;62;61;160;4
70712;Kals am Großglockner;33;37;70;57;99;143;82;44;2;20;19;52;95;103;276;2
70713;Kartitsch;17;22;35;43;95;96;56;19;1;4;9;38;62;96;174;1
70714;Lavant;4;6;15;10;25;53;27;8;2;3;3;13;14;30;85;2
70715;Leisach;8;14;47;66;128;79;25;15;0;3;18;57;87;101;116;0
70716;Lienz;859;1247;1526;1765;1427;618;279;149;25;337;1134;2090;2217;1120;972;25
70717;Matrei in Osttirol;116;164;292;358;539;582;216;48;3;13;70;243;430;466;1093;3
70718;Nikolsdorf;22;32;63;64;75;113;59;18;0;5;38;92;82;68;161;0
70719;Nußdorf-Debant;94;129;293;332;311;389;136;38;3;31;76;244;485;367;519;3
70720;Oberlienz;8;23;21;44;105;57;119;255;0;5;14;23;73;84;433;0
70721;Obertilliach;24;30;48;38;78;62;49;18;0;4;39;65;50;67;122;0
70723;Prägraten am Großvenediger;23;40;43;71;113;110;62;41;3;10;18;32;67;100;276;3
70724;St. Jakob in Defereggen;44;39;89;75;147;89;45;15;6;46;25;84;129;116;143;6
70725;St. Johann im Walde;4;5;3;10;37;31;28;16;0;2;4;10;16;29;73;0
70726;St. Veit in Defereggen;13;14;20;31;85;82;50;22;3;5;7;26;65;77;137;3
70727;Schlaiten;12;15;18;18;39;89;30;13;1;9;9;34;32;40;110;1
70728;Sillian;52;88;209;172;225;193;157;75;0;18;111;211;314;187;330;0
70729;Strassen;7;18;25;47;80;121;35;24;1;7;9;16;54;64;207;1
70731;Thurn;48;32;48;33;91;80;55;12;3;16;26;49;66;78;164;3
70732;Tristach;10;32;90;84;176;199;69;27;0;7;21;73;147;145;294;0
70733;Untertilliach;5;4;12;17;24;17;15;9;0;1;5;15;18;21;43;0
70734;Virgen;39;67;108;124;202;297;125;37;0;8;75;140;180;174;422;0
70735;Heinfels;17;51;44;54;110;118;80;41;2;4;15;35;68;94;299;2
70801;Bach;13;16;32;51;112;79;30;24;4;9;15;65;88;79;101;4
70802;Berwang;45;17;47;47;89;88;73;26;0;15;24;22;86;34;251;0
70803;Biberwier;34;29;64;59;88;77;31;15;0;16;23;62;95;67;134;0
70804;Bichlbach;26;55;74;73;105;79;41;14;3;9;44;101;99;82;132;3
70805;Breitenwang;79;39;134;126;192;145;52;38;13;48;70;109;202;166;210;13
70806;Ehenbichl;91;30;52;60;88;92;71;21;0;8;93;46;101;84;173;0
70807;Ehrwald;318;262;351;295;434;255;132;67;0;85;337;407;451;336;498;0
70808;Elbigenalp;31;74;93;64;122;105;48;30;0;10;63;83;138;91;182;0
70809;Elmen;7;16;22;27;61;66;15;17;0;4;14;33;60;43;77;0
70810;Forchach;14;9;12;16;24;34;13;19;0;6;8;18;20;24;65;0
70811;Grän;113;35;49;47;76;74;33;23;0;76;48;50;113;71;92;0
70812;Gramais;7;11;11;3;6;6;5;0;0;3;16;9;8;5;8;0
70813;Häselgehr;7;13;24;38;121;77;27;23;6;5;6;60;74;81;104;6
70814;Heiterwang;17;21;35;43;67;70;20;19;1;6;17;47;74;68;80;1
70815;Hinterhornbach;3;2;7;7;15;7;2;3;3;3;1;11;7;7;17;3
70816;Höfen;49;53;94;126;190;153;53;20;5;10;43;122;176;165;222;5
70817;Holzgau;39;48;46;34;63;50;26;15;1;6;69;66;60;65;55;1
70818;Jungholz;33;48;30;30;52;18;38;9;0;13;47;52;65;32;49;0
70819;Kaisers;2;3;3;3;13;11;2;3;1;0;5;8;3;9;15;1
70820;Lechaschau;79;95;198;280;255;205;107;23;0;58;88;253;347;222;274;0
70821;Lermoos;147;104;130;113;164;91;38;24;4;55;93;201;164;128;170;4
70822;Musau;13;6;21;31;57;50;21;9;0;0;5;39;52;40;72;0
70823;Namlos;0;1;10;6;13;8;3;1;1;0;2;7;10;7;16;1
70824;Nesselwängle;41;29;40;43;78;42;30;34;1;26;31;68;76;61;75;1
70825;Pfafflar;23;21;23;9;14;7;3;0;1;5;13;22;28;19;13;1
70826;Pflach;51;99;115;150;191;187;87;45;1;31;112;204;205;153;220;1
70827;Pinswang;15;11;28;55;58;31;26;4;0;2;14;33;69;44;66;0
70828;Reutte;467;774;604;909;873;344;162;92;8;267;721;1087;1023;609;518;8
70829;Schattwald;49;19;27;26;70;55;35;17;0;12;24;51;82;58;71;0
70830;Stanzach;22;35;43;32;64;63;38;10;2;15;14;60;59;53;106;2
70831;Steeg;13;16;51;42;79;72;27;23;8;2;17;74;83;61;86;8
70832;Tannheim;71;114;63;99;159;85;51;41;7;27;86;152;138;110;170;7
70833;Vils;58;77;124;136;196;194;70;19;1;28;37;132;198;216;263;1
70834;Vorderhornbach;7;7;20;21;44;29;21;9;2;4;8;26;32;41;47;2
70835;Wängle;36;47;54;82;113;129;50;44;2;14;37;81;97;93;233;2
70836;Weißenbach am Lech;28;44;113;124;180;151;55;29;8;15;35;131;186;158;199;8
70837;Zöblen;13;5;13;20;40;24;12;10;0;6;6;23;38;31;33;0
70901;Achenkirch;144;179;231;199;279;272;120;52;6;40;228;328;311;238;331;6
70902;Aschau im Zillertal;135;147;210;163;254;163;91;22;14;48;132;248;310;186;261;14
70903;Brandberg;29;39;42;27;51;25;24;5;0;5;23;50;61;45;58;0
70904;Bruck am Ziller;23;46;81;88;116;105;85;41;0;8;42;79;106;93;257;0
70905;Buch in Tirol;84;102;188;207;301;272;134;39;3;29;133;230;341;284;310;3
70907;Eben am Achensee;365;301;301;396;424;331;125;71;17;97;304;349;513;450;601;17
70908;Finkenberg;126;139;166;170;182;124;59;27;7;40;105;211;230;180;227;7
70909;Fügen;192;280;376;463;562;300;143;51;2;103;365;484;610;408;397;2
70910;Fügenberg;95;102;177;156;212;143;75;34;2;14;78;196;245;218;243;2
70911;Gallzein;24;12;32;34;77;67;46;36;1;8;18;36;71;73;122;1
70912;Gerlos;31;38;69;62;122;57;31;17;2;8;43;93;112;100;71;2
70913;Gerlosberg;26;44;35;41;77;59;29;5;0;11;35;66;77;57;70;0
70914;Hainzenberg;26;55;63;56;88;88;61;13;1;2;35;86;120;58;149;1
70915;Hart im Zillertal;109;107;134;173;219;201;76;46;2;13;95;199;264;214;280;2
70916;Hippach;92;96;139;123;181;152;77;34;8;19;50;116;202;171;336;8
70917;Jenbach;400;796;801;1029;715;347;129;51;9;112;648;1167;1282;575;484;9
70918;Kaltenbach;79;102;133;140;177;86;79;29;1;34;46;134;209;141;261;1
70920;Mayrhofen;443;399;540;430;479;223;125;64;14;201;369;665;669;385;414;14
70921;Pill;76;66;94;77;169;188;70;17;2;41;64;132;173;147;200;2
70922;Ramsau im Zillertal;84;94;163;180;206;159;66;32;1;15;66;163;263;226;251;1
70923;Ried im Zillertal;88;88;150;112;178;131;57;24;8;27;44;135;179;174;269;8
70924;Rohrberg;35;36;58;55;65;72;33;35;0;6;20;38;74;77;174;0
70925;Schlitters;32;75;118;135;193;124;71;26;0;26;84;131;208;175;150;0
70926;Schwaz;689;1293;1401;1632;1544;748;321;143;1;238;714;1700;2133;1451;1535;1
70927;Schwendau;99;105;152;157;227;132;68;25;2;29;66;193;210;182;285;2
70928;Stans;37;72;141;206;267;207;120;69;1;15;49;191;261;235;368;1
70929;Steinberg am Rofan;24;19;20;20;41;38;38;43;0;6;13;37;23;29;135;0
70930;Strass im Zillertal;16;47;70;60;98;92;45;20;2;2;26;72;87;121;140;2
70931;Stumm;76;81;132;176;275;174;85;59;3;22;98;175;271;204;288;3
70932;Stummerberg;65;68;107;75;113;92;54;12;2;12;62;102;123;95;192;2
70933;Terfens;54;114;184;167;250;241;141;52;2;24;62;186;232;262;437;2
70934;Tux;153;97;168;190;233;121;61;35;21;51;167;267;268;187;118;21
70935;Uderns;58;122;171;209;256;169;85;29;15;19;54;183;280;262;301;15
70936;Vomp;195;300;325;467;563;514;212;97;16;78;191;450;562;526;866;16
70937;Weer;45;122;146;136;202;166;87;33;4;8;59;195;236;186;253;4
70938;Weerberg;158;112;152;203;289;398;131;29;3;64;108;191;285;326;498;3
70939;Wiesing;63;127;183;181;265;227;89;36;2;24;81;239;319;247;261;2
70940;Zell am Ziller;105;130;218;203;256;94;55;48;1;22;118;225;315;211;218;1
70941;Zellberg;50;71;62;75;86;71;42;36;3;10;36;111;97;97;142;3
80101;Bartholomäberg;189;185;177;180;246;333;158;60;2;29;154;293;252;270;530;2
80102;Blons;5;13;23;24;48;42;20;12;0;1;5;17;22;44;98;0
80103;Bludenz;821;1545;1422;1829;1511;802;276;122;86;427;1013;1939;2139;1402;1408;86
80104;Bludesch;127;188;197;252;238;234;52;23;8;61;123;211;306;263;347;8
80105;Brand;173;95;78;94;112;72;52;69;2;59;77;199;110;98;202;2
80106;Bürs;124;297;301;331;353;293;64;15;0;38;216;448;393;286;397;0
80107;Bürserberg;38;100;99;125;116;92;36;46;3;49;100;124;121;77;181;3
80108;Dalaas;88;95;164;161;236;222;48;26;11;23;70;193;220;198;336;11
80109;Fontanella;68;60;94;41;60;52;36;20;1;13;29;61;83;102;143;1
80110;Gaschurn;161;128;165;133;232;142;114;67;5;47;61;137;180;172;545;5
80111;Innerbraz;24;45;59;66;110;145;53;15;4;9;33;66;97;106;206;4
80112;Klösterle;47;73;85;64;117;71;26;9;0;19;70;97;116;94;96;0
80113;Lech;721;324;176;173;234;111;62;72;1;249;339;274;287;208;516;1
80114;Lorüns;27;9;19;20;40;36;13;4;0;24;8;16;20;31;69;0
80115;Ludesch;138;237;293;220;351;415;118;47;0;61;100;275;285;378;720;0
80116;Nenzing;154;376;460;394;675;731;242;86;0;77;291;570;567;563;1050;0
80117;Nüziders;201;312;314;406;505;599;218;57;5;124;233;520;534;467;734;5
80118;Raggal;83;43;79;54;108;110;68;42;0;56;25;72;101;93;240;0
80119;St. Anton im Montafon;41;43;77;65;67;65;26;9;0;26;38;63;93;55;118;0
80120;St. Gallenkirch;183;188;286;214;367;276;109;41;6;67;156;326;482;349;284;6
80121;St. Gerold;3;17;20;45;36;46;32;16;1;0;10;22;45;48;90;1
80122;Schruns;443;425;453;482;520;347;180;104;9;262;450;640;603;446;553;9
80123;Silbertal;76;68;111;83;130;118;38;16;0;24;41;121;135;142;177;0
80124;Sonntag;26;27;51;55;92;71;48;25;1;6;13;50;83;77;166;1
80125;Stallehr;17;15;10;15;24;38;17;5;0;6;13;25;12;18;67;0
80126;Thüringen;72;152;182;166;231;266;100;42;4;40;56;149;260;262;444;4
80127;Thüringerberg;8;12;24;27;70;73;85;70;0;6;5;36;66;36;220;0
80128;Tschagguns;355;259;364;292;367;256;101;23;3;124;293;483;432;332;353;3
80129;Vandans;125;245;240;224;344;326;122;78;1;69;156;301;396;313;469;1
80201;Alberschwende;72;117;188;224;343;435;121;142;26;21;61;167;266;365;761;27
80202;Andelsbuch;77;95;165;151;321;306;147;49;0;31;63;165;253;235;564;0
80203;Au;91;153;183;158;234;202;131;64;4;34;131;244;289;204;314;4
80204;Bezau;112;114;176;178;239;243;121;34;0;32;131;235;288;207;324;0
80205;Bildstein;27;23;56;52;87;140;44;28;0;21;27;49;81;98;181;0
80206;Bizau;58;60;90;78;135;146;80;25;1;14;57;109;144;124;224;1
80207;Bregenz;1930;3603;3310;3428;2759;940;433;226;4;847;3067;4483;4489;2108;1635;4
80208;Buch;6;19;28;38;51;98;21;31;4;4;21;23;36;60;148;4
80209;Damüls;56;53;81;39;71;53;23;14;0;10;35;64;129;60;92;0
80210;Doren;14;34;38;63;132;152;56;32;1;9;22;51;96;107;235;2
80211;Egg;143;220;309;274;481;512;250;82;0;39;131;319;489;445;843;5
80212;Eichenberg;19;26;20;24;40;51;32;26;1;4;28;27;38;49;92;1
80213;Fußach;122;245;274;268;435;525;128;38;2;54;216;349;443;395;578;2
80214;Gaißau;26;42;67;73;175;342;64;19;1;7;28;69;113;169;422;1
80215;Hard;519;1110;1125;1338;1362;1006;354;150;3;144;1036;1694;1672;1111;1307;3
80216;Hittisau;75;118;139;176;312;243;136;68;0;33;53;192;263;265;461;0
80217;Höchst;179;468;665;531;721;1120;356;109;13;80;284;597;756;759;1673;13
80218;Hörbranz;168;347;498;524;790;657;245;59;4;30;333;573;756;675;921;4
80219;Hohenweiler;27;53;50;70;135;197;85;20;0;4;41;57;86;88;361;0
80220;Kennelbach;57;63;244;201;182;142;53;27;0;18;51;140;299;222;239;0
80221;Krumbach;11;58;102;84;147;124;40;35;1;9;42;81;139;129;201;1
80222;Langen bei Bregenz;38;65;55;87;170;214;98;23;2;19;73;121;127;124;286;2
80223;Langenegg;14;49;91;64;147;142;76;25;1;9;21;70;118;122;267;2
80224;Lauterach;572;957;1019;822;884;722;204;77;5;130;426;1006;1286;1076;1333;5
80225;Lingenau;22;55;79;91;159;200;94;54;1;10;40;113;137;148;306;1
80226;Lochau;300;571;709;986;786;418;216;176;1;185;360;914;1115;811;777;1
80227;Mellau;98;83;99;106;159;158;73;42;1;58;37;112;162;168;281;1
80228;Mittelberg;932;590;435;437;558;327;163;79;3;446;455;463;504;453;1200;3
80229;Möggers;7;20;17;28;69;73;30;14;2;4;6;29;53;50;116;2
80230;Reuthe;40;35;48;43;63;72;36;27;2;20;31;62;66;64;121;2
80231;Riefensberg;42;60;66;50;127;153;74;31;9;16;31;62;123;139;230;11
80232;Schnepfau;16;40;34;33;39;76;37;27;0;4;23;41;62;57;114;1
80233;Schoppernau;36;58;71;66;145;102;76;28;1;11;53;111;124;108;175;1
80234;Schröcken;45;49;34;35;54;32;13;11;2;15;63;44;62;31;58;2
80235;Schwarzach;90;200;252;305;383;434;179;101;6;48;195;359;385;309;648;6
80236;Schwarzenberg;103;143;180;176;310;272;127;72;5;56;97;251;289;275;415;5
80237;Sibratsgfäll;21;16;30;27;79;58;37;27;3;6;11;41;50;56;131;3
80238;Sulzberg;39;75;98;113;216;231;119;75;0;23;83;168;194;163;335;0
80239;Warth;104;35;31;18;49;20;14;1;1;72;50;32;28;37;53;1
80240;Wolfurt;283;505;724;834;825;822;274;151;1;142;482;929;969;718;1178;1
80301;Dornbirn;2568;4623;4496;4828;4814;3920;1257;717;165;1013;2409;5993;6937;4904;5966;166
80302;Hohenems;567;1258;1450;1712;1681;1426;385;131;16;241;952;1806;2050;1584;1977;16
80303;Lustenau;518;1626;1918;2258;2475;2280;659;172;19;211;1417;2473;2643;2192;2970;19
80401;Altach;164;390;429;586;810;840;204;57;61;66;304;644;792;646;1028;61
80402;Düns;8;7;22;19;26;86;24;7;0;3;8;19;28;48;93;0
80403;Dünserberg;9;10;14;10;21;30;11;3;0;10;6;26;14;21;31;0
80404;Feldkirch;1754;3500;3472;3880;3896;2380;817;246;27;757;2591;4607;4602;2947;4441;27
80405;Frastanz;374;443;557;509;678;661;199;48;5;175;417;587;770;665;855;5
80406;Fraxern;12;33;34;44;72;129;26;12;0;3;12;48;76;78;145;0
80407;Göfis;34;148;163;238;344;486;146;38;37;21;64;195;310;347;660;37
80408;Götzis;474;1020;923;1160;1107;1093;308;104;41;281;766;1261;1295;1070;1516;41
80409;Klaus;101;151;203;198;327;402;105;46;12;40;68;253;310;294;568;12
80410;Koblach;70;199;274;257;487;767;189;59;7;20;126;261;419;511;965;7
80411;Laterns;33;54;67;66;114;88;33;10;0;14;32;78;94;87;160;0
80412;Mäder;54;184;253;288;422;613;106;27;8;36;117;295;381;399;719;8
80413;Meiningen;74;73;109;107;248;386;101;32;9;19;75;110;191;193;542;9
80414;Rankweil;254;806;1005;1184;1304;1147;323;72;1;90;365;1207;1543;1208;1682;1
80415;Röns;7;9;12;15;42;57;31;4;0;2;10;25;31;39;70;0
80416;Röthis;40;150;139;192;233;247;77;48;6;22;69;220;274;190;351;6
80417;Satteins;32;126;154;208;297;367;107;34;4;16;86;238;268;249;468;4
80418;Schlins;90;127;179;215;305;223;93;38;1;49;118;248;236;212;407;1
80419;Schnifis;8;27;33;36;67;126;47;20;0;4;15;42;45;79;179;0
80420;Sulz;46;181;159;279;292;329;80;25;1;19;53;256;325;267;471;1
80421;Übersaxen;12;26;52;44;78;108;21;7;8;4;19;52;84;64;125;8
80422;Viktorsberg;4;17;13;31;43;77;24;6;0;1;8;28;34;53;91;0
80423;Weiler;57;117;162;191;226;271;92;29;3;21;57;210;263;216;378;3
80424;Zwischenwasser;99;185;252;213;331;479;140;36;5;49;112;300;337;323;614;5
90101;Wien-Innere Stadt;1465;1567;1429;1501;2120;1556;1216;739;275;1123;1717;2645;2458;1711;1939;275
90201;Wien-Leopoldstadt;11911;15417;13018;11147;8685;1931;574;266;1042;5942;13227;20546;14692;4817;1985;2782
90301;Wien-Landstraße;11424;14339;10760;8490;7524;2911;1363;592;992;5319;13184;16910;12746;5375;3186;1675
90401;Wien-Wieden;3040;3780;3225;3031;3576;1599;789;481;233;1947;2937;5190;4859;2678;1848;295
90501;Wien-Margareten;9118;8714;6508;4476;3159;805;309;94;475;4326;7555;10454;7184;2505;1055;579
90601;Wien-Mariahilf;3329;3945;2975;2954;3054;1152;559;192;339;1876;3641;4856;4356;2079;1251;440
90701;Wien-Neubau;3213;3467;3289;2696;3231;1269;568;188;538;1780;3336;4849;4387;2107;1318;682
90801;Wien-Josefstadt;2166;2505;2497;2207;2764;1206;585;206;297;1305;2294;3793;3568;1804;1372;297
90901;Wien-Alsergrund;4989;5474;4559;3638;4208;1834;899;340;327;2855;5129;6962;6062;2960;1933;367
91001;Wien-Favoriten;25542;28663;23960;19657;10539;2132;559;316;1966;13069;25481;34613;26360;7838;3153;2820
91101;Wien-Simmering;9195;13219;11668;11517;6573;1226;289;254;921;4787;11630;17014;14501;4319;1570;1041
91201;Wien-Meidling;13711;14141;11346;8629;5671;1295;352;173;755;6546;12573;16857;12814;4286;1812;1185
91301;Wien-Hietzing;4719;5923;5868;4989;5288;3150;1742;1262;480;3042;4219;7704;8422;4665;4564;805
91401;Wien-Penzing;12552;12413;10736;9112;7381;3074;1219;670;712;6584;11287;15862;13289;6005;3806;1036
91501;Wien-Rudolfsheim-Fünfhaus;12866;11315;7752;5687;3321;777;181;119;752;6017;10421;13016;8552;2666;1258;840
91601;Wien-Ottakring;18254;14187;10585;7763;4966;1302;412;268;1192;9809;12701;17222;12167;3884;1788;1358
91701;Wien-Hernals;9021;7529;5946;4926;3581;1347;594;347;588;4845;6713;9385;7164;3004;2003;765
91801;Wien-Währing;5966;6413;5269;4868;4784;2300;993;679;383;2987;5408;8728;7483;3713;2839;497
91901;Wien-Döbling;7217;9151;7756;6470;6491;3283;1914;1617;833;4532;6839;11260;10818;5600;4413;1270
92001;Wien-Brigittenau;13258;12954;9421;6870;3672;571;88;65;602;6343;11145;14971;10212;3053;833;944
92101;Wien-Floridsdorf;15688;20996;21328;19664;14401;4735;1346;666;1009;8153;19500;28746;25500;9733;5032;3169
92201;Wien-Donaustadt;13831;23064;24257;26134;19130;7697;2105;1074;1965;6560;23145;30879;30786;13334;7342;7211
92301;Wien-Liesing;6231;12582;13524;12226;10341;4533;1513;1068;772;4128;10580;17501;16973;7434;5012;1162
