g_id,address_count,total_pop,percent_60to74,percent_75andUp,percent_households_no_kids,percent_1floor,percent_2floor,percent_3to5floor,percent_own_occ,percent_priv_one,percent_res_one_dwell,income,price_sq_m,pred_linear,pred_catboost,resid_linear,resid_catboost
10101,3,16118,18.31,9.91,41.24,41.39,44.38,13.74,15.59,42.96,67.64,32774,312.70,3.0000000006407213,5.987110107856799,-6.407212538306339e-10,-2.9871101078567994
10201,1,1933,21.73,15.52,43.83,71.69,24.71,3.6,4.2,35.91,79.73,24956,245.10,0.999999999646322,0.9776821622062577,3.5367797579510807e-10,0.0223178377937423
10301,4,1943,23.83,16.62,52.42,66.16,31.52,2.32,9.46,41.13,80.54,30022,326.80,4.00000000002204,2.302019354442404,-2.2040147484858608e-11,1.697980645557596
10302,1,1881,24.46,10.21,46.79,70.85,27.43,1.72,4.45,38.52,80.97,27442,239.20,1.0000000004368648,1.1342021730200984,-4.368647665842218e-10,-0.1342021730200984
10303,0,2078,22.18,8.57,46.07,54.01,42.48,3.51,3.44,31.98,79.8,30000,278.20,6.980958033864226e-10,0.6644936483967994,-6.980958033864226e-10,-0.6644936483967994
10304,2,3323,20.94,11.1,47.82,73.32,24.47,2.2,5.63,36.89,88.84,29246,203.40,2.0000000001728573,1.8083758582735114,-1.7285728404203837e-10,0.19162414172648856
10305,0,1203,22.19,9.48,41.76,74.64,22.45,2.92,3.51,38.07,87.59,25814,111.70,0.461479392228048,0.6022199110754994,-0.461479392228048,-0.6022199110754994
10306,0,1258,18.6,8.82,34.78,62.65,34.05,3.31,1.97,21.66,85.8,26120,172.90,2.913171925911229e-10,0.27835096541524196,-2.913171925911229e-10,-0.27835096541524196
10307,1,2181,24.85,13.48,44.62,54.41,41.26,4.33,2.21,32.63,65.7,22710,154.40,0.9999999999392966,0.8254744231934945,6.070344227282476e-11,0.1745255768065055
10308,0,1521,18.87,9.01,43.54,67.86,28.85,3.29,3.38,27.29,88.64,29970,213.30,3.1792701804533863e-10,0.5413441187344025,-3.1792701804533863e-10,-0.5413441187344025
10309,4,3594,17.89,11.32,44.11,63.29,30.14,6.29,17.08,37.92,82.52,28897,295.10,3.9999999999556834,2.7359058353920584,4.431655042935745e-11,1.2640941646079416
10310,2,1691,24.54,12.54,45.56,65.35,31.77,2.88,2.25,36.35,77.94,24984,345.40,2.000000000143311,0.9591615113773126,-1.43311140732294e-10,1.0408384886226874
10311,0,1304,25.08,10.58,46.75,77.22,20.18,2.6,3.23,32.94,87.16,25512,135.10,0.5809161599463071,0.6933880646382728,-0.5809161599463071,-0.6933880646382728
10312,1,3053,22.8,11.1,47.97,61.05,35.76,3.2,2.76,33.43,76.55,26898,220.70,1.3507444608007653,1.150457308470428,-0.35074446080076527,-0.15045730847042793
10313,4,2720,22.5,12.87,44.74,68.65,28.49,2.86,1.91,32.56,81.22,24527,109.60,2.432290303915547,1.187916375698801,1.567709696084453,2.812083624301199
10314,1,1448,21.75,11.46,41.39,64.96,32.84,2.2,3.83,26.41,82.4,27082,119.30,1.0000000002597123,0.7029421126907722,-2.597122517045136e-10,0.2970578873092278
10315,0,3228,19.3,11.93,42.19,66.64,30.98,2.38,4.84,30.75,81.53,28054,119.80,1.724131948321883e-11,1.3625437766477333,-1.724131948321883e-11,-1.3625437766477333
10316,0,2996,17.09,10.61,40.82,75.79,19.26,4.95,4.84,32.22,93.96,28796,174.90,0.309840958209044,1.1447368155374713,-0.309840958209044,-1.1447368155374713
10317,2,2143,22.12,12.65,46.2,81.06,16.43,2.51,4.59,36.65,90.03,29742,138.00,2.0000000002130545,1.5617167226727613,-2.1305446296082664e-10,0.4382832773272387
10318,1,1724,16.59,7.95,44.58,61.76,34.39,3.85,7.25,32.21,84.73,29367,209.70,1.00000000010405,0.8693973077753516,-1.0405010186786967e-10,0.13060269222464838
10319,0,1938,20.74,10.68,39.39,71.58,25.8,2.63,5.5,26.38,84.02,29179,158.60,1.2936795949920619,1.0813670980684842,-1.2936795949920619,-1.0813670980684842
10320,0,520,22.88,11.54,51.01,75.44,22.51,2.05,4.02,39.36,88.01,32049,135.10,1.0457420346295372,0.8444165966220498,-1.0457420346295372,-0.8444165966220498
10321,2,821,19.37,10.23,38.17,66.95,30.25,2.8,1.7,32.67,85.43,23527,135.10,0.3733418059863851,0.5119510482827068,1.6266581940136149,1.4880489517172932
10322,4,1045,23.16,7.46,47.73,80.37,16.64,2.99,2.77,35.32,87.29,27405,112.80,1.2290969354668704,0.5558564964328265,2.7709030645331296,3.4441435035671732
10323,1,1142,21.54,11.82,43.02,68.28,28.15,3.57,3.06,28.72,85.29,25462,111.70,0.36989533079604975,0.6983726149146907,0.6301046692039503,0.3016273850853093
10401,0,790,22.03,13.16,42.98,78.11,21.14,0.75,0.81,34.68,82.09,24133,18.40,1.0273175542476505,0.6832453997777952,-1.0273175542476505,-0.6832453997777952
10402,0,1434,21.62,9.34,45.37,64.17,34.33,1.5,2.05,31.06,74.33,22731,22.40,-0.049323424980448394,0.46231526677039947,0.049323424980448394,-0.46231526677039947
10403,1,910,28.68,15.71,51.48,79.63,19.19,1.18,1.96,34.95,86.53,24075,15.20,0.54091652838442,0.5975775502373166,0.45908347161558005,0.4024224497626834
10404,1,1028,26.56,13.62,45.22,76.95,20.76,2.29,0.67,30.36,88.76,23503,18.40,0.9712400309861433,0.5378930085480569,0.02875996901385669,0.4621069914519431
10405,1,3520,23.15,15.6,44.49,71.74,20.58,7.0,9.38,39.04,75.0,26249,28.40,1.8927252279503914,1.5361334112653329,-0.8927252279503914,-0.5361334112653329
10406,2,843,27.4,15.07,40.39,84.98,14.08,0.94,0.84,29.25,89.67,22040,12.00,1.0132713968067204,0.4749921926194649,0.9867286031932796,1.525007807380535
10407,0,710,29.58,14.65,50.88,82.27,14.66,3.07,0.61,31.1,84.63,21629,15.20,0.31462075815754176,0.40796848016926135,-0.31462075815754176,-0.40796848016926135
10408,2,1985,25.09,13.0,44.5,75.91,22.54,1.55,2.51,30.67,83.98,23205,18.40,0.9992602455780144,0.8871321973650209,1.0007397544219856,1.112867802634979
10409,0,943,26.09,10.6,39.15,83.47,15.7,0.83,0.47,34.73,86.98,22110,12.00,0.9131304542090106,0.45397717104188584,-0.9131304542090106,-0.45397717104188584
10410,0,444,31.31,16.44,55.3,85.66,13.58,0.75,3.72,40.74,88.3,21260,15.20,0.5220113373171156,0.4043593676206586,-0.5220113373171156,-0.4043593676206586
10411,1,1470,27.35,11.77,42.24,80.81,17.75,1.44,0.94,33.07,89.82,24168,12.00,1.0969282989576588,0.6311066104302815,-0.09692829895765875,0.3688933895697185
10412,0,955,25.55,11.31,43.99,76.72,22.45,0.83,1.14,35.52,82.74,24047,22.40,0.1526067305245764,0.6608730629134424,-0.1526067305245764,-0.6608730629134424
10413,2,1007,24.73,13.41,43.69,74.24,23.85,1.91,2.94,36.48,81.68,23862,18.40,1.0729981676468512,0.7477693146637281,0.9270018323531488,1.252230685336272
10414,4,2741,21.23,11.64,42.8,65.22,29.5,5.28,4.47,40.41,75.32,25971,30.90,4.000000000022034,1.6633553620683517,-2.2033930235920707e-11,2.3366446379316486
10415,0,1193,25.82,9.56,39.03,75.88,23.12,1.01,0.21,28.18,90.45,23944,22.40,-0.04498102251493741,0.451086877048711,0.04498102251493741,-0.451086877048711
10416,0,934,24.3,21.2,52.53,66.17,32.68,1.15,0.73,37.47,88.34,21684,15.20,0.6655753829265976,0.5782091960864141,-0.6655753829265976,-0.5782091960864141
10417,1,1369,25.35,8.25,43.61,73.54,24.81,1.64,1.54,28.94,82.81,23201,15.20,0.08052167053537218,0.3751392218478715,0.9194783294646278,0.6248607781521285
10418,0,383,22.45,8.36,40.87,78.72,20.21,1.06,0.0,28.31,90.43,23394,22.40,-0.12012955380437518,0.2606531533284935,0.12012955380437518,-0.2606531533284935
10419,0,538,22.49,8.74,44.37,80.0,17.87,2.13,0.0,29.17,91.49,25138,22.40,0.06182727415903422,0.27341159845900254,-0.06182727415903422,-0.27341159845900254
10420,1,232,35.78,12.93,53.03,89.73,8.22,2.05,1.77,40.87,93.15,24309,15.20,0.5047541112120975,0.5376964620308854,0.49524588878790254,0.4623035379691146
10421,0,336,26.49,10.42,42.27,88.08,10.36,1.55,2.72,36.05,87.05,23547,15.20,0.30614557412639876,0.3964629940110146,-0.30614557412639876,-0.3964629940110146
10422,0,227,25.99,12.78,42.25,76.03,21.49,2.48,0.0,32.38,91.74,21411,15.20,0.17646297235761743,0.3322382401648799,-0.17646297235761743,-0.3322382401648799
10423,0,64,37.5,10.94,52.63,88.0,12.0,0.0,0.0,50.0,96.0,22618,15.20,0.3851575617019183,0.46642574482575594,-0.3851575617019183,-0.46642574482575594
10424,0,233,26.61,13.73,46.27,81.54,17.69,0.77,3.03,33.33,91.54,22782,18.40,0.9557618018855276,0.4488879326066513,-0.9557618018855276,-0.4488879326066513
10425,0,369,27.37,11.65,49.56,78.37,20.19,1.44,0.0,33.33,87.02,22257,18.40,0.8139166397543516,0.427343231427898,-0.8139166397543516,-0.427343231427898
10426,0,352,23.58,13.07,34.69,88.89,10.0,1.11,0.0,32.62,93.89,22064,15.20,0.26036617896502534,0.3905199200718822,-0.26036617896502534,-0.3905199200718822
10427,0,478,27.82,9.41,42.03,73.17,25.78,1.05,0.91,37.44,88.15,21990,141.80,0.8471508446991276,0.3441546807653224,-0.8471508446991276,-0.3441546807653224
10428,1,364,29.12,15.11,47.5,78.5,20.0,1.5,0.65,25.49,89.5,23116,15.20,0.24346792665468975,0.33724898295300265,0.7565320733453103,0.6627510170469973
10501,0,1730,24.62,10.81,43.79,72.56,24.97,2.47,3.8,30.62,79.19,23477,21.50,0.21261737433510852,0.7496282094343742,-0.21261737433510852,-0.7496282094343742
10502,0,900,27.22,13.78,43.17,78.68,20.44,0.88,2.52,32.16,82.2,22105,21.50,0.188606145916971,0.5622245462662111,-0.188606145916971,-0.5622245462662111
10503,0,1242,24.24,13.45,48.45,76.32,19.16,4.52,2.61,33.04,78.19,23274,21.50,0.3932700723344773,0.7182517351827066,-0.3932700723344773,-0.7182517351827066
10504,2,4159,24.77,11.64,47.5,68.72,26.43,4.79,6.17,37.08,73.8,23589,33.10,0.6222641658565777,1.8078030409649701,1.3777358341434223,0.19219695903502987
10505,0,1041,24.98,10.37,43.29,77.96,20.79,1.25,3.21,27.85,79.42,22320,13.40,0.32112635824776525,0.4445209655805735,-0.32112635824776525,-0.4445209655805735
10506,1,1153,22.64,10.75,41.48,75.04,21.18,3.77,0.38,33.58,83.84,21999,21.50,0.16881093940157932,0.5630239992059739,0.8311890605984207,0.4369760007940261
10507,0,879,25.26,13.99,42.08,77.05,19.32,3.64,0.0,35.16,85.23,22018,13.40,0.586684319925082,0.46884346843310476,-0.586684319925082,-0.46884346843310476
10508,2,2241,22.27,11.24,46.32,63.24,33.03,3.73,6.68,32.78,74.43,25029,30.40,1.9999999999409876,0.9417115075385245,5.901235056171572e-11,1.0582884924614755
10509,1,1941,24.88,12.57,47.63,76.62,18.95,4.43,2.41,29.78,84.04,22019,13.40,0.5872732525558284,0.7354332991603341,0.4127267474441716,0.26456670083966594
10510,0,712,29.07,11.94,49.77,79.25,18.75,2.0,0.0,34.23,81.75,20013,21.50,0.03669546973588922,0.44689254559700675,-0.03669546973588922,-0.44689254559700675
10511,1,784,22.58,12.76,47.26,67.45,30.5,2.05,3.27,29.76,77.42,21621,21.50,0.10870156813326481,0.4372549282977769,0.8912984318667352,0.5627450717022231
10512,0,375,31.47,7.73,37.27,74.73,20.88,4.4,0.58,33.14,85.71,20322,13.40,0.09160038865492659,0.2686633335270321,-0.09160038865492659,-0.2686633335270321
10601,0,1233,21.01,13.38,45.06,74.53,24.62,0.85,4.14,36.02,86.5,26414,68.40,1.0068225673821374,0.7847181695321894,-1.0068225673821374,-0.7847181695321894
10602,0,2800,22.68,10.89,46.62,59.61,34.49,5.9,2.62,27.97,80.18,26213,79.30,1.610640509852601e-10,0.8418063027626898,-1.610640509852601e-10,-0.8418063027626898
10603,1,1103,19.4,8.16,44.04,70.52,25.24,4.25,3.66,31.84,83.49,28005,89.40,0.8707259030922696,0.5733020077706997,0.1292740969077304,0.42669799222930027
10604,1,1214,20.51,11.37,40.28,71.76,26.47,1.78,4.15,33.4,77.62,25294,68.40,0.7815873532828235,0.7279426872508388,0.21841264671717653,0.27205731274916123
10605,0,2074,22.9,9.11,43.14,62.2,36.5,1.3,1.85,25.4,74.41,26191,77.60,0.9509989912392793,0.6053432985044135,-0.9509989912392793,-0.6053432985044135
10606,3,7554,18.98,9.68,42.42,60.51,32.94,6.24,10.13,36.69,75.14,27764,165.10,1.9040511209718467,2.484735307534838,1.0959488790281533,0.5152646924651618
10607,2,5015,18.17,10.05,46.41,58.94,35.15,5.91,11.43,35.82,79.08,25999,182.00,1.6340509398238003,1.6444405648876563,0.36594906017619966,0.35555943511234367
10608,1,754,19.36,11.14,45.92,56.94,38.89,4.17,4.36,32.27,59.17,28110,69.80,0.48568006072305536,0.6704783340267688,0.5143199392769446,0.3295216659732312
10609,2,3068,22.46,10.79,47.67,54.23,43.19,2.58,3.53,36.06,84.76,28000,112.80,1.4281732672512124,1.2478705853925183,0.5718267327487876,0.7521294146074817
10610,0,2684,21.42,10.77,42.87,69.32,26.64,4.03,10.08,27.64,80.39,24481,68.40,0.8424631400802038,0.8756298864563081,-0.8424631400802038,-0.8756298864563081
10611,0,2355,19.53,11.76,41.32,53.55,39.86,6.59,7.58,39.48,81.77,29634,198.80,3.665672210217963e-10,1.246436843172861,-3.665672210217963e-10,-1.246436843172861
10612,0,2360,21.91,10.0,43.8,71.93,24.77,3.31,2.3,34.86,87.7,25727,76.30,1.667199711619105e-10,1.001453939718474,-1.667199711619105e-10,-1.001453939718474
10613,1,1253,24.1,9.9,43.7,68.47,29.01,2.52,0.19,26.29,75.86,24419,46.10,1.0000000002077805,0.5040948759090521,-2.077804595046473e-10,0.4959051240909479
10614,0,1183,19.19,13.27,48.78,72.41,26.36,1.23,2.1,30.86,87.35,28912,69.80,0.7081270349736517,0.8864615724988324,-0.7081270349736517,-0.8864615724988324
10615,0,2792,21.6,12.07,43.51,66.08,32.85,1.07,1.44,30.94,83.54,25680,123.10,-0.14374387414917145,1.017154187230159,0.14374387414917145,-1.017154187230159
10616,0,846,20.8,9.57,43.51,72.0,26.0,2.0,2.25,29.21,78.5,23703,89.40,0.5531846458810641,0.48560965487795715,-0.5531846458810641,-0.48560965487795715
10617,0,922,21.15,13.77,44.16,75.63,21.64,2.73,1.67,34.76,85.19,27970,68.40,1.0729591873174282,0.8123709530229006,-1.0729591873174282,-0.8123709530229006
10618,0,1320,20.0,9.85,43.97,74.33,22.22,3.44,1.81,33.15,81.06,27042,91.60,0.146031751839244,0.7323715121189063,-0.146031751839244,-0.7323715121189063
10619,0,624,23.24,8.65,39.25,70.14,28.06,1.8,1.61,25.2,87.05,26224,69.80,0.14707577122753612,0.25030855044998324,-0.14707577122753612,-0.25030855044998324
10701,2,2266,26.61,13.72,47.26,73.54,24.88,1.57,0.6,29.04,82.79,24288,48.90,2.0000000000954223,0.9592856711159513,-9.542233669890265e-11,1.0407143288840488
10702,2,1749,25.67,13.61,42.86,74.68,24.04,1.29,1.4,32.49,78.14,24521,57.10,1.1131390565893184,0.8347878398735107,0.8868609434106816,1.1652121601264893
10703,0,3108,18.92,6.37,44.89,49.4,38.42,11.93,12.31,39.4,76.73,27552,317.80,3.332409903578082e-10,0.9195045763526666,-3.332409903578082e-10,-0.9195045763526666
10704,0,643,23.64,13.06,43.15,77.98,20.18,1.83,1.06,30.53,89.3,26303,99.20,0.48219836108721914,0.5384944730038027,-0.48219836108721914,-0.5384944730038027
10705,2,2963,23.08,12.28,44.84,64.19,31.7,4.12,1.04,37.46,75.88,25406,112.50,1.7951373277588285,1.387717635457195,0.2048626722411715,0.612282364542805
10706,0,1518,18.18,8.83,38.83,69.37,29.05,1.59,5.72,28.71,81.9,25852,198.50,4.384048679639818e-12,0.41387491524633535,-4.384048679639818e-12,-0.41387491524633535
10707,1,3937,20.83,10.34,38.59,54.82,41.71,3.41,3.47,32.04,75.79,25267,241.30,1.0000000002481855,1.1156778136752183,-2.481854721736454e-10,-0.11567781367521834
10708,1,1871,24.16,13.84,40.59,72.31,26.21,1.48,2.03,29.78,86.65,26527,112.50,1.7048655513117534,0.858854686903548,-0.7048655513117534,0.14114531309645195
10709,2,2333,26.06,12.52,44.15,68.03,29.42,2.55,2.24,31.97,80.19,25237,138.70,2.0000000003535554,1.0955330231833216,-3.5355540717318945e-10,0.9044669768166784
10710,0,1655,22.11,9.37,41.49,59.06,37.01,3.81,3.36,33.66,76.25,27114,276.40,4.68212135729118e-10,0.7114493838588294,-4.68212135729118e-10,-0.7114493838588294
10711,1,3803,15.99,8.13,30.41,62.19,33.95,3.7,10.89,30.29,81.48,26069,260.40,1.0000000001996447,0.8797919269227741,-1.9964474518019415e-10,0.12020807307722592
10712,2,2191,22.18,11.05,41.42,60.5,36.4,3.1,3.2,29.14,78.1,24751,112.50,1.499997119706924,0.6201744695095106,0.500002880293076,1.3798255304904894
10713,6,8885,18.08,7.99,36.57,46.94,43.79,9.21,12.34,37.89,70.49,29178,390.70,1.985287527400331,2.2747280543327366,4.014712472599669,3.7252719456672634
10714,1,1843,22.25,10.58,43.62,75.5,23.27,1.23,5.74,32.13,87.7,26128,99.20,0.5178016387164099,0.933945061254625,0.48219836128359006,0.06605493874537505
10715,1,1284,19.31,9.35,37.98,68.16,28.74,3.11,3.18,32.02,78.06,26164,97.10,1.0000000001336105,0.6935555606483733,-1.3361045603232924e-10,0.3064444393516267
10716,0,1472,27.04,12.23,44.18,56.86,32.35,10.78,0.47,27.27,71.57,23191,57.10,0.9747946703535941,0.47202942724326247,-0.9747946703535941,-0.47202942724326247
10717,1,5362,15.72,6.23,38.2,58.86,34.9,6.19,5.81,29.63,79.67,26608,283.80,1.3675826932942243,1.2013378521783307,-0.3675826932942243,-0.20133785217833067
10718,0,2146,24.79,12.91,40.28,58.06,37.05,4.89,4.18,33.19,71.14,25765,183.00,0.060057711320986584,0.859934262476641,-0.060057711320986584,-0.859934262476641
10719,0,1389,27.43,12.46,45.78,78.82,19.17,2.01,1.78,35.05,82.57,25838,72.70,4.1039527332031867e-10,0.8460504721097797,-4.1039527332031867e-10,-0.8460504721097797
10720,0,1142,27.67,14.19,47.81,71.15,24.83,4.02,0.42,25.94,88.29,23845,57.40,1.588880138569948e-10,0.4972429775892404,-1.588880138569948e-10,-0.4972429775892404
10721,0,1624,25.74,12.32,36.67,70.69,27.89,1.43,2.47,29.55,75.1,23189,57.10,0.8868609433461927,0.6029662969559889,-0.8868609433461927,-0.6029662969559889
10722,1,2597,21.95,10.9,41.54,61.93,34.7,3.37,5.43,33.51,80.58,27816,347.30,1.0000000004052136,1.1064758866144702,-4.0521364041978813e-10,-0.10647588661447016
10723,0,1384,21.32,10.04,45.97,57.03,41.58,1.39,2.91,37.37,80.53,26691,333.00,0.48430385298074974,0.7512292304333248,-0.48430385298074974,-0.7512292304333248
10724,1,2320,22.28,12.67,41.98,71.64,26.01,2.36,2.21,33.5,84.4,26262,126.90,1.0000000001160938,1.1591108459530401,-1.1609380123900337e-10,-0.15911084595304015
10725,0,857,18.67,8.4,37.34,74.01,25.0,0.99,3.71,32.19,83.66,26109,139.10,0.12869541657344108,0.42142660579509716,-0.12869541657344108,-0.42142660579509716
10726,0,679,18.85,10.31,40.0,76.63,20.12,3.25,3.59,35.29,83.73,26842,170.60,0.6369373721295393,0.614820601902271,-0.6369373721295393,-0.614820601902271
10727,0,824,21.97,9.71,40.59,72.17,25.94,1.89,2.77,28.62,86.79,28149,244.90,4.916458351544861e-10,0.6620161062062326,-4.916458351544861e-10,-0.6620161062062326
10801,0,3140,23.66,12.45,45.21,66.02,30.86,3.12,1.37,31.45,79.92,25414,71.10,1.2988715801225812,1.1513097140177657,-1.2988715801225812,-1.1513097140177657
10802,2,1381,23.17,12.38,38.06,68.63,28.98,2.39,0.91,27.52,79.78,23174,25.50,1.2723648480637255,0.6200683985873879,0.7276351519362745,1.3799316014126122
10803,1,1088,27.57,13.97,42.25,74.02,22.37,3.6,1.79,34.39,86.94,25640,27.70,0.448815807610881,0.7040166595025839,0.551184192389119,0.29598334049741615
10804,0,1362,30.03,14.76,50.86,80.74,17.88,1.38,0.0,37.23,85.61,25859,19.50,0.015886779046494937,0.7533613528071745,-0.015886779046494937,-0.7533613528071745
10805,0,1807,25.73,9.68,43.18,69.35,29.57,1.08,0.4,28.39,73.2,24445,44.40,0.8942388888834341,0.6164105866588517,-0.8942388888834341,-0.6164105866588517
10806,1,595,21.68,12.61,41.42,86.0,13.5,0.5,2.2,38.69,90.0,26217,25.50,1.685471992070518,0.585424370343212,-0.6854719920705179,0.41457562965678796
10807,2,1878,21.94,10.49,40.75,33.37,61.63,5.0,2.74,31.35,81.09,25435,33.20,0.93229848818123,0.6147003486636812,1.06770151181877,1.385299651336319
10808,1,1161,24.12,13.35,48.64,75.49,21.31,3.2,2.09,31.52,82.59,23805,33.20,1.0956534144762973,0.7344350900768883,-0.09565341447629727,0.26556490992311166
10809,0,2072,22.78,11.1,41.95,62.7,32.9,4.39,0.98,36.73,84.75,23954,21.70,0.664549912655021,0.8341636470448952,-0.664549912655021,-0.8341636470448952
10810,0,842,26.01,13.06,49.14,70.75,25.34,3.91,2.69,42.13,74.49,24260,27.70,0.461832828675405,0.9627442077567927,-0.461832828675405,-0.9627442077567927
10811,0,1783,23.39,12.23,45.2,74.29,24.39,1.32,1.93,32.09,86.79,24706,27.70,0.3482308941059813,0.8443786182288129,-0.3482308941059813,-0.8443786182288129
10812,3,1281,21.94,11.4,43.92,70.15,27.76,2.09,0.89,34.34,80.9,26031,25.50,1.5314633630002596,0.8729092128320562,1.4685366369997404,2.1270907871679436
10813,1,1675,23.1,12.72,40.75,68.37,30.1,1.53,3.19,26.88,76.02,21764,32.70,0.5366466400361407,0.5365415784413435,0.4633533599638593,0.46345842155865646
10814,0,1140,21.23,12.89,41.27,56.58,41.45,1.96,0.21,34.04,74.66,27361,39.20,1.1300490202666698,0.8691878725191985,-1.1300490202666698,-0.8691878725191985
10815,1,1389,25.77,19.29,41.62,83.09,15.56,1.35,0.32,40.84,90.15,24324,10.30,0.9999999998370939,0.8233409314067424,1.6290613302771817e-10,0.17665906859325764
10816,1,3337,21.76,11.21,44.53,55.82,33.52,10.33,7.34,41.34,67.38,26673,76.60,1.5612920278195652,1.5046259328125908,-0.5612920278195652,-0.5046259328125908
10817,1,1569,26.0,9.94,42.58,79.98,19.79,0.24,0.75,31.18,88.69,24196,21.70,0.46765733670087606,0.6000139307847283,0.5323426632991239,0.3999860692152717
10818,0,824,23.54,11.29,42.8,67.18,30.77,2.05,2.9,29.97,78.46,22571,21.70,0.36559739907914945,0.5124581846733407,-0.36559739907914945,-0.5124581846733407
10819,0,916,19.32,20.09,42.23,58.67,39.03,2.3,1.39,30.3,79.85,24149,19.50,-0.01588678035600033,0.38191006226272306,0.01588678035600033,-0.38191006226272306
10820,0,911,24.92,15.48,51.67,78.38,18.98,2.64,0.92,37.24,91.04,26080,31.00,-1.5840484479667793e-10,0.6853461751136103,1.5840484479667793e-10,-0.6853461751136103
10821,0,1308,23.17,11.62,43.4,70.06,26.46,3.48,0.73,29.8,85.1,26867,27.70,0.36785202330909605,0.6427224972292239,-0.36785202330909605,-0.6427224972292239
10822,1,1354,20.97,9.9,43.07,62.76,34.19,3.05,3.0,32.06,77.85,25577,39.20,1.0000000000920437,0.6343233866003705,-9.204370599036338e-11,0.36567661339962954
10823,1,1910,20.58,12.09,39.56,67.9,30.13,1.97,1.84,35.16,81.23,24546,33.20,1.1150720311760374,0.8195920538604629,-0.11507203117603737,0.18040794613953715
10824,0,615,23.74,9.43,42.02,75.69,23.26,1.04,1.58,28.06,81.25,25845,33.20,0.8569760662502368,0.38287899736325115,-0.8569760662502368,-0.38287899736325115
10825,0,645,24.03,8.22,37.43,73.53,24.51,1.96,1.82,31.88,83.66,25815,19.50,-0.4111275429423671,0.3132529389709755,0.4111275429423671,-0.3132529389709755
10826,1,615,22.76,8.78,34.97,64.69,34.32,0.99,0.0,30.35,87.13,24971,21.70,0.30448986656156585,0.266058454395553,0.6955101334384342,0.733941545604447
10827,0,348,24.71,13.79,42.31,74.74,23.71,1.55,1.27,36.08,87.63,24527,25.50,1.51069979731618,0.45763889495400123,-1.51069979731618,-0.45763889495400123
10828,0,798,22.18,9.4,40.17,74.3,24.17,1.27,0.87,34.1,92.88,24097,27.70,0.183332169853605,0.4703777008946898,-0.183332169853605,-0.4703777008946898
10901,2,1658,22.62,12.79,45.61,60.03,31.24,8.58,10.14,42.0,71.36,30366,78.30,1.354638587527857,1.8684849997539734,0.645361412472143,0.13151500024602658
10902,0,2159,24.73,13.94,43.57,67.79,28.85,3.37,1.35,28.59,80.77,25150,22.50,0.7933820363071469,0.8042540010429742,-0.7933820363071469,-0.8042540010429742
10903,0,1077,27.86,16.25,47.27,83.26,15.54,1.21,1.86,34.58,86.27,23358,16.40,0.044485172587000577,0.5911043825042461,-0.044485172587000577,-0.5911043825042461
10904,0,1253,21.63,8.54,34.42,71.26,27.01,1.72,1.38,30.0,76.05,24853,28.30,0.545772954118954,0.24868533443319385,-0.545772954118954,-0.24868533443319385
10905,0,3595,22.28,12.04,42.68,73.22,22.53,4.18,1.36,36.46,79.78,24880,30.70,-3.837286044472421e-11,1.2587573708504947,3.837286044472421e-11,-1.2587573708504947
10906,0,740,24.73,13.92,48.18,85.66,13.94,0.4,1.46,37.39,89.09,24000,16.40,0.038680101071216555,0.4994953702645438,-0.038680101071216555,-0.4994953702645438
10907,1,1539,21.57,8.97,42.48,78.15,19.28,2.57,3.47,34.54,86.76,23622,20.80,0.7275609829812648,0.5329101678862888,0.2724390170187352,0.46708983211371125
10908,0,1437,25.82,11.55,43.65,72.29,24.84,2.88,2.34,32.66,82.09,23468,16.40,-0.17072978595464683,0.7384171166648745,0.17072978595464683,-0.7384171166648745
10909,0,1151,23.81,11.21,47.04,72.0,26.5,1.5,1.36,31.52,85.33,23863,20.80,0.6747178269890153,0.6269392648581992,-0.6747178269890153,-0.6269392648581992
10910,0,1360,18.01,6.76,36.56,68.09,28.57,3.34,1.96,22.22,74.58,23532,28.30,0.3539860444884688,0.2195720937693264,-0.3539860444884688,-0.2195720937693264
10911,2,1136,24.21,9.86,40.87,75.18,23.35,1.47,0.41,29.69,81.25,23808,22.50,0.4746119006628984,0.5344351691916547,1.5253880993371016,1.4655648308083453
10912,2,2011,20.79,9.95,39.97,74.91,23.6,1.48,2.86,32.3,76.74,25988,28.30,0.8231528645229798,0.8432324869015156,1.1768471354770202,1.1567675130984845
10913,0,643,31.42,11.35,52.0,78.75,20.25,1.0,0.33,34.2,89.25,23102,25.90,0.48669866647279214,0.4950711631245648,-0.48669866647279214,-0.4950711631245648
10914,0,1442,26.07,12.55,44.04,79.79,18.39,1.81,0.63,32.14,90.54,22034,21.80,0.5075052447513073,0.5489323813644413,-0.5075052447513073,-0.5489323813644413
10915,1,978,26.48,9.92,48.46,81.6,16.54,1.86,0.45,34.45,84.57,22952,12.00,0.9766698511908611,0.5516362307628243,0.023330148809138862,0.4483637692371757
10916,2,2472,20.35,11.65,41.58,69.19,27.69,3.12,1.7,31.12,77.79,28712,31.60,1.320221940338726,1.204461136401112,0.6797780596612739,0.795538863598888
10917,3,8060,19.65,10.74,39.2,54.49,34.69,10.21,7.63,41.07,69.12,27332,88.70,2.184226584515385,3.086117293366116,0.8157734154846148,-0.08611729336611607
10918,3,5890,19.66,12.14,40.57,62.44,31.62,5.84,5.6,36.13,76.53,25612,59.00,2.9999999998938254,2.738607433734069,1.0617462464779237e-10,0.2613925662659309
10919,2,3053,22.93,13.53,40.14,74.66,22.05,3.16,2.94,34.15,85.56,23061,25.90,0.8385334688286274,1.1159585460041452,1.1614665311713726,0.8840414539958548
10920,1,1691,20.22,11.0,41.27,74.87,23.41,1.72,2.43,28.92,84.13,24724,31.60,1.0148832474180445,0.6920408357697435,-0.014883247418044476,0.3079591642302565
10921,1,1447,21.77,10.5,43.85,77.25,20.46,2.29,0.65,27.67,83.4,24379,21.80,0.49249475565863854,0.5992876559938748,0.5075052443413615,0.4007123440061252
10922,0,743,24.36,12.11,40.09,84.52,14.19,1.29,0.91,35.26,88.82,24600,25.90,0.6747678648255313,0.5546902397068457,-0.6747678648255313,-0.5546902397068457
10923,0,2050,22.73,12.39,43.52,70.85,26.48,2.67,1.06,32.24,83.4,24010,22.50,0.7467125285969729,0.8740162191136172,-0.7467125285969729,-0.8740162191136172
10924,1,970,26.19,10.0,38.61,70.68,27.13,2.19,0.0,24.13,81.18,24174,22.50,0.3542341065185308,0.4625855277300467,0.6457658934814692,0.5374144722699533
10925,0,1013,22.11,7.7,41.78,76.61,20.54,2.86,1.45,30.86,84.29,23282,48.30,0.8839607757671484,0.3898777489611993,-0.8839607757671484,-0.3898777489611993
10926,0,786,25.32,12.72,43.1,82.59,16.11,1.3,0.8,34.85,89.44,23144,22.50,0.6786673648889536,0.5180607624453344,-0.6786673648889536,-0.5180607624453344
10927,0,1205,20.66,7.55,42.06,72.46,25.78,1.76,1.07,26.12,81.25,22986,31.60,0.6648948119192077,0.2842779726015713,-0.6648948119192077,-0.2842779726015713
10928,1,1516,21.04,8.44,37.91,58.07,33.39,8.54,1.26,32.28,78.11,22852,20.80,0.5977211898367525,0.3860898977314643,0.4022788101632475,0.6139101022685357
10929,0,823,19.68,5.59,39.38,64.52,32.62,2.87,6.61,23.95,72.04,23001,28.30,0.27708813738502514,0.17390610618422353,-0.27708813738502514,-0.17390610618422353
10930,0,720,24.86,11.53,44.4,81.97,16.67,1.37,1.29,24.36,90.71,22348,19.00,-5.39071010052794e-11,0.34561318230853433,5.39071010052794e-11,-0.34561318230853433
10931,0,286,25.52,12.24,42.35,83.56,14.38,2.05,0.8,35.2,88.36,21674,16.40,-0.24004292758352896,0.31031923463318933,0.24004292758352896,-0.31031923463318933
10932,0,328,27.13,21.34,51.16,84.75,14.69,0.56,0.79,29.92,87.57,26949,16.40,0.3276074369314603,0.47240464643443203,-0.3276074369314603,-0.47240464643443203
20101,41,105256,18.68,10.84,44.09,24.67,49.08,24.77,20.3,48.37,53.06,29341,202.90,41.00000000026308,37.46051039285686,-2.630784479151771e-10,3.539489607143139
20201,24,65749,19.0,11.09,45.68,23.61,50.63,24.2,15.03,46.44,48.73,27212,214.50,24.000000000013934,19.30411245675195,-1.3933743048255565e-11,4.695887543248048
20302,0,1185,22.11,14.77,40.78,23.39,62.36,14.25,2.77,29.79,66.82,22110,48.50,0.562440491185134,0.4132005521698482,-0.562440491185134,-0.4132005521698482
20305,7,6905,21.81,14.44,44.45,33.57,50.96,15.24,5.37,35.65,49.42,25350,71.00,3.890206570235314,2.735885499940882,3.109793429764686,4.264114500059118
20306,1,2478,22.68,12.95,37.32,30.38,61.89,7.72,2.29,31.43,59.63,20462,48.50,0.35709108031289993,0.5961005610845428,0.6429089196871001,0.4038994389154572
20307,1,3320,21.75,14.25,41.58,23.15,63.13,13.72,3.41,36.83,65.46,23895,64.30,1.0000000000785487,0.9864772195724215,-7.854872308143968e-11,0.013522780427578485
20316,1,1551,25.79,16.96,42.32,40.43,55.32,4.26,0.79,33.91,69.02,23742,48.50,0.6418307879401262,0.6294130241573739,0.35816921205987384,0.3705869758426261
20320,0,1228,23.62,13.44,41.58,33.33,60.19,6.48,1.22,30.83,57.41,21500,48.50,0.310672452727621,0.3748449447395098,-0.310672452727621,-0.3748449447395098
20321,0,1274,20.49,12.09,30.25,15.04,60.68,24.27,2.67,33.84,59.66,18371,48.50,0.45754519546407657,0.24193467192940366,-0.45754519546407657,-0.24193467192940366
20402,4,8224,19.81,10.81,42.96,46.17,47.86,5.96,5.49,33.55,73.01,25287,102.10,4.000000000012705,2.67634831596399,-1.2705392293810291e-11,1.32365168403601
20403,1,2502,20.86,14.03,43.78,52.61,41.23,6.16,2.62,34.03,77.33,25017,61.30,0.6891502876900546,0.9088178115801853,0.3108497123099454,0.09118218841981474
20405,0,7513,21.02,13.02,44.36,54.41,39.03,6.49,5.76,39.85,71.98,24719,80.10,-1.7895906978537823e-10,2.5319247678737593,1.7895906978537823e-10,-2.5319247678737593
20409,0,3088,18.3,9.39,41.39,48.09,46.35,5.56,1.63,29.57,74.91,26200,83.10,7.791278733293439e-11,0.6672953759169938,-7.791278733293439e-11,-0.6672953759169938
20412,2,2418,24.28,12.2,42.75,45.51,46.39,8.11,3.19,37.66,70.8,26666,143.00,0.8880347659331935,1.0408046553589065,1.1119652340668065,0.9591953446410935
20414,1,3186,20.46,11.86,43.93,49.68,45.22,5.1,2.33,27.72,72.09,26757,90.20,1.0000000000535092,0.9508904607623929,-5.3509197073253745e-11,0.04910953923760708
20415,8,3579,21.71,12.43,44.66,33.18,48.71,17.96,27.53,44.59,62.02,33679,206.40,8.000000000768111,3.792442320430564,-7.681109082113835e-10,4.207557679569436
20416,0,1812,24.28,10.32,36.53,57.27,38.61,4.12,1.46,32.27,75.93,24402,61.30,0.310849711672498,0.5499760384958347,-0.310849711672498,-0.5499760384958347
20417,2,2732,18.45,10.18,39.59,42.7,51.8,5.4,5.02,31.95,79.8,28861,103.20,4.603615153333083,1.0521833745089268,-2.6036151533330827,0.9478166254910732
20418,3,4024,22.17,11.73,41.56,39.42,55.18,5.4,6.91,30.12,76.14,28987,108.60,3.000000000660492,1.6357369914270385,-6.604921054531587e-10,1.3642630085729615
20419,1,1661,23.9,13.91,47.48,29.89,54.4,15.6,16.85,48.68,62.86,29542,174.90,0.6901590415058578,1.4848946125641265,0.30984095849414217,-0.48489461256412647
20421,5,4667,20.57,12.75,43.25,49.97,44.8,5.23,2.69,32.62,73.15,24740,104.50,4.999999999877623,1.6427688606680222,1.2237677537996206e-10,3.3572311393319776
20424,4,3002,23.08,13.22,45.6,32.52,47.05,20.05,19.39,43.15,57.84,28947,325.70,2.098640974746285,2.1757803651051373,1.901359025253715,1.8242196348948627
20425,2,3353,19.77,9.19,40.77,37.96,58.1,3.94,1.22,28.37,73.77,25389,86.60,2.000000000299524,0.6395966659543098,-2.9952396118915203e-10,1.3604033340456902
20428,1,1087,21.62,11.32,35.03,43.0,52.54,4.46,0.0,32.83,75.05,22436,41.60,0.2969654239117734,0.45466568787020134,0.7030345760882266,0.5453343121297987
20432,1,2683,23.74,9.17,42.91,44.22,47.93,7.76,5.51,35.49,72.15,22446,91.30,0.9144436823837783,0.7278922526799392,0.08555631761622173,0.2721077473200608
20435,0,2212,22.92,10.44,41.22,44.75,47.11,7.75,9.39,31.57,87.34,24551,104.50,4.855934693524489,0.6870148032086496,-4.855934693524489,-0.6870148032086496
20441,0,587,22.32,12.78,31.13,63.92,34.81,1.27,0.41,39.92,74.05,19568,41.60,0.2915404753054922,0.43128388958890373,-0.2915404753054922,-0.43128388958890373
20442,0,3730,19.33,10.11,38.77,48.68,48.1,3.22,1.46,25.1,78.65,26330,81.20,1.1159579245691074,0.8663818625517635,-1.1159579245691074,-0.8663818625517635
20501,4,4950,20.1,10.0,45.8,21.15,56.32,21.93,11.29,45.56,53.83,24847,76.40,2.563552830959778,1.8263450081260366,1.436447169040222,2.1736549918739634
20502,4,2734,21.51,10.61,43.6,49.32,43.97,6.19,5.79,35.25,66.74,23894,50.70,1.274631199919508,0.9473527486000604,2.725368800080492,3.0526472513999394
20503,0,822,26.52,13.5,40.74,56.67,38.33,5.0,0.96,33.01,68.89,19073,32.60,0.12923175793245711,0.43484528483837637,-0.12923175793245711,-0.43484528483837637
20504,0,1227,22.17,13.77,39.94,34.92,56.87,8.21,2.75,36.08,72.33,22721,50.70,1.124870181754675,0.6435612964596539,-1.124870181754675,-0.6435612964596539
20505,5,4852,22.44,14.39,43.05,38.93,51.5,9.52,5.58,38.11,65.17,22589,42.70,1.4872169111585922,1.9005321698632214,3.5127830888414078,3.0994678301367786
20506,1,835,24.67,11.62,38.57,57.2,37.57,5.05,2.12,43.31,82.24,22696,32.60,0.49459610340664106,0.821489389670131,0.5054038965933589,0.17851061032986903
20508,2,1178,23.85,12.39,41.89,40.63,49.04,10.34,1.66,38.56,60.1,21777,43.10,2.0000000000211386,0.626214145963055,-2.113864638886298e-11,1.373785854036945
20509,1,1498,19.96,11.08,39.68,47.36,46.08,6.56,3.35,34.24,74.86,22763,52.60,1.3612918023267522,0.6086857209885298,-0.3612918023267522,0.3913142790114702
20511,3,1274,25.2,14.21,45.96,47.41,47.78,4.81,2.51,44.93,67.65,20643,52.60,1.4466396943714361,0.8502041986179059,1.5533603056285639,2.149795801382094
20512,0,1936,19.73,10.69,40.7,44.16,49.85,5.99,1.95,32.08,71.86,26080,50.70,1.1714074710397782,0.5664564971510124,-1.1714074710397782,-0.5664564971510124
20513,1,1785,21.18,11.48,42.77,35.54,54.82,9.64,9.14,41.68,56.33,22889,50.70,1.251262010346279,0.8069950876750793,-0.25126201034627904,0.19300491232492067
20515,0,3416,19.61,9.6,39.26,39.19,52.82,7.9,1.08,31.37,70.08,22546,66.00,-0.09397174993234181,0.6834437185119191,0.09397174993234181,-0.6834437185119191
20518,0,1810,24.25,13.2,38.85,45.7,49.26,5.04,0.58,29.29,81.82,20910,32.60,0.21913170170904728,0.5374705467057401,-0.21913170170904728,-0.5374705467057401
20519,0,959,24.09,11.16,42.54,46.2,44.29,9.51,1.41,37.41,60.87,22166,52.60,1.3165424138712734,0.445809694845241,-1.3165424138712734,-0.445809694845241
20520,1,1314,20.7,8.37,36.13,53.89,42.96,3.15,2.19,30.97,65.74,23986,46.70,0.8859192605184258,0.2566108324766656,0.11408073948157416,0.7433891675233344
20523,1,3600,20.72,10.08,40.99,34.47,58.64,6.89,3.81,32.78,71.36,27083,93.80,0.3324036340230503,0.9176516298178844,0.6675963659769497,0.0823483701821156
20527,4,12234,21.07,12.35,44.87,27.78,49.32,22.17,10.1,47.43,48.27,25493,101.40,3.9999999999701963,3.7934190439776945,2.98037150514574e-11,0.20658095602230553
20530,1,1964,22.76,13.03,37.94,39.07,52.75,8.18,8.02,33.46,67.14,21112,46.70,1.1140807396222918,0.6574894269366428,-0.11408073962229182,0.3425105730633572
20531,1,1982,23.16,12.71,40.31,54.04,42.34,3.51,2.21,31.91,73.45,21688,32.60,0.3245418104416,0.6677696023761119,0.6754581895584,0.33223039762388806
20534,4,3580,20.34,11.28,41.99,44.9,50.54,4.56,2.86,25.12,77.99,26803,87.40,3.968489538631741,0.9223951096988019,0.03151046136825908,3.077604890301198
20601,2,1657,25.23,14.12,46.7,23.44,50.86,25.16,15.51,49.14,43.01,23460,217.90,2.000000000023287,1.1141678109585065,-2.3287149986117583e-11,0.8858321890414935
20602,0,1839,20.94,11.09,42.63,45.29,49.63,5.08,4.42,29.51,70.85,24345,95.10,1.0506896865005135,0.5472008166651442,-1.0506896865005135,-0.5472008166651442
20603,0,1224,23.53,10.54,38.96,22.49,64.89,12.62,1.79,31.41,62.13,20428,61.90,0.43967038719444496,0.2825476204150741,-0.43967038719444496,-0.2825476204150741
20604,0,1626,22.14,12.67,41.34,18.47,66.27,15.25,1.73,34.67,57.8,21938,61.90,0.7441738323804774,0.4059428438654523,-0.7441738323804774,-0.4059428438654523
20605,0,1307,20.73,10.48,31.22,9.52,49.42,41.07,2.0,35.64,72.29,20128,66.60,0.4335465773922458,0.3072781613543457,-0.4335465773922458,-0.3072781613543457
20607,0,1121,19.45,9.9,36.56,41.48,48.52,10.0,8.77,34.23,64.63,24433,66.60,0.13924898305875466,0.48767782100889334,-0.13924898305875466,-0.48767782100889334
20608,0,2554,20.87,13.08,39.97,22.31,59.5,18.09,4.96,38.07,55.68,22907,84.10,1.0953588296071022,0.7052780905647184,-1.0953588296071022,-0.7052780905647184
20609,1,1702,21.27,11.87,38.66,17.13,72.71,10.16,3.38,36.05,57.62,22289,67.60,0.47046319699595074,0.4375466844452267,0.5295368030040493,0.5624533155547733
20610,0,959,20.65,14.49,40.22,22.29,55.42,22.09,8.63,35.8,55.23,22168,66.60,0.4072693466868831,0.39456876190264933,-0.4072693466868831,-0.39456876190264933
20611,1,1912,22.18,9.73,39.3,24.63,64.33,11.04,2.46,28.13,66.89,22058,76.20,1.0000000003208616,0.3668238915840847,-3.2086155954402784e-10,0.6331761084159153
20613,0,1161,19.9,10.59,36.47,36.93,58.75,4.32,2.06,27.69,69.78,21682,44.10,-0.1154066540710037,0.241143092864605,0.1154066540710037,-0.241143092864605
20616,1,1779,20.12,8.66,40.75,18.08,67.68,14.24,4.05,26.98,63.68,22600,95.10,0.8622403684829898,0.34446195694890147,0.1377596315170102,0.6555380430510985
20618,0,771,29.18,15.05,49.35,31.46,45.77,22.3,1.91,38.17,48.12,24885,66.60,0.5413431816185508,0.5409447602173607,-0.5413431816185508,-0.5409447602173607
20619,0,1867,22.17,10.12,39.82,25.67,57.0,17.2,1.93,34.82,66.75,21557,66.60,0.08390401498195921,0.501689260424993,-0.08390401498195921,-0.501689260424993
20620,1,3464,24.68,13.63,48.69,26.49,54.58,18.79,16.94,41.06,59.36,24474,209.00,1.7149816494249892,1.3240086285036305,-0.7149816494249892,-0.32400862850363055
20622,0,816,20.71,6.62,31.39,26.75,60.0,13.25,1.01,29.63,74.03,19024,66.60,-0.4698581818514711,0.21561560672916413,0.4698581818514711,-0.21561560672916413
20624,1,1022,18.98,15.07,37.08,30.68,58.7,10.62,9.56,36.03,61.65,22664,57.70,1.027862233198407,0.5288133421734103,-0.027862233198407083,0.47118665782658975
20625,1,1198,21.2,10.77,40.65,32.88,55.86,11.26,4.27,36.02,53.38,22460,61.90,0.6822910551228194,0.5265213871431516,0.3177089448771806,0.47347861285684845
20627,1,2154,19.36,14.3,37.13,34.03,52.55,13.43,8.54,36.02,61.69,22782,57.70,1.1474385552088826,0.7893639411941216,-0.1474385552088826,0.21063605880587843
20630,3,5742,22.43,14.33,44.82,34.4,53.23,12.23,4.89,39.89,58.96,24463,88.30,2.9999999999254072,2.340513777445742,7.459277640009532e-11,0.6594862225542579
20631,1,1700,20.18,8.47,33.82,18.44,72.56,9.0,5.84,33.67,64.77,20251,66.60,-0.2934723364174001,0.25681276734602265,1.2934723364174001,0.7431872326539773
20632,0,1650,20.42,11.45,38.19,13.04,70.75,15.81,2.03,37.99,49.01,22477,84.10,0.8209548838318401,0.4362481775594682,-0.8209548838318401,-0.4362481775594682
20633,0,1333,16.73,10.95,39.02,32.97,60.09,6.94,2.28,31.87,61.82,24583,44.10,0.1972208716911119,0.3262611535331392,-0.1972208716911119,-0.3262611535331392
20634,6,6706,22.08,14.0,43.47,26.83,60.49,12.64,13.31,38.09,59.9,26087,133.50,6.000000000172617,2.522440121843538,-1.7261658769029964e-10,3.477559878156462
20635,7,15341,22.18,12.22,45.31,20.23,57.05,21.57,10.86,43.6,54.28,25168,101.50,7.000000000183196,5.754969036747831,-1.8319568084734783e-10,1.2450309632521694
20636,0,1493,21.03,8.91,37.38,19.41,71.61,8.97,4.11,27.68,63.55,19788,66.60,-0.4201565272941199,0.18301277379014158,0.4201565272941199,-0.18301277379014158
20637,2,1996,22.24,12.93,40.61,26.25,62.22,11.38,2.96,34.71,61.76,21887,67.60,0.5895487659885408,0.665007358946674,1.4104512340114592,1.3349926410533262
20638,0,1143,21.0,10.59,33.33,19.4,69.27,11.08,1.67,26.13,61.71,20899,84.10,0.3814170293015522,0.12767474577968319,-0.3814170293015522,-0.12767474577968319
20639,0,759,21.74,12.65,40.76,27.11,44.9,27.55,12.22,37.96,41.21,25371,472.00,1.656082797364384,0.45058045927107815,-1.656082797364384,-0.45058045927107815
20640,0,1185,18.73,13.42,40.13,25.45,62.61,11.94,5.56,39.39,55.18,21787,66.60,0.16629762218934907,0.4238608382390179,-0.16629762218934907,-0.4238608382390179
20642,2,1603,22.21,12.6,35.95,25.31,68.89,5.54,0.93,33.33,74.43,20376,84.10,0.5232241413183942,0.5359805579651892,1.4767758586816058,1.464019442034811
20643,0,2676,21.08,12.29,43.0,27.35,63.26,9.39,9.07,31.73,65.45,24314,70.50,7.431033566263068e-11,0.7577567642748155,-7.431033566263068e-11,-0.7577567642748155
20644,0,2085,23.17,12.71,45.5,33.2,57.7,9.0,6.24,33.19,70.22,24510,57.70,1.0310859536244177,0.713648637631317,-1.0310859536244177,-0.713648637631317
20701,0,1480,20.07,15.68,42.68,31.41,57.4,11.01,2.86,34.56,56.32,22747,61.70,0.8400069700685666,0.5773121114200376,-0.8400069700685666,-0.5773121114200376
20702,3,7157,20.36,10.31,42.31,25.25,61.42,13.07,4.69,35.76,57.28,25169,85.20,3.000000000196229,2.083343731747125,-1.9622881097802747e-10,0.9166562682528752
20703,1,1333,23.26,12.45,42.46,25.24,59.28,15.47,2.38,30.29,77.2,21765,42.80,1.036031174477813,0.4812470632180521,-0.03603117447781301,0.5187529367819479
20705,1,2141,25.04,13.59,49.76,35.21,56.23,8.45,3.2,40.28,58.5,25237,65.00,0.595285677888489,0.8903246611280855,0.40471432211151104,0.1096753388719145
20707,0,643,18.04,10.11,29.03,19.49,72.03,8.47,1.12,30.86,54.66,23842,65.00,-0.03688661144979122,0.21245256215393582,0.03688661144979122,-0.21245256215393582
20708,0,1042,21.88,12.96,48.42,23.65,62.53,13.83,1.7,34.46,57.52,24474,61.70,0.7892169299505216,0.4635215766087677,-0.7892169299505216,-0.4635215766087677
20710,0,2013,23.85,12.37,46.79,27.99,62.85,9.16,1.39,36.5,65.78,22420,61.70,0.6688979968062654,0.6377142251090585,-0.6688979968062654,-0.6377142251090585
20711,8,9466,20.1,9.96,42.06,33.16,57.16,9.63,7.65,35.06,65.93,24990,136.90,1.7283016786003706,2.817484698609963,6.271698321399629,5.182515301390037
20712,1,1239,23.16,11.22,40.81,32.54,48.52,18.93,2.89,29.01,75.54,23515,61.70,0.7669540540473925,0.4603775454608091,0.23304594595260752,0.5396224545391909
20713,0,872,20.99,10.44,43.62,30.52,59.88,9.59,2.31,29.97,63.37,25623,62.40,0.19066808286253156,0.3602976223952582,-0.19066808286253156,-0.3602976223952582
20719,0,2340,23.93,11.45,44.43,38.15,56.34,5.4,1.77,35.19,64.61,25910,65.00,0.4047143225411194,0.8503882555809477,-0.4047143225411194,-0.8503882555809477
20720,3,5778,21.7,12.31,43.45,26.74,58.64,14.57,3.8,34.03,63.47,23573,61.70,1.1041289315591118,2.1630892380388205,1.8958710684408882,0.8369107619611795
20721,1,1910,21.73,9.11,43.42,51.98,41.72,6.29,6.34,31.42,71.27,23744,75.10,1.3435286760389324,0.503749110345333,-0.34352867603893245,0.496250889654667
20722,2,4357,22.31,12.16,44.12,44.13,49.4,6.47,1.1,37.34,69.2,23994,75.10,1.6564713245840927,1.6289978819792088,0.34352867541590726,0.3710021180207912
20723,2,1556,21.27,11.63,39.25,38.07,55.38,6.55,0.31,32.66,70.36,20976,61.70,0.4475711538440432,0.5027489708826506,1.5524288461559568,1.4972510291173493
20724,3,4563,21.19,15.95,46.52,41.62,46.79,11.35,10.39,36.14,63.69,25936,88.80,2.999999999703533,1.9074383479250063,2.964668510685442e-10,1.0925616520749937
20725,2,9183,23.12,13.57,43.93,34.99,49.27,15.72,11.78,40.82,62.71,25588,114.60,2.000000000176497,2.8333027584478643,-1.7649703920596949e-10,-0.8333027584478643
20726,1,2921,21.6,12.26,44.43,42.5,50.22,6.94,3.27,31.13,65.31,26665,61.70,0.9531968764033962,0.9518571794079218,0.04680312359660377,0.048142820592078195
20727,1,5662,20.4,10.4,42.54,45.02,48.86,6.12,3.59,28.85,76.19,26746,121.30,1.4215034638153448,1.6169907055258643,-0.42150346381534476,-0.6169907055258643
20801,2,3983,20.56,10.65,34.48,51.19,42.34,6.47,2.32,35.87,70.08,21846,38.40,0.7049441582446789,1.2050078999252694,1.295055841755321,0.7949921000747306
20802,0,788,20.18,9.9,33.18,66.26,29.56,4.19,0.67,35.86,81.53,21250,55.60,0.4108185166276961,0.4114065482930561,-0.4108185166276961,-0.4114065482930561
20803,2,5989,21.79,11.4,40.57,46.74,48.33,4.93,2.77,35.47,69.27,23279,53.60,1.6618843352590016,1.9578473597623072,0.3381156647409984,0.04215264023769283
20804,1,2218,24.48,14.07,39.79,51.0,40.27,8.73,3.59,44.19,65.93,21372,38.90,0.6389765823840161,0.9089989391299715,0.3610234176159839,0.09100106087002846
20805,0,2241,19.72,8.26,35.46,51.03,43.57,5.41,0.65,29.94,71.57,23400,36.00,0.8673054536743354,0.413670729299526,-0.8673054536743354,-0.413670729299526
20806,0,1791,22.5,10.11,36.26,66.14,30.84,3.02,2.34,30.0,80.31,23267,41.60,0.4114941009644948,0.5780139316906294,-0.4114941009644948,-0.5780139316906294
20807,0,1576,22.72,9.01,37.56,53.95,43.41,2.48,1.7,32.15,75.97,21414,38.90,0.09459974815955441,0.3314166358517667,-0.09459974815955441,-0.3314166358517667
20808,1,3391,20.79,10.38,37.99,49.03,45.07,5.83,4.94,36.01,67.75,20925,55.60,0.5891814837466818,0.8521823122364356,0.4108185162533182,0.1478176877635644
20810,0,1020,24.31,15.98,37.59,61.52,36.03,2.45,0.27,25.54,82.84,19884,30.00,-0.0034987685742482455,0.29199768407626503,0.0034987685742482455,-0.29199768407626503
20812,0,1499,21.88,10.21,35.35,63.25,34.27,2.48,1.31,31.48,74.67,21908,30.00,0.0034987677903934866,0.3674797044467898,-0.0034987677903934866,-0.3674797044467898
20813,3,4636,21.7,10.79,41.52,35.97,52.53,11.41,5.44,37.28,60.12,23735,76.90,1.3845428292845963,1.6320410242666135,1.6154571707154037,1.3679589757333865
20815,0,1947,25.68,10.58,40.43,60.13,36.67,3.19,1.49,37.13,72.14,21407,38.90,0.2664236691739905,0.5926088560688861,-0.2664236691739905,-0.5926088560688861
20817,7,10902,21.43,10.84,40.71,37.03,51.47,11.47,4.72,36.65,64.92,24144,60.50,7.000000000182412,3.9382338013213136,-1.8241230748117232e-10,3.0617661986786864
20901,2,4244,21.09,12.35,40.64,40.95,52.89,6.1,2.7,32.0,68.82,22279,58.10,0.8876871719968893,1.2111731080250332,1.1123128280031107,0.7888268919749668
20905,0,2394,21.01,13.99,45.36,49.71,39.4,10.66,11.72,36.3,59.33,21510,58.10,1.1123128283487898,0.7681524413379726,-1.1123128283487898,-0.7681524413379726
20909,0,2757,23.72,11.75,41.56,26.84,68.49,4.58,1.71,37.16,59.87,22075,24.70,0.8048357050022421,0.7534783019570919,-0.8048357050022421,-0.7534783019570919
20911,0,891,24.47,12.23,39.04,71.05,27.03,1.91,0.28,36.74,83.97,20981,38.50,0.07324671198793631,0.5574974189398403,-0.07324671198793631,-0.5574974189398403
20912,0,1700,24.47,10.76,43.2,43.63,51.54,4.83,3.37,27.94,73.79,21834,38.50,-0.07324671137732075,0.38687324027630277,0.07324671137732075,-0.38687324027630277
20913,1,9840,22.05,11.36,41.09,28.19,66.99,4.79,3.1,31.85,69.28,23389,65.30,0.6151847874693406,2.678844566295836,0.3848152125306594,-1.6788445662958358
20914,0,1915,21.04,8.51,37.39,49.19,47.58,3.23,0.52,30.7,69.9,21470,40.90,-0.3127584186507537,0.2616010073074896,0.3127584186507537,-0.2616010073074896
20918,0,3144,22.01,12.5,42.07,46.82,44.01,8.62,2.0,34.15,66.06,23180,40.90,0.28000734913623226,0.9870647814780424,-0.28000734913623226,-0.9870647814780424
20923,9,24961,21.17,11.51,43.18,42.16,45.86,11.72,7.85,37.93,64.41,25132,94.20,9.000000000054015,7.309511452001854,-5.4015458772482816e-11,1.6904885479981457
21001,2,965,26.01,11.5,41.06,42.83,50.25,6.92,2.0,43.08,78.42,23446,104.20,2.0000000006349925,0.8756759515817834,-6.349925030235681e-10,1.1243240484182166
21002,10,14528,20.27,11.42,42.29,36.75,50.15,13.03,6.58,39.75,63.21,23818,88.90,9.99999999992902,6.426618510260191,7.097966658875521e-11,3.573381489739809
21003,1,1780,24.61,11.24,35.95,65.18,30.83,3.68,0.93,28.02,71.93,23166,45.90,0.9804826991628204,0.4689785324904585,0.01951730083717962,0.5310214675095415
21004,0,1034,20.02,10.93,35.55,28.38,63.76,7.86,1.4,33.26,69.87,22197,64.70,1.7959500553388352e-10,0.29414285119576,-1.7959500553388352e-10,-0.29414285119576
21005,0,2329,22.8,10.39,42.01,35.99,56.35,7.66,1.78,30.83,73.24,22147,64.70,0.0780972193963585,0.572702335135969,-0.0780972193963585,-0.572702335135969
21006,0,724,20.72,14.36,44.83,33.93,50.79,15.28,10.06,45.63,55.51,29192,255.30,1.8044442473646232,1.0354288545023076,-1.8044442473646232,-1.0354288545023076
21007,1,1695,24.31,11.98,40.74,48.42,39.88,11.53,2.52,37.65,69.09,21590,105.50,1.1529243561480076,0.6866486683162194,-0.1529243561480076,0.3133513316837806
21008,2,1639,21.42,9.15,40.15,42.16,46.34,10.98,5.54,35.91,67.6,22587,61.90,0.8008717164474088,0.5392190579220852,1.1991282835525912,1.4607809420779148
21009,2,3844,22.48,13.81,43.24,33.04,54.64,11.88,11.6,40.83,60.27,26212,115.50,2.000000000196552,1.5786381982877056,-1.9655210792279831e-10,0.4213618017122944
21010,0,1573,22.89,9.28,35.21,42.45,51.91,5.64,1.59,29.21,68.33,20703,61.90,0.3329930138591344,0.30455642180323916,-0.3329930138591344,-0.30455642180323916
30101,11,25473,19.24,11.83,46.15,33.71,40.54,23.79,21.01,45.97,54.18,29185,252.80,6.888645199396571,9.996402169825906,4.111354800603429,1.003597830174094
30201,13,59767,17.07,10.03,44.2,43.58,40.09,14.95,13.92,41.78,62.25,28802,186.40,12.999999999996449,13.613417908754327,3.5509373219611007e-12,-0.613417908754327
30301,3,11062,19.17,11.63,41.07,31.12,49.7,18.94,17.03,38.12,51.85,27252,98.30,2.367952036223725,3.527335462129506,0.6320479637762748,-0.5273354621295061
30401,6,49156,15.48,8.48,41.32,29.34,47.31,22.1,14.86,41.2,61.14,28158,321.00,5.296970240504453,5.776464072818247,0.7030297594955472,0.22353592718175275
30501,0,2218,17.85,7.89,35.53,23.85,68.0,8.15,8.98,25.73,66.07,23511,54.90,0.8117393453826569,0.275285016869685,-0.8117393453826569,-0.275285016869685
30502,3,24008,18.68,9.89,44.11,25.11,59.75,14.53,11.2,39.54,49.64,28029,121.10,3.0000000001836487,5.594903356004974,-1.836486518413949e-10,-2.5949033560049743
30503,1,3604,18.59,7.71,35.81,29.14,66.01,4.84,4.58,24.92,56.05,24614,50.70,0.8440322846528012,0.39495959921877355,0.15596771534719878,0.6050404007812265
30504,2,3796,17.78,8.64,38.51,29.17,64.0,6.82,7.02,25.47,60.95,25035,60.80,2.000000000131113,0.5323141975117782,-1.3111289831613249e-10,1.4676858024882218
30506,0,3444,17.94,9.47,44.42,36.01,58.41,5.58,7.97,26.18,54.02,25830,107.90,0.3204109558036805,0.6381006723079408,-0.3204109558036805,-0.6381006723079408
30507,0,2348,18.31,7.71,37.59,29.64,63.37,6.99,7.54,23.88,60.18,23455,71.40,1.2423306827713532e-10,0.33506518724889156,-1.2423306827713532e-10,-0.33506518724889156
30508,1,3303,15.5,8.08,38.68,35.44,56.83,7.73,6.86,34.16,59.74,25282,163.40,0.999999999897522,0.5502172863391552,1.0247802606500045e-10,0.44978271366084477
30509,2,2315,19.27,8.86,43.78,31.98,62.78,5.24,15.19,30.35,61.99,27971,143.40,2.0000000003398544,0.6166698901346387,-3.398543668708953e-10,1.3833301098653612
30510,0,1246,17.5,6.34,34.47,33.68,59.64,6.68,15.59,26.0,55.53,20637,53.10,-0.16798279942445937,0.1536080373921087,0.16798279942445937,-0.1536080373921087
30511,1,2805,17.04,6.35,32.33,28.62,67.19,4.19,6.04,20.02,56.41,23845,63.40,-0.2654538958734207,0.2747052834355752,1.2654538958734207,0.7252947165644248
30512,0,1865,17.32,7.45,36.41,33.71,61.1,5.19,6.27,26.5,65.32,25048,58.70,2.382698482961132e-10,0.17091295626083314,-2.382698482961132e-10,-0.17091295626083314
30514,0,5851,18.66,10.02,41.52,32.04,59.55,8.35,9.1,32.49,54.47,25113,142.70,-2.405187160547939e-11,1.1927629092239393,2.405187160547939e-11,-1.1927629092239393
30515,3,3721,19.16,9.43,43.76,40.15,52.26,7.59,8.84,26.2,62.15,25943,95.80,3.0000000000085025,0.9123176384289509,-8.502532011789299e-12,2.087682361571049
30516,1,1685,21.13,10.86,43.39,31.61,61.74,6.65,9.27,34.8,63.66,24247,56.50,1.0000000001187779,0.5928722234875805,-1.1877787642333715e-10,0.4071277765124195
30517,0,2698,19.94,9.38,43.95,33.03,55.92,11.05,15.99,37.57,49.15,24727,71.40,0.5669207337024531,0.7681971418578429,-0.5669207337024531,-0.7681971418578429
30520,0,3086,16.79,6.84,32.24,27.78,66.56,5.67,7.85,21.8,65.22,25062,73.50,4.1027092834156065e-10,0.336172486540115,-4.1027092834156065e-10,-0.336172486540115
30521,1,2167,18.32,8.31,38.03,38.26,56.63,5.11,3.92,23.11,67.54,23004,52.60,1.040562566314117,0.2887221917430115,-0.04056256631411692,0.7112778082569885
30522,0,2160,16.57,6.44,39.0,42.04,51.27,6.69,8.16,27.1,66.56,28141,62.80,1.090200581167272,0.45628523344886784,-1.090200581167272,-0.45628523344886784
30524,0,880,21.59,8.86,41.74,16.94,64.17,18.89,9.21,29.32,62.21,22950,51.80,0.1308135981012004,0.23345574291967175,-0.1308135981012004,-0.23345574291967175
30526,0,529,19.85,11.53,36.77,37.73,55.45,6.82,3.68,25.26,76.82,21316,51.80,-0.13081359841415008,0.20098665623085954,0.13081359841415008,-0.20098665623085954
30527,0,2807,16.96,9.08,35.49,30.5,65.46,4.04,6.6,26.64,58.55,25180,70.70,1.205471278353798e-10,0.30332858346811564,-1.205471278353798e-10,-0.30332858346811564
30529,0,2707,21.13,7.43,42.98,37.85,56.34,5.81,5.15,26.81,67.74,26349,143.60,4.945110987364387e-10,0.39817377558137423,-4.945110987364387e-10,-0.39817377558137423
30530,1,5128,17.59,10.63,37.96,28.53,64.7,6.7,9.56,27.06,61.02,23592,75.90,0.9999999998840696,0.8269004084619909,1.1593037640977855e-10,0.17309959153800913
30531,2,9356,19.56,10.65,46.88,34.31,55.37,10.06,13.28,38.36,50.96,27055,178.80,1.9999999999544862,2.5189972823963673,4.551381493911322e-11,-0.5189972823963673
30532,0,3355,18.18,8.41,37.85,36.67,58.48,4.86,8.67,28.69,71.62,24887,85.00,2.2426149826060282e-10,0.4682882119265709,-2.2426149826060282e-10,-0.4682882119265709
30533,1,3661,19.15,12.16,47.1,35.46,53.49,10.79,6.42,37.72,56.59,25394,63.50,1.5236603399495081,1.2667868839501626,-0.5236603399495081,-0.2667868839501626
30534,0,2215,18.1,7.86,38.84,27.98,65.68,6.33,7.95,26.34,52.87,23223,76.40,1.4364471700157218,0.318394946823771,-1.4364471700157218,-0.318394946823771
30536,0,1368,18.79,10.45,36.13,33.0,61.29,5.71,4.82,25.1,68.73,24150,52.60,1.1515059358286575,0.2630753574367093,-1.1515059358286575,-0.2630753574367093
30538,0,2225,19.51,11.19,40.43,30.34,62.0,7.66,13.83,26.32,62.3,25059,69.80,0.36848711197799133,0.4194506178291548,-0.36848711197799133,-0.4194506178291548
30539,2,2455,16.95,7.82,39.94,25.29,64.88,9.83,5.41,28.21,57.23,22957,89.40,0.4849151379307646,0.3543486530206257,1.5150848620692354,1.6456513469793743
30541,0,1861,19.08,7.74,42.88,39.54,54.37,6.1,8.11,27.54,71.0,26532,111.50,2.871107795954231e-10,0.2628345867903328,-2.871107795954231e-10,-0.2628345867903328
30542,3,2239,17.82,7.19,35.66,26.19,66.41,7.4,7.28,19.07,70.72,23822,51.30,1.4815222998121858,0.2964915790465378,1.5184777001878142,2.703508420953462
30543,0,3364,20.48,9.75,39.87,37.44,53.55,8.84,8.41,31.91,54.3,23956,62.10,0.48775663743993114,0.7594193258087125,-0.48775663743993114,-0.7594193258087125
30544,1,1933,16.14,7.97,36.82,25.65,67.16,7.2,6.51,26.12,65.68,24976,75.00,1.0000000001367049,0.1990889324665922,-1.3670486964656448e-10,0.8009110675334078
30601,1,2680,20.45,9.85,41.86,61.72,34.29,3.99,7.15,31.69,75.43,28243,243.30,1.0000000003033076,1.123296637398037,-3.0330760125707457e-10,-0.12329663739803709
30602,1,2154,19.36,10.54,42.43,40.8,55.52,3.68,3.55,29.62,76.52,25622,116.20,0.3927947717769822,0.5687758090400497,0.6072052282230178,0.43122419095995035
30603,4,12478,18.74,12.58,43.99,49.77,39.4,10.4,19.88,38.5,67.63,29558,489.20,2.506583715937431,4.697365741708581,1.4934162840625689,-0.6973657417085812
30604,10,25931,19.72,14.77,45.28,31.29,45.32,22.23,26.93,45.58,60.02,32394,688.50,10.000000000296996,9.097554275398911,-2.969962054066855e-10,0.9024457246010886
30605,2,8919,18.97,11.23,45.79,43.64,43.35,12.86,7.63,40.52,64.69,26978,279.70,1.2501020856992895,2.9149679905559447,0.7498979143007105,-0.9149679905559447
30607,2,12003,17.59,8.41,43.04,64.53,28.39,7.04,16.2,32.6,79.4,27808,365.40,1.9999999999948948,2.746488148873008,5.10524955643632e-12,-0.746488148873008
30608,5,4315,18.93,11.96,46.96,62.3,30.01,7.69,15.83,38.57,69.17,28026,204.10,3.122334475617027,2.954799421382879,1.877665524382973,2.045200578617121
30609,1,866,19.63,9.01,40.08,57.56,39.79,2.65,8.28,29.03,77.45,24184,116.20,0.2483585946643121,0.3094698177023941,0.7516414053356879,0.6905301822976059
30612,1,1734,20.93,9.11,47.49,70.48,21.14,8.0,6.18,39.31,76.38,25511,201.60,0.7804455491374203,0.8741232028341136,0.21955445086257974,0.1258767971658864
30613,0,1597,18.41,11.27,42.66,54.76,40.32,4.92,8.9,29.44,80.32,31067,385.70,1.5117524235968443,0.8718837513333102,-1.5117524235968443,-0.8718837513333102
30614,1,1571,21.39,11.65,48.35,60.66,37.76,1.58,2.64,29.68,80.53,28833,179.80,1.2966265912187023,0.8966382763282209,-0.2966265912187023,0.1033617236717791
30615,1,2614,15.07,8.03,44.13,51.94,35.69,12.37,7.03,39.44,59.89,25246,204.10,2.665465075281352,0.6230152558933316,-1.665465075281352,0.3769847441066684
30616,0,1672,17.52,8.67,41.23,63.76,32.33,3.91,5.08,39.87,72.63,26480,180.20,-6.636291516315396e-11,0.55654937419695,6.636291516315396e-11,-0.55654937419695
30618,2,7451,19.69,10.88,46.24,60.11,32.4,7.41,13.3,32.62,81.78,29005,368.70,2.0086032717038504,3.6671580813804985,-0.008603271703850446,-1.6671580813804985
30620,3,5344,16.93,8.68,44.82,55.28,31.42,13.16,20.82,41.82,63.19,27015,204.10,3.212200447148467,2.2001430458015476,-0.21220044714846686,0.7998569541984524
30621,1,3125,12.51,5.6,38.96,53.87,39.12,7.01,9.39,30.08,83.58,27115,214.70,0.8318069214411583,0.7541571388155441,0.1681930785588417,0.24584286118445586
30623,3,5290,17.62,7.47,41.93,48.47,43.78,7.75,23.43,32.65,83.79,31555,579.30,3.000000000620564,1.8504565906502048,-6.205640445955396e-10,1.1495434093497952
30625,2,3502,18.05,10.39,43.13,46.78,45.4,7.42,23.77,31.65,76.94,30741,554.00,2.000000000324566,1.3606792461773363,-3.2456615173259706e-10,0.6393207538226637
30626,2,7770,16.68,9.51,41.02,56.3,38.77,4.81,15.56,33.58,75.41,26749,309.40,1.999999999878601,2.0573513368731513,1.2139889093987222e-10,-0.057351336873151304
30627,0,2983,19.18,10.79,44.79,53.27,37.25,9.37,11.85,38.34,62.64,26705,279.70,0.749897914892161,1.0182836117010594,-0.749897914892161,-1.0182836117010594
30629,0,1749,20.81,9.03,45.81,69.42,27.36,3.22,4.38,34.02,87.55,28318,123.80,1.356774260384194,0.8083364719984949,-1.356774260384194,-0.8083364719984949
30631,1,2141,18.82,8.17,43.46,66.45,28.27,5.28,7.66,32.63,77.81,27625,201.60,0.6684516181499909,0.9302321520974612,0.3315483818500091,0.06976784790253876
30633,1,1614,20.38,9.23,43.92,63.9,33.06,3.04,2.55,27.1,76.29,28293,121.40,1.0000000002428049,0.7170824441726711,-2.4280488730710204e-10,0.2829175558273289
30635,0,1077,19.31,11.14,48.4,49.42,43.12,7.46,12.92,35.82,56.41,31857,489.20,1.4934162843182524,0.7114463494132368,-1.4934162843182524,-0.7114463494132368
30636,1,1456,17.17,10.3,44.95,53.16,43.27,3.57,14.06,34.48,76.18,28663,201.60,0.7780221450072187,0.7456144360023884,0.22197785499278133,0.2543855639976116
30637,0,1899,17.59,7.58,44.54,26.28,68.28,5.44,21.59,35.91,77.04,27718,201.60,0.659379165127552,0.8463544638641203,-0.659379165127552,-0.8463544638641203
30639,1,18925,17.23,9.31,43.03,46.25,41.39,11.82,21.27,34.57,73.94,27563,329.80,2.882461589817961,6.085549977264797,-1.8824615898179609,-5.085549977264797
30641,1,3724,16.65,7.73,43.01,62.06,31.31,6.54,10.74,35.49,79.93,28158,306.00,2.331779119655451,1.7915527731550491,-1.331779119655451,-0.7915527731550491
30645,0,1682,19.62,11.18,40.58,54.19,37.44,8.37,5.18,37.63,63.35,27484,116.20,0.7516414053553806,0.9451507920102156,-0.7516414053553806,-0.9451507920102156
30646,0,1950,17.69,7.95,46.37,39.62,51.21,9.17,9.61,42.53,75.61,26981,201.60,0.7730806877547991,0.4590701598199042,-0.7730806877547991,-0.4590701598199042
30701,0,950,19.89,11.68,38.79,73.52,24.76,1.71,0.78,28.87,86.86,25612,118.20,0.35592884956743376,0.5517909895822272,-0.35592884956743376,-0.5517909895822272
30702,1,1993,18.77,10.89,45.58,63.59,28.13,8.15,7.91,40.15,75.95,28191,184.70,0.6413935108211959,1.485164293312219,0.3586064891788041,-0.4851642933122191
30703,2,974,16.63,10.47,37.68,55.33,39.84,4.83,5.97,31.74,81.89,28138,207.80,2.000000000120412,0.8838625761128425,-1.2041212471558538e-10,1.1161374238871575
30704,4,8687,18.03,10.69,42.72,56.9,31.97,10.82,12.67,36.81,74.73,29585,342.30,2.248729730321073,4.261716364789237,1.751270269678927,-0.2617163647892369
30706,0,3664,18.09,9.09,44.81,68.77,28.84,2.33,7.48,30.92,85.85,31224,291.40,0.5759226655064662,1.3109963399726683,-0.5759226655064662,-1.3109963399726683
30708,0,1489,20.75,9.13,42.92,63.74,33.43,2.83,3.21,25.84,75.92,28915,183.00,-0.060057711893881205,0.6818414271712893,0.060057711893881205,-0.6818414271712893
30709,1,2227,18.37,9.38,42.51,64.02,30.83,5.16,9.25,30.33,85.07,28617,248.30,0.806439265528498,1.0222509553225594,0.19356073447150202,-0.022250955322559385
30710,6,7038,17.77,10.37,38.22,56.81,32.5,10.34,13.88,38.09,75.03,29123,244.80,6.0000000002287806,3.7768028189673455,-2.2878055006003706e-10,2.2231971810326545
30711,0,2027,17.86,7.45,40.2,53.5,43.26,3.24,20.0,26.52,89.03,29500,256.70,5.212452691694125e-10,0.7873215968837523,-5.212452691694125e-10,-0.7873215968837523
30712,1,1232,20.54,8.93,43.05,64.92,32.71,2.37,0.97,29.9,74.41,28898,121.70,0.4535183079959957,0.5647896553994531,0.5464816920040043,0.43521034460054686
30713,2,1678,18.41,9.77,44.31,67.15,29.97,2.88,5.34,29.31,81.41,28867,118.20,0.5766618564728336,0.8841804276534408,1.4233381435271664,1.1158195723465592
30715,0,668,18.86,11.68,40.7,68.71,28.71,2.58,0.0,31.83,87.42,28475,105.90,0.9736630357606781,0.8247624132427622,-0.9736630357606781,-0.8247624132427622
30716,0,4274,18.53,9.01,45.19,59.41,32.52,8.01,4.57,35.46,71.94,27667,211.10,1.5707073200052495,1.524675032892001,-1.5707073200052495,-1.524675032892001
30718,0,1260,20.87,11.35,47.26,74.09,21.78,3.97,0.34,33.79,77.74,27901,184.70,0.35860648916873394,0.86336327929316,-0.35860648916873394,-0.86336327929316
30719,1,1705,19.12,11.2,42.21,77.61,21.21,1.18,2.65,29.64,86.14,27837,105.90,0.999999999945862,0.9248590699294652,5.4138027394401433e-11,0.0751409300705348
30721,2,1666,17.83,8.94,38.62,73.14,24.81,2.06,0.63,23.79,90.23,27952,73.00,3.031874554576995,0.5904254258065821,-1.0318745545769952,1.4095745741934178
30722,1,1239,20.82,11.62,44.32,75.0,23.18,1.82,1.75,28.43,88.64,30391,121.70,0.710637024253975,0.8155293718875212,0.289362975746025,0.18447062811247883
30724,0,2265,18.28,8.52,43.83,50.0,46.75,3.25,5.39,29.49,89.1,27608,163.70,2.6215651871552836e-10,0.6488574260059647,-2.6215651871552836e-10,-0.6488574260059647
30726,1,2929,20.45,11.3,43.88,64.54,31.28,4.18,3.26,31.53,82.27,28919,272.10,1.0000000002245102,1.5576734204659133,-2.2451018821811886e-10,-0.5576734204659133
30728,0,1256,15.53,6.93,30.72,58.33,40.28,1.39,4.7,26.34,72.62,26335,159.20,2.1785773185456492e-10,0.09716336349122523,-2.1785773185456492e-10,-0.09716336349122523
30729,2,4372,16.77,7.64,44.52,57.82,34.15,7.86,14.29,35.83,74.34,27551,285.30,1.9999999999263043,1.3963644026176145,7.369571619619819e-11,0.6036355973823855
30730,1,5736,16.28,9.71,43.87,49.77,32.66,17.51,11.7,41.35,69.89,28847,445.50,0.9999999999009148,2.104558899960581,9.908518450174597e-11,-1.104558899960581
30731,0,3700,14.89,6.49,38.15,40.7,51.79,7.42,18.68,29.35,79.93,27967,330.60,2.702602586168723e-10,0.9507335741438323,-2.702602586168723e-10,-0.9507335741438323
30732,1,8324,16.27,10.2,44.54,62.71,26.77,10.44,21.51,35.76,78.68,28921,496.20,0.9999999997867075,3.237052172905331,2.1329249477730627e-10,-2.237052172905331
30733,1,921,15.96,10.31,45.76,41.52,51.46,7.02,12.39,41.15,61.7,28380,291.40,0.42407733446902185,0.6157990539500736,0.5759226655309782,0.3842009460499264
30734,1,1949,17.14,8.06,42.57,55.71,35.54,8.74,22.99,31.16,80.68,28253,463.80,0.38433554692839955,0.6777610741956924,0.6156644530716004,0.3222389258043076
30735,4,5613,17.05,8.53,42.16,56.05,36.47,7.48,29.94,33.68,85.91,32693,661.30,4.0000000005146745,2.564190956361985,-5.14674525220471e-10,1.4358090436380149
30736,0,2264,19.92,12.28,45.88,52.72,38.81,8.47,18.75,35.99,77.37,29082,463.80,0.6156644539021183,1.422897344616325,-0.6156644539021183,-1.422897344616325
30737,0,1808,20.63,9.24,44.65,56.83,37.08,6.09,9.56,34.27,82.27,29869,264.20,5.075282416555638e-10,1.0080712365911233,-5.075282416555638e-10,-1.0080712365911233
30738,0,803,15.19,7.35,41.56,53.11,44.07,2.82,8.5,34.55,74.29,28761,271.30,6.971312416226283e-11,0.37589117669861194,-6.971312416226283e-11,-0.37589117669861194
30739,0,2405,15.55,7.32,42.23,66.81,24.27,8.93,4.93,35.67,73.22,28009,381.90,-1.5362289218501246e-10,0.6484150667624621,1.5362289218501246e-10,-0.6484150667624621
30740,2,21243,14.87,8.35,43.45,46.9,32.63,18.28,17.3,40.72,59.7,28658,348.90,2.815618317188873,3.977046686758974,-0.8156183171888731,-1.9770466867589742
30741,2,1679,18.34,9.65,45.4,32.92,47.6,19.17,18.82,31.04,80.68,30419,348.90,1.1843816830874392,1.0365688831531672,0.8156183169125608,0.9634311168468328
30801,0,236,16.95,7.2,29.09,73.47,24.49,2.04,0.0,26.03,51.02,26377,179.90,-0.10253855459449568,0.15105874067242397,0.10253855459449568,-0.15105874067242397
30802,0,159,22.64,7.55,48.98,65.33,34.67,0.0,0.0,24.19,92.0,29064,143.50,6.08514127975468e-10,0.3066207106229868,-6.08514127975468e-10,-0.3066207106229868
30803,2,3526,20.5,10.24,46.32,75.9,20.77,3.34,6.13,32.67,88.57,28203,47.40,1.2209185150754642,1.4671577146158348,0.7790814849245358,0.5328422853841652
30804,1,2020,19.41,9.6,39.69,62.07,35.38,2.56,6.65,32.91,84.56,30659,107.90,0.67958904367819,1.1935139468204485,0.32041095632181005,-0.19351394682044853
30805,1,1743,20.83,9.29,43.69,69.68,26.66,3.66,3.44,32.23,85.47,29361,118.50,0.7370646163697128,0.8608321694589092,0.26293538363028723,0.13916783054109083
30808,7,9257,17.04,9.03,42.85,59.89,31.74,8.18,18.04,34.33,83.04,31716,351.70,2.325348620643335,3.6582432573678108,4.674651379356665,3.3417567426321892
30810,0,1119,23.59,11.97,50.45,87.19,11.88,0.93,2.95,38.05,90.74,28493,34.00,0.4968975857309257,0.7711656223981528,-0.4968975857309257,-0.7711656223981528
30811,0,2224,20.73,10.66,50.23,77.77,18.33,3.63,5.69,36.71,84.0,29375,49.40,0.8987767892641472,1.4324591674310296,-0.8987767892641472,-1.4324591674310296
30812,1,883,20.72,9.06,42.75,78.08,20.46,1.46,2.26,36.25,91.65,28261,49.40,0.5391451638350517,0.6578960748615716,0.46085483616494827,0.34210392513842836
30813,1,1370,19.34,10.88,43.95,78.7,19.75,1.54,0.83,36.17,86.57,27398,82.50,2.0877583287690094,0.9158645504462168,-1.0877583287690094,0.08413544955378316
30814,1,2208,20.29,9.65,44.65,75.82,21.88,2.3,0.32,33.19,85.8,26999,82.50,2.014999831352915,0.9843908841314307,-1.014999831352915,0.015609115868569279
30817,2,12285,16.41,9.02,40.75,54.88,37.0,7.7,20.87,35.92,80.34,30653,314.80,2.0000000002811777,3.7009584157344553,-2.8117774775182625e-10,-1.7009584157344553
30819,0,360,15.56,6.67,38.74,61.22,35.37,3.4,8.73,16.67,87.76,27997,281.70,-0.20634130667141015,0.5240140183643834,0.20634130667141015,-0.5240140183643834
30821,5,12088,17.09,9.39,41.63,59.68,33.37,6.86,17.77,30.81,86.4,30359,424.20,5.000000000253367,3.8953582570118113,-2.533671050741759e-10,1.1046417429881887
30822,0,100,16.0,10.0,24.14,73.33,20.0,6.67,0.0,31.71,73.33,28735,179.90,0.37612728165766285,0.4837395578437609,-0.37612728165766285,-0.4837395578437609
30824,0,1387,19.9,8.51,47.69,76.02,21.27,2.71,1.42,27.3,88.54,29397,118.50,0.6268213739816151,0.4360511907895913,-0.6268213739816151,-0.4360511907895913
30825,1,1159,21.66,9.84,40.29,77.2,21.3,1.5,1.4,32.47,81.53,29080,82.50,1.9953705177046022,0.9023286974404934,-0.9953705177046022,0.09767130255950662
30826,1,1278,25.2,10.09,50.79,84.53,15.22,0.26,1.51,34.96,94.5,28758,36.90,0.9459011091957485,0.7006871769397329,0.054098890804251454,0.2993128230602671
30827,1,2746,21.89,12.13,50.7,85.26,12.86,1.89,1.28,39.95,89.17,29317,34.00,0.7025388232755336,1.4385315386000583,0.29746117672446637,-0.43853153860005833
30828,0,962,20.79,9.46,46.1,64.07,34.81,1.11,0.48,28.64,84.63,26359,43.20,0.37108597401444676,0.4776607649469776,-0.37108597401444676,-0.4776607649469776
30829,0,1112,22.84,13.22,50.7,81.31,18.2,0.49,0.6,28.91,92.13,28211,34.00,0.3337575749320596,0.6689352661576021,-0.3337575749320596,-0.6689352661576021
30830,0,3010,17.41,8.94,41.17,73.98,22.92,3.04,3.31,34.16,81.37,27050,155.60,-9.991474314574589e-11,0.8033511510327076,9.991474314574589e-11,-0.8033511510327076
30831,1,3027,18.14,9.51,42.78,52.07,44.85,2.9,12.97,31.75,81.0,29714,208.40,1.519303696985281,1.3217953116048695,-0.5193036969852809,-0.3217953116048695
30834,0,341,21.99,11.44,38.38,63.69,34.64,1.68,0.71,30.0,72.07,29252,82.50,1.8605991223623377,0.8712548805967896,-1.8605991223623377,-0.8712548805967896
30835,0,3113,18.34,10.22,43.24,73.47,24.12,2.41,5.59,35.32,79.97,27929,92.70,0.40277506391982776,1.2332600375380998,-0.40277506391982776,-1.2332600375380998
30836,0,921,19.33,8.9,44.81,62.69,28.86,8.46,3.35,36.1,78.11,27640,179.90,0.5115218702651578,0.7128807044997656,-0.5115218702651578,-0.7128807044997656
30838,1,3006,18.26,8.75,42.31,68.54,28.84,2.55,7.33,32.84,86.89,30542,89.30,1.0000000003632952,1.0395985006457524,-3.63295171723621e-10,-0.03959850064575243
30841,0,1207,23.86,10.52,51.77,80.29,18.42,1.29,4.84,37.11,84.6,31292,36.90,1.1556884919774646,0.9524539191728412,-1.1556884919774646,-0.9524539191728412
30842,0,1753,18.71,8.67,45.27,68.52,26.59,4.89,7.86,30.0,79.63,27878,179.90,0.4845431269346232,0.6821424448608058,-0.4845431269346232,-0.6821424448608058
30844,1,2235,19.28,12.84,40.77,63.88,28.9,7.22,8.49,37.02,76.03,28138,143.50,0.725883002707171,1.5806831520173779,0.274116997292829,-0.5806831520173779
30845,2,1331,21.49,10.89,43.65,85.39,13.8,0.81,0.34,34.47,91.88,27283,36.90,0.8984103991064902,0.8649439571642232,1.1015896008935098,1.1350560428357768
30846,0,177,16.38,10.17,26.53,51.47,48.53,0.0,5.08,25.42,83.82,27535,179.90,0.05941992386324202,0.31505437571801187,-0.05941992386324202,-0.31505437571801187
30848,1,1443,19.54,10.67,46.07,73.17,25.0,1.83,5.65,31.82,84.27,30871,99.10,1.0000000001994582,1.0865740418011738,-1.9945822771205712e-10,-0.08657404180117378
30849,0,725,15.72,6.76,38.92,61.15,34.39,3.82,6.64,25.21,72.29,28454,281.70,1.0822986951097846e-10,0.37879129871014094,-1.0822986951097846e-10,-0.37879129871014094
30850,1,1286,26.52,9.64,51.98,88.72,10.65,0.63,0.33,36.36,91.38,28245,34.00,0.322391871224907,0.6730087226221289,0.677608128775093,0.32699127737787115
30852,0,2020,21.34,9.11,44.72,74.97,22.66,2.36,4.96,28.05,88.4,31330,192.90,5.688161053285512e-10,0.6664829038417833,-5.688161053285512e-10,-0.6664829038417833
30854,1,984,21.34,9.15,46.41,80.67,18.59,0.74,0.95,28.44,90.52,27929,43.20,0.5277702156907242,0.5325029771838984,0.47222978430927576,0.4674970228161016
30856,6,12202,15.44,7.91,39.53,60.14,35.93,3.89,20.18,28.69,88.96,30009,344.90,6.000000000240346,3.6766602051989246,-2.403464094413721e-10,2.3233397948010754
30857,1,1257,21.96,9.63,43.63,81.24,17.98,0.78,0.35,34.09,93.79,27598,43.20,0.628914025937144,0.7422354441150018,0.37108597406285604,0.25776455588499825
30858,1,1795,19.67,8.64,45.57,68.05,28.99,2.68,2.72,32.21,84.56,28024,179.90,0.4607971652984961,0.7894687530403333,0.5392028347015039,0.21053124695966674
30859,0,785,24.08,10.83,52.63,80.29,18.03,1.68,0.0,30.85,89.31,27192,49.40,0.4608548365621026,0.6489708148228325,-0.4608548365621026,-0.6489708148228325
30860,0,2068,22.1,9.86,43.99,80.32,18.32,1.26,0.38,26.51,88.84,31905,132.40,1.436791494297072,0.941183422374612,-1.436791494297072,-0.941183422374612
30863,5,5487,21.12,12.81,47.03,75.63,21.54,2.83,5.7,34.9,86.27,27661,55.10,4.9999999998988205,2.7801189691769257,1.0117950921539887e-10,2.2198810308230743
30865,0,997,21.66,10.63,39.5,66.93,31.46,1.61,2.02,32.24,79.29,28898,132.40,1.2312180602566194,0.8875870413155913,-1.2312180602566194,-0.8875870413155913
30902,0,1095,19.73,12.42,44.38,51.87,41.9,6.23,1.19,34.71,77.41,24650,28.60,1.1069393811253772,0.5592595902608665,-1.1069393811253772,-0.5592595902608665
30903,0,1427,24.25,14.23,49.54,55.6,39.05,5.35,1.95,39.83,68.78,23465,28.60,1.1873756109306388,0.8334928592601752,-1.1873756109306388,-0.8334928592601752
30904,0,662,19.18,12.99,35.52,75.47,23.35,1.18,0.32,41.64,77.59,20798,28.60,0.9637927040912668,0.5884506133545998,-0.9637927040912668,-0.5884506133545998
30906,3,702,21.94,13.25,39.13,72.63,26.84,0.53,2.42,32.07,74.21,22836,28.60,0.9005327533153142,0.6563999302348662,2.0994672466846858,2.3436000697651336
30908,5,5140,22.26,13.89,49.6,46.5,43.35,10.05,7.74,47.46,52.92,27633,63.90,4.444507260101096,2.6544672337140147,0.555492739898904,2.3455327662859853
30909,1,2157,21.6,11.03,44.97,61.33,37.49,1.19,5.49,30.74,67.66,24403,21.40,0.6879831076996936,0.7798090956062029,0.3120168923003064,0.22019090439379707
30910,0,1279,24.32,12.12,46.72,52.98,40.56,6.46,3.1,38.97,67.93,22900,17.00,0.6647838788563902,0.6785606506583528,-0.6647838788563902,-0.6785606506583528
30912,0,1206,21.56,8.71,38.42,66.74,31.33,1.93,0.45,26.13,60.52,21995,33.00,0.357668865525131,0.12824218356911699,-0.357668865525131,-0.12824218356911699
30913,1,680,23.09,10.59,40.78,61.29,32.8,5.65,3.16,30.45,64.25,22764,17.00,0.4358889547118938,0.35966488676203856,0.5641110452881062,0.6403351132379614
30915,0,474,22.15,14.14,47.83,66.29,32.0,1.71,0.9,37.84,76.57,23121,28.60,1.0591268531220983,0.6409954876939498,-1.0591268531220983,-0.6409954876939498
30916,2,3755,22.42,15.13,44.94,55.17,38.79,6.04,5.73,40.31,71.75,24188,28.60,1.4968461894728353,1.6374678360433086,0.5031538105271647,0.3625321639566914
30917,0,573,20.42,10.82,41.76,61.84,37.33,0.84,5.58,28.29,66.85,25279,18.10,0.6370701644687937,0.3038128711911996,-0.6370701644687937,-0.3038128711911996
30920,1,1344,23.44,14.51,50.35,35.63,57.5,6.88,5.21,34.97,70.84,26597,21.40,0.9772288839427006,0.7476533860920737,0.022771116057299423,0.25234661390792634
30921,1,1254,21.37,12.36,40.39,59.97,38.04,1.99,1.89,32.64,66.28,21241,18.10,0.5704521547493577,0.4741171784028543,0.42954784525064227,0.5258828215971457
30925,4,2093,27.28,15.43,49.31,66.02,31.32,2.59,4.01,42.26,70.76,24756,28.60,1.3833898526370216,1.6823628210888417,2.6166101473629784,2.3176371789111583
30929,0,606,21.29,11.72,39.88,70.39,26.89,2.72,1.07,40.21,58.61,20995,28.60,0.855584425043391,0.3949272241011209,-0.855584425043391,-0.3949272241011209
30932,2,1061,21.21,9.05,40.33,72.98,24.26,2.76,0.5,31.11,87.57,20827,12.60,1.999999999822145,0.4272691827015346,1.7785506400969098e-10,1.5727308172984653
30935,2,5272,22.46,13.18,47.85,63.87,31.31,4.83,6.27,37.29,70.88,24395,28.60,1.5171058872447531,2.219307890077047,0.48289411275524685,-0.21930789007704687
30939,1,997,19.16,10.93,38.79,9.77,78.34,11.89,0.0,29.04,66.45,20545,33.00,0.3966671390411012,0.2227801936464484,0.6033328609588988,0.7772198063535516
30940,0,1176,17.09,8.67,33.91,58.57,40.73,0.7,0.41,30.04,77.8,22173,21.40,0.334788008057723,0.15537540840535558,-0.334788008057723,-0.15537540840535558
30942,1,2563,20.72,15.49,42.58,53.59,39.98,6.34,5.96,38.41,62.27,25169,33.00,1.2456639952048274,0.9339321822741089,-0.2456639952048274,0.0660678177258911
31001,0,707,25.18,11.6,46.73,67.7,30.88,1.43,6.65,35.14,88.84,26582,29.10,0.9721866204924527,0.7828011226773366,-0.9721866204924527,-0.7828011226773366
31008,4,3214,20.66,9.33,45.58,66.78,30.74,2.48,3.38,28.91,83.98,26308,97.20,1.606736341322998,1.119147760060499,2.393263658677002,2.880852239939501
31009,0,1732,18.3,7.79,39.96,71.08,27.26,1.66,0.43,25.0,93.63,25173,56.10,0.24324893346313559,0.40362754653914046,-0.24324893346313559,-0.40362754653914046
31014,0,1157,19.71,9.51,43.44,64.81,32.66,2.53,1.56,31.78,84.18,26357,56.10,0.4226275800896495,0.6275577189103394,-0.4226275800896495,-0.6275577189103394
31015,0,1699,23.96,10.89,44.62,80.93,17.85,1.23,1.02,36.09,92.63,24768,29.10,0.9473210993225827,0.7287378546707403,-0.9473210993225827,-0.7287378546707403
31016,4,1305,24.21,13.64,49.21,78.66,20.17,1.17,1.0,37.06,81.95,23747,24.70,1.1201112270484295,0.7874020472671157,2.8798887729515705,3.2125979527328843
31018,1,1591,22.25,13.07,45.01,77.07,21.83,1.1,2.64,34.53,84.79,24232,29.10,0.9705326886344761,0.7518464564315801,0.02946731136552394,0.2481535435684199
31019,1,1478,19.28,7.31,41.19,68.55,29.71,1.74,1.5,23.13,87.25,27191,56.20,0.5261566159879116,0.5595438506806224,0.47384338401208836,0.4404561493193776
31021,2,1345,23.49,11.6,48.54,72.34,25.25,2.28,0.7,29.65,86.17,24257,69.50,1.999999999902978,0.6363593493572108,9.702194603278258e-11,1.3636406506427892
31022,5,12514,19.93,10.1,43.76,48.37,43.31,8.22,10.24,39.19,71.97,29180,184.00,0.9441751392141384,4.918907984188644,4.055824860785862,0.08109201581135572
31025,0,560,23.75,14.46,51.97,71.88,27.08,1.04,0.71,44.88,90.36,24020,29.10,1.1013957437350594,0.7156242222443973,-1.1013957437350594,-0.7156242222443973
31026,0,1965,21.63,12.77,46.96,70.48,26.33,3.2,2.14,33.85,83.73,27468,50.70,1.4738827970714201,1.2346654824494279,-1.4738827970714201,-1.2346654824494279
31028,0,1191,24.85,12.51,49.72,78.02,21.7,0.27,0.18,33.82,87.5,24818,50.10,0.6695442003300602,0.6559083139309153,-0.6695442003300602,-0.6559083139309153
31033,1,1067,20.81,11.25,45.82,82.51,17.19,0.3,1.5,34.4,88.19,25627,29.10,0.9530613697577106,0.6692488186863114,0.04693863024228939,0.33075118131368864
31035,0,1460,21.85,14.25,46.74,70.33,26.95,2.72,3.05,38.44,87.88,26006,32.90,0.5674445713255896,0.8871930883507477,-0.5674445713255896,-0.8871930883507477
31036,1,1668,20.56,12.53,45.36,67.6,30.07,2.32,0.52,37.37,83.25,25189,50.70,1.3337968396278281,0.9319792346601972,-0.33379683962782813,0.06802076533980284
31037,1,4189,21.7,14.32,46.63,68.88,26.6,4.52,8.09,41.36,77.34,25015,103.00,1.731594494854586,2.0799332212947688,-0.731594494854586,-1.0799332212947688
31038,0,995,22.71,12.86,43.77,75.35,23.8,0.85,0.43,38.89,86.54,24442,24.70,1.10397409165631,0.5994241772504483,-1.10397409165631,-0.5994241772504483
31041,0,874,20.71,13.62,40.08,71.43,26.81,1.76,2.75,34.5,83.17,24031,24.70,1.052579380901074,0.680792440433116,-1.052579380901074,-0.680792440433116
31042,0,940,27.45,13.72,56.41,86.96,12.27,0.77,0.21,39.53,89.88,25244,29.10,1.117994445583074,0.574203322442152,-1.117994445583074,-0.574203322442152
31043,1,2205,20.54,12.43,47.33,58.62,38.48,2.9,1.66,33.99,89.59,24730,56.10,0.5773724196354966,0.955069215458024,0.42262758036450343,0.044930784541975965
31051,2,2441,19.09,10.16,40.65,73.6,24.64,1.68,0.38,32.1,85.54,25602,50.10,0.703918030391602,0.9468998198495966,1.296081969608398,1.0531001801504034
31052,4,2389,23.06,10.8,47.93,78.93,18.95,2.12,1.78,31.06,84.27,25914,29.10,0.9919651491816435,1.1270964727009558,3.0080348508183565,2.8729035272990444
31053,0,3349,21.59,10.51,43.69,68.96,29.06,1.92,2.56,32.01,78.68,26521,71.50,1.2936318682932324e-10,1.1326028337754135,-1.2936318682932324e-10,-1.1326028337754135
31101,1,822,21.65,8.88,39.22,71.07,28.43,0.51,1.21,30.51,85.53,25465,37.20,1.0542893374418174,0.39246028476543415,-0.05428933744181741,0.6075397152345658
31102,0,862,20.88,9.05,39.76,64.92,33.94,1.14,0.0,29.5,78.36,22449,21.00,0.5746457311900048,0.24340037152711758,-0.5746457311900048,-0.24340037152711758
31103,0,1304,23.16,8.82,40.05,69.6,28.73,1.53,0.89,31.08,81.59,24569,32.90,0.030323494423015518,0.41947937756933296,-0.030323494423015518,-0.41947937756933296
31104,2,1134,22.84,15.26,38.34,75.25,22.35,2.27,2.4,40.92,80.68,26319,21.70,0.9735682561718821,1.075269634837723,1.0264317438281179,0.9247303651622769
31105,2,3509,21.4,14.16,48.56,54.4,37.63,7.97,11.94,40.06,69.75,28291,61.10,1.9999999999173692,1.7047748723667913,8.263079109838145e-11,0.29522512763320874
31106,0,3473,23.67,13.56,46.71,60.84,32.25,6.91,13.64,41.28,73.39,26881,69.90,1.0307665831987833e-10,1.6999084436807892,-1.0307665831987833e-10,-1.6999084436807892
31107,0,1253,21.39,12.29,41.64,75.65,22.86,1.49,2.68,37.32,76.02,23517,21.70,0.6434057396868074,0.7510295915215826,-0.6434057396868074,-0.7510295915215826
31109,7,6492,20.43,12.65,45.48,44.68,44.17,10.87,22.25,43.31,65.3,28818,81.90,7.000000000126225,3.4991610962683386,-1.262252524725227e-10,3.5008389037316614
31110,1,1419,19.94,9.73,36.98,70.12,28.43,1.46,2.11,29.82,76.68,22493,21.70,0.3311978552261525,0.5074712563756439,0.6688021447738475,0.49252874362435606
31111,0,696,19.97,12.64,39.13,72.86,26.86,0.29,0.67,32.32,72.86,23283,21.70,0.4532719108944292,0.5466548005395192,-0.4532719108944292,-0.5466548005395192
31113,0,676,21.01,16.57,44.79,79.24,19.49,1.27,1.27,40.81,75.19,22821,21.70,0.8159572463203748,0.6632103679926102,-0.8159572463203748,-0.6632103679926102
31114,1,841,23.07,11.06,36.93,77.23,21.53,1.24,0.28,33.98,90.27,26084,32.90,0.2357002227793199,0.6144086444503905,0.7642997772206801,0.38559135554960955
31117,0,693,20.06,11.4,38.69,72.9,25.75,1.36,0.0,29.75,73.17,22739,21.70,0.34590187485507506,0.36757247636890655,-0.34590187485507506,-0.36757247636890655
31119,0,482,24.07,12.45,38.93,74.81,22.87,1.94,0.54,20.97,77.13,20572,21.00,0.5257713944105848,0.3375118414046874,-0.5257713944105848,-0.3375118414046874
31120,0,1134,20.99,11.64,46.08,68.98,28.92,1.78,4.61,31.32,86.27,26630,32.90,0.37792662137320754,0.7592065906662449,-0.37792662137320754,-0.7592065906662449
31121,1,863,18.77,12.05,42.55,59.96,34.44,5.39,3.39,37.76,75.31,25248,32.90,0.3941330262686069,0.6676488776558118,0.6058669737313931,0.3323511223441882
31123,1,1279,22.28,9.23,42.2,53.38,44.02,2.6,0.98,25.2,75.39,25316,37.20,0.9457106624150864,0.35461973131399216,0.05428933758491361,0.6453802686860078
31124,0,1698,21.91,11.07,42.46,68.14,28.19,3.68,2.37,33.99,78.31,26928,32.90,0.3792801159813983,0.8938978870468237,-0.3792801159813983,-0.8938978870468237
31129,0,1525,24.98,12.85,41.5,72.89,25.68,1.43,1.06,34.99,73.25,24662,24.70,1.022473687155152,0.7571154068948772,-1.022473687155152,-0.7571154068948772
31130,0,692,23.84,12.57,47.34,81.29,17.82,0.89,0.33,33.33,88.86,26556,32.90,0.35469616797363024,0.5847718593742239,-0.35469616797363024,-0.5847718593742239
31201,1,4875,18.54,12.37,42.09,47.54,42.63,9.68,23.87,33.98,83.15,35838,587.30,1.0000000007646221,2.2389724238606448,-7.646221433788014e-10,-1.2389724238606448
31202,0,1867,18.43,10.93,47.51,55.21,40.43,4.37,4.96,30.28,83.09,29162,341.80,1.410046898395242,0.8960432911937438,-1.410046898395242,-0.8960432911937438
31203,1,3316,20.42,10.77,42.56,69.4,26.44,4.16,1.95,33.29,85.8,26636,109.60,2.5677096957024226,1.191903609681485,-1.5677096957024226,-0.191903609681485
31204,0,1613,19.96,9.67,39.07,68.66,29.58,1.76,3.76,30.35,83.92,26400,98.20,2.0310508830334584e-10,0.6282917551197879,-2.0310508830334584e-10,-0.6282917551197879
31205,2,2305,17.96,9.89,43.41,73.05,22.87,4.08,3.44,30.94,88.92,29585,157.20,2.0000000000943476,1.1836362321854712,-9.43476408110655e-11,0.8163637678145288
31206,1,2411,17.88,8.25,42.76,62.82,31.25,5.84,20.69,28.49,79.06,32539,550.70,1.0000000004615934,1.1001120184985866,-4.615934301455127e-10,-0.10011201849858664
31207,3,4142,20.09,10.36,44.74,69.36,28.21,2.43,4.14,30.34,89.58,28912,278.50,3.0000000002235083,2.065424273165223,-2.2350832296069711e-10,0.934575726834777
31208,1,3843,18.61,7.88,41.6,49.85,47.17,2.91,11.0,27.72,84.3,28309,153.50,1.0000000004386145,1.0494637751915672,-4.3861447807103104e-10,-0.049463775191567194
31213,6,13805,17.63,9.34,44.82,43.62,40.42,14.14,24.17,42.66,65.49,31026,543.40,6.000000000296954,5.479592587172051,-2.9695357284253987e-10,0.5204074128279492
31214,6,8194,19.89,13.42,46.36,56.27,34.72,8.89,23.73,36.55,77.9,35495,506.40,6.000000000533291,4.209282705083876,-5.332907448973856e-10,1.7907172949161243
31215,0,1147,21.45,9.33,46.3,64.42,33.61,1.98,0.0,28.2,83.86,27793,163.10,-0.0548271961652258,0.5931466065979266,0.0548271961652258,-0.5931466065979266
31216,6,5265,20.78,9.99,44.27,65.22,30.4,4.34,9.75,32.16,85.53,31457,514.40,6.000000000565887,3.149114465529941,-5.658868929003802e-10,2.850885534470059
31224,0,1371,19.62,9.99,38.13,74.85,24.1,1.05,0.18,25.32,86.14,26008,79.70,8.940936879753281e-11,0.5501041449564151,-8.940936879753281e-11,-0.5501041449564151
31226,1,3985,20.03,9.36,43.41,68.96,26.71,4.16,1.63,26.5,88.12,28735,172.50,1.0000000003060858,1.4642907326365768,-3.0608582335389656e-10,-0.46429073263657683
31227,4,2644,17.21,7.94,44.24,51.55,39.62,8.71,11.02,34.57,75.66,29906,402.00,1.5853264080015563,0.9578862936287085,2.4146735919984437,3.0421137063712917
31228,0,1065,22.35,7.98,38.46,65.43,32.42,2.15,4.23,30.96,87.7,26290,70.60,0.36625272650060126,0.4493413547989953,-0.36625272650060126,-0.4493413547989953
31229,1,1388,18.01,9.15,43.96,58.76,35.81,5.43,12.07,32.31,78.91,27935,454.90,1.3633178381036295,0.8588723104184874,-0.3633178381036295,0.14112768958151256
31230,11,17210,18.7,10.63,46.0,46.44,41.25,11.91,20.51,41.7,70.06,29519,316.90,2.999776678107162,8.709520629135906,8.000223321892838,2.2904793708640945
31234,0,1509,19.68,9.68,43.39,69.23,27.57,3.2,0.32,26.75,86.98,28252,163.10,0.05482719537897296,0.7097634675155697,-0.05482719537897296,-0.7097634675155697
31235,9,12158,18.0,10.33,44.37,54.84,37.47,7.65,18.51,31.58,87.06,30993,655.20,2.4660845707119865,3.8412062504369273,6.5339154292880135,5.158793749563072
31301,3,615,23.58,14.47,49.47,58.42,36.32,5.26,0.35,34.49,70.26,28709,82.30,1.615718303484842,1.0774074192529128,1.384281696515158,1.9225925807470872
31302,0,989,21.94,10.41,37.46,43.78,51.24,4.98,2.23,27.97,69.29,21711,18.60,-0.06312972402617589,0.2699941258813997,0.06312972402617589,-0.2699941258813997
31303,0,1309,22.0,10.16,47.16,58.63,39.09,2.28,3.84,26.87,77.52,24967,71.30,1.1975220172158494,0.3922833764705882,-1.1975220172158494,-0.3922833764705882
31304,0,816,24.26,14.34,46.19,22.2,67.94,9.87,8.31,34.79,54.04,26544,252.80,4.111354801023049,0.5277339199421973,-4.111354801023049,-0.5277339199421973
31308,0,3308,20.68,8.01,46.31,58.55,38.13,3.32,4.57,29.85,72.46,26730,89.60,1.6826362525534933e-10,0.805601528241699,-1.6826362525534933e-10,-0.805601528241699
31309,3,3003,20.48,10.06,44.23,45.5,48.53,5.89,20.09,34.3,74.71,29219,144.80,1.6213124556087788,1.4918513366082937,1.3786875443912212,1.5081486633917063
31310,0,2132,23.17,9.94,45.16,60.8,35.72,3.47,4.69,24.89,74.27,25702,90.60,2.2009238875853043e-10,0.67174078148528,-2.2009238875853043e-10,-0.67174078148528
31311,0,3848,20.01,10.81,43.26,53.2,38.89,7.92,6.05,35.22,72.08,24131,74.50,0.21984705325275655,1.3727325145178308,-0.21984705325275655,-1.3727325145178308
31315,1,1975,21.27,11.24,46.29,52.73,40.49,6.77,9.19,37.71,73.44,27655,111.80,0.7307381998057476,1.0331031418476218,0.2692618001942524,-0.03310314184762175
31319,0,1225,17.96,7.76,31.52,61.24,36.63,2.13,2.75,29.75,78.1,20106,43.70,0.031222365426044618,0.14768060870342592,-0.031222365426044618,-0.14768060870342592
31321,0,722,25.62,15.24,43.98,76.23,21.6,2.18,1.53,37.73,80.76,24550,43.70,0.7196449491436301,0.6124596186740632,-0.7196449491436301,-0.6124596186740632
31322,6,7477,19.1,11.93,42.92,54.63,38.33,7.04,10.12,35.13,70.51,25568,80.90,1.7934208235120161,2.485525198133863,4.206579176487984,3.514474801866137
31323,0,1393,21.75,9.76,40.38,57.23,36.75,6.02,2.79,26.91,73.04,24209,74.50,-0.21984705307627728,0.3991059319113832,0.21984705307627728,-0.3991059319113832
31324,0,2028,20.12,10.06,36.81,68.53,27.89,3.58,0.12,32.1,75.58,20070,34.30,-0.10190475716053271,0.4712557767984358,0.10190475716053271,-0.4712557767984358
31326,0,888,20.83,11.71,34.96,53.73,42.16,4.11,1.43,29.83,74.29,21675,40.40,-4.092193250926357e-11,0.3013382183589326,4.092193250926357e-11,-0.3013382183589326
31327,2,3375,21.6,14.49,46.97,36.05,51.24,12.53,31.6,40.87,62.49,29100,144.80,2.1398797428067695,2.408431022609234,-0.1398797428067695,-0.4084310226092338
31330,1,1225,23.51,12.57,39.67,58.79,37.17,4.04,2.64,32.52,74.03,23687,71.30,1.2812395771682041,0.62887787787737,-0.28123957716820414,0.37112212212262996
31333,3,2714,21.33,10.21,44.06,55.09,40.85,3.97,8.59,32.36,73.67,25703,121.90,3.0000000001212843,0.9866954226803321,-1.212843159237309e-10,2.013304577319668
31336,0,1573,20.92,9.41,40.41,54.73,41.29,3.98,3.98,34.85,72.14,24578,34.30,0.101904757594097,0.5162153216569894,-0.101904757594097,-0.5162153216569894
31337,1,2107,16.99,9.73,38.62,55.92,41.38,2.71,10.34,27.22,63.02,27345,144.30,1.1663867726357768,0.6907860695951774,-0.16638677263577684,0.3092139304048226
31338,2,1046,21.51,15.2,44.16,54.31,38.84,6.85,2.83,34.13,73.46,28055,71.30,1.7187604217302193,0.9884542691381698,0.28123957826978074,1.01154573086183
31340,0,1118,21.82,10.11,38.04,72.87,23.76,3.37,1.83,29.0,80.74,21377,43.70,0.2505393131537996,0.3781739557476729,-0.2505393131537996,-0.3781739557476729
31343,0,1917,20.71,12.83,46.52,44.2,50.11,5.68,9.68,38.08,65.23,27472,101.90,0.535040733426074,0.9877289528916168,-0.535040733426074,-0.9877289528916168
31344,1,1526,22.02,14.22,44.76,34.96,53.44,11.46,5.92,34.66,60.17,26185,101.90,0.4649592662291173,0.7524661383561363,0.5350407337708827,0.2475338616438637
31346,0,1764,19.1,10.37,41.65,48.64,49.38,1.98,3.29,29.23,81.44,25716,111.80,0.26926180005814615,0.500300548060624,-0.26926180005814615,-0.500300548060624
31347,0,883,22.08,10.65,44.81,57.27,36.8,5.93,13.39,25.68,79.23,30585,127.00,5.595079954900939e-10,0.7901137834178706,-5.595079954900939e-10,-0.7901137834178706
31350,0,1218,21.26,12.07,36.49,62.96,33.33,3.7,0.65,27.65,70.37,20352,18.60,-3.206732657190514e-10,0.26179874684386906,3.206732657190514e-10,-0.26179874684386906
31351,1,1359,24.36,13.17,44.04,32.98,61.09,5.93,8.14,33.44,60.64,24959,230.60,1.000000000302693,0.5710670929623066,-3.026929817906421e-10,0.4289329070376934
31355,0,1836,23.31,13.56,44.88,63.33,32.85,3.73,1.04,38.2,81.16,25811,74.60,1.3959389105723101,1.0032629110858018,-1.3959389105723101,-1.0032629110858018
31356,2,1034,19.73,7.35,38.06,54.46,40.35,5.2,8.38,20.16,87.38,26160,85.40,2.0000000004657608,0.422471150722028,-4.657607632907457e-10,1.577528849277972
31401,0,479,23.8,15.66,40.0,36.13,56.64,7.23,1.78,42.98,68.3,24508,47.00,1.179651612699594,0.6275404821395953,-1.179651612699594,-0.6275404821395953
31402,1,1286,18.12,10.58,44.48,34.86,56.78,8.35,6.4,30.75,81.42,24217,78.00,1.3150933003612124,0.3253100874285795,-0.3150933003612124,0.6746899125714205
31403,0,3755,20.11,13.72,45.79,44.29,47.53,8.09,10.56,39.85,62.61,25352,112.20,-2.958184808221631e-10,1.4559561836086534,2.958184808221631e-10,-1.4559561836086534
31404,3,1396,20.13,15.9,52.55,57.83,35.14,7.03,4.56,42.58,71.3,25475,63.30,1.4566350973617013,1.158209043070657,1.5433649026382987,1.841790956929343
31405,1,1073,21.53,9.6,48.08,63.16,32.55,4.29,0.68,33.85,79.53,26061,112.20,-0.49008134550535765,0.6729014703992063,1.4900813455053576,0.32709852960079366
31406,3,854,20.61,11.36,41.35,47.58,45.89,6.52,4.03,35.33,71.26,24337,66.50,1.6175980259465152,0.6076547317750866,1.3824019740534848,2.3923452682249136
31407,0,2618,20.7,11.34,42.05,37.65,48.53,13.38,13.54,43.05,59.3,29083,93.40,4.143227982922326e-10,1.3662828013265575,-4.143227982922326e-10,-1.3662828013265575
31408,0,472,22.03,17.16,45.16,49.57,44.35,6.09,4.0,41.23,66.67,29141,47.00,1.5570276406342618,0.8012778820085169,-1.5570276406342618,-0.8012778820085169
31409,0,802,17.58,13.09,46.09,52.15,41.67,6.18,6.91,36.61,71.51,22863,66.50,1.730852229972605,0.4956813124724466,-1.730852229972605,-0.4956813124724466
31410,0,1531,20.38,9.01,43.76,60.67,31.26,8.07,13.89,33.54,78.32,26055,107.90,0.5786816918478923,0.6689951257992349,-0.5786816918478923,-0.6689951257992349
31411,1,1791,22.33,17.48,51.0,51.51,40.64,7.85,3.31,43.05,61.07,24400,63.30,1.415609674183914,0.9850613213759858,-0.4156096741839139,0.014938678624014212
31412,4,3848,19.96,10.03,44.03,55.81,39.59,4.6,8.61,32.93,71.18,25235,93.30,3.9999999999246736,1.3056202998310324,7.532641177476762e-11,2.6943797001689678
31413,2,3385,19.76,11.23,46.9,47.14,39.53,12.65,13.96,43.09,54.42,25643,78.00,1.9999999997187565,1.2035759875611065,2.8124347295488406e-10,0.7964240124388935
31414,4,1845,22.82,14.58,45.34,56.99,37.82,5.19,5.06,33.33,68.01,25691,47.00,1.2633207471719832,0.9451853906379692,2.736679252828017,3.0548146093620305
31502,1,1263,17.18,8.79,33.33,48.62,50.11,1.27,0.96,18.9,82.59,21462,42.60,0.20073873840008183,0.16760927087457822,0.7992612615999182,0.8323907291254218
31503,1,1901,17.78,8.78,36.76,33.03,61.86,5.11,1.17,22.73,64.41,23970,70.60,0.05139954095247923,0.19073408624698285,0.9486004590475208,0.8092659137530172
31504,0,1196,19.9,9.53,43.22,52.04,45.56,2.4,4.07,31.17,65.95,24950,45.50,-0.08593074024095948,0.451052102638847,0.08593074024095948,-0.451052102638847
31505,0,2795,17.96,7.73,39.19,42.7,51.78,5.41,9.51,30.97,66.49,26552,65.40,0.17214482531363373,0.4138755752253829,-0.17214482531363373,-0.4138755752253829
31506,0,547,19.74,6.58,34.57,47.27,48.64,4.09,2.04,24.75,63.64,19847,42.60,0.06061505828044389,0.10721984128691742,-0.06061505828044389,-0.10721984128691742
31507,2,2408,21.22,8.35,39.5,56.44,39.32,4.23,3.85,27.83,77.05,24599,57.90,0.30270982021121107,0.3981512454304763,1.697290179788789,1.6018487545695237
31508,1,1119,18.23,10.19,38.78,49.87,44.83,5.04,4.29,28.69,67.11,24512,58.60,0.6815287928680949,0.32239149799536393,0.31847120713190513,0.6776085020046361
31509,1,1475,18.92,9.9,47.33,59.48,31.15,9.37,9.52,38.84,69.79,24104,58.60,1.0548972098137153,0.9897820576756347,-0.054897209813715264,0.010217942324365348
31511,0,1714,21.18,8.87,43.7,50.36,44.21,5.44,1.6,26.02,69.38,25710,52.00,0.31072136790726823,0.31572619677869485,-0.31072136790726823,-0.31572619677869485
31513,0,2011,16.21,7.26,36.74,43.34,53.39,3.26,3.9,21.94,76.11,24461,48.50,0.23286048148114524,0.20492977325071204,-0.23286048148114524,-0.20492977325071204
31514,0,2595,20.27,8.67,41.6,45.01,50.2,4.79,3.84,31.45,67.92,25050,45.50,2.077804595046473e-10,0.3855682545808432,-2.077804595046473e-10,-0.3855682545808432
31515,0,1114,19.12,8.17,37.11,32.1,64.77,3.13,1.91,28.23,59.66,22002,34.60,-0.13266622698970032,0.12392299739568302,0.13266622698970032,-0.12392299739568302
31516,0,1053,20.04,11.11,42.33,46.63,46.63,6.73,6.02,39.96,62.84,26598,63.30,1.1277552291466773,0.7109983976247036,-1.1277552291466773,-0.7109983976247036
31517,5,1724,18.97,7.89,42.3,51.02,43.54,5.44,9.5,30.65,72.96,27783,58.60,0.9000445941382846,0.48999316398067383,4.099955405861715,4.510006836019326
31519,0,1321,21.57,9.08,42.03,50.96,42.69,6.35,3.04,38.66,63.08,25216,40.90,0.09838722569304714,0.4774898232172249,-0.09838722569304714,-0.4774898232172249
31520,3,3872,20.17,8.39,43.95,54.7,38.52,6.79,3.68,35.84,66.22,26557,83.60,3.0000000001538627,1.3211224506756325,-1.538627003583315e-10,1.6788775493243675
31521,0,3346,17.78,10.94,36.41,42.4,52.97,4.63,7.89,31.58,69.79,23382,67.70,-1.3305800905527576e-10,0.6484113763318194,1.3305800905527576e-10,-0.6484113763318194
31522,2,1690,19.59,9.47,42.8,47.41,45.98,6.61,2.7,31.9,68.39,25761,48.70,2.000000000075725,0.5719060686963033,-7.572520388521298e-11,1.4280939313036967
31523,0,953,20.36,6.93,35.82,47.01,47.29,5.41,1.59,30.89,68.38,24193,42.60,0.503060625106146,0.19854467315818858,-0.503060625106146,-0.19854467315818858
31524,3,5725,19.39,11.6,44.11,36.86,47.76,15.02,16.81,41.35,59.07,29904,116.90,3.000000000247507,2.5313436445248154,-2.475069038609945e-10,0.4686563554751846
31525,0,1610,20.75,9.25,36.51,48.76,46.62,4.61,3.09,28.28,59.14,22071,42.60,0.4396150909614658,0.2572662900768057,-0.4396150909614658,-0.2572662900768057
31527,1,2168,18.04,8.16,43.14,48.16,48.29,3.41,4.19,33.44,62.07,27232,58.60,0.8410251456555091,0.538613396991934,0.15897485434449088,0.461386603008066
31528,0,1017,18.39,6.59,41.79,38.6,55.93,5.47,4.27,31.16,57.14,22373,52.00,0.032176182404343834,0.1003986406606161,-0.032176182404343834,-0.1003986406606161
31530,1,2152,21.33,8.83,45.18,53.49,42.5,4.01,13.02,37.9,69.07,27212,62.10,0.6902573626892821,0.7497714000647839,0.30974263731071794,0.25022859993521607
31531,0,1597,17.6,9.2,38.56,42.8,49.9,7.3,9.44,34.44,61.14,26965,70.60,0.5823477318782562,0.4582259714353837,-0.5823477318782562,-0.4582259714353837
31533,2,3969,18.64,13.0,43.3,29.67,57.04,13.05,10.88,37.53,57.6,25922,58.60,1.3645228656871051,1.356850325939641,0.6354771343128949,0.6431496740603591
31534,0,2384,21.43,12.16,41.95,57.53,39.0,3.47,1.78,33.19,68.53,23119,42.60,0.8014246088337007,0.8018685701195939,-0.8014246088337007,-0.8018685701195939
31535,0,1010,21.68,7.92,34.35,57.21,39.66,3.13,0.78,27.91,68.99,20371,42.60,0.23610720071615,0.12312517210114815,-0.23610720071615,-0.12312517210114815
31537,0,2332,18.05,9.01,37.3,34.62,59.86,5.52,12.26,26.98,68.0,23496,47.40,0.5800269349708191,0.37775234747072906,-0.5800269349708191,-0.37775234747072906
31539,2,3109,18.88,9.33,40.27,41.97,53.85,4.09,9.33,27.76,70.19,23665,60.00,1.9999999999763336,0.5586792718960064,2.3666402171329537e-11,1.4413207281039937
31540,0,1634,22.03,7.83,42.86,46.94,48.56,4.5,2.78,21.24,68.35,26049,58.60,0.4901443394100369,0.28359786876986814,-0.4901443394100369,-0.28359786876986814
31541,0,1140,18.07,8.16,29.03,44.34,51.99,3.67,1.4,22.19,64.83,19355,42.60,0.06398963139698743,0.13427796752228582,-0.06398963139698743,-0.13427796752228582
31542,1,939,24.71,10.65,43.17,54.62,39.14,6.02,11.61,39.87,70.75,27067,57.90,0.721410540711231,0.7311392016544264,0.278589459288769,0.26886079834557364
31543,1,1082,19.13,6.56,35.83,54.88,44.67,0.45,1.49,22.52,81.63,26193,44.40,0.6917498781541696,0.28578105985725943,0.30825012184583045,0.7142189401427406
31546,2,1092,21.15,9.71,39.01,47.17,46.71,6.12,3.22,28.67,65.53,23117,42.60,0.5367866174262641,0.35019899955320477,1.463213382573736,1.6498010004467951
31549,1,5648,18.84,11.61,41.78,33.74,54.56,11.32,9.13,36.22,61.67,27674,58.60,1.477446062094435,1.6691646047072672,-0.47744606209443496,-0.6691646047072672
31550,2,1198,19.12,10.77,39.89,46.06,49.49,4.44,0.42,26.0,76.16,23479,58.60,0.5340387707167089,0.3033249434442815,1.465961229283291,1.6966750565557185
31551,0,1669,17.86,8.93,36.97,29.72,65.42,4.86,5.63,26.61,63.55,21922,34.60,-6.771649907477695e-11,0.17758888279636587,6.771649907477695e-11,-0.17758888279636587
31552,0,2003,19.67,11.08,36.2,51.46,45.37,3.17,1.2,29.71,62.83,23282,33.30,-8.909672999379836e-11,0.4432825316526213,8.909672999379836e-11,-0.4432825316526213
31553,4,1776,20.89,9.63,41.26,56.6,39.15,4.26,6.47,26.04,73.05,27785,97.00,4.0000000003568115,0.7845938870401535,-3.568114692598101e-10,3.2154061129598466
31601,0,758,25.86,11.35,50.42,88.12,11.68,0.2,0.0,30.55,92.08,25013,41.20,0.08411275428573539,0.483418378295159,-0.08411275428573539,-0.483418378295159
31603,1,1936,19.21,9.92,40.53,75.59,22.86,1.54,0.25,30.39,88.16,26089,57.70,0.9721377657496486,0.8375570169541777,0.027862234250351392,0.16244298304582228
31604,2,1585,27.63,13.06,52.74,84.55,14.76,0.69,0.0,40.23,91.07,27846,41.20,0.5051834111923235,0.9263086557154584,1.4948165888076765,1.0736913442845415
31605,2,1288,24.84,12.5,50.53,72.57,24.83,2.61,3.12,33.04,86.42,29198,175.70,1.662394900518323,0.9631019668852778,0.33760509948167705,1.0368980331147222
31606,1,1117,22.11,14.15,43.91,86.15,13.09,0.76,0.0,35.44,88.82,25809,25.20,0.6465155169139187,0.743024120636731,0.35348448308608127,0.25697587936326904
31608,0,559,22.36,12.88,48.17,65.26,31.49,3.25,2.97,30.08,85.06,28821,25.20,0.6178673080465646,0.7575354573110621,-0.6178673080465646,-0.7575354573110621
31609,0,794,21.41,12.22,45.93,76.22,22.72,1.06,0.87,27.91,87.9,24176,20.40,0.19586061881934214,0.4557072633998379,-0.19586061881934214,-0.4557072633998379
31611,0,934,20.77,6.0,39.42,73.25,25.44,1.32,0.27,25.53,88.82,25451,20.40,-0.06542112921809284,0.29274503451409095,0.06542112921809284,-0.29274503451409095
31612,1,4124,20.17,9.65,45.6,70.35,24.97,4.67,5.39,33.21,87.29,28308,132.60,1.0000000001615046,1.7695266039176323,-1.6150458748143137e-10,-0.7695266039176323
31613,0,1162,23.24,11.7,49.73,69.9,28.85,1.25,1.16,28.63,82.94,25472,20.40,0.24211820504668147,0.598276474366082,-0.24211820504668147,-0.598276474366082
31614,3,2316,22.75,11.74,50.86,71.75,25.54,2.71,5.75,33.77,90.56,29493,175.70,1.7956137303638222,1.5527996045565602,1.2043862696361778,1.4472003954434398
31615,0,1549,20.66,8.84,39.25,71.67,27.3,1.03,0.31,30.27,90.04,25231,175.70,1.2043862695631642,0.37302685918261735,-1.2043862695631642,-0.37302685918261735
31616,0,1066,25.52,10.6,48.54,87.67,11.63,0.69,1.85,36.07,92.38,24309,13.60,1.042419484065249e-10,0.6060382772982652,-1.042419484065249e-10,-0.6060382772982652
31617,1,1691,21.23,9.58,45.53,80.54,19.06,0.4,1.41,35.55,94.11,26755,41.20,0.2631248115787983,0.7448600632621888,0.7368751884212017,0.2551399367378112
31620,0,898,24.05,10.47,52.83,81.59,17.32,0.94,2.32,38.89,94.54,27631,41.20,0.3965994670465154,0.6700979423462117,-0.3965994670465154,-0.6700979423462117
31621,2,926,23.33,11.66,42.16,75.85,22.79,1.36,0.25,30.0,86.05,25466,21.10,2.000000000176785,0.5756640071236482,-1.7678480901395233e-10,1.424335992876352
31622,0,1091,23.19,10.72,50.99,66.2,33.18,0.62,2.17,30.18,92.06,27939,156.00,0.29099378804383313,0.686713035581648,-0.29099378804383313,-0.686713035581648
31627,1,1467,23.18,11.52,47.58,75.49,22.18,2.33,1.03,33.63,87.99,28990,148.20,1.128521094806505,1.0317297643009862,-0.12852109480650498,-0.031729764300986174
31628,1,1696,21.64,9.85,47.66,72.57,26.27,1.16,1.61,31.96,88.43,28388,148.20,1.00000000024718,0.960397365624549,-2.4718005420254485e-10,0.039602634375450974
31629,4,6280,20.14,11.69,42.24,47.54,46.77,5.66,10.82,38.52,83.41,26492,65.00,1.0068946903652858,2.208641212425288,2.993105309634714,1.791358787574712
31630,4,2321,20.12,10.04,45.48,60.09,38.65,1.26,1.39,29.92,89.95,26645,82.50,1.8972418396039261,1.0251938201823882,2.102758160396074,2.9748061798176115
31633,12,12044,20.67,10.92,44.42,63.91,28.99,7.0,14.79,41.11,80.6,29328,142.30,12.00000000027477,7.630591615698652,-2.7477042863210954e-10,4.369408384301348
31634,1,1348,22.03,7.72,42.17,70.15,29.15,0.7,0.34,32.83,85.22,25713,25.20,0.25324165424066614,0.5499131076148339,0.7467583457593339,0.4500868923851661
31636,1,927,21.57,7.77,45.91,71.74,26.45,1.6,0.25,28.86,87.98,26571,53.60,1.3381156650865424,0.3884588648429974,-0.33811566508654245,0.6115411351570026
31642,1,1249,22.58,8.49,44.65,67.56,29.41,3.03,5.58,29.89,82.69,29318,338.40,1.0000000006062528,0.5707290041773039,-6.062528257189115e-10,0.4292709958226961
31644,3,5600,21.34,12.02,44.01,73.32,24.19,2.42,2.83,33.29,83.62,25696,31.70,2.9999999999124984,2.3014093925044765,8.750156155201694e-11,0.6985906074955235
31645,1,1061,26.11,13.57,52.75,88.96,9.83,1.21,0.39,39.73,94.55,28976,41.20,0.6034005340068394,0.9495713574213079,0.39659946599316065,0.05042864257869206
31646,1,842,24.7,12.59,45.63,72.84,26.06,1.1,0.53,33.07,84.95,24314,18.10,0.7924776814472416,0.6089107039253826,0.20752231855275838,0.3910892960746174
31649,0,1923,24.86,10.35,46.69,84.45,15.18,0.37,0.94,31.54,88.45,25446,20.40,0.31894680734641234,0.7839826289616479,-0.31894680734641234,-0.7839826289616479
31650,0,1535,22.74,9.64,42.65,74.02,24.97,1.01,0.3,29.93,92.5,24130,20.40,0.13729095311948036,0.5422101466532041,-0.13729095311948036,-0.5422101466532041
31651,1,2653,19.71,11.87,46.22,67.01,30.31,2.67,4.42,35.51,89.52,29658,156.00,0.7090062116300757,1.629630220982544,0.2909937883699243,-0.629630220982544
31652,1,560,20.18,11.96,39.75,71.43,27.87,0.7,0.0,31.82,90.24,24007,20.40,0.17120455845310723,0.5094452233189506,0.8287954415468928,0.4905547766810494
31653,0,1526,21.82,9.57,37.56,68.58,30.6,0.82,1.25,31.15,85.35,23614,25.20,0.19018088998245908,0.4948032344617377,-0.19018088998245908,-0.4948032344617377
31654,1,2087,22.33,9.39,46.55,75.69,23.57,0.74,3.46,30.74,87.85,28529,97.70,1.0000000003571596,0.9784941461045628,-3.5715963520033256e-10,0.021505853895437244
31655,6,7544,19.41,10.78,42.75,52.18,39.37,8.18,19.07,37.65,76.61,30878,338.40,1.9804974990190605,3.3366430506063556,4.0195025009809395,2.6633569493936444
31658,0,529,25.9,11.34,38.82,72.26,26.03,1.71,2.71,31.98,90.07,24670,25.20,0.2921946309125705,0.48010748410069426,-0.2921946309125705,-0.48010748410069426
31701,1,1727,15.81,6.31,42.43,25.0,64.96,9.47,20.22,35.89,69.89,27776,439.00,0.19624477758929082,0.6629079565703635,0.8037552224107092,0.3370920434296365
31702,8,3137,21.33,12.69,48.28,30.06,54.22,14.87,38.21,38.17,72.15,37030,657.60,3.318840220337213,3.270678742467453,4.681159779662787,4.729321257532547
31703,5,5998,20.11,16.62,47.83,59.22,35.51,4.99,12.05,33.7,88.88,35220,495.90,3.051248772694258,3.6537351825361535,1.948751227305742,1.3462648174638465
31704,7,12310,15.89,10.56,41.51,35.1,44.19,20.28,31.43,37.35,68.58,33797,794.50,7.000000000419299,5.214818375906828,-4.192992619778124e-10,1.7851816240931724
31706,1,1595,22.07,11.16,44.56,64.79,31.41,3.8,16.5,27.4,81.13,36219,436.80,1.0000000009737189,1.3167422882399757,-9.737188833014443e-10,-0.31674228823997574
31707,3,2433,15.74,11.02,36.2,34.35,36.61,29.04,39.14,26.5,77.29,40064,867.20,2.1810297526006543,1.9730771717604334,0.8189702473993457,1.0269228282395666
31709,1,4022,17.03,10.09,41.7,25.68,59.81,14.27,29.8,38.78,64.67,31940,601.00,2.79141363736996,1.8664013282902099,-1.7914136373699598,-0.8664013282902099
31710,5,9450,18.77,10.98,47.17,50.02,37.84,12.07,24.47,39.2,67.48,31440,601.00,3.208586363548294,4.22745778028929,1.791413636451706,0.7725422197107097
31711,0,1526,22.94,12.12,48.04,48.41,43.81,7.46,21.33,35.5,80.79,32047,657.60,2.5612619336259677,1.1900878778107438,-2.5612619336259677,-1.1900878778107438
31712,1,3895,17.41,13.48,42.07,41.84,44.92,13.11,26.73,33.86,75.67,39439,867.20,2.0403812066785054,1.9871685491478464,-1.0403812066785054,-0.9871685491478464
31713,1,3299,17.82,10.73,43.11,47.92,38.19,13.29,25.28,37.01,76.69,33476,348.60,1.277236656695509,1.7715467947768917,-0.2772366566955089,-0.7715467947768917
31714,1,1093,22.87,16.47,45.51,46.81,48.51,4.68,25.41,32.78,87.23,40452,495.90,2.9487512243961795,1.508945077474094,-1.9487512243961795,-0.508945077474094
31715,1,3091,18.57,14.53,44.33,33.6,50.68,15.5,29.96,37.64,72.74,36008,657.60,3.2113132007407117,2.213832573020764,-2.2113132007407117,-1.2138325730207642
31716,3,8802,15.27,16.19,42.85,42.65,37.63,19.37,34.69,39.54,73.58,37569,867.20,2.7785890366486647,3.889691954461033,0.22141096335133525,-0.8896919544610329
31717,7,20662,17.36,12.79,42.47,27.45,45.42,25.98,30.27,45.77,56.58,33721,773.20,7.0000000003879155,8.323961363387134,-3.879154775177085e-10,-1.3239613633871343
31718,0,3242,17.83,9.1,44.21,57.84,37.98,4.18,26.81,33.66,84.38,34356,439.00,0.8037552234268954,1.4224466160768248,-0.8037552234268954,-1.4224466160768248
31719,6,14960,17.75,15.24,42.83,34.29,48.09,17.28,23.37,37.13,75.05,36451,890.60,6.000000000575376,6.857960864141359,-5.753761911364563e-10,-0.8579608641413587
31723,3,7706,16.04,8.76,44.55,30.49,49.66,19.28,31.04,40.89,68.41,28952,657.60,3.1246730851185207,2.9957075514175364,-0.12467308511852071,0.004292448582463582
31725,4,9647,18.25,12.58,46.65,41.7,41.75,14.14,42.24,41.86,64.5,30841,657.60,3.783911559882341,4.200310023642203,0.21608844011765882,-0.20031002364220285
31726,1,2930,19.83,10.03,44.15,59.2,33.07,7.57,16.21,30.76,81.59,30185,348.60,0.7227633432825034,1.6980677991457478,0.27723665671749664,-0.6980677991457478
31801,0,357,22.13,6.44,41.67,36.91,57.05,6.04,0.0,29.45,80.54,27177,58.30,-0.1150900073060459,0.16233382016885445,0.1150900073060459,-0.16233382016885445
31802,1,1804,21.23,11.36,41.19,33.98,54.61,11.42,7.25,45.0,59.83,29920,68.90,0.7991783210479717,0.874345080863558,0.2008216789520283,0.125654919136442
31803,0,1850,22.38,10.65,39.58,53.28,42.83,3.89,4.37,31.23,61.4,25097,68.90,0.17295364556823323,0.5738350663231565,-0.17295364556823323,-0.5738350663231565
31804,0,1558,17.52,8.22,41.42,60.36,34.91,4.73,8.45,32.96,77.81,25407,101.00,0.49125692091628714,0.4083385136220681,-0.49125692091628714,-0.4083385136220681
31805,0,272,22.79,15.44,55.17,35.76,49.05,15.19,6.11,36.64,80.7,22777,86.40,0.3738389099322017,0.46661759760951016,-0.3738389099322017,-0.46661759760951016
31806,0,354,18.08,14.12,50.48,72.78,23.89,3.33,2.07,26.21,87.22,29773,89.10,1.632531311183513,0.8083214713999688,-1.632531311183513,-0.8083214713999688
31807,0,905,22.65,10.83,44.08,43.17,50.62,6.21,6.67,39.95,49.69,26099,68.90,0.321061332325387,0.5915003216490731,-0.321061332325387,-0.5915003216490731
31808,1,1942,19.98,11.38,46.59,49.24,47.72,3.04,4.99,31.32,73.04,28207,96.40,1.5474185631682449,0.8237749187202079,-0.5474185631682449,0.17622508127979208
31809,0,1029,20.99,12.15,41.39,49.49,46.83,3.68,1.89,30.35,66.26,23127,58.30,-0.029486616038452595,0.4312145253796703,0.029486616038452595,-0.4312145253796703
31810,4,5834,20.64,13.87,48.13,46.24,40.31,13.26,10.54,43.3,63.43,26141,89.10,2.206039067662333,2.5332114272868576,1.7939609323376668,1.4667885727131424
31811,1,2322,20.24,11.02,49.63,58.75,37.2,3.94,3.08,38.08,73.41,26196,96.40,1.637820409296725,1.1128441210224391,-0.637820409296725,-0.11284412102243913
31812,0,1335,20.22,11.91,45.03,49.04,44.83,5.75,8.36,41.9,60.34,29922,79.40,2.268958354534334e-10,0.9956716506307249,-2.268958354534334e-10,-0.9956716506307249
31813,1,1636,20.97,12.1,49.32,50.13,43.58,6.28,3.97,39.7,70.59,26399,85.70,0.9199540313011862,0.869543710991634,0.08004596869881375,0.13045628900836603
31814,1,2519,19.09,12.23,38.05,53.52,41.03,5.35,2.47,33.97,67.14,25479,79.40,-0.34950901802554846,0.7547341453418122,1.3495090180255485,0.24526585465818784
31815,0,622,22.67,12.38,46.59,60.52,31.95,7.53,3.98,34.92,74.29,23555,58.30,0.24380126892621057,0.6573993598268655,-0.24380126892621057,-0.6573993598268655
31817,1,1742,21.7,9.53,44.77,66.33,29.24,4.28,9.16,31.34,84.59,28415,118.20,0.6440711499279939,0.9977776148110009,0.35592885007200614,0.0022223851889990875
31818,4,12940,17.33,9.8,41.31,44.06,40.55,14.95,12.65,41.06,63.59,27091,178.70,3.999999999968189,3.805088822126195,3.1810998279979685e-11,0.19491117787380485
31820,0,537,21.42,7.82,36.25,52.56,42.31,5.13,4.13,28.44,68.38,24440,53.00,-0.28605538163442823,0.15495362807980828,0.28605538163442823,-0.15495362807980828
31821,1,2103,22.87,12.98,50.53,44.98,45.56,9.46,10.95,45.46,68.24,27051,86.40,0.6758003394083492,1.2295304349519316,0.32419966059165084,-0.2295304349519316
31823,1,2967,19.14,10.92,45.42,60.37,33.75,5.88,8.1,39.25,77.65,28372,101.00,0.988077788587356,1.5061386395947078,0.011922211412644046,-0.5061386395947078
31825,1,435,22.76,9.89,40.32,59.09,34.85,6.06,0.55,37.91,71.97,24026,89.10,1.1864475662646026,0.471781883211425,-0.18644756626460257,0.528218116788575
31826,1,2701,21.73,15.99,47.94,47.78,45.42,6.73,4.95,42.07,67.62,26866,85.70,1.214366273723087,1.3329477803134622,-0.21436627372308692,-0.33294778031346217
31827,0,323,21.36,9.6,49.45,54.44,42.22,3.33,1.42,43.66,78.33,22762,53.00,-0.028442361243447678,0.5026339043331037,0.028442361243447678,-0.5026339043331037
31829,0,2473,22.81,18.12,50.72,52.6,38.61,8.79,12.88,45.51,70.44,27727,95.40,-2.87824875044862e-10,1.2494577091879056,2.87824875044862e-10,-1.2494577091879056
31830,0,396,16.92,11.87,41.74,40.84,49.21,9.95,2.27,21.05,82.2,22041,58.30,-0.0992246466314981,0.08303830645180788,0.0992246466314981,-0.08303830645180788
31831,2,2308,16.98,8.23,40.67,60.52,35.28,4.21,5.58,31.3,79.94,27506,118.50,0.6200785877950903,0.829157306124579,1.3799214122049097,1.170842693875421
31832,0,1956,20.76,11.91,39.39,58.63,37.63,3.75,4.58,24.79,83.38,26234,62.70,1.8529711098835833e-10,0.6397086123112973,-1.8529711098835833e-10,-0.6397086123112973
31833,0,669,18.54,8.97,53.3,32.73,49.28,17.63,15.71,44.44,57.19,24786,53.00,0.4881298195325474,0.16567732460703555,-0.4881298195325474,-0.16567732460703555
31834,0,387,20.16,11.89,40.54,59.9,36.98,3.13,0.58,37.36,84.9,25801,85.70,0.6956059129756653,0.6011389492979476,-0.6956059129756653,-0.6011389492979476
31835,1,2187,17.65,7.82,43.17,62.62,32.55,4.83,10.85,31.98,76.98,27976,101.00,0.6819794087157636,0.9489342940666106,0.31802059128423643,0.05106570593338944
31836,0,620,18.87,13.23,45.16,60.44,34.95,4.37,3.47,46.9,71.84,22598,53.00,0.2752438904623311,0.6098287637478463,-0.2752438904623311,-0.6098287637478463
31837,1,1490,19.4,9.46,47.93,71.7,24.15,4.0,7.33,39.78,73.04,28207,101.00,0.8386858818601048,1.1033581806366923,0.16131411813989516,-0.10335818063669233
31838,0,615,21.95,14.96,51.85,27.95,39.75,30.12,13.96,56.93,49.69,27770,64.60,-1.2662937365348625e-10,0.5076492153652535,1.2662937365348625e-10,-0.5076492153652535
31839,13,14697,19.6,12.25,47.21,45.82,46.58,7.51,4.1,40.23,73.06,26705,116.50,12.999999999897506,7.454630997203466,1.0249401327655505e-10,5.545369002796534
31840,0,1233,18.65,11.19,35.92,57.92,37.53,4.56,2.2,34.46,70.28,23034,58.30,0.07948150820313415,0.46726647757676354,-0.07948150820313415,-0.46726647757676354
31841,0,514,27.04,7.39,47.06,55.14,39.51,5.35,1.73,37.93,59.67,23060,53.00,-0.2609710104222067,0.2881665584862405,0.2609710104222067,-0.2881665584862405
31842,0,158,19.62,18.35,43.14,72.63,26.32,1.05,1.72,25.0,91.58,28417,89.10,1.6075133659854313,0.5227938430922524,-1.6075133659854313,-0.5227938430922524
31843,0,1570,20.76,11.72,46.1,40.64,54.18,5.18,1.38,30.12,62.02,25484,58.30,0.11015321554493873,0.4345512443784382,-0.11015321554493873,-0.4345512443784382
31844,2,1616,20.79,10.4,45.09,59.3,37.89,2.82,3.82,28.49,79.58,27880,96.40,1.4531003489726597,0.8015628724118496,0.5468996510273403,1.1984371275881505
31845,0,993,21.25,9.67,43.97,55.08,40.65,4.27,8.0,27.4,80.49,30968,85.70,0.8295845288394492,0.7359450079470191,-0.8295845288394492,-0.7359450079470191
31846,2,1637,18.27,10.08,42.73,19.21,55.95,23.8,9.9,41.43,54.91,24944,96.40,1.909079244295114,0.7387577908129627,0.09092075570488589,1.2612422091870372
31847,0,1657,20.4,11.71,44.11,63.17,33.83,3.0,3.81,32.65,81.17,28655,118.50,0.7531000377613797,0.9461697055948775,-0.7531000377613797,-0.9461697055948775
31848,0,1351,23.83,9.55,42.29,59.45,38.0,2.55,5.9,29.83,68.18,24611,68.90,0.07742165945129464,0.447990517437598,-0.07742165945129464,-0.447990517437598
31849,1,886,22.46,12.19,50.75,59.12,36.98,3.65,12.95,42.35,72.75,26755,85.70,1.037701470236815,0.9495065437426216,-0.03770147023681503,0.050493456257378444
31901,0,3265,18.28,9.56,41.31,60.59,33.08,6.34,9.97,36.55,74.5,28007,120.10,9.967138225874805e-11,1.3113322867593398,-9.967138225874805e-11,-1.3113322867593398
31902,0,2361,17.75,8.09,40.95,49.73,46.96,3.31,3.48,27.55,75.99,26502,117.50,1.3998580072893674e-10,0.3562674631948519,-1.3998580072893674e-10,-0.3562674631948519
31903,0,5294,18.11,8.99,40.39,61.53,32.57,5.9,8.74,36.99,69.89,27100,106.80,1.7883946943777236,1.5609230865837267,-1.7883946943777236,-1.5609230865837267
31904,0,1258,22.58,8.9,41.87,49.12,47.04,3.84,5.46,35.64,77.76,25201,69.80,0.29879770431592867,0.4343161568956362,-0.29879770431592867,-0.4343161568956362
31905,3,4794,17.13,12.54,41.82,52.24,40.65,7.11,10.4,31.61,86.45,32405,196.60,3.0000000003107585,2.4354190282858967,-3.107585300199389e-10,0.5645809717141033
31906,0,1862,19.07,11.06,41.95,45.93,47.29,6.78,4.81,28.3,63.25,23795,41.30,0.15847682831880228,0.360930801029432,-0.15847682831880228,-0.360930801029432
31907,0,1082,16.27,11.46,38.69,49.34,46.68,3.98,4.17,31.71,74.01,27236,100.50,-9.396394773375505e-11,0.6283999351920037,9.396394773375505e-11,-0.6283999351920037
31909,2,2693,19.72,7.91,39.16,52.99,42.79,4.21,7.01,28.27,74.28,23469,99.70,2.0150236987837626,0.44580590633956585,-0.01502369878376264,1.5541940936604342
31910,3,1668,20.8,8.99,45.05,56.26,40.1,3.65,4.37,27.14,70.21,27601,78.10,1.3424234571045108,0.5836510363267617,1.6575765428954892,2.4163489636732383
31911,0,1207,17.73,6.71,36.31,50.12,41.96,7.93,4.55,29.33,79.49,26269,78.10,1.2653639143595647,0.2981071095653387,-1.2653639143595647,-0.2981071095653387
31912,4,7990,19.55,11.49,43.3,60.02,33.91,5.92,6.43,36.49,68.61,26628,97.40,2.336187791046232,3.147726566487828,1.6638122089537681,0.8522734335121722
31913,0,1696,17.22,8.25,37.98,50.99,45.38,3.63,10.33,26.71,71.78,26507,84.00,0.3849329862783737,0.19061527919959698,-0.3849329862783737,-0.19061527919959698
31915,0,1343,19.43,8.71,40.8,60.29,36.31,3.4,6.89,27.93,82.47,25446,62.90,1.234514712677992e-10,0.3030964217514105,-1.234514712677992e-10,-0.3030964217514105
31916,0,2250,20.53,9.42,40.77,54.36,40.83,4.82,4.69,26.77,76.38,27179,93.70,1.140609935117249,0.7135715150104439,-1.140609935117249,-0.7135715150104439
31917,1,1441,16.79,8.88,35.47,58.98,35.21,5.81,3.05,29.39,74.65,26304,69.80,0.35249748806485925,0.37429034603224576,0.6475025119351407,0.6257096539677542
31918,1,3117,18.74,11.39,42.65,51.08,42.51,6.41,9.95,34.17,67.1,24423,73.20,0.9999999996938609,0.9884399523518419,3.0613911405907857e-10,0.0115600476481581
31919,1,2292,19.46,12.74,42.83,56.43,39.95,3.62,6.08,31.84,77.69,26866,99.30,0.9999999999287628,0.9694700020843822,7.123723833046824e-11,0.030529997915617835
31920,0,536,18.66,13.81,42.35,53.91,41.56,4.53,3.85,27.4,70.78,21725,41.30,0.06100830773038446,0.17053219202428394,-0.06100830773038446,-0.17053219202428394
31921,1,3236,19.1,12.86,42.37,56.86,38.11,4.96,11.86,30.43,81.39,32113,166.00,0.881157427049791,1.6026245375183976,0.11884257295020895,-0.6026245375183976
31922,1,2038,21.2,8.1,42.74,53.59,39.38,6.9,9.48,26.59,72.94,25411,84.60,1.0787744963392534,0.33362070297711544,-0.07877449633925337,0.6663792970228846
31923,0,852,17.84,10.33,47.6,56.36,38.15,5.49,2.25,32.3,71.97,22092,69.80,0.2120891616632985,0.39337922845489115,-0.2120891616632985,-0.39337922845489115
31925,1,1526,19.79,10.62,40.99,47.67,48.83,3.5,6.11,26.76,77.67,27817,78.10,1.3922126277944216,0.6478885513419714,-0.39221262779442156,0.35211144865802857
31926,5,8675,19.79,10.03,41.02,46.45,48.08,5.45,10.12,33.61,78.59,28377,204.80,5.000000000446186,3.0720068904571294,-4.461861990989746e-10,1.9279931095428706
31927,1,1579,19.19,10.13,45.65,56.3,38.12,5.57,9.78,32.3,79.77,27573,190.20,1.00000000003822,0.8860435273617474,-3.822009375653579e-11,0.11395647263825259
31928,1,1905,19.74,8.56,42.96,53.82,43.08,3.1,6.18,30.79,72.19,26495,102.30,2.460364401117328,0.562319744124461,-1.460364401117328,0.43768025587553905
31929,0,4990,20.04,10.62,47.23,50.14,43.6,5.84,10.66,36.97,67.58,27603,114.30,0.13859010725356136,1.7466072382214288,-0.13859010725356136,-1.7466072382214288
31930,2,2387,19.15,9.8,37.79,68.08,29.28,2.64,3.97,26.61,76.81,26161,71.80,0.5009901891775979,0.7864291592636263,1.4990098108224021,1.2135708407363737
31932,2,1740,17.76,7.93,43.18,53.39,39.48,7.13,13.32,35.68,69.22,30260,118.10,1.510223902716758,0.6560116068457914,0.4897760972832419,1.3439883931542087
31934,0,3615,18.56,9.46,38.66,31.07,62.37,6.56,7.29,33.11,68.78,26340,121.70,0.5464816914739519,0.7436808496615602,-0.5464816914739519,-0.7436808496615602
31935,4,2488,19.49,8.88,42.01,52.77,40.56,6.67,12.42,36.96,69.38,25058,64.80,1.3060554732816883,0.6449282004269488,2.6939445267183117,3.355071799573051
31938,1,1053,20.04,9.21,39.26,46.46,48.48,5.05,10.74,24.76,75.51,27940,54.10,2.399332289511543,0.4525204281643742,-1.399332289511543,0.5474795718356258
31939,0,339,20.06,14.45,42.72,61.85,34.1,4.05,0.75,32.85,75.72,22443,41.30,0.19636746814325434,0.4018044330950342,-0.19636746814325434,-0.4018044330950342
31940,0,1402,19.47,7.63,43.44,49.31,43.59,7.1,5.5,32.63,71.01,26075,71.80,0.46832230295756005,0.4426880031724151,-0.46832230295756005,-0.4426880031724151
31941,0,852,20.66,8.92,40.25,60.77,35.9,3.33,3.15,32.66,81.03,22747,69.80,0.13537270211206653,0.35120252933513085,-0.13537270211206653,-0.35120252933513085
31943,3,6481,18.62,9.21,42.53,53.5,41.17,5.29,9.17,36.51,71.94,26422,102.30,3.0000000000337925,1.6751949162778308,-3.3792524334330665e-11,1.3248050837221692
31945,0,1409,16.47,8.52,39.86,52.4,41.13,6.47,1.88,30.83,69.31,26116,99.70,2.1435610398580653,0.2614947352271264,-2.1435610398580653,-0.2614947352271264
31946,0,1564,18.48,8.44,38.41,53.55,43.39,3.06,3.29,26.07,77.26,26066,66.30,0.11150578965234992,0.2638793533027388,-0.11150578965234992,-0.2638793533027388
31947,3,6557,20.18,12.69,46.01,50.03,39.12,10.64,11.43,38.03,65.52,25903,99.70,2.984976301872738,2.38592609082603,0.015023698127262008,0.6140739091739702
31948,0,2436,22.82,8.74,42.92,70.61,25.79,3.49,7.22,33.37,80.13,25958,71.80,0.6366437947136596,0.6972808368721479,-0.6366437947136596,-0.6972808368721479
31949,4,5172,18.5,14.11,44.9,52.63,39.46,7.86,16.03,32.76,81.89,33165,459.50,2.2048880970442593,2.4620507542644514,1.7951119029557407,1.5379492457355486
31950,5,3665,20.71,13.89,46.37,54.03,39.13,6.78,25.93,32.34,85.95,36638,423.80,5.000000000766194,2.6075104816746837,-7.661942191816706e-10,2.3924895183253163
31951,3,7932,16.7,11.5,40.21,35.63,54.06,10.15,18.21,32.17,67.06,32310,321.40,3.0000000003836433,2.9768171690955545,-3.836433393189509e-10,0.023182830904445506
31952,2,9970,17.71,11.24,40.3,37.94,40.03,21.44,29.85,39.17,68.58,32953,378.60,2.917087829164405,4.9705607620087875,-0.9170878291644051,-2.9705607620087875
31953,1,2938,19.67,11.91,44.06,45.39,43.11,11.5,21.94,31.6,76.12,36331,366.20,1.000000000837579,1.6839087490417457,-8.375788951298091e-10,-0.6839087490417457
31954,1,1805,19.5,9.75,40.73,44.21,52.28,3.51,6.05,31.89,87.6,33188,251.70,1.0000000009733174,0.9955382414512167,-9.733174266557398e-10,0.004461758548783279
32001,2,2879,21.88,14.55,48.46,36.32,54.34,9.26,5.55,33.77,60.69,24478,60.40,1.9999999997096252,0.920622604037163,2.9037483528782104e-10,1.079377395962837
32002,1,2040,20.49,12.65,39.8,38.37,50.12,11.39,7.33,32.73,61.51,24407,58.90,0.9908508305940291,0.6798575941934745,0.00914916940597088,0.32014240580652553
32003,0,1985,20.91,9.47,40.86,41.31,50.07,8.47,8.57,38.82,59.85,26591,62.10,0.6544047303405804,0.6545686989589378,-0.6544047303405804,-0.6545686989589378
32004,0,1493,18.42,7.77,35.93,26.48,53.16,20.37,1.36,22.01,62.93,21321,62.10,0.1104681892008994,0.15831328857818727,-0.1104681892008994,-0.15831328857818727
32005,1,1758,21.79,14.16,47.54,48.47,45.4,6.13,4.03,35.06,65.21,24802,58.90,1.0091491689743304,0.7811267007479602,-0.00914916897433038,0.2188732992520398
32006,0,3015,17.05,8.96,33.14,30.99,64.98,4.03,5.13,25.1,61.29,22299,51.50,0.7219816892128126,0.3138895181194721,-0.7219816892128126,-0.3138895181194721
32007,0,271,30.63,9.96,45.16,52.6,35.94,11.46,2.94,42.86,61.98,23254,28.60,0.9899452366592936,0.4889632739896822,-0.9899452366592936,-0.4889632739896822
32008,2,5359,17.86,10.04,38.36,38.25,55.89,5.81,9.75,29.32,57.08,23775,84.80,1.9999999998286064,0.9898725356972732,1.7139356600637257e-10,1.0101274643027267
32009,0,1826,17.74,10.02,36.47,17.05,74.34,8.61,4.31,26.07,51.66,22567,51.30,1.518477699184153,0.23985528549378676,-1.518477699184153,-0.23985528549378676
32010,0,1040,18.27,6.92,33.11,40.74,53.09,6.17,3.51,18.13,66.05,20649,62.10,-0.2884821901361949,0.12712935526846003,0.2884821901361949,-0.12712935526846003
32011,0,1132,17.31,12.1,37.54,58.15,37.59,4.26,1.49,25.99,65.66,21733,41.30,-0.02633191358574649,0.171487190993157,0.02633191358574649,-0.171487190993157
32012,0,1310,20.76,7.79,36.32,49.23,46.67,4.1,1.51,18.59,86.92,20795,41.30,-0.3895206986806823,0.2688387165487347,0.3895206986806823,-0.2688387165487347
32013,5,4198,20.01,13.7,42.72,23.41,64.78,11.67,12.65,39.71,58.98,27795,103.20,5.0000000001875184,1.7902847611736346,-1.8751844521602834e-10,3.2097152388263654
32014,0,2292,18.32,8.9,36.36,33.02,61.12,5.73,5.85,28.15,57.44,24238,61.50,0.3678003627953519,0.2951705593937982,-0.3678003627953519,-0.2951705593937982
32015,0,1370,17.52,7.59,34.03,31.91,63.57,4.52,3.56,23.16,76.13,22061,61.50,0.0311664015624995,0.13522822385548317,-0.0311664015624995,-0.13522822385548317
32016,0,4850,15.3,7.59,41.52,39.98,44.74,14.65,12.67,45.37,56.69,27723,141.70,-3.1109337328416586e-11,0.9688329850724378,3.1109337328416586e-11,-0.9688329850724378
32017,0,3391,17.63,8.96,39.09,37.5,57.61,4.89,7.54,28.09,66.3,25724,77.20,1.0788347992729541e-10,0.39331197725150735,-1.0788347992729541e-10,-0.39331197725150735
32018,1,1767,14.49,7.53,31.21,33.15,63.06,3.78,3.42,23.91,71.17,23535,61.50,0.13826606685677056,0.20956563099044345,0.8617339331432294,0.7904343690095565
32101,0,2503,16.54,7.31,43.72,51.7,41.75,6.55,11.42,35.43,78.48,27382,180.80,0.7417036895458491,0.6750645842543435,-0.7417036895458491,-0.6750645842543435
32104,2,3493,18.15,8.25,41.66,61.68,34.05,4.27,6.26,30.09,82.24,28175,107.30,2.0000000002098357,1.0068629557652118,-2.0983570436783339e-10,0.9931370442347882
32106,0,2547,18.1,8.05,41.11,63.82,32.94,3.23,4.11,32.09,88.51,27065,137.60,1.2551446830393385,0.7872549338169683,-1.2551446830393385,-0.7872549338169683
32107,1,3329,19.44,13.22,43.93,65.17,32.22,2.54,3.53,30.25,81.22,25341,97.30,1.2223697902122144,1.1583912004913548,-0.22236979021221437,-0.1583912004913548
32109,0,975,22.46,8.82,39.73,66.16,32.1,1.74,3.27,28.75,82.86,24806,56.20,0.4738433838523264,0.30139324114143573,-0.4738433838523264,-0.30139324114143573
32110,4,3366,19.07,10.93,44.51,61.31,33.26,5.43,4.91,34.04,78.97,28917,111.80,0.8183614182604249,1.5017587357371687,3.181638581739575,2.4982412642628313
32112,2,2378,17.28,8.83,41.69,60.52,34.57,4.91,6.42,27.89,83.97,27774,287.40,1.2876936495161662,0.8000331820584339,0.7123063504838338,1.1999668179415661
32114,2,3840,18.31,9.74,43.36,65.31,32.32,2.37,8.17,31.29,82.11,26802,82.90,0.392152024415811,1.4037507698344125,1.607847975584189,0.5962492301655875
32115,0,1438,19.26,8.48,39.31,65.84,31.38,2.78,1.9,26.46,81.92,26776,82.90,2.3385204883652477e-10,0.39061797267246523,-2.3385204883652477e-10,-0.39061797267246523
32116,1,2521,17.93,7.74,40.43,52.04,38.4,9.55,16.65,30.4,80.71,32574,295.30,1.0000000007138503,0.962427765007859,-7.138503121950635e-10,0.03757223499214102
32119,0,2554,18.17,7.75,44.83,53.99,41.67,4.33,12.71,29.46,72.61,26449,188.50,-0.039581714977616755,0.5782082736864702,0.039581714977616755,-0.5782082736864702
32120,0,4373,14.57,6.33,43.62,53.58,42.31,4.11,6.71,30.66,72.43,27009,188.50,0.039581715851889854,0.699626434733409,-0.039581715851889854,-0.699626434733409
32131,4,7813,18.87,10.23,44.85,55.82,40.78,3.4,7.69,30.53,81.45,28768,182.90,4.000000000173887,2.5804603691694648,-1.7388668283047082e-10,1.4195396308305352
32132,1,2458,19.32,10.74,44.19,54.46,42.67,2.87,5.53,32.51,78.77,26624,132.20,1.0000000000122,0.8698035623096754,-1.220001877300092e-11,0.13019643769032463
32134,2,3299,19.92,12.43,46.4,73.15,23.99,2.86,4.94,33.45,87.78,32224,277.50,2.0000000002589555,1.8856150242014134,-2.589555236909291e-10,0.11438497579858664
32135,14,16951,19.04,10.2,44.81,56.01,31.6,11.97,24.34,40.4,72.86,29715,294.10,14.000000000172552,11.163779068596835,-1.7255175066566153e-10,2.8362209314031652
32139,1,1641,18.16,9.51,41.79,64.39,33.09,2.52,6.56,29.02,82.05,26614,105.00,0.9999999999729425,0.5735966250886889,2.7057467377744615e-11,0.4264033749113111
32140,2,2299,18.88,12.88,44.73,68.19,26.46,5.36,8.25,34.62,88.65,33386,272.90,2.0000000003273612,1.7373826964213537,-3.2736124921939336e-10,0.2626173035786463
32141,2,4190,19.24,8.81,41.16,58.02,36.78,5.2,5.86,33.02,74.83,27375,125.10,2.000000000224648,1.2611010837997627,-2.2464785587317238e-10,0.7388989162002373
32142,4,7956,20.7,11.84,46.23,50.42,39.34,10.24,14.53,36.27,86.2,32400,332.70,4.000000000587068,3.640910270492498,-5.870681718533888e-10,0.35908972950750195
32143,0,1688,20.97,11.08,48.63,56.01,38.83,5.15,10.28,34.26,90.61,29442,199.10,3.2157565499346674e-10,1.081638164036953,-3.2157565499346674e-10,-1.081638164036953
32144,20,28152,17.3,13.52,39.76,39.91,43.71,16.16,20.33,38.62,79.3,36655,643.30,20.00000000075854,14.642431971783816,-7.58539897560695e-10,5.357568028216184
32202,0,1024,23.54,13.96,50.0,80.68,17.07,2.25,6.08,40.49,86.49,24873,21.20,1.7183505444548235,0.7902573824502792,-1.7183505444548235,-0.7902573824502792
32203,1,1531,21.75,11.63,37.31,66.46,31.93,1.61,1.39,32.05,76.77,22410,22.70,1.0145406266731403,0.5737542809615003,-0.014540626673140267,0.4262457190384997
32206,0,1152,23.26,11.2,41.19,74.43,23.62,1.95,1.61,31.39,71.66,21485,22.70,0.9475759912597841,0.4817176103495243,-0.9475759912597841,-0.4817176103495243
32207,4,2583,23.58,13.24,46.07,69.25,26.22,4.52,8.28,44.07,70.08,24475,21.20,1.790022867625412,1.7746573361930216,2.209977132374588,2.2253426638069786
32209,4,1449,22.08,12.35,41.08,70.23,26.2,3.57,4.02,37.23,79.34,24750,22.70,1.359931232432201,0.9127516343670439,2.640068767567799,3.087248365632956
32210,1,1074,25.79,13.22,38.91,76.28,22.82,0.9,3.52,36.14,75.53,22776,22.70,1.1503080477658596,0.7597374085957791,-0.1503080477658596,0.2402625914042209
32212,0,882,20.41,14.29,41.09,73.27,25.0,1.73,0.0,34.2,73.46,22993,21.20,1.3569240597242889,0.6441366825854381,-1.3569240597242889,-0.6441366825854381
32214,1,904,20.35,10.4,34.6,68.9,29.37,1.73,0.26,34.18,70.19,21157,22.70,0.8715112954588271,0.40502809436075804,0.1284887045411729,0.594971905639242
32216,2,2623,23.9,16.77,46.51,73.59,24.36,2.04,6.53,37.62,76.57,23437,22.70,1.5762419487439754,1.2303256863342003,0.4237580512560246,0.7696743136657997
32217,0,1472,20.24,9.99,42.19,66.67,31.0,2.33,3.33,32.38,73.53,21160,22.70,0.9512113822639563,0.4823996485812361,-0.9512113822639563,-0.4823996485812361
32219,2,2693,19.31,10.4,37.77,62.53,34.81,2.67,2.74,33.13,78.88,22498,25.50,1.3723919483294065,0.6744998234138901,0.6276080516705935,1.3255001765861099
32220,1,5236,21.83,12.66,42.55,50.42,40.79,8.66,18.01,42.17,71.12,27696,61.50,1.4627671677675007,1.9041089839298126,-0.4627671677675007,-0.9041089839298126
32221,0,1287,16.78,7.69,31.87,68.52,30.52,0.96,0.81,23.28,77.93,22057,21.90,-1.9336354739607486e-10,0.09867867716448564,1.9336354739607486e-10,-0.09867867716448564
32222,0,484,29.34,15.29,43.66,82.41,15.74,1.85,0.0,42.56,63.58,20603,22.70,1.1504988386995532,0.6306848796371245,-1.1504988386995532,-0.6306848796371245
32223,2,956,20.92,10.25,41.37,71.74,27.25,1.0,0.76,31.41,76.95,22895,21.20,1.1347025279764615,0.5964734460205733,0.8652974720235385,1.4035265539794266
32301,1,3532,19.28,10.73,46.11,59.43,37.09,3.48,6.46,35.71,76.52,31652,276.80,1.7223284039716198,1.5975275082264313,-0.7223284039716198,-0.5975275082264313
32302,0,738,22.36,14.23,40.0,45.79,44.11,9.76,2.52,28.32,64.65,22715,50.60,2.0322510773603355,0.33234839529050353,-2.0322510773603355,-0.33234839529050353
32304,2,3255,14.41,9.43,42.99,61.58,30.83,7.5,10.55,37.87,77.17,26185,273.80,1.5913819545655326,1.4174390239165964,0.40861804543446745,0.5825609760834036
32305,4,5096,18.49,12.23,50.37,79.94,17.06,2.91,6.12,35.65,90.78,27692,208.10,3.999999999501151,2.490701968144107,4.988489621382541e-10,1.5092980318558928
32306,2,3312,17.51,11.29,43.5,58.26,34.8,6.84,12.3,36.52,72.04,27088,176.80,1.2835063481440567,1.3948361715674813,0.7164936518559433,0.6051638284325187
32307,4,4575,17.14,10.67,44.1,62.22,31.82,5.76,6.55,36.87,79.3,27448,203.10,3.239568238991021,2.579110787876561,0.760431761008979,1.420889212123439
32308,0,1256,19.43,18.47,48.33,50.39,40.97,8.63,4.76,38.0,65.78,24381,73.70,1.0673468854285613,0.6120922021908267,-1.0673468854285613,-0.6120922021908267
32309,1,1639,20.44,9.64,37.98,53.28,42.34,4.38,0.61,27.96,65.16,21800,50.60,1.717957785773585,0.3231212637773022,-0.717957785773585,0.6768787362226978
32310,0,982,21.38,10.49,43.1,64.58,33.26,2.16,2.09,31.32,72.35,25727,63.10,0.757685180499367,0.5859456067761187,-0.757685180499367,-0.5859456067761187
32311,1,1457,21.89,8.37,42.5,31.22,63.23,5.56,2.09,29.1,74.21,28504,125.30,1.000000000864791,0.3849625018334568,-8.647909055525815e-10,0.6150374981665432
32312,0,1014,23.67,7.79,40.89,52.69,44.5,2.81,0.74,30.86,75.64,22631,35.00,-0.07489968876761033,0.2717862056033006,0.07489968876761033,-0.2717862056033006
32313,3,3162,20.9,10.75,42.17,60.28,34.53,5.19,17.6,27.11,84.34,31920,240.60,3.0000000006489858,1.6604193650821215,-6.489857540259436e-10,1.3395806349178785
32314,3,2767,21.9,12.36,38.96,49.87,41.82,8.31,8.53,32.44,62.82,24785,50.60,2.2820422141033774,0.8939617111010265,0.7179577858966226,2.1060382888989735
32315,0,2398,18.56,9.84,35.05,47.31,48.24,4.45,2.6,35.38,60.14,24631,68.90,0.20045207819226896,0.5751671719583809,-0.20045207819226896,-0.5751671719583809
32316,3,4431,17.81,8.35,41.81,64.11,29.78,6.11,12.53,31.94,80.41,28113,227.20,3.0000000001104317,1.9669821744016096,-1.1043166381341507e-10,1.0330178255983904
32317,0,1056,17.61,10.32,39.81,56.44,40.44,3.11,0.26,26.14,74.0,21304,35.00,-0.03841733197819508,0.2058971217074228,0.03841733197819508,-0.2058971217074228
32318,2,2947,18.97,10.59,47.14,64.01,32.34,3.57,7.45,36.45,78.35,26857,169.10,1.9999999998077271,1.2800783963811697,1.922728642966831e-10,0.7199216036188303
32319,0,3114,19.78,8.7,41.51,34.16,55.31,10.45,17.66,35.72,70.46,28948,165.80,0.8512638479642138,1.0137275627532274,-0.8512638479642138,-1.0137275627532274
32320,1,2148,17.6,12.38,47.02,72.94,23.72,3.34,1.1,28.59,85.27,29228,143.00,0.9999999996928555,1.0508583212422502,3.071445320301791e-10,-0.050858321242250204
32321,0,641,21.84,11.39,41.49,58.54,38.72,2.74,1.84,33.09,77.13,23491,73.70,0.4480294339082267,0.4972911357542308,-0.4480294339082267,-0.4972911357542308
32322,0,499,19.84,10.82,49.36,55.85,41.89,2.26,9.48,33.33,79.25,28449,73.70,0.802241404786427,0.710186356582065,-0.802241404786427,-0.710186356582065
32323,2,2547,18.61,11.66,43.33,51.43,38.9,9.47,4.61,46.51,65.07,26700,73.70,1.162181780994933,1.1050742476171924,0.8378182190050669,0.8949257523828076
32324,1,425,20.94,9.88,37.61,61.01,37.18,1.81,4.62,33.91,63.54,27136,73.70,0.54356957693612,0.6004005327905239,0.45643042306388004,0.39959946720947614
32325,1,1164,21.31,9.45,44.19,67.84,30.5,1.66,3.18,21.65,82.99,24312,63.10,0.5492315532084984,0.4854597085434018,0.45076844679150163,0.5145402914565982
32326,1,932,21.89,10.84,37.73,68.57,25.93,5.49,2.04,31.89,81.1,22398,63.10,0.6930832664565596,0.5471926373753646,0.3069167335434404,0.4528073626246354
32327,6,5477,17.69,11.21,45.93,61.88,31.01,7.06,4.78,38.28,73.89,27553,285.10,5.999999999720887,3.10121180694994,2.7911273292602345e-10,2.89878819305006
32330,0,4254,13.33,8.72,41.63,53.85,39.46,6.7,13.63,29.21,77.92,28401,203.20,-2.7400126612064923e-10,0.9819949023806215,2.7400126612064923e-10,-0.9819949023806215
32331,1,1474,24.76,13.36,50.11,55.73,40.31,3.97,17.26,42.12,66.41,27181,73.70,1.0903490222416021,0.8989511801185668,-0.09034902224160213,0.10104881988143322
32332,1,1993,18.21,11.74,45.57,51.98,41.17,6.65,5.51,37.5,64.38,28576,115.50,1.798709606150224,0.9211412048275449,-0.7987096061502239,0.07885879517245509
32333,0,1230,18.94,8.78,40.48,57.58,38.18,4.24,1.39,25.54,75.15,28603,176.80,0.7164936512600661,0.4720565002997428,-0.7164936512600661,-0.4720565002997428
32334,1,1112,21.4,8.36,42.07,54.7,37.86,7.44,5.15,31.33,75.93,25870,165.80,0.35035823275864253,0.3215545882830403,0.6496417672413575,0.6784454117169597
32335,0,1543,21.91,9.4,39.48,59.25,39.19,1.56,0.82,26.51,70.76,25560,35.00,0.11331702062765991,0.40999878365715614,-0.11331702062765991,-0.40999878365715614
32336,1,1859,19.31,11.3,46.64,57.98,35.13,6.89,3.1,33.98,77.61,29637,165.80,0.7983779181630499,1.0719873839898162,0.20162208183695007,-0.07198738398981619
32337,3,5094,16.02,7.91,41.7,60.27,34.24,5.44,6.42,31.36,79.91,28409,172.40,3.00000000002683,1.6276432473424665,-2.6830093702301383e-11,1.3723567526575335
32338,1,2080,19.76,9.13,43.78,68.43,27.27,4.29,6.22,33.95,86.87,26846,171.00,1.3583853692105397,0.8017210657849649,-0.35838536921053965,0.19827893421503506
32501,2,1739,22.2,16.22,47.42,62.92,32.14,4.94,3.36,44.21,71.64,25880,21.00,1.4742286052604676,1.4547285658927502,0.5257713947395324,0.5452714341072498
32502,1,1580,19.3,11.08,37.47,48.57,45.88,5.55,0.84,28.02,58.82,21390,17.00,0.2976698909473203,0.28370578884771835,0.7023301090526797,0.7162942111522816
32503,0,328,25.91,9.45,43.43,50.0,45.63,4.38,0.71,35.21,69.38,24128,17.00,0.3700811195376872,0.3741843636116944,-0.3700811195376872,-0.3741843636116944
32504,0,1246,21.43,7.7,40.99,63.04,35.54,1.43,1.12,27.61,76.07,21461,17.50,-0.1915374043142215,0.1451913987418436,0.1915374043142215,-0.1451913987418436
32505,2,1743,21.06,11.36,40.74,54.31,44.17,1.52,1.49,30.08,69.58,22884,21.00,0.7166845012994489,0.4856596486655377,1.283315498700551,1.5143403513344622
32506,1,833,17.89,10.32,38.22,47.46,48.48,4.06,0.63,22.36,67.51,20252,17.90,-0.018469491334263566,0.20922535014095256,1.0184694913342636,0.7907746498590474
32508,0,4459,21.31,9.78,38.33,55.63,39.77,4.54,1.63,28.48,63.13,22160,17.80,0.10771556923821457,0.836319166344907,-0.10771556923821457,-0.836319166344907
32509,0,1317,20.5,8.81,33.42,65.61,31.41,2.97,0.81,24.75,63.2,18901,17.90,-0.0762799518378312,0.10567437687798065,0.0762799518378312,-0.10567437687798065
32511,1,511,22.5,14.48,44.53,16.39,73.11,10.5,3.27,45.31,69.75,23760,17.00,0.786128450179465,0.6184107958045523,0.21387154982053502,0.38158920419544773
32514,0,621,20.29,10.95,39.33,69.93,27.54,2.54,1.23,33.74,59.06,19879,27.60,-0.36471084233154016,0.2688659108135171,0.36471084233154016,-0.2688659108135171
32515,1,1436,23.19,10.79,41.41,60.97,35.55,3.48,0.88,28.82,67.32,19914,18.60,-0.05923706630163217,0.36483393161909095,1.0592370663016322,0.635166068380909
32516,0,1716,21.39,9.97,39.8,56.63,39.79,3.58,0.9,29.25,63.93,21853,17.80,-0.10771556890510858,0.3510858006145947,0.10771556890510858,-0.3510858006145947
32517,0,1050,22.76,11.43,37.78,52.95,44.51,2.53,0.48,25.48,66.24,21001,17.00,0.14940126377815766,0.33632020130514373,-0.14940126377815766,-0.33632020130514373
32518,0,1015,22.17,14.48,42.81,59.22,36.31,4.47,7.41,35.71,68.16,26667,27.60,0.28178728105179296,0.8421066348109286,-0.28178728105179296,-0.8421066348109286
32519,0,849,20.02,10.13,36.58,33.05,64.37,2.59,0.31,25.55,58.62,19850,17.00,-0.07739145816142923,0.1731198567491854,0.07739145816142923,-0.1731198567491854
32520,0,915,24.26,11.15,46.15,76.19,21.6,2.21,0.98,36.1,74.49,22358,21.00,0.8440568054331656,0.6300515667056957,-0.8440568054331656,-0.6300515667056957
32521,0,1736,20.33,9.5,34.78,58.72,38.39,2.89,0.88,26.73,60.35,20752,17.90,0.07627995208037142,0.23317339830191053,-0.07627995208037142,-0.23317339830191053
32522,1,1256,19.67,11.86,36.61,63.42,34.19,2.39,0.62,30.2,70.43,21013,27.60,-0.29370592258469763,0.2799311698669892,1.2937059225846976,0.7200688301330108
32523,0,738,21.54,9.21,38.57,43.82,45.51,10.67,0.7,30.24,66.85,22931,17.00,0.37343790001241217,0.2816556556391723,-0.37343790001241217,-0.2816556556391723
32524,0,1470,21.09,12.11,43.36,65.26,32.15,2.59,0.9,36.09,71.12,24508,17.50,0.3432062884950504,0.8107494850733952,-0.3432062884950504,-0.8107494850733952
32525,0,2028,18.74,9.71,36.68,65.01,32.32,2.66,1.5,27.03,66.59,19299,17.50,-0.15166888411183876,0.20947403469862824,0.15166888411183876,-0.20947403469862824
32528,0,983,20.55,9.26,34.89,57.31,34.57,8.12,2.06,29.64,68.68,20486,17.00,0.2750043614938402,0.18979841093469696,-0.2750043614938402,-0.18979841093469696
32529,0,1188,21.13,11.28,35.76,71.72,26.12,2.16,0.21,30.52,72.8,21353,27.60,-0.2817872814726936,0.3603200584382893,0.2817872814726936,-0.3603200584382893
32530,3,10771,22.49,12.37,42.24,54.01,40.8,5.14,8.47,35.32,58.37,23936,68.50,1.8593013644357796,3.159786470100615,1.1406986355642204,-0.15978647010061486
40101,32,213557,15.7,9.72,46.11,15.17,35.24,41.89,14.07,48.84,32.51,29422,597.80,31.999999999973262,31.93199676904246,2.673772314665257e-11,0.06800323095754024
40201,5,38036,18.47,11.72,47.73,9.29,55.51,33.72,10.66,47.5,44.2,26510,283.40,4.3344480988972744,5.260229565903067,0.6655519011027256,-0.26022956590306734
40301,13,65482,16.34,9.07,42.38,17.23,55.55,24.74,17.3,40.74,50.17,27055,298.40,13.000000000046809,11.381066000122608,-4.6808779075036e-11,1.6189339998773917
40401,3,5092,20.17,9.74,42.51,31.31,59.55,9.08,7.51,34.82,64.85,22049,115.30,2.9999999999348823,1.2296097899217726,6.511768901873438e-11,1.7703902100782274
40402,0,2662,17.28,7.66,34.93,24.32,61.2,14.39,5.41,31.07,58.16,23097,66.10,0.4212371997203892,0.3410289669077602,-0.4212371997203892,-0.3410289669077602
40403,0,836,15.31,4.43,44.44,30.1,62.14,7.77,10.32,27.78,71.52,20151,156.90,-0.031061953926247554,0.17812609376179167,0.031061953926247554,-0.17812609376179167
40404,7,17604,18.73,10.88,45.12,26.36,52.98,19.84,11.83,40.77,60.25,24511,193.70,6.999999999829852,5.610765757426206,1.70148339861953e-10,1.389234242573794
40405,1,2757,19.37,7.8,37.45,23.21,71.92,4.86,4.91,24.72,79.56,23275,94.60,1.0000000004608882,0.5232493221133968,-4.608882164802708e-10,0.4767506778866032
40406,1,2959,16.73,7.94,42.37,31.86,60.36,7.78,19.18,34.72,66.77,21600,175.60,0.9999999996579572,0.6704206645303324,3.4204283849703643e-10,0.32957933546966756
40407,2,2142,19.51,7.28,40.58,14.34,83.19,2.47,7.13,28.59,79.11,21931,136.20,2.000000000390772,0.6434678041312151,-3.907718593154641e-10,1.3565321958687848
40408,0,1034,20.31,8.99,43.14,28.11,62.97,8.92,12.14,32.6,62.7,20952,201.90,0.13509840470892875,0.30735826893485196,-0.13509840470892875,-0.30735826893485196
40409,1,1193,18.44,9.05,40.41,15.27,75.7,9.03,7.08,30.35,71.18,21796,193.30,0.27764306212213974,0.289343565699236,0.7223569378778603,0.710656434300764
40410,4,1327,21.25,7.16,42.12,16.9,75.55,7.36,5.54,27.24,73.56,18621,97.80,0.6276477846010557,0.2929039832992226,3.3723522153989443,3.7070960167007776
40411,0,654,17.74,8.26,38.54,28.29,66.53,5.18,4.47,21.86,77.69,22511,201.90,-0.1350984041192813,0.12654653578025554,0.1350984041192813,-0.12654653578025554
40412,1,1326,17.35,8.45,34.72,19.17,76.66,4.17,2.06,28.73,69.07,19968,97.80,0.6457476565476696,0.20105230076641978,0.35425234345233036,0.7989476992335802
40413,0,3788,17.42,6.94,41.77,19.07,73.37,7.57,4.28,29.76,68.47,21789,109.70,-1.0343725875827658e-11,0.5130290666728147,1.0343725875827658e-11,-0.5130290666728147
40414,2,3379,19.3,11.04,44.06,22.21,69.66,8.13,9.2,32.31,70.43,13853,177.00,1.999999999118515,0.8356822349526531,8.814851071292651e-10,1.1643177650473469
40415,1,1489,17.93,7.66,36.15,20.75,73.37,5.88,4.19,31.62,64.87,21851,66.60,-0.333917934751641,0.17953760710658395,1.333917934751641,0.820462392893416
40416,0,796,16.08,6.66,36.05,26.35,65.88,7.77,4.7,25.71,65.88,23034,156.90,0.03106195489805863,0.09106498790901996,-0.03106195489805863,-0.09106498790901996
40417,0,1316,19.0,7.29,36.94,23.03,71.85,5.12,8.43,24.7,75.2,23101,214.70,0.16819307841433861,0.23204078327393463,-0.16819307841433861,-0.23204078327393463
40418,1,5144,18.1,7.7,39.72,24.99,65.06,9.9,8.54,30.71,67.44,23736,192.20,1.000000000194996,0.6971037979818756,-1.949960193314837e-10,0.3028962020181244
40419,1,3019,17.65,6.89,41.65,38.64,55.45,5.91,11.26,29.38,80.3,24459,209.00,1.0000000001432152,0.4523629546244736,-1.432152174629664e-10,0.5476370453755264
40420,0,1473,17.79,12.36,37.14,20.74,71.51,7.75,4.01,23.81,72.29,20535,77.90,-0.28327538559923937,0.2404118341165451,0.28327538559923937,-0.2404118341165451
40421,2,7701,14.65,6.96,40.5,19.86,63.45,16.31,19.4,33.53,58.01,22226,221.00,1.999999999645933,1.3768111978552955,3.540669979429367e-10,0.6231888021447045
40422,1,2689,17.7,9.19,41.6,22.78,67.27,9.95,10.92,37.92,61.39,22467,155.60,-0.2674867572941313,0.6320354973171395,1.2674867572941313,0.3679645026828605
40423,1,1307,19.74,7.96,43.14,30.29,66.61,3.1,5.68,26.01,77.92,23552,83.40,1.000000000237149,0.2639755953856878,-2.3714896713045164e-10,0.7360244046143122
40424,1,1141,16.3,7.1,32.52,24.88,69.81,5.31,7.73,27.69,68.12,22601,85.70,0.13237231273304317,0.11605947937724803,0.8676276872669568,0.883940520622752
40425,2,1727,20.32,8.63,43.4,25.4,64.22,10.22,4.2,31.27,72.04,21958,149.60,2.000000000096019,0.39609604676999677,-9.601919259694114e-11,1.6039039532300032
40426,1,3104,18.43,8.22,36.79,18.08,65.61,16.31,9.54,28.88,64.4,24124,171.10,1.0000000003208243,0.46217964913619636,-3.2082425605040044e-10,0.5378203508638036
40427,1,2339,17.44,9.53,37.89,20.39,74.42,5.18,6.83,28.57,71.54,21595,141.60,0.7615991363853425,0.3728527175528412,0.2384008636146575,0.6271472824471588
40428,0,3403,18.63,10.81,42.42,34.3,53.11,12.58,6.03,32.79,44.38,20304,166.00,0.11884257243004903,0.6869374328068106,-0.11884257243004903,-0.6869374328068106
40429,0,1294,17.08,6.65,44.5,26.29,66.67,7.04,12.62,30.19,76.19,22416,248.30,0.1935607351338735,0.276588670099699,-0.1935607351338735,-0.276588670099699
40430,0,1133,15.62,7.24,41.18,21.88,71.39,6.73,9.96,28.72,66.35,24938,346.90,2.581934666068264e-11,0.18318243448307914,-2.581934666068264e-11,-0.18318243448307914
40431,0,1293,16.32,7.19,38.59,26.61,67.57,5.82,5.34,25.87,76.92,22454,148.80,-0.14112398312177277,0.169178423447081,0.14112398312177277,-0.169178423447081
40432,0,1780,17.58,9.33,38.15,26.23,68.26,5.51,6.7,29.18,71.09,19646,97.80,0.8410579046842539,0.2674957679738714,-0.8410579046842539,-0.2674957679738714
40433,0,992,19.05,9.27,35.42,21.13,73.22,5.65,6.62,28.68,67.32,21866,57.20,0.04247311480835059,0.13743975757489002,-0.04247311480835059,-0.13743975757489002
40434,1,890,21.69,8.2,38.43,27.35,68.36,4.29,1.3,31.01,68.63,21219,65.70,0.42311520240388134,0.23830497656059302,0.5768847975961187,0.761695023439407
40435,1,472,16.53,6.57,38.17,18.67,74.7,6.63,3.37,27.53,69.88,18645,97.80,0.5131944381664191,0.12133267272965709,0.4868055618335809,0.8786673272703429
40436,0,2044,21.58,8.32,42.63,19.46,72.76,7.65,2.88,25.18,65.89,22206,54.30,0.6529757439528492,0.28309429428096644,-0.6529757439528492,-0.28309429428096644
40437,2,3295,19.39,8.83,42.63,28.5,57.1,14.3,9.94,34.41,58.69,24118,159.90,2.0000000000506617,0.7727131896102634,-5.0661697059695143e-11,1.2272868103897365
40438,3,2575,18.29,9.01,41.95,35.96,59.55,4.48,3.89,26.17,78.27,25041,124.10,0.9572798837066845,0.38778953298512153,2.0427201162933155,2.6122104670148785
40439,0,701,19.97,6.99,41.33,12.31,75.75,11.94,2.08,32.29,78.73,16766,133.60,0.8354178185602716,0.33137225579969687,-0.8354178185602716,-0.33137225579969687
40440,0,406,20.44,9.85,43.9,33.33,64.71,1.96,3.85,23.72,75.82,22152,57.20,-0.042473114961975256,0.16305638824459123,0.042473114961975256,-0.16305638824459123
40441,0,4173,18.5,8.48,41.73,31.17,61.42,7.41,8.85,27.5,72.57,22582,126.50,-3.699973660786782e-11,0.5809233273873756,3.699973660786782e-11,-0.5809233273873756
40442,1,1063,16.46,7.81,42.09,16.41,76.67,6.92,9.05,24.21,71.54,21163,97.30,0.4241215412876098,0.2673230284816266,0.5758784587123902,0.7326769715183734
40443,2,2123,20.82,8.81,37.83,16.18,59.68,24.14,4.23,27.37,71.35,16026,133.60,1.1645821824524258,0.4176654538989667,0.8354178175475742,1.5823345461010332
40444,0,790,17.72,7.59,38.03,31.42,61.49,7.09,4.95,31.92,68.92,21379,65.70,0.5768847981793304,0.21165457666397236,-0.5768847981793304,-0.21165457666397236
40445,1,689,24.82,8.56,54.09,34.64,62.09,3.27,2.0,26.91,80.07,12854,97.30,-0.033379762968893445,0.16417504143563666,1.0333797629688934,0.8358249585643633
40446,0,1457,18.05,9.68,42.79,25.17,70.61,4.22,4.75,28.15,69.09,22629,95.90,-1.37523770149528e-10,0.2893176664025494,1.37523770149528e-10,-0.2893176664025494
40501,1,6172,17.61,9.07,44.54,37.66,55.82,6.47,11.8,30.93,71.28,26983,267.10,1.0000000000549374,1.1334979541649788,-5.4937387972131546e-11,-0.13349795416497878
40502,1,2226,17.97,11.01,42.56,22.78,62.32,14.18,11.16,37.51,54.73,27585,162.80,1.0000000001106422,0.8115102534568374,-1.10642162098884e-10,0.18848974654316264
40503,0,4367,16.99,11.31,44.37,24.12,51.08,24.8,16.6,46.06,39.48,27237,154.30,0.5354554650627588,1.3461946008110215,-0.5354554650627588,-1.3461946008110215
40504,0,2614,17.18,8.72,40.95,33.69,61.6,4.71,8.41,26.67,68.32,26321,179.90,0.2061941779091203,0.30612117668339334,-0.2061941779091203,-0.30612117668339334
40505,0,1260,19.44,9.68,38.34,30.88,62.58,6.54,2.67,28.57,61.35,22267,66.30,-0.11150579023622953,0.24562308732337224,0.11150579023622953,-0.24562308732337224
40506,0,3919,22.0,11.25,44.04,21.11,69.49,9.4,7.47,28.87,68.19,24543,129.20,0.273786093774147,0.9887679721856185,-0.273786093774147,-0.9887679721856185
40507,0,2052,18.66,8.14,43.85,43.84,50.68,5.48,6.45,24.76,66.3,26639,154.30,-0.5354554646373639,0.2881183837515704,0.5354554646373639,-0.2881183837515704
40508,0,2996,19.29,7.94,39.3,31.85,61.78,6.37,6.13,25.96,68.45,24187,115.60,0.15469077176127222,0.4224477104293437,-0.15469077176127222,-0.4224477104293437
40509,0,1861,20.9,9.4,42.21,19.39,75.27,5.34,3.99,27.98,63.82,26733,129.20,5.730953489546664e-10,0.42058278615150524,-5.730953489546664e-10,-0.42058278615150524
40510,0,2348,20.32,8.82,42.66,20.51,73.54,5.94,3.87,25.94,67.95,24843,125.00,3.7056757662412565e-10,0.40303764280824395,-3.7056757662412565e-10,-0.40303764280824395
40511,0,2374,19.17,7.88,42.22,39.17,54.14,6.69,3.53,26.57,66.67,28415,194.90,4.417692878178059e-10,0.43271104920818015,-4.417692878178059e-10,-0.43271104920818015
40512,0,1695,19.35,7.85,39.8,23.61,70.66,5.72,2.82,24.02,69.23,22515,100.50,-0.6186319299259235,0.2659312612197494,0.6186319299259235,-0.2659312612197494
40601,2,8270,18.33,9.14,42.5,25.6,56.03,17.87,8.39,40.8,50.98,27716,158.60,2.0000000002216662,2.11288741060802,-2.2166624091823905e-10,-0.11288741060802021
40602,0,1867,19.44,8.68,41.19,34.38,56.41,9.21,1.06,27.36,62.01,22038,83.70,-0.09718738785543302,0.2166887804339933,0.09718738785543302,-0.2166887804339933
40603,0,2789,20.87,8.61,41.48,37.95,54.02,8.03,3.27,28.44,69.75,23953,69.90,-0.8234417628299759,0.40645826315977074,0.8234417628299759,-0.40645826315977074
40604,0,3163,17.42,7.33,46.79,30.87,61.23,7.9,7.8,30.79,66.77,28987,161.20,0.28177244072406005,0.7270125881316662,-0.28177244072406005,-0.7270125881316662
40605,0,1224,19.44,9.31,39.33,26.95,44.68,20.57,2.62,23.97,59.81,23123,30.70,0.42543538497405287,0.27913279852027006,-0.42543538497405287,-0.27913279852027006
40606,0,587,18.91,9.54,37.29,30.73,62.01,7.26,0.0,16.59,58.1,21142,35.70,-0.09712631150999051,0.14712406150636181,0.09712631150999051,-0.14712406150636181
40607,1,2217,19.26,7.98,41.94,26.45,66.13,7.42,3.38,29.02,62.62,26399,119.70,1.0000000003938894,0.31447261351758504,-3.9388936556861154e-10,0.685527386482415
40608,0,3046,19.93,8.11,36.45,32.8,58.2,9.0,3.4,23.46,59.2,22403,43.60,-0.06752480253473792,0.39266297445196985,0.06752480253473792,-0.39266297445196985
40609,0,2882,19.54,11.14,42.55,30.35,64.55,4.99,3.02,25.57,58.0,24662,84.00,0.2984333103556249,0.4829564224542391,-0.2984333103556249,-0.4829564224542391
40610,0,985,22.74,9.14,46.03,33.85,59.74,6.41,0.52,27.72,55.38,21696,35.70,0.12316341198167002,0.148270985937339,-0.12316341198167002,-0.148270985937339
40611,0,1618,21.14,10.07,42.42,46.77,48.46,4.77,1.69,32.46,60.31,21454,35.70,0.3236162283757711,0.3769062111665933,-0.3236162283757711,-0.3769062111665933
40612,1,3259,20.41,8.01,39.32,29.41,62.24,8.35,3.51,25.59,68.0,24604,145.80,1.0000000004404086,0.4525602634071615,-4.404085984788253e-10,0.5474397365928385
40613,0,1019,18.84,7.75,33.56,29.88,59.76,10.37,1.11,21.05,70.43,22760,43.60,-0.22769995576003943,0.16495540737092518,0.22769995576003943,-0.16495540737092518
40614,2,5608,19.42,9.43,47.97,31.42,57.12,11.46,7.92,32.69,58.92,26635,185.70,2.0000000000261835,1.4218837522019285,-2.6183499812759692e-11,0.5781162477980715
40615,1,3018,18.32,10.87,38.34,31.35,60.83,7.81,2.34,25.59,60.42,23590,70.20,0.5238522895690654,0.5016088686936285,0.4761477104309346,0.49839113130637147
40616,0,1405,20.36,9.75,41.61,40.0,52.7,7.3,0.86,30.07,70.26,23451,35.70,0.40946059737497187,0.36777193409291387,-0.40946059737497187,-0.36777193409291387
40617,0,1320,22.12,10.0,37.82,36.05,56.55,7.4,2.99,28.73,58.82,24312,35.70,0.3711075518522353,0.34361473282263233,-0.3711075518522353,-0.34361473282263233
40618,1,3019,18.22,7.22,39.4,27.51,60.75,11.74,1.77,28.7,63.61,24153,107.60,0.5156373804916843,0.43141066086937807,0.4843626195083157,0.5685893391306219
40619,0,1975,19.14,8.96,40.88,28.64,63.62,7.74,1.83,26.91,50.15,21982,48.00,-1.722586517871605e-10,0.27286251327417854,1.722586517871605e-10,-0.27286251327417854
40620,2,3152,18.56,8.63,44.03,28.27,62.07,9.66,7.56,29.17,55.33,24445,103.70,1.6117290113432592,0.5258299907780977,0.3882709886567408,1.4741700092219023
40621,0,2184,20.42,10.62,40.32,22.14,63.93,13.93,2.02,25.34,62.81,22232,43.60,0.06752480188570509,0.3396523530112747,-0.06752480188570509,-0.3396523530112747
40622,0,2197,19.62,7.01,43.09,26.74,67.91,5.35,7.34,26.35,69.79,27022,148.80,0.14112398306668616,0.38972827649038155,-0.14112398306668616,-0.38972827649038155
40623,0,1464,20.42,6.22,34.83,32.48,62.97,4.55,2.03,23.62,63.37,23660,97.30,0.3535086673792911,0.1569570305372161,-0.3535086673792911,-0.1569570305372161
40624,0,4489,20.27,8.0,42.68,49.68,43.76,6.55,6.24,28.02,74.28,27187,179.60,3.821529759306941e-10,0.8922242902955364,-3.821529759306941e-10,-0.8922242902955364
40625,1,1021,20.57,9.21,38.25,29.67,62.92,7.42,1.91,33.25,68.42,21619,35.70,0.2537116158914099,0.26999153706716683,0.7462883841085901,0.7300084629328332
40626,1,1586,22.32,7.5,40.3,32.32,62.48,5.21,0.84,25.42,57.27,21575,35.70,0.0026498418075124874,0.17152107056878907,0.9973501581924875,0.8284789294312109
40627,1,2962,18.6,9.42,38.55,27.47,65.8,6.73,4.07,25.29,64.39,23103,103.70,1.3882709885650772,0.44577975288792016,-0.38827098856507725,0.5542202471120798
40701,3,9998,20.7,11.23,44.52,23.89,48.94,26.88,16.57,37.2,53.15,27205,333.00,1.6930892852466295,2.953451049593909,1.3069107147533705,0.046548950406091194
40702,0,7575,21.48,12.01,42.01,33.45,52.61,13.88,10.96,34.21,67.7,26192,181.50,0.127601720240893,2.040906746505727,-0.127601720240893,-2.040906746505727
40703,5,14107,21.1,13.1,43.79,21.7,54.94,22.34,18.98,44.3,51.21,27773,314.00,2.9103926339929895,4.6596699693886645,2.0896073660070105,0.3403300306113355
40704,2,7452,22.03,12.69,50.18,23.22,59.11,17.43,9.69,37.56,52.67,26097,177.10,1.9999999999827338,2.2595865503492947,1.7266188478970435e-11,-0.2595865503492947
40705,4,13231,19.98,13.85,46.82,24.02,43.02,31.19,25.79,46.74,49.6,29267,593.70,3.3907422009191412,5.7736708072164316,0.6092577990808588,-1.7736708072164316
40706,0,1865,20.75,11.8,37.68,10.08,58.79,31.01,6.93,36.83,47.8,25338,181.50,-0.12760172109318368,0.4181239096019169,0.12760172109318368,-0.4181239096019169
40707,0,2030,18.67,13.55,45.92,41.18,52.42,6.41,4.3,36.07,64.81,24123,134.70,-4.996945079938087e-10,0.6372220138607456,4.996945079938087e-10,-0.6372220138607456
40708,0,2977,17.87,7.86,40.43,27.56,65.78,6.56,17.13,25.82,64.65,26095,257.30,2.539746191132508e-10,0.5263214787389857,-2.539746191132508e-10,-0.5263214787389857
40709,0,737,22.52,13.84,50.71,17.16,54.69,28.15,1.57,43.49,43.25,26993,114.20,0.10779036230651506,0.4838958320045942,-0.10779036230651506,-0.4838958320045942
40710,0,2238,16.76,8.09,36.46,28.39,61.98,9.64,8.37,27.76,62.11,23786,166.40,4.653699647860776e-11,0.2909163872677474,-4.653699647860776e-11,-0.2909163872677474
40711,1,9766,18.69,9.25,42.48,35.23,51.18,13.36,12.52,33.26,56.81,25327,221.30,0.8623041351008016,2.2072843696151305,0.13769586489919838,-1.2072843696151305
40712,0,728,22.66,14.56,48.62,26.08,57.97,15.52,3.95,39.0,42.89,27183,114.20,-0.10779036279743259,0.6400794783767467,0.10779036279743259,-0.6400794783767467
40713,0,5348,19.82,8.73,44.06,36.48,56.4,7.12,11.79,29.13,65.35,27883,245.30,0.9225072921724422,1.011720080799824,-0.9225072921724422,-1.011720080799824
40714,1,4439,17.32,8.02,44.58,31.79,57.97,10.24,13.46,32.45,60.85,25504,220.80,0.9999999999222737,0.8302556669409515,7.772626986479736e-11,0.16974433305904846
40715,0,2140,18.83,8.55,42.61,33.43,58.93,7.49,9.74,30.62,62.54,26493,221.30,0.13769586548684387,0.39505576286159183,-0.13769586548684387,-0.39505576286159183
40716,1,1163,19.35,7.82,40.17,27.06,66.58,6.37,4.61,24.73,52.79,23838,171.00,0.6416146310839057,0.2054652710209196,0.3583853689160943,0.7945347289790804
40717,1,2880,18.85,11.63,42.49,21.58,56.3,21.58,10.35,34.39,53.13,23565,289.40,0.9999999997597886,0.8306647767305425,2.4021140632157767e-10,0.1693352232694575
40718,0,1717,24.64,12.0,46.27,35.93,54.22,9.85,10.74,39.7,67.39,28476,333.00,0.8226068585178492,0.8118977174658104,-0.8226068585178492,-0.8118977174658104
40719,1,4897,19.4,10.97,42.56,36.2,56.78,7.02,5.68,34.35,62.95,24419,171.00,1.34268175510792,1.3930877986060384,-0.34268175510792,-0.3930877986060384
40720,4,7867,17.85,9.22,43.3,30.32,61.05,8.63,11.73,30.68,62.37,24631,146.40,3.9999999999019256,1.6207998162175097,9.807443746012723e-11,2.3792001837824905
40801,0,1013,13.92,7.5,39.65,23.15,72.53,4.32,1.56,26.94,66.67,23724,66.60,-0.3402518365160443,0.19907658563062525,0.3402518365160443,-0.19907658563062525
40802,0,4545,17.82,9.68,45.67,19.79,59.94,18.67,21.76,43.3,62.66,28339,219.10,2.3780266644735093e-10,1.4864489101152898,-2.3780266644735093e-10,-1.4864489101152898
40804,0,1050,22.1,8.57,39.2,34.66,60.12,5.21,3.06,17.5,65.95,19382,66.10,-0.271524927943803,0.19515652627966118,0.271524927943803,-0.19515652627966118
40805,0,2842,16.47,10.66,43.77,29.25,54.38,16.37,13.15,38.93,58.38,22525,114.30,-0.13859010625631463,0.7232050142943791,0.13859010625631463,-0.7232050142943791
40806,0,3651,21.34,10.35,38.42,31.93,62.82,5.25,1.43,27.93,71.34,21919,77.70,0.07622040363060911,0.6317421109737418,-0.07622040363060911,-0.6317421109737418
40807,0,1469,19.74,9.46,38.53,23.08,67.98,8.94,3.1,30.07,63.33,21729,77.70,-0.040280895879583056,0.24433522535310892,0.040280895879583056,-0.24433522535310892
40808,0,5226,17.39,11.42,43.86,31.31,50.48,17.19,16.6,39.47,53.34,27442,195.70,1.0157587771593057,1.587189867020757,-1.0157587771593057,-1.587189867020757
40809,0,2352,16.88,8.42,38.32,21.45,64.94,13.49,9.58,30.65,64.94,25837,90.40,2.2930812804133893e-10,0.328691563328779,-2.2930812804133893e-10,-0.328691563328779
40810,0,723,17.7,7.19,34.12,34.76,62.23,3.0,3.07,22.14,68.24,21996,66.10,-0.16225790730485556,0.05969903140461508,0.16225790730485556,-0.05969903140461508
40811,1,1696,18.34,7.25,35.98,18.41,73.33,8.25,4.15,29.08,66.35,23908,109.30,0.7462050605790758,0.20058203838565614,0.25379493942092424,0.7994179616143439
40812,0,2510,20.8,12.11,41.4,28.35,64.5,7.14,6.64,32.77,67.42,23806,74.00,0.12551260333051495,0.6487101539123148,-0.12551260333051495,-0.6487101539123148
40813,0,1403,18.03,6.2,38.46,32.99,61.2,5.81,3.05,28.26,68.05,24158,111.10,2.801225917892225e-10,0.16844504362910695,-2.801225917892225e-10,-0.16844504362910695
40814,0,1538,17.3,6.96,36.83,32.55,59.22,8.24,5.28,26.07,73.73,24978,86.00,3.1248426068941626e-10,0.18799988996293404,-3.1248426068941626e-10,-0.18799988996293404
40815,0,1301,16.99,8.46,30.97,55.39,42.67,1.94,3.54,20.09,75.22,23243,74.00,-0.36134138624666967,0.10268204270894499,0.36134138624666967,-0.10268204270894499
40816,0,2311,20.29,9.09,36.95,33.74,60.71,5.54,5.32,25.0,57.14,22103,74.40,-0.28374330789228885,0.3112997781599226,0.28374330789228885,-0.3112997781599226
40817,0,1670,18.8,9.46,34.59,29.67,63.33,7.0,6.07,27.75,61.0,22073,49.00,6.73399114248241e-11,0.23447532820618877,-6.73399114248241e-11,-0.23447532820618877
40818,0,1523,17.14,10.24,45.45,21.51,68.41,10.08,13.61,37.77,58.14,25923,74.00,0.3077257293584097,0.491853535479559,-0.3077257293584097,-0.491853535479559
40820,0,569,18.98,9.67,35.67,28.13,69.79,2.08,1.95,20.87,67.19,25448,74.00,-0.4027200674514635,0.16698031674891634,0.4027200674514635,-0.16698031674891634
40821,0,1029,20.31,7.29,42.03,41.86,50.0,8.14,5.32,27.59,73.26,23472,97.50,0.3146388789920369,0.10995489484578802,-0.3146388789920369,-0.10995489484578802
40822,0,1754,21.21,8.61,36.87,22.94,72.32,4.74,4.15,27.94,75.08,24767,73.30,0.10856032720599451,0.27505441982889856,-0.10856032720599451,-0.27505441982889856
40823,0,1153,15.87,8.85,33.53,27.85,60.53,11.38,4.88,24.31,70.22,23214,106.10,7.995382134140527e-12,0.12494689524857971,-7.995382134140527e-12,-0.12494689524857971
40824,0,2183,17.45,8.2,34.64,26.66,67.28,6.06,2.36,23.72,67.14,21584,66.10,0.01254563392528496,0.2306271591824528,-0.01254563392528496,-0.2306271591824528
40825,0,1319,16.98,6.75,35.06,37.01,58.16,4.83,6.5,27.29,67.59,25599,121.50,3.2715341546918353e-10,0.10465127683339293,-3.2715341546918353e-10,-0.10465127683339293
40826,0,584,15.75,5.99,29.88,33.17,63.82,3.02,2.43,23.44,73.87,22746,104.60,2.780158325776938e-10,0.008848702739854719,-2.780158325776938e-10,-0.008848702739854719
40827,0,3051,18.81,9.44,44.66,30.14,63.62,6.24,7.64,28.54,65.79,25155,129.40,2.0937918066010752e-11,0.5965131199930542,-2.0937918066010752e-11,-0.5965131199930542
40828,0,1097,23.97,6.93,40.2,32.0,62.67,5.33,2.16,19.89,69.33,20355,74.40,-0.6704602087055704,0.20218836564741383,0.6704602087055704,-0.20218836564741383
40829,0,1955,20.66,8.44,42.61,25.22,71.19,3.59,1.68,26.38,62.23,24232,74.00,-0.30772572892483296,0.26405717920552807,0.30772572892483296,-0.26405717920552807
40830,0,948,21.73,8.33,41.32,30.25,65.74,4.01,2.51,22.07,72.53,25290,170.60,5.793907575935009e-10,0.14700000666647495,-5.793907575935009e-10,-0.14700000666647495
40831,0,3909,17.14,10.08,39.28,25.5,64.99,9.43,5.8,29.57,63.71,24814,97.40,1.6638122084318923,0.7236073410676468,-1.6638122084318923,-0.7236073410676468
40832,1,3119,21.26,9.14,44.2,38.18,53.35,8.3,8.71,28.68,66.1,28538,175.10,1.000000000518888,0.7528369246865521,-5.188880436435284e-10,0.24716307531344794
40833,0,1675,17.19,9.97,38.51,29.17,64.83,6.0,2.31,26.42,71.8,25191,92.00,9.809930645587883e-11,0.2739353103091944,-9.809930645587883e-11,-0.2739353103091944
40834,0,893,17.13,6.16,34.88,15.58,77.27,7.14,3.31,23.19,68.51,21218,57.60,2.2423840562169062e-10,0.0807228277179941,-2.2423840562169062e-10,-0.0807228277179941
40835,0,4689,18.87,10.19,39.63,26.94,63.59,9.48,9.15,32.46,65.38,23641,74.40,0.2837433079013838,0.8699991915632944,-0.2837433079013838,-0.8699991915632944
40901,0,645,23.41,7.75,47.78,46.18,44.18,9.64,4.56,29.75,70.28,23958,146.10,-0.5008086892137396,0.16912873305159914,0.5008086892137396,-0.16912873305159914
40902,0,3834,17.27,10.51,42.36,34.76,56.3,8.94,5.37,32.21,65.24,23230,74.20,0.1612479716686135,0.6921360119377201,-0.1612479716686135,-0.6921360119377201
40903,0,860,25.47,17.56,51.46,52.65,38.43,8.93,9.33,45.02,70.95,25539,106.00,0.32633585403146803,1.005188759005456,-0.32633585403146803,-1.005188759005456
40904,0,1890,18.2,9.58,40.66,34.37,60.5,5.13,5.15,28.66,60.03,22456,82.00,0.09981991375434518,0.30697477030394227,-0.09981991375434518,-0.30697477030394227
40905,1,5011,17.76,10.14,43.93,25.13,46.43,27.71,18.87,43.57,44.26,26654,155.50,0.9999999998563815,1.432934811322141,1.4361845046551025e-10,-0.43293481132214096
40906,0,1137,18.47,10.91,48.58,49.7,43.2,7.1,0.98,35.95,65.11,24710,75.40,0.07294625896228268,0.4672693006455081,-0.07294625896228268,-0.4672693006455081
40907,0,7041,17.28,8.99,41.4,24.35,58.11,17.49,13.41,33.29,45.96,25403,161.20,0.6479701509554179,1.1331228687041104,-0.6479701509554179,-1.1331228687041104
40908,0,5976,19.39,10.64,44.61,32.63,58.47,8.9,9.08,34.33,63.35,25434,128.40,0.5376216603296289,1.672891234244406,-0.5376216603296289,-1.672891234244406
40909,0,3599,20.78,11.28,42.09,41.34,52.35,6.31,5.17,31.75,66.67,23701,118.00,-2.8711255595226248e-11,0.9894616147036371,2.8711255595226248e-11,-0.9894616147036371
40910,0,2298,20.15,7.83,42.12,32.65,58.84,8.52,7.53,25.79,59.35,25035,123.90,0.02550756324921899,0.32880322737817735,-0.02550756324921899,-0.32880322737817735
40911,0,476,16.6,10.92,40.0,43.96,51.65,4.4,4.92,28.8,74.73,23048,123.90,-0.025507563446209858,0.1597610562915972,0.025507563446209858,-0.1597610562915972
40912,0,5409,18.03,7.84,36.73,49.05,46.45,4.5,8.28,31.8,67.82,24358,128.10,9.456435634547233e-11,0.7941603539552382,-9.456435634547233e-11,-0.7941603539552382
40913,0,2951,16.71,8.95,34.44,23.5,69.13,7.38,3.53,30.2,60.16,23816,152.80,0.9078465032206307,0.3979124936034072,-0.9078465032206307,-0.3979124936034072
40914,0,649,19.26,10.63,46.15,55.93,37.08,6.69,3.16,37.54,68.39,23959,74.80,-3.78628683961324e-10,0.4932152058381126,3.78628683961324e-10,-0.4932152058381126
40915,0,1826,19.5,11.28,41.94,48.65,44.34,7.01,3.81,30.61,65.5,23537,124.80,-2.6637003713858576e-10,0.4990646538604949,2.6637003713858576e-10,-0.4990646538604949
40916,0,376,17.29,9.31,44.66,36.18,56.58,7.24,2.0,32.24,61.18,22284,75.40,-0.3064850531423886,0.15694376370159158,0.3064850531423886,-0.15694376370159158
40917,0,2941,17.44,7.89,40.5,18.77,74.14,7.09,8.14,29.83,53.7,24364,164.10,0.9104315483165291,0.422888038390966,-0.9104315483165291,-0.422888038390966
40918,0,2304,19.44,9.98,41.83,53.84,38.16,8.0,4.58,35.12,62.28,22424,74.80,-0.06956112124562885,0.6037674873098391,0.06956112124562885,-0.6037674873098391
40919,0,887,19.28,8.57,39.2,35.45,57.86,6.69,2.41,27.33,62.21,21258,82.00,-0.09981991353524045,0.17211166978205528,0.09981991353524045,-0.17211166978205528
40920,0,1961,19.48,8.92,41.4,33.19,60.06,6.75,2.34,29.61,63.73,24597,86.40,-0.12635792214312502,0.3245003714376681,0.12635792214312502,-0.3245003714376681
40921,0,838,22.08,10.86,40.08,53.58,39.49,6.93,1.71,34.57,77.83,24053,106.00,-0.32633585378332874,0.5235250915294606,0.32633585378332874,-0.5235250915294606
40922,1,2934,20.62,8.28,42.21,23.86,65.34,10.8,5.78,30.01,59.32,25917,102.80,1.0000000004401688,0.4887852350237333,-4.4016879030550626e-10,0.5112147649762667
40923,0,2356,22.45,14.3,47.73,30.72,49.16,20.12,18.06,44.14,52.77,25954,146.10,0.5008086907742708,1.0192282429738666,-0.5008086907742708,-1.0192282429738666
41001,0,1259,19.46,8.42,40.85,43.97,51.77,4.26,1.42,29.61,66.19,27000,223.00,0.9491528367827673,0.26724230104342095,-0.9491528367827673,-0.26724230104342095
41002,1,18271,16.32,8.22,42.27,31.51,50.25,17.5,9.61,36.1,52.95,25796,261.40,2.621476597108761,4.801399578643753,-1.621476597108761,-3.8013995786437533
41003,0,7444,16.86,6.17,43.63,21.73,60.83,15.48,38.46,32.59,53.56,25620,295.40,6.746070368990331e-11,1.1766308622633084,-6.746070368990331e-11,-1.1766308622633084
41004,0,1161,16.19,5.6,39.31,41.73,56.05,2.22,1.16,20.83,80.74,26872,216.40,3.4132341397707933e-10,0.1473806631951542,-3.4132341397707933e-10,-0.1473806631951542
41005,6,12184,17.34,9.27,44.25,30.66,51.11,17.93,15.39,36.58,50.41,26803,264.50,2.2968072993513404,3.117989723016854,3.7031927006486596,2.882010276983146
41006,1,1455,19.18,7.15,41.89,46.59,49.51,3.9,4.75,22.73,76.8,29107,209.20,1.0000000005683862,0.5032180201313187,-5.683862269734163e-10,0.49678197986868133
41007,2,6571,18.64,8.89,46.97,35.46,51.34,13.04,11.92,34.26,58.48,27906,356.70,2.0000000000676756,1.790931211727142,-6.767564286747074e-11,0.2090687882728579
41008,2,2085,17.27,6.86,42.81,42.34,54.38,3.28,8.55,25.0,75.0,26714,141.70,-0.938683430178413,0.3062916505494695,2.938683430178413,1.6937083494505305
41009,0,3090,15.73,6.25,40.34,21.76,68.75,9.49,17.29,32.09,67.19,26433,193.30,0.735838055606779,0.5801528254383621,-0.735838055606779,-0.5801528254383621
41010,0,2540,20.94,10.83,46.61,37.53,56.85,5.62,14.96,25.95,67.75,30504,289.80,4.751274929049032e-10,0.7201324243848379,-4.751274929049032e-10,-0.7201324243848379
41011,2,3490,19.6,9.14,47.17,43.34,49.57,7.01,10.88,31.77,71.89,27308,192.40,1.4085979002561562,1.0093579591732345,0.5914020997438438,0.9906420408267655
41012,7,29244,17.72,9.8,44.75,26.61,55.49,16.76,23.27,39.0,60.91,32756,644.70,7.0000000005356195,7.646919383335716,-5.356195487138393e-10,-0.6469193833357156
41013,0,6318,21.38,11.84,48.56,40.76,50.53,8.61,25.98,31.79,72.02,31759,273.10,2.1342100606902363,2.388351549501926,-2.1342100606902363,-2.388351549501926
41014,1,6865,17.9,8.96,43.14,34.93,55.67,9.41,17.8,32.54,65.12,27548,254.50,0.6848347198036375,1.4138659717420345,0.3151652801963625,-0.41386597174203454
41015,0,2090,20.14,8.95,45.88,45.21,49.72,5.07,7.31,21.53,71.27,28307,265.20,1.088052251780372,0.5626441493005415,-1.088052251780372,-0.5626441493005415
41016,0,2121,18.95,9.19,43.79,39.46,57.45,3.09,5.37,32.33,68.59,27959,285.80,2.8321878176029713e-10,0.6445857081217505,-2.8321878176029713e-10,-0.6445857081217505
41017,2,7931,16.81,8.57,45.45,28.78,57.42,13.52,13.77,34.84,59.47,29152,462.10,2.0000000001408687,2.4048247406674825,-1.4086865007811866e-10,-0.40482474066748253
41018,0,2045,17.8,7.38,42.62,38.09,55.49,6.43,10.17,27.85,76.02,26006,227.80,1.908126989746961e-10,0.2704171500333925,-1.908126989746961e-10,-0.2704171500333925
41019,1,4187,19.39,8.05,44.67,43.49,51.65,4.86,14.29,23.75,78.29,28329,251.40,1.0000000003907221,1.1506877993399602,-3.907221213239609e-10,-0.15068779933996024
41020,3,5240,19.39,6.76,45.38,45.66,48.24,6.1,14.98,25.54,79.19,28446,196.40,3.0000000004422187,1.41533938928416,-4.4221870609817415e-10,1.58466061071584
41021,7,25345,17.91,9.04,43.88,25.34,56.16,17.95,13.79,36.59,49.92,25833,419.80,5.14817634117021,5.836302692836441,1.8518236588297903,1.1636973071635586
41022,0,6215,19.13,10.12,44.29,36.99,55.72,7.29,14.79,27.56,69.92,31976,343.80,5.655156343209455e-10,1.5311541450949688,-5.655156343209455e-10,-1.5311541450949688
41101,0,1288,19.02,7.53,40.48,32.06,62.68,5.26,1.68,26.15,70.33,23385,76.10,0.12223008441113414,0.19637000330645982,-0.12223008441113414,-0.19637000330645982
41102,0,1545,20.71,5.95,40.04,34.41,59.32,6.27,6.41,22.58,65.77,25048,84.70,5.397318147970509e-10,0.19293301038423505,-5.397318147970509e-10,-0.19293301038423505
41103,2,1879,17.67,10.43,37.88,34.94,56.8,8.26,6.01,28.14,62.99,23571,72.50,0.794266980865876,0.33002944781759447,1.205733019134124,1.6699705521824055
41104,0,996,19.28,9.14,37.99,19.7,70.45,9.85,2.87,24.43,62.09,19942,28.00,-0.07449958822155622,0.1523124233737878,0.07449958822155622,-0.1523124233737878
41105,1,2925,20.89,10.63,42.17,38.17,53.68,8.06,4.26,32.38,55.89,23966,137.20,0.9999999999890203,0.771767240180336,1.0979661624332948e-11,0.22823275981966396
41106,0,3316,18.7,6.66,43.0,37.47,56.24,6.29,11.78,26.68,70.68,28646,185.30,1.2196377934148224,0.5819419922094602,-1.2196377934148224,-0.5819419922094602
41107,0,974,18.07,5.13,33.45,34.37,61.92,3.72,1.64,25.48,70.28,22949,79.50,4.3516834580259456e-10,0.09595267390148798,-4.3516834580259456e-10,-0.09595267390148798
41108,0,2372,17.58,10.12,35.98,25.92,63.8,10.12,5.79,22.78,62.27,21219,62.00,-2.0897950037124247e-10,0.35488448307124765,2.0897950037124247e-10,-0.35488448307124765
41109,0,2574,20.9,7.65,47.92,46.98,43.83,9.19,8.71,32.72,57.87,26970,185.80,-0.17869458310462427,0.5633981287781856,0.17869458310462427,-0.5633981287781856
41110,3,4329,17.97,8.82,48.85,43.27,50.84,5.82,14.57,31.26,60.8,27731,239.60,2.9999999998761613,1.1923099739836651,1.2383871705878846e-10,1.8076900260163349
41111,0,4915,18.88,9.34,46.09,30.29,55.74,13.75,12.4,36.79,56.84,26119,185.80,0.17869458461385967,1.2759021531160926,-0.17869458461385967,-1.2759021531160926
41112,2,1777,18.96,8.05,42.75,15.67,74.28,10.05,0.88,25.59,62.86,25027,85.30,2.0000000002975433,0.3407310867764166,-2.9754332331322075e-10,1.6592689132235834
41113,0,1898,15.33,7.64,34.62,22.92,71.53,5.56,3.57,23.82,64.41,22764,64.90,-1.98543403939766e-11,0.15038357078438414,1.98543403939766e-11,-0.15038357078438414
41114,1,3859,18.42,8.29,43.19,28.07,67.05,4.88,4.84,24.46,64.2,24561,174.50,0.9095100338398101,0.6424955536022077,0.0904899661601899,0.35750444639779233
41115,0,1693,18.37,7.8,38.06,29.17,62.38,8.45,0.56,20.41,69.1,21034,39.10,-0.09177758870576547,0.20616779707263533,0.09177758870576547,-0.20616779707263533
41116,3,9482,16.25,8.13,40.63,28.59,56.18,15.14,13.9,36.92,55.98,27467,216.00,3.000000000104442,2.2987249278664503,-1.0444178855095743e-10,0.7012750721335497
41117,0,1046,17.59,5.74,38.64,35.38,59.69,4.92,3.71,23.34,66.15,20875,76.10,-0.12223008408609637,0.09539733441379283,0.12223008408609637,-0.09539733441379283
41118,1,4394,18.87,7.31,40.75,33.73,62.3,3.97,6.27,22.26,73.92,26243,139.30,1.0000000004234924,0.5502113433021818,-4.234923522972167e-10,0.4497886566978182
41119,0,1975,20.41,8.46,38.77,31.53,59.51,8.96,1.14,25.21,67.85,21214,28.00,0.07449958799126222,0.2574133477876267,-0.07449958799126222,-0.2574133477876267
41120,4,4459,17.11,10.05,47.56,23.94,60.55,15.33,19.99,37.15,52.41,27915,210.20,3.99999999987209,1.4989868824735635,1.2791012693469384e-10,2.5010131175264365
41121,0,758,21.11,7.12,45.92,42.86,43.93,13.21,1.64,38.16,66.07,21816,68.90,0.08029340162907594,0.32884751036085835,-0.08029340162907594,-0.32884751036085835
41122,0,949,16.75,9.48,35.34,26.57,60.9,12.54,0.62,23.6,71.64,21498,39.10,0.09177758738853647,0.18336374474507922,-0.09177758738853647,-0.18336374474507922
41123,0,1687,18.14,8.54,41.19,33.53,61.01,5.46,5.6,27.37,63.16,23057,64.00,0.7703993784352203,0.20210996325914454,-0.7703993784352203,-0.20210996325914454
41124,1,5476,18.28,9.61,44.24,36.09,54.98,8.73,6.18,31.75,61.76,27055,187.30,1.0000000000497646,1.2859275076968424,-4.9764636855798017e-11,-0.2859275076968424
41125,1,2879,18.3,8.82,41.45,32.93,52.93,14.13,6.48,25.39,59.78,22563,68.90,0.1478178926780398,0.43932328770926554,0.8521821073219602,0.5606767122907345
41126,0,1540,18.83,6.43,40.74,37.08,58.26,4.45,3.44,22.83,63.77,23305,76.10,0.06889363613549726,0.17327790653968123,-0.06889363613549726,-0.17327790653968123
41201,0,797,14.18,7.53,31.58,21.8,74.06,4.14,9.8,25.41,63.91,21417,50.80,0.29325862726662955,0.1438958421050074,-0.29325862726662955,-0.1438958421050074
41202,0,1102,20.05,8.8,42.73,33.86,58.79,7.35,6.97,30.37,63.52,22129,53.10,0.03592559828470243,0.2226551846313055,-0.03592559828470243,-0.2226551846313055
41203,1,3248,17.73,7.67,41.17,29.54,57.78,12.6,15.91,31.61,69.16,23629,91.30,1.0855563191421584,0.611467627649855,-0.08555631914215844,0.38853237235014504
41204,1,3532,18.57,10.39,40.34,26.92,66.37,6.71,9.31,33.06,60.07,23583,83.20,0.5813856643522737,0.6792213314709696,0.4186143356477263,0.32077866852903036
41205,0,911,16.36,6.15,38.41,31.21,66.67,2.12,7.91,24.44,82.12,23740,75.50,2.064481918750971e-10,0.1430750130600842,-2.064481918750971e-10,-0.1430750130600842
41206,0,484,21.28,11.57,40.82,24.29,71.19,4.52,9.55,25.87,64.41,22488,83.20,0.16346233766969753,0.2662758843929144,-0.16346233766969753,-0.2662758843929144
41207,0,1444,17.73,9.42,41.49,25.0,65.37,9.44,5.22,36.25,59.81,23217,73.60,0.6060262652668467,0.4101566056333412,-0.6060262652668467,-0.4101566056333412
41208,1,1190,17.31,9.83,39.14,30.36,59.15,10.27,6.59,31.72,56.47,24039,73.60,0.6192918753551506,0.3364169152768839,0.3807081246448494,0.6635830847231161
41209,0,2343,18.01,8.79,40.94,21.55,73.77,4.68,8.21,25.67,67.1,24358,160.10,-0.15270601104010062,0.36921736042905917,0.15270601104010062,-0.36921736042905917
41210,0,661,16.04,9.08,40.1,30.67,65.0,4.33,3.26,28.99,69.0,23257,62.60,-0.18574354191382092,0.1359476139953253,0.18574354191382092,-0.1359476139953253
41211,0,803,17.93,7.22,37.45,26.79,67.29,5.92,0.62,27.38,64.49,22650,68.50,0.5683083752162883,0.08848228357333854,-0.5683083752162883,-0.08848228357333854
41212,0,1322,18.68,9.83,39.22,26.13,68.47,5.41,4.37,30.55,53.6,22441,53.10,-0.029446264536291622,0.2940017318144248,0.029446264536291622,-0.2940017318144248
41213,1,2205,19.59,9.48,36.16,19.7,68.47,11.82,4.5,28.81,65.76,22000,63.60,0.1644318999749519,0.3420143123315774,0.8355681000250481,0.6579856876684226
41214,0,2356,19.57,10.82,41.87,30.49,64.85,4.66,5.78,29.44,69.74,23803,125.60,2.9180213800827914e-11,0.4822749506504247,-2.9180213800827914e-11,-0.4822749506504247
41215,0,2444,19.48,7.73,36.52,19.57,72.65,7.78,6.98,30.54,65.41,22281,69.40,3.50322437725481e-10,0.3189862335329843,-3.50322437725481e-10,-0.3189862335329843
41216,0,327,18.35,9.79,39.22,20.51,70.94,8.55,6.98,20.93,70.94,22318,62.60,-0.29771530260630996,0.13847376880030993,0.29771530260630996,-0.13847376880030993
41217,0,719,22.67,9.18,45.05,50.87,46.02,3.11,4.28,27.87,69.9,25249,62.60,-0.05251463598365014,0.27883748736498937,0.05251463598365014,-0.27883748736498937
41218,0,2529,21.08,7.95,42.66,31.52,63.47,5.02,11.31,26.86,74.59,26667,136.60,1.0373372556042764,0.3990225703231277,-1.0373372556042764,-0.3990225703231277
41219,0,1715,18.19,13.18,46.71,31.52,55.34,12.96,11.65,39.67,62.17,20910,78.20,0.8319332535581463,0.5802207070179349,-0.8319332535581463,-0.5802207070179349
41220,0,1388,16.64,7.28,41.21,33.26,57.51,9.24,5.18,31.56,61.43,21734,53.10,0.033586557806486894,0.1682521280336453,-0.033586557806486894,-0.1682521280336453
41221,0,1092,16.21,7.6,36.91,27.71,68.43,3.86,3.35,24.4,75.66,23580,62.40,-0.1906680837046668,0.10106435608246445,0.1906680837046668,-0.10106435608246445
41222,0,661,21.18,8.17,37.11,17.15,77.74,5.11,8.11,27.8,74.09,22100,73.30,-0.10856032736379895,0.1758584385244708,0.10856032736379895,-0.1758584385244708
41223,0,1038,21.58,8.57,38.49,23.58,70.73,5.69,5.69,28.61,63.69,23612,52.00,0.055713099755147155,0.18408955166093965,-0.055713099755147155,-0.18408955166093965
41224,0,1666,19.39,7.92,42.01,21.4,73.18,5.43,4.48,28.25,68.22,22571,48.80,0.6653301783758572,0.2556720911745204,-0.6653301783758572,-0.2556720911745204
41225,1,12766,17.09,11.15,44.94,22.09,52.54,24.49,18.34,46.54,50.3,26584,256.10,0.9999999997827498,3.2449017944436034,2.1725021781549003e-10,-2.2449017944436034
41226,0,526,21.67,12.93,44.03,31.84,62.69,5.47,10.39,32.48,59.2,24844,78.20,0.5620619594114284,0.41205053681297665,-0.5620619594114284,-0.41205053681297665
41227,0,904,16.37,5.86,33.83,25.0,67.25,7.75,3.55,21.6,69.37,23456,83.20,-0.020390812198733954,0.11062485258428323,0.020390812198733954,-0.11062485258428323
41228,0,2218,16.55,6.4,37.34,22.39,71.28,6.33,15.04,29.83,70.54,25091,111.70,0.16862527636807378,0.3156894628247846,-0.16862527636807378,-0.3156894628247846
41229,0,1230,17.48,7.64,37.6,28.04,66.36,5.61,2.52,24.79,70.56,22317,52.00,-0.05571309991269224,0.12018623166292852,0.05571309991269224,-0.12018623166292852
41230,0,789,19.9,7.73,43.39,22.94,63.61,13.46,5.03,25.47,71.87,23025,73.60,0.38070812458483516,0.23946736854187867,-0.38070812458483516,-0.23946736854187867
41231,0,2437,18.05,8.29,36.89,33.81,61.78,4.41,2.28,26.7,67.51,21914,51.40,0.6771872722939047,0.24283151641540024,-0.6771872722939047,-0.24283151641540024
41232,0,1587,18.15,10.4,44.47,30.91,63.52,5.56,12.29,26.73,70.79,28892,148.30,2.4710189450161124e-10,0.49138880506154103,-2.4710189450161124e-10,-0.49138880506154103
41233,0,1661,16.86,8.01,38.04,28.1,66.67,5.23,10.7,25.84,70.59,22717,82.60,-1.6768808563938364e-11,0.18344768581134296,1.6768808563938364e-11,-0.18344768581134296
41234,0,2299,19.57,7.96,36.67,24.26,70.47,5.26,4.59,30.21,61.36,22293,53.10,-0.05756360523484183,0.3322425326800066,0.05756360523484183,-0.3322425326800066
41235,0,609,16.42,10.67,42.31,18.8,44.44,36.32,3.81,22.88,76.92,23320,62.60,0.5359734783545687,0.10817008494317926,-0.5359734783545687,-0.10817008494317926
41236,0,574,20.73,6.45,36.08,35.84,57.96,6.19,3.1,29.96,74.34,21498,68.50,0.5723902570928683,0.1220629692327162,-0.5723902570928683,-0.1220629692327162
41304,1,2284,18.78,8.54,38.02,30.09,61.13,8.77,5.49,28.41,50.61,24879,57.50,-0.20398817424248783,0.3156000918507055,1.2039881742424878,0.6843999081492945
41305,0,1199,17.01,6.51,36.89,15.14,75.2,9.66,7.59,31.22,55.35,21816,53.40,0.07690275611831687,0.14823902684236567,-0.07690275611831687,-0.14823902684236567
41306,0,446,21.52,8.74,38.64,32.54,63.91,3.55,1.19,25.6,65.68,20532,26.00,0.5571747008583454,0.11950426257620572,-0.5571747008583454,-0.11950426257620572
41307,0,616,15.1,8.28,39.43,27.66,64.89,7.45,2.54,25.42,56.38,19596,53.40,-0.10965798044121833,0.15045488979966648,0.10965798044121833,-0.15045488979966648
41309,0,2581,20.38,12.82,43.85,35.38,55.27,9.34,5.31,34.08,60.22,24956,32.20,1.0101010701275648,0.7662760614611455,-1.0101010701275648,-0.7662760614611455
41311,0,421,15.68,6.89,36.07,26.28,62.77,10.95,1.32,20.53,64.23,18531,26.00,0.47392918506335135,0.07711494295002241,-0.47392918506335135,-0.07711494295002241
41312,0,1547,20.49,9.24,42.06,36.05,57.79,6.16,2.57,26.32,59.6,21184,39.40,0.20357884939961401,0.21787225592475457,-0.20357884939961401,-0.21787225592475457
41313,0,1528,21.47,9.69,42.48,18.8,71.62,9.57,1.71,28.99,58.46,20974,23.80,1.2855847920702974,0.2301813845396108,-1.2855847920702974,-0.2301813845396108
41314,0,1071,21.29,7.56,43.46,34.6,59.09,6.06,1.75,32.97,55.3,22667,39.40,0.2822075005668836,0.21305423434780968,-0.2822075005668836,-0.21305423434780968
41315,1,1376,20.71,8.14,43.4,29.98,60.51,9.51,3.01,33.05,65.27,21389,27.10,-0.29392025983521286,0.3012222197063861,1.2939202598352129,0.6987777802936139
41316,0,1707,17.52,10.54,43.35,40.78,52.66,6.56,3.99,23.62,62.77,23124,52.80,-4.675602127690581e-10,0.2917651402625595,4.675602127690581e-10,-0.2917651402625595
41317,2,1542,16.73,6.87,32.96,28.54,60.28,11.18,2.78,25.04,58.68,17864,23.80,1.038412100434872,0.1858888098288516,0.9615878995651279,1.8141111901711484
41318,0,1512,18.12,12.96,35.0,33.02,53.36,13.43,4.29,34.59,55.97,24424,36.50,-1.2156498030435614e-10,0.45304625486112216,1.2156498030435614e-10,-0.45304625486112216
41319,0,481,19.13,9.36,37.24,21.02,72.73,6.25,2.73,24.04,61.36,21243,32.20,0.17098297895113035,0.10198713212272326,-0.17098297895113035,-0.10198713212272326
41320,1,641,19.5,6.24,33.33,31.84,64.13,4.04,1.3,21.74,68.61,16784,23.80,0.6760031065033907,0.14693712276392668,0.3239968934966093,0.8530628772360733
41321,0,1214,20.18,10.71,41.14,39.03,51.05,9.92,2.1,33.07,54.85,26192,57.50,1.1891643225681037e-10,0.4331134386188811,-1.1891643225681037e-10,-0.4331134386188811
41322,0,996,20.48,8.23,44.25,25.3,66.87,7.83,1.0,28.61,45.48,20767,39.40,0.07573092859349906,0.20820292356153514,-0.07573092859349906,-0.20820292356153514
41323,0,1866,18.49,7.66,35.98,32.17,64.64,3.19,1.91,27.42,64.64,23054,53.30,2.1723245424709603e-10,0.18691949659120477,-2.1723245424709603e-10,-0.18691949659120477
41324,2,743,17.36,8.61,34.38,28.09,64.42,7.49,2.18,31.41,59.18,20147,26.00,0.7295111017369695,0.16443774740693984,1.2704888982630305,1.8355622525930602
41325,0,1555,19.55,7.46,38.04,39.29,55.08,5.64,4.57,28.66,65.04,22041,32.70,0.3092012174556853,0.2176729022552738,-0.3092012174556853,-0.2176729022552738
41326,0,1562,20.1,7.68,40.35,27.21,64.46,8.33,2.41,27.56,60.2,19769,32.70,0.1541521415964855,0.20343711256726105,-0.1541521415964855,-0.20343711256726105
41327,1,1385,18.7,10.61,34.94,26.07,66.54,7.39,1.12,26.92,58.37,19300,26.00,0.7042143148073112,0.20703666578959434,0.2957856851926888,0.7929633342104057
41328,0,1546,19.6,7.05,34.57,14.62,61.99,23.2,6.16,31.65,45.61,20568,38.00,0.09534756274843836,0.1782503875414836,-0.09534756274843836,-0.1782503875414836
41329,0,1465,19.59,7.24,33.57,26.45,64.53,9.02,2.22,21.67,57.52,19680,26.00,0.5351706964706793,0.15929824550788285,-0.5351706964706793,-0.15929824550788285
41331,0,1009,19.23,7.93,36.86,35.83,55.08,9.09,2.15,30.55,59.09,22343,46.80,0.05839471311742095,0.15918684205166822,-0.05839471311742095,-0.15918684205166822
41332,0,3805,20.95,6.99,39.43,26.81,51.42,21.78,8.49,27.02,65.09,25825,63.70,0.22612688765222266,0.631472945744292,-0.22612688765222266,-0.631472945744292
41333,0,521,21.5,5.95,38.26,18.23,75.69,6.08,0.99,26.47,60.77,20979,32.20,4.812044096524914e-10,0.06378309034867935,-4.812044096524914e-10,-0.06378309034867935
41334,0,1790,17.26,8.66,38.63,25.31,65.78,8.91,2.83,33.11,51.52,22806,66.70,-1.3530154774343828e-10,0.29315433193033,1.3530154774343828e-10,-0.29315433193033
41336,0,719,16.27,7.79,37.74,35.89,58.87,5.24,2.2,25.27,75.4,22204,53.40,0.03275522427364308,0.0606994214632639,-0.03275522427364308,-0.0606994214632639
41337,0,1337,19.9,8.08,38.62,42.69,48.93,8.38,1.29,29.04,74.27,26616,46.80,0.34155133062839127,0.28242368716400634,-0.34155133062839127,-0.28242368716400634
41338,0,2246,19.86,7.7,37.91,29.6,63.2,7.2,4.41,30.28,57.33,22187,46.30,0.8510638871737122,0.3035289881577461,-0.8510638871737122,-0.3035289881577461
41341,0,576,22.4,13.54,47.93,42.81,47.4,9.79,1.5,37.45,62.08,21024,27.10,-0.025220569275676397,0.3569914711789324,0.025220569275676397,-0.3569914711789324
41342,0,2858,21.59,12.6,44.51,39.11,55.88,5.01,2.44,32.22,63.45,23556,27.10,0.025220569602064202,0.7979773385175755,-0.025220569602064202,-0.7979773385175755
41343,1,3282,20.2,10.63,39.91,38.52,53.11,8.28,4.83,37.78,60.49,24536,46.80,0.6104741840510499,0.9580141040417813,0.3895258159489501,0.041985895958218666
41344,1,5291,20.98,10.24,40.89,28.07,56.45,15.35,11.9,38.89,51.19,26697,88.70,1.8157734157344656,1.454034313067674,-0.8157734157344656,-0.45403431306767406
41345,0,1552,21.13,11.21,41.29,29.42,58.53,12.05,1.88,29.22,60.41,24124,29.60,0.09841997220371468,0.38862546387012165,-0.09841997220371468,-0.38862546387012165
41346,0,1094,20.38,10.05,41.27,31.55,58.0,10.21,1.34,27.39,65.2,22247,29.60,-0.0984199728542734,0.24777166645540183,0.0984199728542734,-0.24777166645540183
41401,0,721,18.31,8.6,41.03,27.82,67.34,4.84,5.08,33.56,66.53,22405,49.90,-2.801670007102075e-11,0.17219227810433968,2.801670007102075e-11,-0.17219227810433968
41402,0,5221,18.85,9.44,36.69,30.85,62.76,6.38,8.2,31.97,67.33,22921,81.50,1.2536638394067268e-10,0.6970426874960357,-1.2536638394067268e-10,-0.6970426874960357
41403,0,2080,19.62,9.33,41.0,39.68,55.9,4.42,4.98,29.98,78.15,23453,107.60,0.4843626193712378,0.5380494587423145,-0.4843626193712378,-0.5380494587423145
41404,0,1522,20.96,7.95,41.28,29.23,64.88,5.88,1.97,27.54,69.16,20824,45.90,0.6038421446641138,0.18228524045810635,-0.6038421446641138,-0.18228524045810635
41405,0,1088,18.2,7.17,37.95,26.78,67.81,5.41,7.38,24.7,68.06,22046,67.60,0.07354635559475042,0.11851379231638792,-0.07354635559475042,-0.11851379231638792
41406,0,1378,18.36,8.2,37.68,21.67,72.56,5.77,3.49,25.5,71.17,21707,37.60,0.22315780204415958,0.1753003296237361,-0.22315780204415958,-0.1753003296237361
41407,0,906,25.61,11.48,41.6,19.22,37.23,43.55,5.22,37.23,50.61,20679,36.60,1.5450041246367618e-10,0.35767264416530886,-1.5450041246367618e-10,-0.35767264416530886
41408,0,1780,20.39,7.19,30.29,31.73,65.11,3.16,2.51,25.15,62.56,21284,35.80,4.703384348658801e-10,0.14631107737525229,-4.703384348658801e-10,-0.14631107737525229
41409,0,2849,20.46,11.44,36.93,30.72,63.29,5.88,3.13,25.66,52.18,15588,51.60,0.46022506364865023,0.41140196392512796,-0.46022506364865023,-0.41140196392512796
41410,0,1531,21.82,10.65,41.84,42.51,52.79,4.7,4.19,34.06,64.29,15551,73.10,-6.024851728625435e-10,0.4410489621362651,6.024851728625435e-10,-0.4410489621362651
41411,0,1965,20.31,9.77,35.61,27.74,65.13,7.0,4.99,30.86,57.86,20960,40.00,0.1727040243638296,0.3595443076197037,-0.1727040243638296,-0.3595443076197037
41412,0,329,14.59,5.78,27.59,21.05,77.89,1.05,0.0,19.0,90.53,20497,37.60,-0.22315780334063895,0.1546081768546943,0.22315780334063895,-0.1546081768546943
41413,0,2575,18.83,8.74,36.93,33.18,60.63,6.19,6.35,27.16,69.51,20431,44.10,-0.0818142184240731,0.31418962313765175,0.0818142184240731,-0.31418962313765175
41414,0,2324,19.62,9.21,40.76,27.09,54.06,18.85,7.98,30.44,72.59,22818,56.30,8.554756902867666e-11,0.5470131786186755,-8.554756902867666e-11,-0.5470131786186755
41415,0,1576,19.48,7.8,36.54,19.72,70.52,9.76,1.5,23.79,71.31,21787,42.20,0.5797258501500089,0.23493791037195788,-0.5797258501500089,-0.23493791037195788
41416,0,2012,19.23,9.44,43.24,40.08,55.06,4.86,5.08,32.53,73.85,25453,67.60,0.6012276924679121,0.5718478238445,-0.6012276924679121,-0.5718478238445
41417,0,1569,18.55,10.07,32.88,24.91,70.0,5.09,4.11,27.91,68.68,19450,43.70,-0.03386854199923839,0.2088367148903557,0.03386854199923839,-0.2088367148903557
41418,0,3225,19.07,8.62,40.91,38.86,53.25,7.89,5.2,30.56,64.04,23921,71.00,3.1097934295684606,0.5362861893968601,-3.1097934295684606,-0.5362861893968601
41419,0,2029,17.1,7.64,36.27,28.85,64.97,6.18,3.53,24.69,64.15,22821,55.60,0.19707328363820942,0.21246013117508744,-0.19707328363820942,-0.21246013117508744
41420,0,1776,18.41,7.88,31.87,15.51,71.72,12.77,3.67,27.18,54.74,16613,40.00,-0.17270402413688934,0.21221034925421411,0.17270402413688934,-0.21221034925421411
41421,0,1074,20.11,8.94,38.18,31.4,63.92,4.68,4.58,30.0,65.92,21397,40.90,-0.3783945740168555,0.20246746471554622,0.3783945740168555,-0.20246746471554622
41422,1,5595,19.25,13.03,43.09,24.85,46.84,27.49,14.61,48.2,52.75,26057,155.70,1.7338167707428482,2.033006308090207,-0.7338167707428482,-1.033006308090207
41423,0,2472,17.84,10.07,36.13,29.28,62.8,7.81,2.91,29.53,59.36,18389,67.60,0.18207567589402807,0.383365875509488,-0.18207567589402807,-0.383365875509488
41424,0,892,17.15,7.96,34.52,32.08,63.29,4.62,4.08,23.99,62.43,22867,43.70,-0.026737502860713747,0.08628152011343615,0.026737502860713747,-0.08628152011343615
41425,0,1722,19.22,6.45,39.61,38.54,52.5,8.96,9.53,32.39,63.33,25351,71.80,0.39404371357253076,0.2672782078649121,-0.39404371357253076,-0.2672782078649121
41426,1,2963,18.66,10.43,40.07,28.59,63.26,8.06,5.26,29.05,67.88,22331,45.90,1.0195173004563785,0.5314888824195683,-0.01951730045637845,0.46851111758043174
41427,0,615,20.98,9.59,36.31,43.31,51.18,5.51,1.18,33.2,61.02,18620,36.60,-1.0102979705864374,0.2039970847960535,1.0102979705864374,-0.2039970847960535
41428,0,1155,25.19,8.48,39.82,34.3,58.21,7.48,1.92,28.57,66.53,21599,43.70,0.029383678366782462,0.20200511039214675,-0.029383678366782462,-0.20200511039214675
41429,0,1534,21.32,9.19,40.44,34.47,57.81,7.72,3.49,30.8,58.17,20615,55.30,-5.3438142799677735e-11,0.30584117903045316,5.3438142799677735e-11,-0.30584117903045316
41430,0,1955,17.39,12.28,33.64,26.04,64.13,9.83,3.97,29.29,69.11,22713,67.60,0.5088899335485007,0.29925650531798353,-0.5088899335485007,-0.29925650531798353
41501,0,2166,15.88,6.88,38.91,26.55,65.37,8.08,10.4,25.16,66.38,26590,140.40,2.4065194281774893e-10,0.2622835300754316,-2.4065194281774893e-10,-0.2622835300754316
41502,0,2302,20.42,7.65,46.08,28.28,65.35,6.37,9.8,22.79,62.42,26469,160.50,3.3653435593805625e-10,0.3978791196441275,-3.3653435593805625e-10,-0.3978791196441275
41503,0,5868,19.09,11.33,45.2,32.78,51.51,15.47,17.89,38.39,52.74,26617,179.50,1.9161996295501833,1.945920112109432,-1.9161996295501833,-1.945920112109432
41504,1,3460,17.75,8.03,44.76,32.95,59.49,7.47,17.22,29.11,70.04,27742,194.10,1.0000000002175948,0.808079300470677,-2.1759483104233368e-10,0.191920699529323
41505,0,1961,19.22,9.08,39.28,28.21,62.28,9.51,6.05,22.77,56.89,24137,68.10,0.11772031788886039,0.29132272847508556,-0.11772031788886039,-0.29132272847508556
41506,1,6674,21.77,10.71,45.96,38.39,52.85,8.65,15.67,31.09,72.44,27490,244.50,1.0000000003581189,1.60841481278399,-3.581188678936087e-10,-0.6084148127839899
41507,0,2636,20.49,11.12,42.4,31.19,56.94,11.88,5.93,31.6,56.16,24295,83.70,0.3210982762953716,0.6261080615424282,-0.3210982762953716,-0.6261080615424282
41508,0,1240,17.98,8.95,41.78,48.42,45.05,6.53,2.83,24.84,64.19,22302,63.40,-0.09548108282607792,0.09914882547767001,0.09548108282607792,-0.09914882547767001
41509,0,1678,22.17,8.4,46.54,17.73,53.19,29.08,9.24,32.91,60.82,26630,63.40,0.6729207889275504,0.3025596692852157,-0.6729207889275504,-0.3025596692852157
41510,0,1633,19.35,6.92,34.65,36.84,56.58,6.58,0.92,25.55,64.91,21440,83.70,-0.3210982763732968,0.19942790269225286,0.3210982763732968,-0.19942790269225286
41511,0,2359,18.69,8.94,43.81,37.62,53.45,8.93,7.03,30.5,64.41,26240,185.60,6.674483188362501e-11,0.418729069137343,-6.674483188362501e-11,-0.418729069137343
41512,1,1670,21.8,12.4,49.2,36.42,52.15,11.42,3.38,34.05,59.27,25173,63.40,0.4225602925459331,0.6682672346080052,0.5774397074540669,0.3317327653919948
41513,0,1494,17.2,6.83,38.95,37.67,56.73,5.61,7.13,29.02,69.06,25106,139.40,1.7556800457896315e-10,0.18980512181656228,-1.7556800457896315e-10,-0.18980512181656228
41514,0,3235,21.55,10.73,44.4,39.81,51.27,8.92,14.8,28.04,64.32,29462,237.50,4.694307165209466e-10,0.9532777837656587,-4.694307165209466e-10,-0.9532777837656587
41515,0,1317,18.0,8.35,37.18,32.65,63.27,4.08,4.88,26.17,66.12,25610,139.10,-0.12869541712555055,0.1207918273666766,0.12869541712555055,-0.1207918273666766
41516,3,9867,19.07,9.99,46.86,40.87,51.13,8.0,10.06,34.32,70.64,26187,181.60,2.99999999995857,2.793788358092116,4.142997056533204e-11,0.20621164190788388
41517,1,3390,19.76,11.56,42.69,32.14,56.58,11.28,9.03,34.2,62.99,24239,146.30,0.999999999922121,1.1003155268204952,7.787903655298578e-11,-0.10031552682049516
41518,1,2279,18.78,8.78,38.79,36.68,55.61,7.7,6.83,26.77,59.01,24592,91.10,0.9426052422927604,0.3520595816399854,0.05739475770723956,0.6479404183600146
41521,1,3389,18.15,10.83,44.48,40.48,51.29,8.15,9.03,28.65,68.41,27464,201.40,0.9999999999656968,0.984271010265211,3.4303226925658237e-11,0.01572898973478898
41522,1,3995,20.95,13.72,43.16,37.92,51.7,10.31,5.14,34.68,59.5,26174,59.80,0.999999999977133,1.5360113410536684,2.2867041593599424e-11,-0.5360113410536684
41601,0,4214,19.41,7.64,42.26,32.37,59.26,8.37,5.18,24.82,72.77,27121,193.10,4.6284220900361106e-10,0.6833389792823743,-4.6284220900361106e-10,-0.6833389792823743
41602,2,4835,18.24,9.49,41.78,42.94,52.69,4.37,8.61,24.58,71.98,31024,230.20,2.0000000004830962,1.3034360325028613,-4.830962296864527e-10,0.6965639674971387
41603,0,4434,17.05,10.42,42.36,24.38,60.78,14.77,11.42,36.52,53.44,26044,134.80,-1.2325607201546518e-10,1.1258648284049086,1.2325607201546518e-10,-1.1258648284049086
41604,0,2141,19.62,7.47,41.37,44.37,49.11,6.41,10.44,28.39,74.73,25230,121.20,2.801456844281347e-10,0.2881290669601412,-2.801456844281347e-10,-0.2881290669601412
41605,0,9099,18.65,8.81,43.75,36.11,57.67,6.19,13.52,27.56,68.9,28151,282.40,2.906617169173842e-10,1.3950644165934538,-2.906617169173842e-10,-1.3950644165934538
41606,2,5580,19.71,10.68,41.47,31.01,59.37,9.56,9.4,31.45,64.15,26254,156.60,0.5083950726529753,1.233033958133148,1.4916049273470247,0.766966041866852
41607,5,6747,19.31,9.97,46.46,23.3,55.55,20.96,22.88,38.08,56.04,28860,321.30,5.000000000235513,2.696344600404905,-2.35512942481364e-10,2.303655399595095
41608,0,750,23.73,8.93,47.11,36.24,54.01,9.76,9.39,25.45,63.07,26355,156.60,4.721645296967836e-10,0.193911405469678,-4.721645296967836e-10,-0.193911405469678
41609,1,5137,19.72,11.56,43.7,39.87,51.42,8.65,17.55,29.63,72.05,30603,219.60,1.0000000004129976,1.6080710876331699,-4.1299763609004003e-10,-0.6080710876331699
41610,0,973,16.96,8.12,39.66,45.74,47.61,6.65,4.34,25.47,80.85,25681,90.30,8.634692960640677e-11,0.17456392883269878,-8.634692960640677e-11,-0.17456392883269878
41611,1,2428,20.76,12.19,46.4,44.92,45.8,9.16,15.6,35.99,66.12,28825,169.50,1.0000000001529088,1.2813038264445111,-1.5290879673557356e-10,-0.28130382644451113
41612,0,2741,18.97,6.75,37.53,31.01,65.3,3.68,3.05,24.71,78.81,24749,57.90,0.09118043626777528,0.3875179790369687,-0.09118043626777528,-0.3875179790369687
41613,0,2247,19.49,8.41,43.89,38.31,53.12,8.57,9.65,33.44,73.68,28227,186.40,8.262126559077524,0.6263751386736649,-8.262126559077524,-0.6263751386736649
41614,0,2904,19.18,9.02,44.9,41.05,48.49,10.36,18.66,27.5,68.11,31842,426.50,0.7455023438421424,0.7185430357476443,-0.7455023438421424,-0.7185430357476443
41615,0,3254,21.73,8.76,42.56,34.2,56.38,9.42,4.43,30.03,66.13,25938,65.10,4.68363126060467e-10,0.549913915463305,-4.68363126060467e-10,-0.549913915463305
41616,0,588,19.73,6.29,33.75,31.58,60.77,7.66,3.86,24.64,69.86,21769,63.70,-0.6339804373596216,0.11943918587000568,0.6339804373596216,-0.11943918587000568
41617,2,4748,20.22,10.7,46.04,19.98,58.42,21.51,27.87,37.23,55.28,30728,426.50,1.254497656723867,2.288309041696607,0.745502343276133,-0.288309041696607
41618,0,4695,21.77,13.23,50.78,39.73,49.57,10.7,17.62,37.25,72.29,36757,426.50,1.4596433795290817,2.5546651599636063,-1.4596433795290817,-2.5546651599636063
41619,0,1355,20.52,6.57,42.46,36.13,56.89,6.99,11.64,29.65,72.65,27338,98.00,6.471072566682778e-10,0.30718448162755296,-6.471072566682778e-10,-0.30718448162755296
41620,0,1553,16.55,8.31,40.44,31.48,58.86,9.66,3.21,31.91,62.97,23414,64.50,-1.7609558256026503e-10,0.2981766986489006,1.7609558256026503e-10,-0.2981766986489006
41621,0,1321,21.65,8.63,47.22,36.27,53.69,10.04,10.83,33.16,63.11,27380,107.80,3.773177326138466e-10,0.38374836469320184,-3.773177326138466e-10,-0.38374836469320184
41622,0,1619,19.77,8.77,38.89,43.41,53.72,2.87,2.82,29.58,70.27,25291,63.70,-0.22612688787278756,0.22084397646023457,0.22612688787278756,-0.22084397646023457
41623,0,1115,14.8,7.17,36.45,32.24,59.45,8.31,3.27,24.77,68.26,22262,129.60,-2.197690918137596e-10,0.09113298096127886,2.197690918137596e-10,-0.09113298096127886
41624,1,5005,19.32,11.09,48.52,34.59,53.76,11.53,23.2,36.46,54.71,29907,204.30,1.967167543202713,2.2046142983792447,-0.9671675432027129,-1.2046142983792447
41626,0,4290,20.37,11.63,47.32,33.36,56.69,9.88,13.55,32.7,69.4,29098,194.70,1.7081599131109764,1.7448220734148312,-1.7081599131109764,-1.7448220734148312
41627,0,1807,19.76,7.58,41.3,38.65,52.84,8.51,10.65,32.08,63.48,26708,130.30,3.937117298846715e-10,0.2848304456008258,-3.937117298846715e-10,-0.2848304456008258
41628,0,2758,17.98,8.34,37.99,29.9,63.1,7.0,2.26,26.84,63.52,23479,56.80,0.8204593661243358,0.322532881932755,-0.8204593661243358,-0.322532881932755
41701,0,3441,21.27,10.37,45.23,36.72,54.4,8.79,3.4,35.4,58.62,24442,67.60,0.7455474610833139,0.9544123993516986,-0.7455474610833139,-0.9544123993516986
41702,1,1672,21.17,8.97,42.76,21.79,55.83,22.03,20.91,41.97,58.51,27123,385.60,1.0000000005281766,0.7299142167334989,-5.281766135567523e-10,0.2700857832665011
41703,1,9289,17.63,9.89,43.71,25.17,56.44,18.08,12.35,38.08,49.34,26176,167.50,1.1202731202873508,2.301546397060598,-0.12027312028735082,-1.3015463970605978
41704,0,1205,20.25,8.63,39.07,25.78,64.1,10.12,4.67,30.08,63.61,23235,94.80,0.3106028914664236,0.2223018890953934,-0.3106028914664236,-0.2223018890953934
41705,1,1873,17.35,7.21,38.46,36.14,56.19,7.67,5.17,25.79,70.06,26191,110.90,0.9393331288324092,0.2013361739343339,0.06066687116759084,0.7986638260656661
41706,0,1148,17.33,7.84,37.28,20.26,68.57,11.17,3.07,24.02,62.86,21233,115.60,-0.1546907720754902,0.10534479086596704,0.1546907720754902,-0.10534479086596704
41707,0,1951,17.07,6.61,38.99,26.04,70.71,3.25,5.35,22.19,75.59,25924,97.20,1.092959395557365,0.24023399259460543,-1.092959395557365,-0.24023399259460543
41708,0,1004,15.54,7.07,30.48,22.54,65.63,11.83,0.79,23.42,70.99,22165,95.30,-0.1880117118201099,0.07212158759244969,0.1880117118201099,-0.07212158759244969
41709,0,4965,19.23,9.77,38.23,22.63,69.76,7.62,4.67,30.83,58.84,22507,92.80,6.793143825234438e-11,0.7135437633933692,-6.793143825234438e-11,-0.7135437633933692
41710,0,3868,16.55,9.64,41.08,29.49,58.82,11.68,9.87,35.23,58.17,24906,138.70,2.148907260056415,0.931300163339386,-2.148907260056415,-0.931300163339386
41711,0,3123,16.71,7.52,36.88,21.23,73.65,5.12,4.65,24.52,66.16,24867,152.30,2.6845725642488105e-10,0.31127981361323287,-2.6845725642488105e-10,-0.31127981361323287
41712,0,1288,16.61,8.31,35.48,26.52,65.79,7.69,11.78,26.43,66.19,22838,414.40,-0.6067608131767326,0.1519928095706069,0.6067608131767326,-0.1519928095706069
41713,0,5252,19.15,10.07,48.46,27.6,55.25,15.93,9.22,39.94,58.48,25472,166.90,-1.0840395248123968e-10,1.394583422867796,1.0840395248123968e-10,-1.394583422867796
41714,1,799,19.15,9.64,45.02,22.22,67.74,10.04,0.65,24.76,72.04,24060,94.80,0.28405329973363,0.30135145471571567,0.71594670026637,0.6986485452842843
41715,1,3940,18.76,11.37,42.0,17.13,46.25,36.51,29.8,46.15,42.72,26233,575.20,0.9999999999110116,1.6535218897476422,8.898837222659495e-11,-0.6535218897476422
41716,1,2617,18.84,9.94,40.89,24.83,67.77,7.4,4.6,26.98,59.79,24705,85.80,1.0000000000864446,0.48992574988512705,-8.644462923257379e-11,0.510074250114873
41717,0,1156,15.66,9.43,36.28,28.65,64.59,6.76,2.34,25.0,68.92,22768,92.70,-0.40277506478072844,0.14852885478484534,0.40277506478072844,-0.14852885478484534
41718,0,1132,19.61,14.66,42.9,34.55,47.15,18.18,9.87,42.04,61.21,25687,414.40,0.31272006493206916,0.7399023415587308,-0.31272006493206916,-0.7399023415587308
41719,0,1730,17.17,6.36,34.91,25.16,63.06,11.78,11.05,31.95,60.35,24256,254.30,-0.057282274296225566,0.2556640952337542,0.057282274296225566,-0.2556640952337542
41720,0,1385,22.24,8.81,47.16,35.54,58.84,5.42,14.59,30.61,70.08,25169,94.80,0.5501756509654001,0.31212017891343213,-0.5501756509654001,-0.31212017891343213
41721,0,1771,16.32,7.74,28.14,21.44,69.07,9.49,8.04,27.93,49.38,20676,128.70,5.4072302191343624e-12,0.14138579603006085,-5.4072302191343624e-12,-0.14138579603006085
41722,0,4111,18.39,9.24,39.98,22.16,68.24,9.6,5.52,28.97,66.76,24349,86.40,0.07671867128324372,0.717736123783544,-0.07671867128324372,-0.717736123783544
41723,0,1521,18.34,9.34,39.64,31.18,61.76,7.06,7.93,26.31,63.92,22216,95.30,-1.40408573656714e-10,0.20385185872680767,1.40408573656714e-10,-0.20385185872680767
41724,0,680,17.94,9.12,37.76,31.95,65.98,2.07,2.71,24.32,78.01,27205,167.50,-0.12027312101692011,0.20244084341959012,0.12027312101692011,-0.20244084341959012
41725,0,576,18.92,5.73,39.78,34.2,61.66,4.15,2.78,18.89,78.76,25710,94.80,0.037056632588448934,0.11448965410728751,-0.037056632588448934,-0.11448965410728751
41726,0,2433,18.08,8.51,37.24,19.24,65.52,15.24,2.16,26.67,68.08,22629,82.80,0.17365168258080033,0.27749610144987535,-0.17365168258080033,-0.27749610144987535
41727,0,1092,19.14,6.04,36.42,21.75,72.03,6.21,1.96,22.14,68.08,25729,54.40,7.165095183836456e-10,0.0901483294533516,-7.165095183836456e-10,-0.0901483294533516
41728,0,666,19.07,6.76,37.88,26.85,68.06,5.09,0.88,14.04,76.39,24607,94.80,-0.1023129304659971,0.16080866955743467,0.1023129304659971,-0.16080866955743467
41729,0,529,15.12,5.67,30.77,30.86,64.0,5.14,5.03,21.89,60.0,22368,67.60,-0.09775272742967189,0.03513519835709378,0.09775272742967189,-0.03513519835709378
41730,1,1649,17.16,8.73,42.86,36.51,58.55,4.93,6.43,27.66,71.22,26319,142.10,1.0000000000497327,0.23268205693590105,-4.973266243268881e-11,0.767317943064099
41731,0,7200,16.99,7.69,40.48,28.81,63.55,7.64,12.86,27.16,68.6,25348,147.80,1.3442225110793515e-10,0.9513329331715218,-1.3442225110793515e-10,-0.9513329331715218
41732,0,2304,17.71,7.38,43.72,32.9,57.57,9.53,7.59,28.66,65.14,24504,120.70,-2.5572433060006006e-11,0.33510770984308724,2.5572433060006006e-11,-0.33510770984308724
41733,0,291,21.31,7.22,39.33,23.89,69.91,6.19,0.0,16.98,73.45,24704,94.80,-0.07957553721266031,0.1862122207523924,0.07957553721266031,-0.1862122207523924
41734,1,4935,16.94,7.09,39.58,25.26,61.79,12.95,16.92,35.11,53.91,23936,151.80,0.999999999974543,0.8890766038201627,2.545696986544499e-11,0.11092339617983726
41735,1,2648,16.43,8.91,38.66,31.64,59.1,9.25,15.56,29.85,67.86,24076,555.20,0.99999999990197,0.4846881886389678,9.803002853914222e-11,0.5153118113610322
41736,0,1413,17.41,9.7,44.36,36.7,57.09,6.21,8.03,29.95,69.51,25494,110.30,-1.4089884814438847e-10,0.26044476298735497,1.4089884814438847e-10,-0.26044476298735497
41737,1,3519,20.29,9.69,45.79,29.32,56.57,14.11,10.68,38.38,63.03,26727,277.00,1.0000000002363283,1.0564384775295084,-2.363282902706487e-10,-0.05643847752950837
41738,0,4800,16.21,9.52,43.04,13.8,64.58,21.34,14.88,40.22,54.19,24830,184.90,-1.8545698310390435e-10,1.21528197550166,1.8545698310390435e-10,-1.21528197550166
41739,1,5741,20.08,10.1,42.68,28.2,62.29,9.43,12.62,37.78,69.88,27331,225.30,1.0000000004364367,1.6340074093621004,-4.3643666458592634e-10,-0.6340074093621004
41740,0,910,19.89,13.08,42.39,37.98,49.77,11.94,10.41,41.2,62.64,27115,306.10,5.0095039227926463e-11,0.6424168075967385,-5.0095039227926463e-11,-0.6424168075967385
41741,0,1542,19.91,6.87,34.95,22.56,64.3,13.14,2.81,28.78,57.37,24533,142.00,5.835492089545369e-10,0.13790699059597222,-5.835492089545369e-10,-0.13790699059597222
41742,1,4189,16.97,7.11,33.39,27.1,61.85,11.05,17.72,29.17,65.1,23638,429.30,1.0000000002374971,0.7030305376353247,-2.374971330709741e-10,0.29696946236467525
41743,1,5913,19.58,10.49,47.04,20.58,67.96,11.35,15.16,36.91,63.57,25514,180.10,1.0000000000499245,1.546676835177101,-4.992450897134404e-11,-0.546676835177101
41744,0,1459,18.51,8.57,39.13,15.59,72.05,12.36,3.6,22.48,66.54,24467,83.20,0.2551519962933302,0.24204625156074344,-0.2551519962933302,-0.24204625156074344
41745,0,1561,19.99,12.49,46.17,30.15,51.73,18.12,14.32,43.46,62.34,27374,414.40,0.3915591273377732,0.8445310795061118,-0.3915591273377732,-0.8445310795061118
41746,0,12989,18.79,12.39,46.11,13.93,57.27,27.15,22.37,43.74,47.37,28168,291.50,3.0170681680072224,4.825459480109355,-3.0170681680072224,-4.825459480109355
41747,0,5192,16.68,9.3,39.78,26.17,62.48,11.35,9.08,30.76,65.39,24342,89.40,0.9619002142561897,0.8171968086425383,-0.9619002142561897,-0.8171968086425383
41748,0,950,19.79,9.79,42.55,20.7,71.77,7.53,2.98,21.95,69.09,21297,82.80,-0.17365168341663662,0.21935490974623417,0.17365168341663662,-0.21935490974623417
41749,0,1630,22.09,11.53,41.8,25.63,54.55,19.82,14.05,40.73,56.82,26422,414.40,0.21520168468127743,0.5381034510693093,-0.21520168468127743,-0.5381034510693093
41750,0,1997,17.28,11.17,44.4,33.29,58.9,7.81,5.31,30.74,60.64,25013,75.20,-3.283950888999243e-10,0.39547373016421583,3.283950888999243e-10,-0.39547373016421583
41751,0,1665,17.42,9.37,37.47,31.41,59.29,9.29,10.4,26.72,59.94,25474,227.70,1.0275647787447877,0.27137300733164893,-1.0275647787447877,-0.27137300733164893
41752,1,1274,19.23,8.95,44.96,29.38,65.6,5.01,1.42,26.37,62.87,24056,51.20,0.8648205243405371,0.17610497914338152,0.13517947565946287,0.8238950208566185
41801,0,622,15.27,6.75,34.83,22.79,73.49,3.72,2.14,25.21,73.02,25110,68.10,-0.11772031897459811,0.04454039223931128,0.11772031897459811,-0.04454039223931128
41802,0,725,17.66,8.83,37.02,32.95,60.85,5.81,1.44,23.47,68.99,22782,90.80,1.1297629498585593e-12,0.11340604746340399,-1.1297629498585593e-12,-0.11340604746340399
41803,0,2509,19.01,8.93,39.53,26.61,66.15,7.24,6.33,32.47,62.58,24976,108.10,1.024829229961659,0.44853471016473545,-1.024829229961659,-0.44853471016473545
41804,0,4106,19.29,10.11,43.8,31.21,64.84,3.95,5.72,25.49,75.1,27395,275.20,3.2163427476916695e-10,0.8996109174154313,-3.2163427476916695e-10,-0.8996109174154313
41805,0,2913,15.93,7.62,32.44,30.61,61.47,7.8,6.6,26.01,70.92,23724,186.80,1.7134205165802996e-10,0.33143426504538864,-1.7134205165802996e-10,-0.33143426504538864
41806,0,2366,18.09,8.5,44.76,33.18,62.85,3.97,5.56,30.14,71.5,27104,134.10,0.6599760264980361,0.44981066717037477,-0.6599760264980361,-0.44981066717037477
41807,0,1381,19.26,10.07,45.22,33.02,62.79,4.2,6.27,25.63,69.66,24999,160.10,-0.09677412153052423,0.30875160168016547,0.09677412153052423,-0.30875160168016547
41808,1,6513,18.59,9.44,42.07,32.58,61.22,6.2,15.76,25.4,68.15,28123,279.20,1.000000000319627,1.052309448190292,-3.1962699154064467e-10,-0.05230944819029193
41809,1,1167,14.74,4.46,39.22,31.32,62.36,6.32,4.18,29.7,60.99,27911,303.20,1.000000000320556,0.33185562644057287,-3.20556026167651e-10,0.6681443735594271
41810,2,3260,19.39,8.53,41.33,43.29,50.0,6.71,4.21,24.37,77.16,28822,203.10,2.760431760186634,0.8840565616665705,-0.7604317601866342,1.1159434383334295
41811,2,3912,16.21,10.1,45.81,38.26,46.28,15.36,14.69,40.7,61.55,25975,134.10,1.3400239739481847,1.247643653630154,0.6599760260518153,0.7523563463698459
41812,2,14815,16.96,7.94,41.57,36.91,54.64,8.28,11.31,30.85,63.47,26071,248.10,2.0000000000252864,2.8648172914104,-2.5286439608862565e-11,-0.8648172914104002
41813,0,996,18.07,7.13,38.83,36.22,58.38,5.41,1.53,27.04,71.62,27108,118.70,4.639435502440392e-10,0.16164208413427117,-4.639435502440392e-10,-0.16164208413427117
41814,0,1697,17.21,7.9,38.34,44.79,47.05,8.16,5.7,29.42,68.06,25487,89.80,1.0318069986271183,0.2149150875564525,-1.0318069986271183,-0.2149150875564525
41815,0,1059,18.22,6.52,40.2,31.64,64.08,4.29,4.47,24.07,65.15,25994,160.40,3.6265035419091873e-10,0.15346256922675616,-3.6265035419091873e-10,-0.15346256922675616
41816,0,2952,19.14,8.43,41.35,23.32,70.44,6.14,6.26,26.82,66.31,26710,152.60,4.575273493401255e-10,0.43682180314528074,-4.575273493401255e-10,-0.43682180314528074
41817,0,2755,16.01,8.6,39.25,26.79,60.49,12.47,5.62,29.79,51.85,26089,180.90,-2.8904878490720876e-11,0.390425196553418,2.8904878490720876e-11,-0.390425196553418
41818,0,1439,17.44,7.09,40.88,35.19,57.3,7.3,5.92,25.91,80.04,28851,247.90,5.478622000509858e-10,0.3782922017090863,-5.478622000509858e-10,-0.3782922017090863
41819,0,2254,15.62,6.39,34.48,34.97,60.54,4.49,8.32,23.68,63.95,26143,201.10,2.5436897033159767e-10,0.22388138385684986,-2.5436897033159767e-10,-0.22388138385684986
41820,0,5307,19.2,10.25,46.7,39.55,52.86,7.46,8.03,36.28,64.31,24694,130.30,0.3296163280871216,1.6056221258552745,-0.3296163280871216,-1.6056221258552745
41821,1,2458,17.29,10.05,39.46,43.03,51.39,5.58,8.91,23.25,74.63,22731,134.60,-0.5015466055134699,0.41407466293075446,1.5015466055134699,0.5859253370692455
41822,1,2775,17.95,7.93,44.81,32.78,58.22,8.99,15.43,27.91,68.52,26394,258.20,1.0000000001031708,0.4955309949838941,-1.0317080523236655e-10,0.5044690050161059
41823,0,5559,18.56,11.85,45.24,28.9,56.78,13.94,11.91,37.6,68.76,30850,343.70,3.502744760908172e-10,2.12681806414951,-3.502744760908172e-10,-2.12681806414951
41824,1,3570,17.82,8.15,44.88,42.4,52.37,5.23,5.52,25.43,76.72,26626,233.40,1.0000000000813785,0.6038564046152453,-8.137845952660427e-11,0.39614359538475474
50101,36,157659,16.61,11.06,43.17,11.99,43.75,39.66,20.02,47.11,38.97,29258,1379.30,36.00000000007019,34.15835493928577,-7.01874114383827e-11,1.841645060714228
50201,1,6008,19.11,10.45,34.41,20.75,68.94,10.26,10.98,28.05,60.37,23320,245.70,1.0000000002175327,0.9352992742379511,-2.1753265855295467e-10,0.06470072576204888
50202,1,3793,17.32,9.86,41.94,19.67,70.1,10.22,9.5,26.51,65.38,27241,785.60,0.23017773174627365,0.8585074191333366,0.7698222682537263,0.1414925808666634
50203,0,2230,19.06,10.63,34.57,19.43,68.8,11.66,7.03,28.69,49.83,22141,288.50,2.368771845340234e-11,0.2936440862863502,-2.368771845340234e-11,-0.2936440862863502
50204,0,4510,16.03,10.07,38.97,5.82,64.38,29.62,12.6,32.97,48.2,26713,393.50,0.8651327844212684,0.9794319046893861,-0.8651327844212684,-0.9794319046893861
50205,8,21654,16.94,8.56,39.95,14.46,49.25,34.94,18.87,38.94,50.39,26441,780.20,8.000000000119632,5.7209724093539,-1.1963230406308867e-10,2.2790275906461
50206,0,863,20.28,8.81,36.25,30.0,60.81,9.19,1.51,27.84,69.73,23882,305.00,0.5717448864313095,0.1585817748646563,-0.5717448864313095,-0.1585817748646563
50207,2,7512,16.31,9.4,34.63,9.1,63.46,27.25,9.93,30.95,47.58,26408,841.10,1.6606978577179197,1.26255698963011,0.33930214228208033,0.7374430103698899
50208,0,4392,17.94,12.2,42.49,13.69,65.16,21.06,16.26,35.08,59.53,28821,785.60,0.8713332124952586,1.4130902970441812,-0.8713332124952586,-1.4130902970441812
50209,1,4919,17.26,9.21,40.38,18.29,55.7,25.63,18.59,31.91,60.29,28488,785.60,0.898489052369408,1.2516390940158049,0.10151094763059199,-0.25163909401580487
50210,0,772,21.89,9.84,42.29,19.33,65.95,14.42,7.74,28.75,65.34,24762,280.20,0.3420662213865402,0.24158312803902748,-0.3420662213865402,-0.24158312803902748
50211,1,1819,17.15,9.24,35.44,28.93,61.79,9.28,3.33,23.15,71.86,24226,305.00,0.6512034150241757,0.25502574029208,0.34879658497582433,0.74497425970792
50212,0,1512,16.6,8.86,35.42,18.2,70.31,11.49,5.18,27.71,59.39,25365,393.50,2.255706732512408e-10,0.16290019790465382,-2.255706732512408e-10,-0.16290019790465382
50213,1,2131,16.38,10.18,38.4,8.61,64.7,26.69,8.42,32.47,50.51,27063,841.10,1.3393021404265522,0.5595858680582613,-0.33930214042655216,0.44041413194173873
50301,4,4425,18.1,12.47,40.36,13.99,62.44,23.49,17.6,37.02,56.91,31822,1804.20,4.000000000513056,2.1475179432451577,-5.130562641397773e-10,1.8524820567548423
50302,0,3733,18.78,9.32,41.15,13.35,64.27,22.38,17.97,33.84,53.68,27636,548.00,3.732250064558684e-10,0.9764021951755372,-3.732250064558684e-10,-0.9764021951755372
50303,3,5717,17.49,10.08,40.46,12.95,63.71,23.2,19.24,33.93,53.01,30598,707.70,3.0000000004698544,2.1025946258451107,-4.698543776271435e-10,0.8974053741548893
50304,0,1776,18.47,8.5,40.08,27.36,64.16,8.48,4.58,28.53,68.32,25707,176.40,2.9738167484083533e-10,0.2077550844788475,-2.9738167484083533e-10,-0.2077550844788475
50305,2,5052,18.8,9.09,43.66,23.66,58.71,17.63,11.43,30.19,65.91,26034,315.30,2.000000000169332,0.9388376257832785,-1.6933210389424858e-10,1.0611623742167215
50306,1,1605,18.94,8.66,38.16,16.49,75.54,7.97,5.32,23.47,72.46,24707,239.70,0.7669726155205403,0.24849379391429538,0.2330273844794597,0.7515062060857046
50307,2,1458,17.7,10.01,41.65,16.01,67.98,16.01,6.51,28.74,66.48,27568,256.30,2.0000000002982414,0.6127949435195935,-2.9824143155110505e-10,1.3872050564804064
50308,0,3141,17.57,10.98,42.34,17.11,60.63,22.06,13.82,32.54,58.0,30594,777.10,3.5722003133287217e-10,1.12436595368348,-3.5722003133287217e-10,-1.12436595368348
50309,0,5453,19.66,11.5,44.14,19.61,53.53,26.66,22.84,39.1,56.68,31962,998.30,5.454445783925621e-10,2.063486150330186,-5.454445783925621e-10,-2.063486150330186
50310,1,7134,16.62,10.08,38.51,21.4,62.22,16.33,18.84,29.05,62.67,27150,434.10,1.8042722998737561,1.6294042493424528,-0.8042722998737561,-0.6294042493424528
50311,0,3143,19.03,7.45,38.09,22.92,68.36,8.72,10.64,24.22,69.74,25197,256.30,1.7065856647402224,0.378959747606633,-1.7065856647402224,-0.378959747606633
50312,1,1731,17.04,8.49,40.6,6.57,44.22,49.0,18.66,36.86,49.0,26236,578.20,1.0000000000589253,0.48432788470089094,-5.892530907658511e-11,0.5156721152991091
50313,0,767,16.04,8.87,30.37,18.32,69.47,12.21,4.55,31.17,60.31,23965,270.10,2.3648460967251594e-10,0.1353179422473041,-2.3648460967251594e-10,-0.1353179422473041
50314,0,7376,18.49,10.64,42.72,17.13,54.73,27.69,24.78,39.21,49.26,28385,711.10,0.24174328395662492,2.0800681481115637,-0.24174328395662492,-2.0800681481115637
50315,0,2728,19.24,12.72,40.36,14.95,59.53,25.38,18.62,36.96,51.71,27968,711.10,-0.24174328397048228,0.9525556526103529,0.24174328397048228,-0.9525556526103529
50316,5,4270,17.38,10.35,40.69,20.8,56.91,22.29,17.42,33.39,56.28,29833,494.40,1.916237699381913,1.6823403561571404,3.083762300618087,3.31765964384286
50317,0,5166,19.38,10.36,42.38,23.6,56.1,20.3,20.05,31.12,61.63,27364,509.60,2.509832341957008e-10,1.3154975205612145,-2.509832341957008e-10,-1.3154975205612145
50318,0,472,20.97,6.14,33.56,21.31,66.67,12.02,1.27,17.39,69.95,25572,305.00,0.34879658309633044,0.09141301684311132,-0.34879658309633044,-0.09141301684311132
50319,1,3625,16.74,10.79,40.06,27.54,56.48,15.88,20.92,32.39,61.28,26780,442.20,0.564445433376159,0.9256206350836287,0.43555456662384096,0.07437936491637132
50320,0,2742,17.47,9.41,33.25,22.07,70.16,7.77,6.23,27.83,65.09,26167,272.40,1.0286661312594294,0.4091949802207532,-1.0286661312594294,-0.4091949802207532
50321,1,3714,17.23,8.13,37.74,19.85,62.1,17.88,12.31,26.46,64.5,29800,589.70,1.0000000006265903,1.059163213618001,-6.26590335173205e-10,-0.05916321361800092
50322,0,4108,17.99,7.35,38.67,23.27,66.77,9.96,5.27,26.14,68.82,25580,324.30,3.991704744521485e-10,0.5393208907332101,-3.991704744521485e-10,-0.5393208907332101
50323,2,3538,19.11,11.14,41.01,26.25,55.33,18.33,17.63,36.34,62.08,28608,579.60,2.0000000003381775,1.3369165591789716,-3.381774860145015e-10,0.6630834408210284
50324,1,6657,17.28,7.9,37.88,13.38,65.52,21.04,21.87,33.3,63.57,25386,372.50,1.0000000003073826,1.1024474432729028,-3.0738256384665874e-10,-0.10244744327290278
50325,1,2552,17.67,8.35,36.28,25.33,63.92,10.75,6.83,24.41,73.84,23739,270.10,0.062464220106368984,0.33923027312391785,0.937535779893631,0.6607697268760822
50326,0,6058,18.64,9.9,41.65,17.21,52.24,30.48,23.56,36.69,55.29,26133,644.20,1.0501111091798521e-10,1.4851465874832575,-1.0501111091798521e-10,-1.4851465874832575
50327,0,5036,17.63,8.48,38.48,18.3,61.5,20.21,24.82,33.41,56.28,26208,327.00,2.432347656622369e-10,0.8375366535930051,-2.432347656622369e-10,-0.8375366535930051
50328,0,1291,17.43,8.99,38.29,28.97,52.56,18.46,17.6,32.73,63.59,28662,442.20,0.4355545663850169,0.4743318190494016,-0.4355545663850169,-0.4743318190494016
50329,1,3227,18.78,7.53,39.45,23.94,64.14,11.92,10.78,25.81,71.36,23963,183.20,1.0000000002917684,0.5408340837503086,-2.9176838722833054e-10,0.4591659162496914
50330,0,4042,20.68,11.9,37.68,20.99,55.34,23.36,15.39,40.82,58.21,26174,599.10,1.8898293947529696,1.148299615514336,-1.8898293947529696,-1.148299615514336
50331,0,1144,16.96,6.99,37.13,16.71,61.37,21.92,5.61,23.67,70.41,23913,272.40,0.9563709520901309,0.14058661848083132,-0.9563709520901309,-0.14058661848083132
50332,1,2035,20.39,7.86,42.78,13.65,53.71,32.64,10.56,33.75,53.12,27006,466.30,1.6060309436779168,0.3953042689247689,-0.6060309436779168,0.6046957310752311
50335,2,8194,16.5,6.72,37.76,22.18,60.87,16.95,12.72,29.44,58.47,24645,285.00,1.5472912115779298,1.27405951222052,0.4527087884220702,0.72594048777948
50336,2,3748,18.89,11.71,36.03,24.65,58.14,17.07,10.66,35.41,55.31,24807,353.70,2.00000000009587,1.024190217361877,-9.586997862243152e-11,0.9758097826381229
50337,3,6229,16.38,8.85,38.62,37.37,52.03,10.56,16.53,30.28,65.08,24937,445.10,2.999999999891082,1.114671518371948,1.0891820778624606e-10,1.885328481628052
50338,8,14413,17.06,8.78,41.74,19.08,51.92,28.91,23.89,34.57,50.02,29101,697.60,8.00000000021161,5.440681964118734,-2.1161028485039424e-10,2.559318035881266
50339,4,11708,16.59,9.22,39.63,17.29,64.74,17.9,19.95,32.37,61.01,27857,536.40,4.000000000257768,2.8830281687585675,-2.5776802914379005e-10,1.1169718312414325
50401,2,4705,16.24,8.42,38.11,8.97,49.92,40.95,21.57,33.66,41.53,24429,267.50,0.9894373827813077,0.8892648081909376,1.0105626172186923,1.1107351918090624
50402,1,6677,20.85,11.88,42.81,12.9,50.19,35.89,19.9,39.77,39.99,25937,395.20,0.9781299173618248,2.1369746688601508,0.021870082638175248,-1.1369746688601508
50403,1,4009,20.48,13.17,45.69,17.41,48.83,30.37,17.74,45.48,35.8,25750,395.20,1.0764830442482793,1.5330491382678428,-0.07648304424827934,-0.5330491382678428
50404,2,10743,18.3,11.11,43.74,16.71,49.23,32.84,18.13,37.81,29.91,25637,530.70,1.9999999996974518,2.3690060662130445,3.0254820870823096e-10,-0.36900606621304455
50405,0,1745,18.8,9.11,41.54,11.23,57.17,31.61,8.61,28.86,45.94,24564,395.20,-0.05461295330461624,0.26826796724949376,0.05461295330461624,-0.26826796724949376
50406,1,2682,14.8,6.71,37.78,13.83,68.46,17.57,13.78,29.68,51.18,23018,359.30,0.9999999998365698,0.48010552031354126,1.6343015829534124e-10,0.5198944796864587
50407,0,1507,16.46,8.23,35.77,12.99,58.26,28.57,8.48,33.56,43.6,22227,253.40,0.2775418169272168,0.16415095033266347,-0.2775418169272168,-0.16415095033266347
50408,0,3106,16.81,6.7,36.75,10.1,56.54,33.02,11.23,31.65,33.45,23825,675.90,-1.0691891816350108e-11,0.45337058933711827,1.0691891816350108e-11,-0.45337058933711827
50409,0,561,19.07,8.56,28.48,18.91,72.27,8.82,12.95,26.4,50.42,23239,253.40,-0.277541817344229,0.13933578272103797,0.277541817344229,-0.13933578272103797
50410,0,2736,18.42,7.27,38.26,17.0,68.2,14.69,13.22,27.42,63.27,25915,320.90,4.855404966974675e-10,0.4021823051761729,-4.855404966974675e-10,-0.4021823051761729
50411,0,3843,16.39,6.92,32.18,22.96,54.83,22.03,10.21,26.52,45.35,21533,283.40,0.6655519012402014,0.4865317500277808,-0.6655519012402014,-0.4865317500277808
50412,0,1490,18.86,10.87,35.86,14.66,67.87,17.47,3.37,31.38,57.03,22203,140.50,4.015276999780326e-11,0.22687201452021855,-4.015276999780326e-11,-0.22687201452021855
50413,0,885,16.95,9.83,32.94,16.86,71.43,11.71,10.37,27.05,58.0,22514,180.80,0.15616628868160554,0.15303536106282611,-0.15616628868160554,-0.15303536106282611
50414,1,832,17.31,9.01,36.07,14.89,69.1,16.01,7.96,25.75,50.84,21600,180.80,0.10213002081497713,0.1529531179759156,0.8978699791850229,0.8470468820240844
50415,0,1403,20.96,12.62,44.97,20.52,56.16,22.39,6.58,35.78,40.3,24043,245.30,0.9480886703845712,0.4773707198332502,-0.9480886703845712,-0.4773707198332502
50416,1,2614,16.18,8.88,36.33,19.07,69.47,11.47,8.16,24.03,61.07,25223,245.30,0.47043607015408817,0.24927976731220192,0.5295639298459118,0.7507202326877981
50417,1,5043,17.15,9.52,37.33,12.04,59.19,28.77,13.41,34.31,46.79,25118,267.50,0.7406909971007636,0.9486565447083085,0.2593090028992364,0.05134345529169149
50418,0,11643,17.32,8.15,40.62,15.36,48.15,35.67,21.91,35.23,38.55,27094,514.60,7.789147105086158e-11,2.388354037404066,-7.789147105086158e-11,-2.388354037404066
50419,0,1777,17.28,8.16,38.91,11.51,70.39,17.93,7.82,25.76,52.96,22161,271.50,-8.145129015701968e-11,0.20612892278611838,8.145129015701968e-11,-0.20612892278611838
50420,0,3944,18.61,8.65,40.82,15.51,61.94,22.45,17.12,28.65,50.05,24838,362.60,0.2841419409005628,0.6814605735701479,-0.2841419409005628,-0.6814605735701479
50421,1,3541,18.67,10.7,44.11,18.44,48.22,32.49,9.71,39.71,28.93,24681,362.60,0.7158580596393431,0.9605880431413244,0.2841419403606569,0.0394119568586756
50422,0,450,16.0,6.22,27.87,26.77,39.78,33.46,14.05,35.45,33.46,31395,267.50,0.7276975838547575,0.5254852069711263,-0.7276975838547575,-0.5254852069711263
50423,0,3177,18.67,10.2,39.59,13.15,62.43,24.14,14.97,31.78,49.82,22822,471.80,-9.984013615849108e-11,0.6311167161705643,9.984013615849108e-11,-0.6311167161705643
50424,1,3092,17.85,9.96,41.8,8.31,65.16,26.53,9.76,32.47,51.96,25625,245.30,1.0000000000605187,0.6225035015303809,-6.051870116152713e-11,0.3774964984696191
50425,1,1105,14.57,5.07,29.93,10.14,55.89,33.97,9.28,28.18,47.12,22575,300.00,1.078061524502619,0.06887198382358939,-0.07806152450261905,0.9311280161764106
50501,0,339,19.76,10.03,31.0,36.59,50.41,13.01,1.75,21.74,69.92,17303,122.90,0.22872330827484255,0.12066141243033024,-0.22872330827484255,-0.12066141243033024
50502,0,542,18.45,8.49,29.56,31.84,64.18,3.48,2.46,23.15,71.14,19027,60.60,-0.29764303315154983,0.10143300762592067,0.29764303315154983,-0.10143300762592067
50503,2,2507,19.27,13.68,34.44,38.91,51.13,9.84,5.86,28.73,74.1,23296,122.90,0.9976382395467418,0.5336081093727204,1.0023617604532582,1.4663918906272797
50504,0,1591,21.43,15.27,37.99,11.63,70.1,18.26,9.54,37.1,59.65,24103,134.60,1.631708101967888e-10,0.5000594032576036,-1.631708101967888e-10,-0.5000594032576036
50505,3,490,22.65,11.02,38.81,34.29,57.14,8.57,2.44,34.15,70.95,20336,60.60,0.12412250900257682,0.3384677959430823,2.875877490997423,2.661532204056918
50506,0,1060,25.57,10.38,37.82,38.84,53.0,7.94,6.01,32.52,61.8,21262,76.50,0.43448054200260167,0.37812811406332747,-0.43448054200260167,-0.37812811406332747
50507,0,768,17.19,11.85,36.11,17.07,68.64,14.29,2.62,30.94,65.16,23122,122.90,0.7736384515385808,0.18260888891879334,-0.7736384515385808,-0.18260888891879334
50508,0,778,19.15,8.1,31.6,41.16,46.6,11.9,5.76,28.57,60.88,23004,134.00,0.22038662746953896,0.19258808204524624,-0.22038662746953896,-0.19258808204524624
50509,1,3527,20.81,10.32,38.8,33.99,46.68,19.33,12.85,30.03,60.44,24089,134.00,0.7796133723631211,0.8810109862769293,0.22038662763687888,0.11898901372307069
50510,4,5784,20.45,10.87,37.88,32.9,48.32,18.49,12.89,37.69,60.6,24556,155.20,4.000000000185323,1.971000547550208,-1.8532286816252963e-10,2.028999452449792
50511,0,331,19.64,9.67,35.0,11.98,81.44,6.59,0.0,21.01,85.03,20703,76.50,3.73018949062498e-10,0.2533947456889658,-3.73018949062498e-10,-0.2533947456889658
50512,0,246,14.63,10.57,27.59,11.89,33.57,53.15,16.35,41.51,25.87,26129,267.50,1.2698716204882867,0.4184044144816921,-1.2698716204882867,-0.4184044144816921
50513,0,1024,18.46,8.69,35.35,36.47,51.85,11.68,3.74,23.47,64.96,20611,123.60,0.645275565697796,0.15708313870253865,-0.645275565697796,-0.15708313870253865
50514,0,297,18.52,11.45,38.2,25.0,57.56,17.44,0.9,22.32,55.81,18814,60.60,-0.009700344325000998,0.1478246874751048,0.009700344325000998,-0.1478246874751048
50515,0,1176,19.05,9.1,33.33,17.84,56.28,25.88,4.8,26.01,63.82,20714,60.60,0.3073433780964905,0.17041298602935706,-0.3073433780964905,-0.17041298602935706
50601,2,4121,19.17,8.86,37.35,13.86,58.21,27.72,7.38,27.72,47.12,21364,284.80,1.2512795245612107,0.5792467276384037,0.7487204754387893,1.4207532723615963
50602,1,4920,17.07,10.08,39.81,19.05,61.82,19.13,12.37,31.8,53.84,25199,254.30,0.5319063118179894,0.9049750205814098,0.4680936881820106,0.09502497941859023
50603,0,723,15.63,12.31,28.92,13.85,68.62,17.54,3.26,27.08,48.92,22198,632.70,0.2640253383588895,0.08273017043590869,-0.2640253383588895,-0.08273017043590869
50604,0,746,18.9,8.85,42.13,18.38,62.13,19.49,5.37,30.13,45.59,24922,254.30,0.03649516724942181,0.2227929086222269,-0.03649516724942181,-0.2227929086222269
50605,0,1230,20.49,8.86,38.38,5.88,59.5,34.62,10.52,28.03,46.83,21514,407.80,9.370104692152381e-11,0.1480985815885314,-9.370104692152381e-11,-0.1480985815885314
50606,1,3158,19.47,9.69,47.89,20.04,47.66,31.88,12.79,41.3,36.45,26325,639.80,0.9999999998558202,1.011611653744968,1.4417977922676073e-10,-0.011611653744967976
50607,0,821,19.0,10.96,34.85,16.76,57.17,25.88,9.57,29.94,48.04,24491,268.10,0.15335541403137398,0.15089112073360478,-0.15335541403137398,-0.15089112073360478
50608,0,1288,20.42,10.56,43.06,15.65,66.75,17.6,4.19,33.14,54.03,23047,254.30,0.04301896594659205,0.3611609039030541,-0.04301896594659205,-0.3611609039030541
50609,1,3582,18.12,8.91,38.91,12.24,67.85,19.83,11.28,27.64,50.21,23518,505.70,1.1938750653676884,0.5278211789435826,-0.1938750653676884,0.4721788210564174
50610,0,2107,18.04,13.34,41.07,14.1,58.69,27.07,8.22,30.68,45.87,23258,274.00,-4.4004444532674825e-10,0.31183330562043,4.4004444532674825e-10,-0.31183330562043
50611,0,3667,17.32,9.33,36.63,19.05,60.56,20.29,14.71,33.22,55.72,25215,632.70,0.8741509039787569,0.7244955976565008,-0.8741509039787569,-0.7244955976565008
50612,2,2265,17.7,9.4,35.62,15.84,61.93,22.14,13.78,34.42,54.1,22914,632.70,0.6770774013684004,0.6051109603527765,1.3229225986315996,1.3948890396472235
50613,2,5723,19.29,9.73,40.38,15.8,58.43,25.71,13.15,32.29,48.53,23052,321.20,1.9999999999417204,1.073452631086096,5.827960336546312e-11,0.9265473689139041
50614,1,2685,19.85,9.09,38.36,7.46,55.07,37.09,8.71,30.24,44.55,22408,288.80,1.4592386963608401,0.4274598478550564,-0.45923869636084014,0.5725401521449436
50615,0,2860,18.39,7.55,37.83,20.62,68.62,10.77,6.34,27.32,61.54,23336,284.40,2.2653701137187454e-10,0.3214252472598804,-2.2653701137187454e-10,-0.3214252472598804
50616,3,3863,19.52,10.23,42.87,19.39,65.19,15.19,9.75,27.42,61.08,24504,520.80,1.284828786090726,0.9016949874157016,1.715171213909274,2.0983050125842984
50617,0,3084,18.55,9.7,37.23,16.84,62.9,20.17,8.05,28.37,55.97,21248,303.00,-1.1326406479383877e-10,0.3715425828509925,1.1326406479383877e-10,-0.3715425828509925
50618,2,2881,19.75,8.54,41.98,13.73,44.85,39.88,18.35,41.13,31.19,25995,781.50,2.126699872956162,0.7445620326375766,-0.12669987295616192,1.2554379673624234
50619,8,17299,18.98,9.46,43.92,23.43,57.21,19.06,20.18,37.0,50.13,25303,449.30,7.999999999977089,5.974165840078076,2.291056233616473e-11,2.0258341599219243
50620,2,1218,17.57,10.1,40.46,20.05,58.49,21.46,13.59,32.69,54.25,22204,249.70,0.7491032825975967,0.3729161709400932,1.2508967174024033,1.6270838290599068
50621,1,1554,17.12,8.37,40.09,12.79,71.0,16.2,12.13,25.73,51.39,22137,419.80,2.8518236594817568,0.3258550326237012,-1.8518236594817568,0.6741449673762988
50622,0,2828,18.49,9.62,37.34,16.33,66.44,17.23,7.15,27.53,60.43,22301,254.30,0.020787105243448067,0.33019277246844203,-0.020787105243448067,-0.33019277246844203
50623,0,2034,19.52,12.14,39.76,20.25,55.19,24.43,9.12,33.57,58.35,22620,249.70,0.9524371937258476,0.48267371677163906,-0.9524371937258476,-0.48267371677163906
50624,1,3064,19.19,8.94,39.98,14.35,62.34,23.31,8.11,30.29,57.49,23616,353.50,1.0000000001492921,0.5022834379285562,-1.4929213421055465e-10,0.49771656207144377
50625,0,598,16.05,8.36,34.13,29.18,59.23,11.59,9.56,36.47,48.5,20512,632.70,0.18474635421188168,0.26351769845504946,-0.18474635421188168,-0.26351769845504946
50626,0,1132,20.32,8.57,38.17,26.39,55.18,18.43,12.94,30.5,64.02,21030,268.10,-0.1533554142561364,0.27078677377701277,0.1533554142561364,-0.27078677377701277
50627,0,416,15.87,8.89,34.96,11.2,59.2,29.6,3.4,18.92,50.4,19749,249.70,0.2984595224219486,0.06675898551614923,-0.2984595224219486,-0.06675898551614923
50628,5,10227,19.56,10.76,43.36,14.75,48.96,35.53,21.88,42.41,43.96,26043,614.00,5.000000000025264,3.126148552870121,-2.5264235148370062e-11,1.873851447129879
60101,55,305314,14.03,8.88,46.22,24.95,42.73,27.08,23.44,47.98,47.15,30166,361.50,54.999999999939575,50.1077610393871,6.042455424903892e-11,4.8922389606129
60305,0,3170,19.87,11.2,40.72,56.94,38.63,4.43,10.82,31.49,70.9,23835,79.20,1.0403291398800985,0.8979801031196684,-1.0403291398800985,-0.8979801031196684
60318,0,3670,19.07,9.95,43.73,58.22,35.48,6.3,15.35,34.22,76.1,26130,123.10,0.14374387441853642,1.334762738198285,-0.14374387441853642,-1.334762738198285
60323,0,1561,24.15,14.48,48.5,55.32,39.29,5.39,4.05,42.51,60.25,21497,36.30,0.5788588545880096,0.823009911294096,-0.5788588545880096,-0.823009911294096
60324,1,1896,19.57,11.23,42.96,60.44,35.67,3.89,6.27,33.01,77.17,23369,57.90,0.47831123700049716,0.679046824857872,0.5216887629995028,0.32095317514212796
60326,0,1675,18.57,8.66,42.69,54.15,42.31,3.54,6.93,28.53,81.69,23987,53.10,0.21906707219375576,0.3583736881723436,-0.21906707219375576,-0.3583736881723436
60329,1,1271,22.11,10.7,42.52,51.66,45.21,2.94,8.88,29.57,77.1,22153,50.80,0.7067413729925054,0.46801723695014963,0.2932586270074946,0.5319827630498504
60341,0,1649,20.86,8.67,38.75,49.78,46.95,3.27,4.56,25.23,80.09,22694,40.50,1.8986590077929577e-10,0.3050031440942007,-1.8986590077929577e-10,-0.3050031440942007
60344,4,11757,20.86,12.3,44.46,57.15,32.87,9.72,13.49,40.42,71.73,24770,83.00,2.2935356978095554,3.906389349483718,1.7064643021904446,0.09361065051628215
60345,2,6154,23.59,12.25,44.57,63.73,31.77,4.49,5.31,32.76,72.83,21248,34.70,1.9999999997222178,2.084607435418885,2.7778224165331267e-10,-0.08460743541888505
60346,2,4090,20.51,11.03,42.86,58.27,36.5,5.23,3.66,29.69,76.73,22315,79.20,0.9596708604844366,1.1034763830701735,1.0403291395155634,0.8965236169298265
60347,1,3000,22.4,12.23,43.59,67.85,28.68,3.39,1.72,28.04,80.22,22266,36.30,0.44427775538910375,0.8949229881640162,0.5557222446108963,0.10507701183598384
60348,1,3671,22.5,10.38,42.55,56.09,38.73,5.12,8.24,29.64,84.95,22702,110.60,1.00000000008197,1.0138899158299097,-8.196998635412456e-11,-0.013889915829909727
60349,4,4421,23.75,11.22,43.03,68.27,27.13,4.55,4.74,28.93,81.59,23621,54.10,2.600667710359885,1.5108941387535697,1.3993322896401148,2.48910586124643
60350,1,8783,20.78,10.78,42.8,52.64,41.41,5.95,6.61,33.15,79.55,23690,66.80,1.6452934278400653,2.439301924538105,-0.6452934278400653,-1.4393019245381051
60351,1,4297,22.39,12.19,41.43,67.24,28.33,4.37,3.23,33.5,79.36,22944,36.30,0.680428842635795,1.4923062163470755,0.31957115736420505,-0.4923062163470755
60608,2,7299,15.63,7.67,40.72,45.96,44.21,9.42,30.03,32.45,63.21,24643,274.80,1.7875041845691797,1.210307380757629,0.2124958154308203,0.789692619242371
60611,1,4220,17.8,10.76,41.89,44.08,50.65,5.27,20.22,27.77,78.44,26216,193.30,0.9865188796985613,0.960831733943396,0.013481120301438665,0.03916826605660395
60613,2,8279,17.22,9.82,44.14,45.39,41.37,12.98,16.36,39.06,64.55,26048,126.10,0.3869413677408229,2.3809369702001044,1.6130586322591771,-0.3809369702001044
60617,1,5533,19.54,9.2,42.75,37.22,56.83,5.89,17.55,30.9,76.72,29775,255.20,1.6793584485890882,1.5140640787895179,-0.6793584485890882,-0.5140640787895179
60618,0,1610,18.14,10.12,43.35,59.33,36.68,3.67,9.32,26.25,83.57,28608,117.40,-0.12009708938607311,0.7150217358199324,0.12009708938607311,-0.7150217358199324
60619,0,3803,15.51,10.2,41.62,52.39,37.73,9.8,24.08,29.1,71.29,28739,157.10,-1.8094681308866711e-10,1.0717811793262433,1.8094681308866711e-10,-1.0717811793262433
60623,1,2883,23.24,10.68,40.25,37.41,56.0,6.59,10.3,26.82,79.68,23150,182.70,1.0269435924823007,0.6865196899763049,-0.026943592482300716,0.31348031002369514
60624,1,9010,13.91,7.01,41.21,37.32,50.09,12.32,30.64,33.51,65.87,24093,189.60,0.9999999995888338,1.225964337279662,4.1116621218861837e-10,-0.22596433727966203
60626,1,3947,21.94,8.59,38.57,53.18,42.45,4.37,6.59,26.8,79.15,26418,97.50,0.685361121312182,0.7713185829227956,0.31463887868781804,0.22868141707720435
60628,0,2902,20.23,13.3,42.22,58.12,32.89,9.0,16.52,37.73,73.63,26515,148.40,-1.0975220732234447e-10,1.1788456318406582,1.0975220732234447e-10,-1.1788456318406582
60629,0,5754,17.36,11.04,47.27,55.44,38.62,5.78,24.45,34.39,75.36,27147,163.60,-3.412914395539701e-10,1.8112876266976967,3.412914395539701e-10,-1.8112876266976967
60632,0,2432,17.15,10.86,43.38,44.62,41.09,13.99,22.45,39.3,57.73,24522,126.10,-4.920064355928844e-10,0.5297292319135202,4.920064355928844e-10,-0.5297292319135202
60639,0,1504,19.02,10.31,37.74,60.26,35.43,4.3,1.69,26.01,85.76,24108,90.50,-0.0873814383523932,0.3298283248837258,0.0873814383523932,-0.3298283248837258
60641,0,1260,22.86,9.37,45.03,64.8,29.61,5.59,5.64,29.7,83.64,25800,90.50,0.08738143805534548,0.5430824173118473,-0.08738143805534548,-0.5430824173118473
60642,1,2156,21.85,11.36,42.54,49.37,44.3,6.21,10.85,34.43,75.6,27755,88.60,1.000000000409207,0.9361654018790516,-4.092068905947599e-10,0.06383459812094838
60645,0,3143,19.98,11.77,35.93,74.24,22.65,3.11,9.18,26.45,82.99,22987,82.30,1.3842816957732182,0.7993811429848827,-1.3842816957732182,-0.7993811429848827
60646,1,3029,19.87,11.26,41.33,55.9,37.75,6.35,17.27,28.09,83.9,32985,242.70,1.000000000671406,1.6151765134384561,-6.714060418744339e-10,-0.6151765134384561
60647,0,691,20.69,11.14,41.47,75.35,22.57,2.08,0.77,22.78,91.32,23443,90.50,-0.16921661762610007,0.3552600980501033,0.16921661762610007,-0.3552600980501033
60648,1,2541,20.39,11.89,41.72,53.33,42.56,4.01,10.8,24.46,79.83,29541,164.90,1.0000000003677876,1.0289270430887543,-3.6778757817046426e-10,-0.028927043088754267
60651,1,2068,20.5,13.25,48.69,48.85,44.23,6.92,12.06,33.3,71.91,23731,81.60,0.9415634081919553,0.7559409058192141,0.058436591808044724,0.24405909418078586
60653,0,4789,19.8,11.86,41.66,65.29,32.0,2.71,7.13,23.99,82.59,25712,130.90,1.3658927593534163,1.8038315994667875,-1.3658927593534163,-1.8038315994667875
60654,0,2751,21.63,12.07,42.22,58.88,32.58,8.54,8.63,24.36,80.27,27475,201.70,2.1588242304915184e-10,0.9856948147806268,-2.1588242304915184e-10,-0.9856948147806268
60655,0,2956,15.46,6.94,43.74,48.96,42.61,8.43,23.9,29.49,74.25,24997,127.10,0.1499605193599205,0.397072694513372,-0.1499605193599205,-0.397072694513372
60656,0,1684,18.11,9.62,40.56,51.28,44.23,4.49,9.12,27.46,76.12,24773,127.10,-0.14996051829880663,0.3607275191448476,0.14996051829880663,-0.3607275191448476
60659,1,4432,18.43,9.59,44.01,52.93,39.54,7.52,16.68,32.68,71.77,24264,81.60,1.058436593060323,1.1072751492051562,-0.058436593060323005,-0.10727514920515624
60660,0,3798,17.48,10.24,38.67,54.24,39.32,6.37,9.36,26.58,77.77,23654,117.20,-2.55395704584771e-10,0.7968466814559887,2.55395704584771e-10,-0.7968466814559887
60661,0,7329,18.88,9.16,40.35,55.56,40.39,4.02,7.49,27.64,76.18,25474,100.10,5.221600929417036e-11,1.2822796795121052,-5.221600929417036e-11,-1.2822796795121052
60662,1,4951,20.42,9.7,45.1,47.97,44.84,7.19,14.71,27.86,78.71,25746,121.80,1.4509669342838958,1.0904611103705286,-0.4509669342838958,-0.09046111037052862
60663,1,6690,21.67,12.2,48.16,31.34,52.35,16.31,16.68,39.01,60.86,25428,110.00,0.9999999999514042,2.320139298461162,4.859579405547265e-11,-1.3201392984611622
60664,2,12799,20.11,10.94,44.54,52.24,38.44,9.28,17.55,33.14,76.17,28099,158.80,2.0000000001534266,3.86331576549676,-1.5342660475425873e-10,-1.8633157654967598
60665,0,7398,20.09,10.52,42.11,52.96,41.8,5.24,7.55,25.75,82.01,26659,117.40,0.12009708849803324,1.7616661448011572,-0.12009708849803324,-1.7616661448011572
60666,0,2734,19.53,10.02,40.66,66.06,29.42,4.51,5.84,26.27,85.11,23923,78.30,0.645361412429315,0.7812463792777042,-0.645361412429315,-0.7812463792777042
60667,0,5060,16.28,8.4,41.56,46.92,44.01,8.52,25.29,30.67,75.15,28436,199.30,9.412914891981927e-11,1.0215889332226826,-9.412914891981927e-11,-1.0215889332226826
60668,0,3752,21.35,8.85,42.15,64.41,30.62,4.97,5.14,26.52,84.14,22071,63.00,0.4456924447250348,0.8983414109797349,-0.4456924447250348,-0.8983414109797349
60669,1,12289,17.99,8.37,42.11,43.81,45.87,10.13,25.56,32.49,73.26,28063,274.40,1.0000000002396092,2.3120631058479546,-2.39609221353021e-10,-1.3120631058479546
60670,2,7178,17.0,8.96,44.75,50.49,42.93,6.58,19.13,32.13,73.32,26334,188.70,1.7645616948473348,1.51962160056313,0.23543830515266517,0.48037839943687
61001,0,1615,19.63,13.07,41.67,62.52,31.63,5.85,16.19,28.59,83.91,23427,56.90,0.2598040834664186,0.6283491798013192,-0.2598040834664186,-0.6283491798013192
61002,0,960,23.44,13.75,44.28,65.4,28.03,6.57,3.46,34.98,71.46,23798,41.80,0.2223336029439995,0.7234598252269375,-0.2223336029439995,-0.7234598252269375
61007,1,1394,21.09,8.82,39.67,57.19,40.5,2.31,7.89,26.79,84.9,22662,106.80,1.0000000001351417,0.32932062445407306,-1.3514167562789225e-10,0.6706793755459269
61008,0,1310,15.73,7.71,36.7,61.15,35.46,3.4,3.47,26.42,74.1,20945,43.50,-0.08919057862130408,0.05311224742890586,0.08919057862130408,-0.05311224742890586
61012,0,2876,15.33,8.07,40.2,59.11,36.33,4.56,15.12,33.03,70.79,21691,112.00,1.1106798586570559,0.5271729053410669,-1.1106798586570559,-0.5271729053410669
61013,0,2232,22.18,9.95,39.51,65.68,31.47,2.85,0.78,29.75,78.78,21582,53.00,-0.18790496198241335,0.5466015583768007,0.18790496198241335,-0.5466015583768007
61016,0,1997,19.83,10.42,43.04,56.05,38.6,5.35,0.97,26.82,74.01,21573,66.50,1.3824019740305982,0.3646039285560273,-1.3824019740305982,-0.3646039285560273
61017,0,1574,17.98,7.94,37.47,53.5,36.07,10.43,5.09,25.08,80.17,21805,126.70,-1.715765307608308e-10,0.22162675154780387,1.715765307608308e-10,-0.22162675154780387
61019,1,1175,24.09,10.47,45.27,73.58,22.31,4.11,0.81,32.39,82.28,22390,57.90,0.32288025359233075,0.5791110357593543,0.6771197464076693,0.4208889642406457
61020,0,1373,19.52,7.79,46.02,55.14,40.72,4.14,4.44,30.85,74.59,24000,97.20,1.3003042616946363,0.39908285948687394,-1.3003042616946363,-0.39908285948687394
61021,1,2260,19.96,9.34,45.01,63.87,32.33,3.8,7.54,29.57,72.71,24305,74.90,0.9999999997724043,0.7331988496230304,2.275957200481571e-10,0.2668011503769696
61024,0,2021,23.26,11.88,43.52,65.68,32.19,2.12,1.01,29.17,81.84,18975,41.80,-0.22233360242119282,0.5604673452480867,0.22233360242119282,-0.5604673452480867
61027,0,1647,18.46,8.74,43.75,56.18,41.16,2.66,3.25,27.01,84.51,23095,56.90,-0.17911328470859011,0.28915372604839795,0.17911328470859011,-0.28915372604839795
61030,0,1730,21.91,12.37,39.13,63.99,30.03,5.85,2.9,28.01,81.42,20088,57.90,0.2697967832631214,0.5352225110016474,-0.2697967832631214,-0.5352225110016474
61032,0,1961,21.47,10.66,40.98,64.64,31.34,4.02,1.2,25.46,82.32,20154,41.80,-0.2302710405878461,0.4023963369013115,0.2302710405878461,-0.4023963369013115
61033,1,2345,22.22,10.75,47.83,71.0,27.27,1.74,2.01,30.7,89.5,23171,72.20,0.999999999797895,0.996965165975815,2.021049994027635e-10,0.003034834024185029
61043,1,3959,20.08,8.79,46.01,58.37,38.06,3.57,13.13,29.39,78.38,22021,119.50,1.1307117046509259,1.073023209061286,-0.13071170465092585,-0.0730232090612859
61045,1,6524,18.42,8.95,45.29,54.32,35.15,10.53,19.93,38.41,69.36,23812,151.50,0.9999999996421156,1.4813201257378814,3.5788438879080786e-10,-0.4813201257378814
61049,0,2410,21.49,10.29,45.97,55.08,36.56,8.26,6.95,37.58,61.44,22226,63.60,0.5126764369856129,0.8126338788959357,-0.5126764369856129,-0.8126338788959357
61050,0,3144,21.76,11.9,41.36,48.57,46.05,5.3,3.8,30.77,77.26,20616,63.60,0.322891661714225,0.7954429600839534,-0.322891661714225,-0.7954429600839534
61051,1,2811,20.99,9.46,43.3,59.36,36.14,4.5,7.16,32.46,76.61,22955,57.90,0.4429133137209167,0.7303419410941152,0.5570866862790833,0.2696580589058848
61052,1,2928,19.33,9.67,41.97,57.58,38.84,3.49,8.93,29.41,79.8,23881,63.00,0.5543075560127022,0.752705445361892,0.4456924439872978,0.247294554638108
61053,1,13517,19.09,9.96,46.32,43.28,43.8,12.74,17.56,41.42,64.0,24117,165.30,0.9999999997163709,3.0493809585749334,2.836291201901986e-10,-2.0493809585749334
61054,0,3535,20.48,10.69,40.15,60.49,33.04,6.4,4.62,29.46,75.82,20210,49.90,0.3050313352290708,0.7075473153476426,-0.3050313352290708,-0.7075473153476426
61055,0,1614,18.71,8.86,42.8,61.83,35.07,2.94,7.01,27.24,75.53,23737,56.90,-0.08069079868580964,0.2860064929918307,0.08069079868580964,-0.2860064929918307
61057,0,2361,20.97,11.35,40.61,61.34,35.16,3.5,4.19,23.76,85.32,20650,43.50,0.08919057863490032,0.44001390977771637,-0.08919057863490032,-0.44001390977771637
61059,1,5745,18.43,9.71,43.43,41.75,52.11,6.15,14.68,32.92,72.09,24139,128.40,0.4623783404649302,1.262026431438363,0.5376216595350698,-0.2620264314383629
61060,1,4426,20.72,10.66,40.24,64.15,33.03,2.82,3.15,25.7,80.29,20316,48.30,0.9664117257658145,1.001022253511525,0.03358827423418553,-0.001022253511524962
61061,5,6535,19.3,8.4,42.63,64.36,31.89,3.74,7.06,31.05,74.64,23121,62.50,4.999999999765226,1.9548187796536651,2.347739780361735e-10,3.045181220346335
61101,3,3362,27.57,23.23,61.78,28.43,51.36,19.76,7.03,49.97,34.69,27724,38.40,1.9757806277312966,1.6427672852909176,1.0242193722687034,1.3572327147090824
61105,1,1040,21.15,18.37,54.64,28.18,60.16,11.65,14.94,42.24,53.39,26657,38.40,1.3597762987461408,0.6515442749290429,-0.3597762987461408,0.3484557250709571
61106,0,1671,18.79,13.7,42.2,53.24,42.38,4.37,7.16,32.1,75.11,24062,67.00,0.7615972184660453,0.5844808504731078,-0.7615972184660453,-0.5844808504731078
61107,0,1339,20.91,11.05,45.67,46.69,45.56,7.75,6.95,29.73,66.16,24784,66.00,-1.1211120920506801e-10,0.45896380389044067,1.1211120920506801e-10,-0.45896380389044067
61108,8,24561,18.83,12.3,53.02,22.0,44.57,30.12,13.77,48.55,43.0,25973,102.90,4.03657112501992,5.141904727637878,3.96342887498008,2.858095272362122
61109,0,1656,23.25,14.61,51.38,33.65,53.49,12.86,11.21,38.59,56.98,23748,38.40,1.020406033580377,0.7553446795108263,-1.020406033580377,-0.7553446795108263
61110,2,2346,20.25,13.43,54.43,38.66,42.81,18.53,18.98,46.15,42.65,24292,67.00,1.3674596786300253,1.1666411988337655,0.6325403213699747,0.8333588011662345
61111,1,1553,21.64,12.3,51.73,27.35,66.28,6.38,21.33,32.97,72.32,28376,67.00,1.0140733805145157,0.9591151340343174,-0.014073380514515677,0.04088486596568264
61112,2,474,28.9,17.72,53.25,64.23,30.0,5.77,1.63,36.18,66.92,25161,38.40,0.9635421484295108,0.9196247516335133,1.0364578515704892,1.0803752483664866
61113,1,3027,21.14,11.43,50.57,31.85,54.12,14.03,21.03,40.23,62.81,25479,92.40,0.9999999998906954,1.1686474278784371,1.0930456539881561e-10,-0.16864742787843712
61114,0,2306,19.43,13.79,48.12,38.88,52.29,8.83,7.07,34.35,66.86,25766,67.00,0.9650293650350861,0.7996186188704052,-0.9650293650350861,-0.7996186188704052
61115,1,1816,22.69,12.39,51.55,47.21,43.5,9.28,5.37,36.7,73.47,24520,66.00,0.2446130476309758,0.8170831948434981,0.7553869523690242,0.18291680515650188
61116,1,1417,22.16,10.09,49.42,58.0,36.91,5.09,7.75,34.29,66.91,26260,67.00,0.7647924122922145,0.7555341634759423,0.2352075877077855,0.24446583652405773
61118,0,945,24.66,17.14,60.96,32.05,48.46,18.97,4.38,45.65,45.64,24341,38.40,1.3388850878182925,0.6934579482048933,-1.3388850878182925,-0.6934579482048933
61119,0,528,21.78,17.8,50.0,35.84,44.09,20.07,9.43,44.53,57.35,22511,38.40,1.2697110023185196,0.5998371353103422,-1.2697110023185196,-0.5998371353103422
61120,2,11030,21.72,14.36,52.61,38.59,49.71,11.21,8.98,42.28,68.98,25587,67.00,1.8709431006524655,3.607770054525454,0.1290568993475345,-1.6077700545254539
61203,1,2745,21.2,10.05,42.09,44.55,45.56,9.06,8.45,30.22,79.48,24762,99.80,0.469130856579552,0.7343469454723186,0.530869143420448,0.2656530545276814
61204,3,1913,23.94,16.31,43.25,36.52,51.95,11.26,6.13,43.18,73.49,26195,489.00,1.6962874159460561,1.1115907568151537,1.3037125840539439,1.8884092431848463
61205,0,779,21.18,14.38,48.12,57.14,37.5,5.36,1.92,34.79,64.64,24213,84.30,-0.2998496405763831,0.5734513061365079,0.2998496405763831,-0.5734513061365079
61206,0,1308,23.55,15.6,48.16,55.97,39.83,4.19,7.21,24.45,78.2,25106,84.30,-0.2923389866520072,0.5118457276981904,0.2923389866520072,-0.5118457276981904
61207,0,4988,22.19,15.04,43.63,27.14,57.78,14.99,13.03,45.38,67.34,26499,183.50,0.22190876857155573,1.9151296965590472,-0.22190876857155573,-1.9151296965590472
61213,0,3202,19.24,10.74,43.14,35.77,51.85,12.38,25.66,43.53,56.34,25589,166.60,-6.88036294604899e-11,1.0780099745324008,6.88036294604899e-11,-1.0780099745324008
61215,0,1181,24.64,15.92,43.94,25.53,61.76,12.43,9.36,42.0,69.92,25513,183.50,-0.2219087689093744,0.6174481410075104,0.2219087689093744,-0.6174481410075104
61217,0,2451,21.05,10.32,39.05,16.78,65.79,17.43,12.68,30.84,56.42,22983,276.00,2.1515766945867654e-10,0.5448938975449577,-2.1515766945867654e-10,-0.5448938975449577
61222,0,1684,21.08,15.02,42.24,48.22,46.01,5.77,8.48,26.65,71.31,22694,99.80,0.2592156613054559,0.46487203958395595,-0.2592156613054559,-0.46487203958395595
61236,1,2910,19.59,11.31,34.62,21.69,55.64,22.66,12.68,32.67,53.62,23241,477.20,1.0000000000826983,0.5930113686865934,-8.269829265827866e-11,0.40698863131340657
61243,0,1476,22.76,10.84,49.76,29.36,55.52,14.95,7.33,44.31,59.25,26342,75.40,0.4271064887504128,0.5738717465548051,-0.4271064887504128,-0.5738717465548051
61247,2,3297,20.62,13.35,48.85,43.41,42.09,14.1,27.59,42.43,66.53,25028,75.40,0.8957258657786387,1.3919175676002393,1.1042741342213613,0.6080824323997607
61251,1,432,27.55,17.13,52.59,70.19,29.17,0.64,0.0,34.29,79.49,26998,38.40,0.9440962598497347,0.8284272780912585,0.055903740150265335,0.1715727219087415
61252,1,1226,19.66,10.6,43.34,37.86,51.0,11.14,9.39,35.17,63.47,24862,99.80,0.37329643227744214,0.5610707170435227,0.6267035677225579,0.43892928295647726
61253,1,4910,21.34,12.99,46.34,32.92,58.3,8.78,11.28,37.11,71.41,25388,84.30,0.10848930971344295,1.589966125247833,0.891510690286557,-0.589966125247833
61254,0,1322,19.29,7.49,31.58,32.16,61.34,6.32,13.56,31.11,77.32,22697,166.60,-0.886051730104084,0.33993345393210306,0.886051730104084,-0.33993345393210306
61255,3,4964,22.78,11.64,44.94,32.59,55.73,11.0,13.39,39.52,72.2,24609,132.30,3.0000000002810188,1.8653133872175778,-2.810187638146999e-10,1.1346866127824222
61256,0,1356,21.09,11.06,47.69,43.15,48.53,8.32,8.03,31.06,73.48,24999,75.40,0.09433134373543517,0.514917353249755,-0.09433134373543517,-0.514917353249755
61257,0,4173,20.49,11.07,41.61,28.68,59.56,11.7,11.74,34.35,69.35,25044,117.70,1.459327635915523,1.1253929471386481,-1.459327635915523,-1.1253929471386481
61258,1,2474,24.49,16.29,51.78,49.88,42.37,7.75,3.45,38.71,72.57,24263,38.40,1.09282059575607,1.142297394681201,-0.09282059575606993,-0.14229739468120095
61259,3,8147,19.96,11.57,48.09,31.26,47.43,20.44,20.94,43.24,53.2,25198,94.10,2.999999999750113,2.883821983987084,2.4988722202579083e-10,0.116178016012916
61260,0,1271,16.13,8.81,35.71,40.0,49.91,10.09,8.18,31.9,60.68,23010,166.60,-0.7554474718672051,0.21167997442963882,0.7554474718672051,-0.21167997442963882
61261,0,1975,19.9,9.42,38.99,40.75,52.16,7.09,8.51,29.37,75.24,23882,101.10,1.8070700491534808e-10,0.4584715466712391,-1.8070700491534808e-10,-0.4584715466712391
61262,2,1891,19.46,11.32,43.25,40.71,51.38,7.91,10.54,35.37,70.62,23195,79.10,1.1614642715503773,0.698160516862496,0.8385357284496227,1.301839483137504
61263,0,4960,20.44,12.82,49.42,45.55,42.69,11.5,21.64,39.29,59.58,25393,75.40,0.8163750929432005,1.593416808693531,-0.8163750929432005,-1.593416808693531
61264,0,1797,20.14,13.86,47.61,54.95,35.84,9.21,5.13,36.49,67.92,23469,84.30,-0.13006044664181893,0.8079101330752065,0.13006044664181893,-0.8079101330752065
61265,3,6572,20.4,11.84,39.82,21.62,47.58,30.42,22.66,42.05,38.01,24784,364.20,2.9999999999462164,2.4498434870761057,5.3783644204941083e-11,0.5501565129238943
61266,0,1461,21.08,10.81,40.27,47.59,45.63,6.78,6.74,26.41,79.22,21579,79.10,0.8385357288207107,0.33986576486048137,-0.8385357288207107,-0.33986576486048137
61267,0,2714,19.57,14.08,46.51,46.22,41.28,12.5,18.98,42.15,65.7,24110,99.80,0.8983570485818095,1.140754644087954,-0.8983570485818095,-1.140754644087954
61410,1,864,22.34,12.38,39.39,47.75,49.44,2.81,2.55,23.42,75.84,20989,44.80,1.1591081920431758,0.3664640444920835,-0.15910819204317583,0.6335359555079165
61413,0,597,20.1,10.22,41.9,40.63,50.0,9.38,5.58,33.46,62.95,22870,44.90,-0.13678860403183712,0.30987500954179437,0.13678860403183712,-0.30987500954179437
61425,0,1978,20.68,12.39,40.07,38.88,50.83,10.29,3.96,28.03,76.87,20702,47.90,0.4947720484512157,0.45107065892110154,-0.4947720484512157,-0.45107065892110154
61428,0,865,24.97,11.45,40.37,41.91,54.11,3.98,7.87,28.86,80.64,21836,47.90,0.3293289444981067,0.40309424377309766,-0.3293289444981067,-0.40309424377309766
61437,1,1355,23.76,10.26,37.19,45.93,48.28,5.79,7.44,25.24,80.47,21327,47.90,0.28121258340437727,0.3520961118977206,0.7187874165956227,0.6479038881022794
61438,0,3330,23.78,15.17,46.87,29.51,49.08,21.41,15.62,41.97,55.05,26965,87.90,1.213162903468401e-10,1.2575993862005583,-1.213162903468401e-10,-1.2575993862005583
61439,1,4805,21.66,13.07,45.24,37.72,53.02,9.16,8.37,35.48,68.27,22439,44.80,1.928127053983916,1.6588620980170674,-0.9281270539839159,-0.6588620980170674
61440,0,2917,21.32,13.23,38.36,41.67,51.85,6.41,2.52,28.88,74.22,20304,44.90,-0.13679276306189259,0.7419948186212539,0.13679276306189259,-0.7419948186212539
61441,0,1115,21.08,10.31,36.25,27.46,65.49,7.04,4.65,28.7,77.0,20910,47.90,0.22401536669855027,0.284516873700832,-0.22401536669855027,-0.284516873700832
61442,0,1666,21.97,11.76,38.85,28.87,62.17,8.85,12.41,31.85,58.44,24508,102.40,0.06878458198834103,0.5205065840345834,-0.06878458198834103,-0.5205065840345834
61443,2,1784,25.39,13.06,46.77,48.91,42.89,8.1,7.95,35.41,59.08,23310,44.80,1.7217840503551285,0.7874828603075774,0.2782159496448715,1.2125171396924226
61444,0,2117,21.02,10.06,41.56,49.82,43.49,6.68,8.21,34.84,71.51,25178,44.90,0.1367886046510023,0.7206283682565362,-0.1367886046510023,-0.7206283682565362
61445,0,1672,23.56,12.08,39.92,42.84,48.82,8.15,4.89,31.27,69.84,21737,102.40,-0.06878458186272773,0.5249023111592966,0.06878458186272773,-0.5249023111592966
61446,0,1833,20.57,11.73,41.04,38.01,50.73,10.96,6.65,33.98,64.91,22380,44.90,0.06484406198709003,0.5662029953388158,-0.06484406198709003,-0.5662029953388158
61611,0,2416,21.48,10.02,42.16,61.76,35.24,3.0,4.54,26.92,73.27,23909,65.40,0.0058849021493525555,0.5642342297879017,-0.0058849021493525555,-0.5642342297879017
61612,0,3232,21.32,9.96,42.97,63.44,31.6,4.96,8.38,30.09,77.09,23798,61.70,0.8156950039647377,1.024166193238575,-0.8156950039647377,-1.024166193238575
61615,0,2226,20.22,10.24,44.03,37.58,57.65,4.77,12.83,30.94,75.76,22159,61.70,0.6143320823888381,0.5847936474236775,-0.6143320823888381,-0.5847936474236775
61618,1,1682,23.19,12.01,51.13,57.53,33.39,9.08,11.15,39.58,63.18,25206,46.20,0.9999999997923137,0.987422255955658,2.0768631259215908e-10,0.012577744044341976
61621,0,790,23.29,10.51,41.95,66.67,29.5,3.83,1.0,26.82,81.42,22212,65.40,-0.17214482503592343,0.35300466988793766,0.17214482503592343,-0.35300466988793766
61624,0,3257,21.83,9.06,43.36,57.9,37.02,5.08,5.03,25.43,77.81,22509,67.90,-2.532196674565057e-11,0.5624717977151698,2.532196674565057e-11,-0.5624717977151698
61625,5,9547,21.06,13.28,45.44,38.01,49.16,12.77,10.78,41.71,62.97,23857,73.00,3.968125444872424,3.2309724891243605,1.031874555127576,1.7690275108756395
61626,0,5894,20.17,11.23,44.64,34.44,55.54,9.92,15.67,34.9,71.28,24328,93.80,0.6675963661220354,1.5812591908294737,-0.6675963661220354,-1.5812591908294737
61627,0,1640,23.78,13.66,41.05,67.1,29.9,3.0,1.01,35.01,85.21,22207,41.50,0.5233548514826634,0.5937588574670604,-0.5233548514826634,-0.5937588574670604
61628,0,1425,23.02,10.11,42.17,74.11,23.82,2.07,2.67,25.71,82.99,20140,31.30,-0.1067629532807981,0.40797708021330836,0.1067629532807981,-0.40797708021330836
61629,1,1004,26.99,12.25,44.56,75.82,21.7,2.47,0.47,35.28,84.48,23087,41.50,0.47664514898301213,0.6508077545103993,0.5233548510169879,0.3491922454896007
61630,0,1510,24.77,11.46,43.65,65.65,29.47,4.73,2.14,24.67,72.52,21527,31.30,-8.811440466161002e-11,0.43911347426919944,8.811440466161002e-11,-0.43911347426919944
61631,2,9489,22.32,14.46,48.82,48.78,39.72,11.36,11.94,42.17,68.66,24386,65.30,1.3312848665048573,2.9277894956399466,0.6687151334951427,-0.9277894956399466
61632,0,2703,23.79,12.76,47.51,60.81,33.48,5.36,17.38,40.41,76.21,22853,65.30,0.6687151355014009,1.206608235618568,-0.6687151355014009,-1.206608235618568
61633,0,4357,20.04,9.23,44.44,55.29,39.21,5.5,6.6,30.06,75.31,24763,77.90,0.2832753850199623,1.0802390278736969,-0.2832753850199623,-1.0802390278736969
61701,0,2288,17.35,6.86,39.82,53.33,42.22,4.44,7.95,26.6,73.86,22588,80.50,0.8388846307127462,0.27612079128969935,-0.8388846307127462,-0.27612079128969935
61708,0,1493,21.9,10.11,40.62,55.58,39.47,4.96,3.62,28.6,70.27,21829,34.20,0.1866478857654439,0.3277271975220378,-0.1866478857654439,-0.3277271975220378
61710,0,1199,20.1,10.01,38.93,37.44,58.53,4.03,5.61,23.09,73.7,21986,45.60,2.291677958510263e-11,0.2634818232940701,-2.291677958510263e-11,-0.2634818232940701
61711,1,848,21.58,10.02,40.08,45.36,47.68,6.95,3.18,19.43,75.83,19284,45.30,0.14781976961564247,0.29650638828620557,0.8521802303843575,0.7034936117137944
61716,0,2997,20.49,8.84,40.66,60.75,34.65,4.6,7.29,28.0,77.0,21450,45.70,-1.7558754450419656e-10,0.42018450973594546,1.7558754450419656e-10,-0.42018450973594546
61719,3,2368,17.78,8.32,45.06,54.45,44.04,1.51,10.63,29.7,76.66,23499,98.40,1.3954008870041577,0.6375913527681405,1.6045991129958423,2.3624086472318595
61727,1,2581,17.44,6.66,45.6,46.77,48.28,4.95,15.26,31.69,69.46,23722,91.50,1.0664775638276236,0.5142428430778451,-0.0664775638276236,0.48575715692215493
61728,0,666,20.27,8.86,37.06,42.08,47.08,10.83,0.47,20.75,72.08,19417,37.40,0.44015350225130767,0.12313676402890983,-0.44015350225130767,-0.12313676402890983
61729,0,2140,19.58,8.55,41.87,63.74,33.68,2.58,1.95,23.6,78.97,23453,96.40,1.0941586064580928,0.36208662201712916,-1.0941586064580928,-0.36208662201712916
61730,1,2269,17.81,8.2,37.83,53.54,39.79,6.68,3.36,23.86,81.98,24065,88.20,0.14330962709151684,0.37275236866284844,0.8566903729084832,0.6272476313371516
61731,0,1321,20.97,9.31,42.14,54.89,38.25,6.86,5.58,19.38,79.21,21920,77.70,-0.03593950964586945,0.29528270933109413,0.03593950964586945,-0.29528270933109413
61740,0,2049,20.89,10.54,39.75,23.13,73.5,3.38,1.9,25.57,70.25,22098,45.60,-0.009929684947760364,0.36323751196855747,0.009929684947760364,-0.36323751196855747
61741,1,1087,23.18,15.46,43.51,54.9,38.4,6.7,5.97,31.74,55.67,21822,34.20,0.4520009219314378,0.6051037764712806,0.5479990780685622,0.39489622352871945
61743,0,688,21.37,15.12,42.57,26.09,66.15,7.76,3.45,34.48,62.42,22125,34.20,0.3613511922953325,0.4305359715046809,-0.3613511922953325,-0.4305359715046809
61744,0,613,20.55,11.91,35.8,57.84,35.07,7.09,1.29,29.61,67.91,20050,34.20,0.14031525536398703,0.23737524321750925,-0.14031525536398703,-0.23737524321750925
61745,0,1068,23.13,12.36,44.64,63.16,32.79,4.05,1.44,23.81,73.48,20423,45.30,0.3929043526286744,0.36191088356548096,-0.3929043526286744,-0.36191088356548096
61746,3,4199,19.2,10.74,41.62,53.88,42.43,3.68,5.27,25.33,73.42,21296,55.70,2.999999999551541,0.9317257740886441,4.4845904767498723e-10,2.068274225911356
61748,1,4491,18.3,7.59,38.76,58.15,37.19,4.66,6.48,24.75,77.0,21310,47.50,0.9360664005934023,0.6053858993879944,0.06393359940659771,0.39461410061200564
61750,2,1904,20.8,9.98,39.93,58.8,37.54,3.65,0.49,19.02,56.48,19952,37.40,0.4565339550590135,0.38786561706765565,1.5434660449409865,1.6121343829323442
61751,0,2427,20.23,9.52,42.3,58.21,37.19,4.6,8.59,23.32,80.28,23405,77.70,0.20328521762215246,0.6033084431626883,-0.20328521762215246,-0.6033084431626883
61756,2,3992,22.34,9.82,45.07,22.67,69.76,7.44,7.82,28.57,62.79,23526,42.60,0.7550641040505717,0.9725485388008073,1.2449358959494283,1.0274514611991927
61757,0,4941,22.0,11.31,42.67,49.62,41.65,8.67,5.05,28.33,64.66,21311,37.40,1.103312540917111,1.1824827233855322,-1.103312540917111,-1.1824827233855322
61758,0,1799,17.73,10.51,35.71,18.94,70.75,10.31,4.93,28.87,66.02,21450,45.30,0.4592758769441794,0.2364370349988253,-0.4592758769441794,-0.2364370349988253
61759,0,1745,18.34,9.8,37.7,59.81,36.3,3.57,5.74,23.57,83.79,19587,27.30,-4.638120998379236e-10,0.2965087609981635,4.638120998379236e-10,-0.2965087609981635
61760,1,11533,17.77,9.36,42.18,47.43,41.27,11.21,22.49,37.57,66.91,25370,98.40,2.6045991147726326,2.461307574027579,-1.6045991147726326,-1.461307574027579
61761,0,1641,21.51,8.04,41.34,62.76,32.96,4.28,7.97,24.23,83.84,24063,47.70,0.41787037379372904,0.3408427160762201,-0.41787037379372904,-0.3408427160762201
61762,0,2243,20.24,9.81,41.08,49.11,47.09,3.69,3.59,27.78,76.69,20477,38.40,0.35044381932653224,0.4017403263944703,-0.35044381932653224,-0.4017403263944703
61763,1,4366,20.09,11.8,39.28,54.24,41.65,4.11,6.72,25.02,76.08,21684,47.70,0.5821296264061093,1.0341858964288213,0.4178703735938907,-0.034185896428821305
61764,0,3898,19.68,10.39,39.93,61.31,34.04,4.58,6.19,29.82,73.82,22210,50.10,0.6265377687758882,0.8981234424301856,-0.6265377687758882,-0.8981234424301856
61765,2,5681,17.95,6.88,38.53,47.18,47.85,4.97,7.41,29.08,71.52,22554,59.30,1.999999999963073,0.8254688115547111,3.6926905977452407e-11,1.174531188445289
61766,5,12116,19.33,11.46,48.48,42.2,42.39,14.7,16.71,44.36,57.0,25976,138.10,2.5315049467601547,3.0675227861085084,2.4684950532398453,1.9324772138914916
62007,4,7662,21.3,14.5,49.24,41.96,43.61,14.11,8.83,40.04,60.41,25488,63.90,4.555492740566303,2.9140577977841957,-0.5554927405663026,1.0859422022158043
62008,0,1301,23.14,10.76,44.69,50.92,43.94,5.13,11.58,24.7,80.29,22082,70.20,0.47614771033285486,0.2879520370287517,-0.47614771033285486,-0.2879520370287517
62010,0,372,26.08,14.25,58.04,25.76,67.04,7.2,7.53,41.18,71.19,27300,89.70,3.0948754670134804e-10,0.6619844852765808,-3.0948754670134804e-10,-0.6619844852765808
62014,0,2091,17.69,11.81,43.09,41.91,54.58,3.5,7.95,26.43,78.3,26884,98.10,-6.089884152515879e-11,0.5262538359971808,6.089884152515879e-11,-0.5262538359971808
62021,0,426,18.54,14.79,42.97,43.43,53.03,3.54,6.94,31.79,82.83,21468,36.80,-0.1559843353714232,0.27387284270715273,0.1559843353714232,-0.27387284270715273
62026,0,823,24.06,14.22,47.18,49.27,46.04,4.69,5.59,30.21,71.85,23974,37.30,-7.696598913753405e-11,0.4708320881255267,7.696598913753405e-11,-0.4708320881255267
62032,0,1119,19.75,16.35,45.25,46.76,43.88,9.35,5.66,30.43,70.26,25424,85.70,0.9201225142501741,0.49951395250571917,-0.9201225142501741,-0.49951395250571917
62034,1,1326,21.42,10.78,40.36,36.79,56.91,6.3,6.8,27.8,78.86,27484,70.20,0.7091557092715401,0.5453648912801302,0.29084429072845985,0.4546351087198698
62036,0,1274,22.84,15.38,45.4,43.72,47.49,8.79,6.07,35.04,65.69,23145,60.30,-2.8887647829378693e-10,0.6083084358342088,2.8887647829378693e-10,-0.6083084358342088
62038,5,6993,21.35,12.18,52.94,34.36,47.47,16.87,16.23,44.18,61.56,25251,87.40,4.999999999761451,2.571061383976046,2.3854873631989904e-10,2.428938616023954
62039,0,1820,23.35,10.99,46.51,51.67,38.85,9.48,11.88,26.72,72.76,24536,57.90,0.5304814386799155,0.47607249712406274,-0.5304814386799155,-0.47607249712406274
62040,1,9607,21.7,13.73,50.13,36.14,42.22,19.9,14.96,46.67,55.74,25913,88.20,1.8566903732619524,2.773908536742341,-0.8566903732619524,-1.7739085367423408
62041,4,12870,19.23,11.99,48.78,29.34,45.74,23.44,10.16,46.6,51.76,25691,106.60,2.6121271176715855,4.083892632611159,1.3878728823284145,-0.08389263261115865
62042,1,3788,21.99,11.4,39.56,59.47,34.07,6.46,7.29,31.92,75.11,23028,64.40,0.9999999999865228,1.1499912869861297,1.34772193405297e-11,-0.14999128698612973
62043,3,2762,23.35,14.34,48.25,44.45,45.29,10.26,11.68,39.14,67.38,24752,53.80,2.9999999998787867,1.1731267826858636,1.212132616501549e-10,1.8268732173141364
62044,0,2515,23.46,13.6,44.9,35.13,53.28,11.5,6.64,37.66,74.0,22158,36.80,0.15598433511148535,0.8777349519980431,-0.15598433511148535,-0.8777349519980431
62045,1,1995,19.85,10.98,40.6,30.49,65.0,4.51,6.5,26.05,78.78,25003,84.00,0.3166337020616474,0.5011557741354342,0.6833662979383526,0.4988442258645658
62046,0,2666,21.98,12.12,49.94,48.89,45.87,5.24,5.0,29.54,80.27,25097,80.20,-8.773604065481777e-11,0.7852307091257915,8.773604065481777e-11,-0.7852307091257915
62047,2,5351,22.43,10.58,48.33,45.85,45.8,8.01,12.04,31.09,73.47,26610,91.50,1.612910585077989,1.3312572861841994,0.387089414922011,0.6687427138158006
62048,2,4755,21.37,11.46,44.22,45.43,47.57,7.0,8.52,28.15,74.71,25179,92.60,2.000000000076396,1.351386807455909,-7.639577859208657e-11,0.648613192544091
62105,0,1561,25.37,17.17,55.09,15.26,67.53,17.05,18.31,35.56,56.33,26913,78.70,0.3638795689004706,0.5790489364458686,-0.3638795689004706,-0.5790489364458686
62115,3,5438,19.73,12.3,48.87,32.12,55.0,12.88,10.68,37.24,63.47,24825,68.40,1.3029903185169651,1.8707982580175977,1.6970096814830349,1.1292017419824023
62116,2,3902,23.01,12.99,51.77,40.81,49.72,9.31,11.39,34.59,63.61,24848,71.20,1.028565641506658,1.5119985481864855,0.971434358493342,0.4880014518135145
62125,1,2572,20.33,13.26,49.4,47.78,44.22,8.0,12.34,33.59,67.46,25343,78.70,0.08640405535463991,0.8634283209578953,0.9135959446453601,0.13657167904210465
62128,1,3766,20.21,11.31,48.33,47.29,48.18,4.52,8.38,27.46,71.24,26740,125.40,0.9999999999197247,1.097026131296182,8.027534192933672e-11,-0.09702613129618198
62131,4,1424,26.69,16.71,56.34,54.01,38.43,7.56,6.92,43.17,77.7,26744,44.80,2.234411038559867,1.3656457662450758,1.765588961440133,2.634354233754924
62132,0,1769,24.25,11.53,48.18,43.53,49.3,7.17,7.61,30.55,70.17,22644,78.70,-0.36387956789688225,0.533497106540244,0.36387956789688225,-0.533497106540244
62135,0,1553,19.83,14.94,45.74,44.87,47.78,7.35,8.23,32.14,69.98,23599,65.50,-5.275335723808894e-10,0.5565390244591013,5.275335723808894e-10,-0.5565390244591013
62138,1,2445,24.21,13.95,51.39,44.55,48.27,7.18,10.1,36.22,72.91,26990,56.60,1.5582425177086972,1.049957100527788,-0.5582425177086972,-0.0499571005277879
62139,3,15735,20.69,13.7,52.59,34.27,43.51,21.4,18.63,46.0,57.05,26894,95.10,3.1377596323046832,4.372568808498105,-0.13775963230468324,-1.3725688084981051
62140,1,21907,20.6,12.28,49.76,36.94,42.9,19.12,12.24,41.59,59.5,24888,84.30,1.7222490719340264,4.340424781742458,-0.7222490719340264,-3.340424781742458
62141,3,8149,20.91,13.08,50.64,44.72,44.6,10.41,15.71,37.56,62.74,25989,72.80,2.999999999686638,2.676465613434781,3.1336178096808e-10,0.32353438656521893
62142,1,3547,25.2,15.37,52.54,45.76,40.21,13.64,12.16,43.64,60.4,24701,74.20,0.8387520291459261,1.5526418840999734,0.16124797085407394,-0.5526418840999734
62143,2,7819,22.05,17.04,54.74,32.38,45.82,20.76,11.12,45.02,53.28,25579,71.20,1.9999999994177786,2.7609432312134947,5.822213822170852e-10,-0.7609432312134947
62144,2,2249,26.9,15.16,52.25,45.66,47.17,7.17,7.36,41.24,74.62,25061,47.10,2.00000000015598,1.1965315237902265,-1.559801177108966e-10,0.8034684762097735
62145,2,6412,23.19,14.85,54.63,42.07,44.2,13.47,20.31,39.12,63.09,25997,49.00,1.4080595810088425,2.168960453239058,0.5919404189911575,-0.16896045323905806
62146,1,2879,16.99,10.11,42.82,47.19,45.67,7.14,9.55,33.96,67.1,25184,87.30,0.9999999996963158,0.6939386923808217,3.036841889070274e-10,0.30606130761917827
62147,1,2159,23.44,14.31,49.61,31.37,57.08,11.33,7.81,36.36,67.27,23684,56.70,0.14563727866390153,0.8451060911063382,0.8543627213360985,0.15489390889366184
62148,0,1791,24.9,13.34,56.02,38.25,51.08,10.67,4.46,33.85,62.11,23751,56.70,-2.396678411287212e-10,0.6248873287941643,2.396678411287212e-10,-0.6248873287941643
62202,0,1672,19.32,9.87,38.04,64.85,30.2,4.95,2.09,27.4,67.92,20769,32.60,0.14572711699600127,0.3031453322060481,-0.14572711699600127,-0.3031453322060481
62205,0,2195,20.68,9.66,42.54,65.44,32.78,1.78,1.35,23.81,80.88,21730,32.10,-0.025062946727397062,0.4650332480147997,0.025062946727397062,-0.4650332480147997
62206,0,1087,23.28,13.62,45.75,63.1,32.7,4.19,5.71,39.76,64.15,23978,32.60,0.6303669207564031,0.8002807837519429,-0.6303669207564031,-0.8002807837519429
62209,0,1304,19.4,8.59,42.38,63.07,29.81,7.13,2.22,27.16,82.51,21124,32.10,0.025062947184999018,0.24268594331301618,-0.025062947184999018,-0.24268594331301618
62211,0,2677,20.58,10.01,38.96,47.56,44.5,7.84,7.3,31.15,64.26,23518,35.70,0.6289891888787729,0.6559749585293813,-0.6289891888787729,-0.6559749585293813
62214,1,1856,19.72,9.05,38.78,42.55,50.0,7.45,0.88,25.95,69.2,21045,52.70,0.9999999998790567,0.2919022017707599,1.2094325541056605e-10,0.7080977982292401
62216,0,1297,23.36,8.48,40.6,63.64,32.81,3.36,4.74,23.72,77.27,22774,22.50,0.32799422953811863,0.3083343002964646,-0.32799422953811863,-0.3083343002964646
62219,3,6725,20.58,13.03,40.35,44.89,42.94,11.9,9.85,43.13,59.25,26652,73.70,1.4964931101910093,2.447722359661725,1.5035068898089907,0.552277640338275
62220,0,2216,19.4,8.66,32.66,50.56,46.1,3.35,1.26,20.61,74.85,22773,46.80,-0.010420228145010313,0.3456083568102567,0.010420228145010313,-0.3456083568102567
62226,0,1451,17.78,10.96,42.12,63.18,31.96,4.67,2.26,28.25,73.83,22403,32.30,-6.089084791938149e-10,0.3247015502719163,6.089084791938149e-10,-0.3247015502719163
62232,0,1612,20.29,7.94,42.42,57.51,36.9,5.59,4.84,25.23,83.39,21260,24.80,-1.4349588184359163e-10,0.2104019901504054,1.4349588184359163e-10,-0.2104019901504054
62233,1,3081,21.0,9.41,38.28,60.93,34.45,4.63,5.13,31.86,72.97,22844,39.00,1.000000000029294,0.7054671010865314,-2.929390063854953e-11,0.29453289891346857
62235,2,1967,21.81,9.86,40.1,38.35,55.96,5.69,1.46,20.35,74.93,20264,45.70,-0.3880813165028538,0.32911175843711016,2.388081316502854,1.6708882415628898
62242,0,1021,19.49,9.11,43.95,58.79,37.44,3.77,0.0,19.13,66.08,20295,30.80,0.12324455814012047,0.23078348601420118,-0.12324455814012047,-0.23078348601420118
62244,0,2321,18.79,10.34,41.73,47.79,45.51,6.7,6.01,33.71,58.79,21980,30.80,0.6467738005735786,0.4737455191951403,-0.6467738005735786,-0.4737455191951403
62245,0,1416,20.62,11.65,40.36,47.11,47.11,5.59,0.36,22.26,61.64,20633,30.80,0.2935921339882004,0.3337620019012514,-0.2935921339882004,-0.3337620019012514
62247,0,1342,18.48,9.02,33.16,62.6,32.2,5.2,1.32,23.79,78.8,19399,38.00,-0.17334002288711758,0.14451953603567302,0.17334002288711758,-0.14451953603567302
62256,0,2224,23.52,12.95,40.16,73.9,23.73,2.25,6.07,32.47,71.09,21751,33.70,0.1379460717508021,0.8299363482733317,-0.1379460717508021,-0.8299363482733317
62262,0,1370,25.62,9.64,43.06,51.59,39.28,8.92,5.13,23.57,70.28,21459,30.80,0.40851721765227644,0.33194817883350214,-0.40851721765227644,-0.33194817883350214
62264,2,3978,18.98,9.4,39.71,55.41,41.9,2.63,4.2,30.18,71.04,22548,46.30,1.148936113331695,0.843811519999222,0.8510638866683049,1.156188480000778
62265,0,2005,22.79,9.63,40.6,57.84,39.39,2.77,1.25,28.52,69.7,21900,35.70,0.29676216166512503,0.4235375233000094,-0.29676216166512503,-0.4235375233000094
62266,0,2324,19.92,10.33,40.86,62.91,33.57,3.51,4.57,27.97,74.07,21108,32.70,0.5298972730354308,0.4280150770681187,-0.5298972730354308,-0.4280150770681187
62268,2,3247,19.93,8.96,36.08,54.54,40.37,5.09,5.82,26.14,68.45,21797,38.10,0.8809941570157136,0.43463023660597355,1.1190058429842864,1.5653697633940264
62269,0,2103,21.3,9.42,40.41,58.08,39.44,2.47,1.81,27.68,75.18,23180,38.00,0.07799245961937196,0.4607046251163758,-0.07799245961937196,-0.4607046251163758
62270,0,2119,21.99,7.88,39.1,44.16,53.01,2.83,1.6,18.44,75.28,19672,22.50,-0.04760796069452056,0.32037960325600223,0.04760796069452056,-0.32037960325600223
62271,1,3842,19.18,9.45,38.7,58.37,37.28,4.34,9.67,32.48,70.36,22710,42.40,0.9999999998103917,0.9124140800768716,1.8960832903758273e-10,0.08758591992312836
62272,0,3030,19.87,9.8,35.87,55.81,40.57,3.62,2.36,28.89,70.38,20829,33.70,-0.13794607137789505,0.5482826333325435,0.13794607137789505,-0.5482826333325435
62273,1,1823,22.22,10.59,40.54,67.2,29.17,3.49,3.78,29.4,70.56,20841,39.40,0.4384827209721873,0.5015641388168195,0.5615172790278127,0.4984358611831805
62274,0,1511,20.38,8.01,42.92,68.87,26.79,4.34,1.25,35.46,69.81,22133,32.60,0.2755362864540185,0.41552231697154496,-0.2755362864540185,-0.41552231697154496
62275,0,5890,22.14,10.59,39.55,50.1,41.83,8.02,5.3,26.81,73.3,21734,43.50,0.4301225259543475,1.3354128636928064,-0.4301225259543475,-1.3354128636928064
62276,0,1397,21.98,10.31,42.01,55.09,39.44,5.48,0.85,28.96,74.65,21219,33.10,-1.3884537963804178e-10,0.3331307390012531,1.3884537963804178e-10,-0.3331307390012531
62277,0,2611,21.56,10.65,41.71,57.76,38.79,3.45,5.42,28.68,73.08,22435,32.00,-1.2298606577587634e-10,0.5810436524884259,1.2298606577587634e-10,-0.5810436524884259
62278,2,4591,23.05,11.44,40.86,47.41,48.61,3.98,2.46,24.52,65.53,21088,30.80,0.527872288932377,1.162059104185581,1.472127711067623,0.837940895814419
62279,1,1386,24.68,11.9,42.86,57.05,32.84,10.12,7.13,28.22,73.63,21325,30.80,0.6416856529947186,0.46939022863503244,0.3583143470052814,0.5306097713649676
62311,0,1356,20.8,9.37,37.86,65.35,31.89,2.76,0.2,22.59,75.59,21240,34.00,-0.3996380012571077,0.24685005227479673,0.3996380012571077,-0.24685005227479673
62314,0,1387,18.39,7.57,41.47,67.04,30.32,2.64,2.69,21.84,79.85,20574,34.00,-0.4310171598357311,0.21941789471915107,0.4310171598357311,-0.21941789471915107
62326,1,1696,23.58,13.38,39.8,73.63,23.76,2.61,2.48,31.05,75.96,22310,34.10,0.44902725006630995,0.7245202021010262,0.55097274993369,0.2754797978989738
62330,0,1588,20.15,10.14,34.18,68.77,27.51,3.72,1.39,26.22,85.11,19203,28.10,0.2379905064076997,0.33023628298618246,-0.2379905064076997,-0.33023628298618246
62332,2,1499,21.68,9.74,39.15,63.01,35.02,1.96,0.75,21.99,81.01,19687,30.60,1.999999999797268,0.33601741520310324,2.0273205336707179e-10,1.6639825847968968
62335,0,1162,26.08,13.6,44.11,68.11,29.1,2.79,1.59,28.97,81.42,21837,34.10,0.3405007356871028,0.5563306805265041,-0.3405007356871028,-0.5563306805265041
62343,0,1360,20.22,15.22,43.18,71.37,25.38,3.24,2.63,24.75,83.02,18502,28.10,0.427605038117564,0.42254430828880896,-0.427605038117564,-0.42254430828880896
62368,0,1193,24.22,12.24,42.82,67.78,29.93,2.29,1.02,28.34,83.8,20568,34.10,0.21047201397308157,0.3627853712688308,-0.21047201397308157,-0.3627853712688308
62372,0,1265,22.45,9.49,41.42,66.47,29.24,4.29,3.38,28.06,69.4,20004,25.30,0.6109268839259023,0.3415585939756475,-0.6109268839259023,-0.3415585939756475
62375,1,5232,23.76,12.81,46.01,54.51,37.83,7.41,8.27,36.73,71.93,22950,47.40,1.1990545478697054,1.8935986175990376,-0.19905454786970544,-0.8935986175990376
62376,3,3220,28.54,15.93,47.62,53.03,36.69,10.28,10.03,43.94,64.7,25733,61.80,3.000000000331889,1.6129910632873554,-3.318891828030246e-10,1.3870089367126446
62377,3,1779,21.92,11.24,45.28,70.29,26.77,2.81,2.62,24.31,79.71,20990,28.10,0.3961387529915985,0.5535227232923835,2.6038612470084015,2.4464772767076166
62378,2,7146,21.84,12.48,41.81,63.21,31.84,4.89,6.02,32.58,71.79,22074,25.30,1.3890731170523303,2.2671019742693868,0.6109268829476697,-0.26710197426938675
62379,10,13495,20.02,10.53,44.22,54.84,35.78,9.23,13.39,36.96,67.45,23866,51.70,9.999999999737643,5.224702099736707,2.623572470383806e-10,4.775297900263293
62380,2,5969,21.14,10.62,39.04,68.42,28.65,2.89,4.12,23.68,82.3,19323,26.10,1.9999999996039044,1.4086329514950782,3.9609560076314665e-10,0.5913670485049218
62381,1,3200,21.88,9.75,41.43,68.52,27.61,3.87,6.28,26.97,80.98,21485,51.20,1.1351794761659697,0.7193725244631429,-0.1351794761659697,0.2806274755368571
62382,1,4574,20.09,9.47,41.73,60.05,35.98,3.97,5.59,26.88,78.32,22210,44.60,0.9999999997883418,1.0199410856676463,2.1165824648505804e-10,-0.019941085667646297
62383,0,3503,22.87,12.5,42.17,66.31,29.1,4.52,4.7,37.59,73.29,23631,44.80,1.88469671866115,1.3227526636599207,-1.88469671866115,-1.3227526636599207
62384,0,3142,20.97,9.07,37.68,65.47,32.65,1.8,6.45,26.23,77.46,19871,37.80,-0.07463622207094467,0.44995008916578116,0.07463622207094467,-0.44995008916578116
62385,0,2513,20.14,8.4,41.31,64.62,32.63,2.75,5.77,21.48,80.72,22850,51.20,0.9780730115985463,0.44403009866186927,-0.9780730115985463,-0.44403009866186927
62386,1,4950,21.31,9.88,42.41,63.1,33.53,3.37,4.57,24.88,74.97,20960,35.10,0.9999999996971844,1.1075146380810377,3.028155504125607e-10,-0.10751463808103767
62387,1,2350,23.28,11.06,41.95,56.68,39.5,3.82,0.78,23.86,77.19,20040,30.60,2.161934501513299,0.49789991928951205,-1.161934501513299,0.502100080710488
62388,1,2884,21.98,11.1,35.81,58.25,38.96,2.79,1.35,27.11,83.04,19938,28.10,0.3344044547582694,0.48395508997830483,0.6655955452417306,0.5160449100216952
62389,0,3795,20.53,9.91,40.79,56.59,40.02,3.39,5.66,27.89,76.56,20773,37.80,0.07463622305292184,0.771405607394712,-0.07463622305292184,-0.771405607394712
62390,0,3400,24.5,11.97,42.36,55.07,42.64,2.29,2.9,27.92,82.99,21115,36.30,0.29643454633602495,0.7638968472595902,-0.29643454633602495,-0.7638968472595902
70101,21,132499,15.02,10.32,46.18,11.99,27.28,48.37,24.09,48.44,22.61,28939,1088.80,13.331995661794625,20.95669309504687,7.668004338205375,0.0433069049531305
70201,2,3195,17.78,8.89,37.09,19.11,60.34,20.22,22.57,29.53,49.61,22474,172.00,1.0976974656616232,0.5070236110706832,0.9023025343383768,1.4929763889293168
70202,1,4877,16.18,8.32,37.24,22.01,64.33,13.59,26.34,28.24,56.18,24117,310.50,0.999999999936712,0.708241317969166,6.328804147415212e-11,0.291758682030834
70203,1,11183,16.1,9.0,39.13,18.57,50.23,30.38,27.38,36.37,43.75,24966,317.00,0.9999999997893809,2.2923614098086365,2.106190777340089e-10,-1.2923614098086365
70204,0,832,17.31,6.61,30.34,14.98,61.54,23.48,15.66,19.08,48.58,25991,172.00,0.754859895200573,0.1413749380141447,-0.754859895200573,-0.1413749380141447
70205,0,889,19.01,8.1,31.44,25.23,60.92,13.85,9.2,27.12,51.69,22011,172.00,0.5034718676755467,0.1554036810037902,-0.5034718676755467,-0.1554036810037902
70206,0,621,16.75,8.05,31.38,15.31,66.03,18.66,11.07,28.63,59.33,25221,222.90,0.9318865139025228,0.12107820245758405,-0.9318865139025228,-0.12107820245758405
70207,2,721,20.11,8.6,40.38,25.84,55.81,18.35,15.16,30.87,51.31,25127,222.90,1.0681134858546546,0.28728008433897534,0.9318865141453454,1.7127199156610247
70208,0,4911,16.23,5.97,32.7,17.04,62.24,20.6,22.15,25.32,53.97,21624,160.10,0.20679862013247785,0.5439370379512729,-0.20679862013247785,-0.5439370379512729
70209,2,3946,18.12,9.53,36.88,25.02,61.74,13.17,22.65,33.17,58.79,28112,382.50,1.6232885509519548,1.19162062821867,0.3767114490480452,0.8083793717813299
70210,2,667,14.24,8.7,43.94,25.33,60.44,14.22,14.66,25.56,63.56,24638,172.00,0.8416523866945962,0.4848953012112458,1.1583476133054038,1.5151046987887542
70211,2,1380,18.04,7.75,36.68,31.74,58.9,9.36,19.32,28.26,67.12,28317,353.00,2.000000000573287,0.5857785171093706,-5.732871954933216e-10,1.4142214828906294
70212,1,2263,19.13,10.78,41.93,27.34,60.98,11.55,10.02,28.68,62.64,21810,195.70,-0.015758776831891197,0.4988715234304588,1.0157587768318912,0.5011284765695412
70213,1,1460,17.05,8.7,36.93,22.64,61.32,16.04,18.41,33.0,62.64,25022,359.00,1.0000000001507736,0.2984762519112538,-1.5077361581461446e-10,0.7015237480887462
70214,2,2411,19.45,9.17,37.38,17.58,60.97,21.45,23.33,30.05,58.55,23479,240.10,2.00000000019583,0.5928431114854178,-1.958300188675821e-10,1.4071568885145822
70215,0,2518,17.91,6.99,38.38,23.96,63.08,12.82,24.28,30.87,59.97,23888,325.90,1.7151080555777298e-10,0.5188131566335226,-1.7151080555777298e-10,-0.5188131566335226
70216,2,1969,15.39,7.97,37.28,26.25,55.52,18.06,21.58,27.16,52.51,24448,394.00,1.9999999998129052,0.5073290704538432,1.8709478410983138e-10,1.4926709295461569
70217,0,1450,19.03,7.1,32.92,12.95,62.95,24.1,15.84,27.99,49.2,22742,160.10,0.042681510529240185,0.17435258195499115,-0.042681510529240185,-0.17435258195499115
70218,3,1609,17.15,9.01,37.15,28.99,52.29,18.53,14.22,27.75,58.9,22486,162.50,1.127196412078046,0.29888394760386383,1.872803587921954,2.701116052396136
70219,2,2625,19.89,9.79,37.85,19.14,65.52,15.1,16.36,32.03,52.2,24951,194.50,0.10830590282552599,0.6217587999690359,1.891694097174474,1.378241200030964
70220,1,3080,16.79,7.63,33.7,13.92,41.33,43.17,18.35,35.94,24.25,22587,473.40,1.8889754474395932,0.6811129655411198,-0.8889754474395932,0.3188870344588802
70221,0,1574,15.63,8.32,38.77,21.55,65.48,12.97,23.02,28.05,55.65,25463,194.50,-5.255529345049581e-11,0.23500551455898777,5.255529345049581e-11,-0.23500551455898777
70222,1,2813,18.49,7.96,36.12,29.11,52.81,17.97,17.4,29.39,57.99,23323,206.60,1.000000000109969,0.5417662684565597,-1.099689228567513e-10,0.45823373154344027
70223,2,3534,14.37,6.4,32.89,18.35,61.35,20.2,20.81,29.28,56.16,20513,185.10,1.9999999997378435,0.6376804771035984,2.6215651871552836e-10,1.3623195228964016
70224,0,2160,17.73,7.64,37.72,32.12,52.05,15.83,15.48,32.51,50.99,21043,172.00,0.8023183833488226,0.4375232350755761,-0.8023183833488226,-0.4375232350755761
70301,3,7333,18.18,10.39,43.19,18.08,55.37,26.42,36.92,34.95,43.87,29600,1116.10,3.0000000001659632,2.3663495715306246,-1.65963243148326e-10,0.6336504284693754
70302,2,2828,14.67,9.41,37.01,21.35,59.36,18.71,31.58,34.38,54.68,34090,1092.70,1.158960655146828,1.4820744200781555,0.8410393448531721,0.5179255799218445
70303,1,1829,15.53,8.26,41.98,16.0,60.8,23.0,33.25,31.7,56.0,28221,667.40,0.47670642109836336,0.4932770505060523,0.5232935789016366,0.5067229494939477
70304,1,6361,19.15,10.58,42.66,17.94,56.99,25.01,32.26,34.11,53.03,27785,884.10,1.0000000001977103,1.7045404890498344,-1.9771029258208728e-10,-0.7045404890498344
70305,0,1261,19.03,7.93,46.11,19.47,61.05,19.47,30.4,30.66,59.47,27147,826.60,-0.06987796890997622,0.26464308285426064,0.06987796890997622,-0.26464308285426064
70306,2,1478,18.88,10.49,42.43,13.49,59.03,27.48,27.57,36.55,56.49,29454,1065.80,1.5279556809277413,1.1477768776867028,0.47204431907225874,0.8522231223132972
70307,0,1180,16.61,9.66,36.14,21.46,60.0,18.54,18.52,34.09,59.27,24910,249.40,3.944400361888256e-11,0.39276332132956737,-3.944400361888256e-11,-0.39276332132956737
70308,0,1325,16.08,8.15,39.85,22.22,68.98,8.8,24.39,28.14,67.13,25472,467.30,0.3241310885825204,0.269394547467085,-0.3241310885825204,-0.269394547467085
70309,0,2191,18.26,7.85,45.35,15.65,57.39,26.09,31.64,28.68,46.96,28967,826.60,0.2676427980012299,0.6386287109676589,-0.2676427980012299,-0.6386287109676589
70310,0,4623,16.98,8.61,36.63,14.88,52.22,32.38,33.81,32.14,44.3,24142,642.30,0.7307465970651794,0.7550380191783062,-0.7307465970651794,-0.7550380191783062
70311,0,858,16.67,8.74,37.02,23.08,56.86,20.07,16.15,30.59,61.2,29399,826.60,-0.08877079793054676,0.4963284796113142,0.08877079793054676,-0.4963284796113142
70312,1,4220,18.46,8.91,42.35,18.57,56.06,25.02,31.46,34.33,51.26,30062,1065.80,1.6940478751870387,1.6099853999997462,-0.6940478751870387,-0.6099853999997462
70313,0,1341,17.9,9.32,34.63,23.95,62.31,13.75,24.64,35.17,55.88,24573,134.40,0.16798900200775435,0.4550230173875719,-0.16798900200775435,-0.4550230173875719
70314,0,633,17.85,8.85,29.82,20.34,58.9,20.76,14.79,30.89,60.17,21032,184.00,-0.4213138655496351,0.19121769218292584,0.4213138655496351,-0.19121769218292584
70315,1,1489,16.52,8.46,32.85,17.78,67.11,15.11,20.2,29.41,56.0,26375,542.20,0.30789816871562614,0.29374490517723617,0.6921018312843739,0.7062550948227638
70317,0,466,16.95,9.66,34.68,48.7,38.96,12.34,23.78,25.61,67.53,22567,134.40,-0.01713339551488957,-0.01748601657799065,0.01713339551488957,0.01748601657799065
70318,0,1491,14.55,7.98,40.22,7.89,67.7,24.4,27.16,30.86,61.0,26120,655.10,-1.63069557856943e-12,0.3561279080508598,1.63069557856943e-12,-0.3561279080508598
70319,0,4146,17.99,7.77,41.08,20.93,61.98,16.83,29.4,29.55,57.44,26774,977.10,2.6858693047415727e-10,0.7861111797118137,-2.6858693047415727e-10,-0.7861111797118137
70320,1,3319,16.69,7.05,41.79,15.01,55.41,28.86,33.33,34.7,47.76,27768,1065.80,1.575979934584014,0.7954701705753929,-0.575979934584014,0.20452982942460707
70322,0,1675,17.37,8.36,43.66,17.61,63.88,18.51,32.24,28.82,48.98,26794,826.60,-0.1089940318629612,0.30863866781513905,0.1089940318629612,-0.30863866781513905
70323,0,879,16.38,8.3,37.15,38.92,49.72,11.08,18.9,26.59,66.19,25625,336.10,1.779909553079051e-11,0.16668836666721543,-1.779909553079051e-11,-0.16668836666721543
70325,0,1195,16.15,9.12,37.77,18.24,61.32,20.44,28.77,36.13,45.91,36681,1092.70,1.0828224527768224,0.6849421826830242,-1.0828224527768224,-0.6849421826830242
70326,1,2550,21.37,9.49,44.12,27.73,57.93,14.15,11.43,35.02,54.89,21538,416.00,0.5600314391356225,0.696238958028125,0.4399685608643775,0.30376104197187503
70328,1,2000,16.5,8.15,35.18,26.66,55.05,18.29,23.55,30.24,53.83,27667,642.30,0.2692534039622121,0.6160143778330676,0.7307465960377879,0.38398562216693244
70329,1,4720,15.66,12.03,40.67,16.71,63.58,19.71,36.35,31.39,60.02,30536,1168.20,3.2756089518676132,1.6808551646535344,-2.2756089518676132,-0.6808551646535344
70331,1,2309,17.5,9.48,39.54,18.93,61.55,19.37,27.64,33.02,52.46,30161,1028.30,1.0000000004370335,1.1482471187835126,-4.370335204839648e-10,-0.1482471187835126
70332,2,2167,18.78,12.28,42.95,16.7,62.99,20.14,24.95,36.85,50.95,32408,854.40,2.0000000004897585,1.4632697795187661,-4.897584560126234e-10,0.5367302204812339
70333,0,2052,17.2,8.67,38.06,18.28,63.44,18.13,23.11,25.06,52.81,24418,249.40,-0.12590347835117122,0.3084153531851669,0.12590347835117122,-0.3084153531851669
70334,1,5002,16.43,8.26,36.12,15.02,54.37,30.4,23.96,29.47,37.18,22229,559.80,0.9999999996917399,0.7528516072673448,3.0826008412532246e-10,0.2471483927326552
70335,0,1953,16.74,7.89,33.69,19.6,67.63,12.77,20.31,27.26,62.95,22679,467.30,0.18119293342872744,0.31702615978249127,-0.18119293342872744,-0.31702615978249127
70336,0,397,19.4,7.56,28.18,14.61,65.73,19.1,6.94,29.45,69.66,24033,134.40,-0.15085560569845846,0.14296031078467242,0.15085560569845846,-0.14296031078467242
70337,1,3155,16.67,9.48,36.96,12.95,60.83,26.12,31.22,29.63,56.81,26080,542.20,0.8363435121644347,0.7111062334594125,0.1636564878355653,0.2888937665405875
70338,1,1146,15.79,9.95,40.6,21.43,54.22,24.35,33.0,30.51,45.45,30989,1092.70,0.8910225784486556,0.8258727404067256,0.10897742155134438,0.17412725959327435
70339,0,1124,16.28,8.36,39.81,14.25,68.44,17.32,20.4,33.33,59.78,26853,254.50,0.31516528084809536,0.29938287173432865,-0.31516528084809536,-0.29938287173432865
70340,1,1308,14.37,8.33,38.44,34.41,49.73,15.86,24.58,32.65,61.02,26572,467.30,0.6758689123545647,0.4637486796374133,0.3241310876454353,0.5362513203625867
70342,0,1384,12.86,6.0,36.82,27.06,64.95,7.99,24.66,23.42,66.49,27634,341.10,1.1018386203431874e-10,0.39701117008471776,-1.1018386203431874e-10,-0.39701117008471776
70343,0,1141,15.95,7.89,37.31,21.89,64.86,13.24,18.79,23.45,63.78,28790,604.40,4.0548719937305577e-10,0.27136750147280897,-4.0548719937305577e-10,-0.27136750147280897
70344,0,1572,18.07,7.95,37.04,23.18,54.3,22.3,27.47,37.14,54.75,27630,409.30,4.396856212451894e-10,0.4710790067480066,-4.396856212451894e-10,-0.4710790067480066
70345,2,1927,16.4,7.89,36.45,16.34,61.63,22.02,31.31,29.06,60.57,26443,667.40,0.24530563789222448,0.3599971531720638,1.7546943621077755,1.6400028468279362
70346,5,9493,16.21,11.62,43.71,14.58,46.43,36.44,26.53,38.65,37.17,28549,1168.20,4.11646706936289,3.1039465020419867,0.8835329306371102,1.8960534979580133
70347,0,177,22.6,11.3,35.85,32.0,52.0,16.0,2.99,27.94,68.0,23734,184.00,-0.4334766461952402,0.2914803745210206,0.4334766461952402,-0.2914803745210206
70348,1,1416,18.71,10.88,40.83,23.18,62.59,14.23,15.66,36.44,60.77,21970,313.00,0.9999999997808544,0.5118749755802247,2.191455905631301e-10,0.48812502441977534
70349,1,870,18.39,9.2,41.73,11.27,73.24,15.14,9.48,19.76,46.83,24423,134.40,-0.27817792708099454,0.29683575757693237,1.2781779270809945,0.7031642424230676
70350,0,1074,15.55,8.75,40.74,24.29,49.43,26.29,22.35,29.84,54.0,26602,401.50,-0.3472718578364873,0.3684586578347393,0.3472718578364873,-0.3684586578347393
70351,2,3616,20.52,12.14,41.86,18.3,52.21,28.74,23.87,47.46,36.6,26350,1093.10,2.0000000000690834,1.647884793557158,-6.908340566269544e-11,0.3521152064428421
70352,0,1352,21.15,11.24,45.48,19.76,58.67,21.57,18.61,29.22,62.5,24655,184.00,6.608757985304692e-11,0.4365977163006175,-6.608757985304692e-11,-0.4365977163006175
70353,1,2299,16.7,11.35,37.63,19.03,65.91,15.06,32.99,28.36,65.77,32081,1092.70,0.8671943138861504,1.0661090542036238,0.13280568611384957,-0.06610905420362378
70354,6,14698,15.89,10.53,41.49,14.8,36.8,46.23,32.86,40.45,25.48,26173,1168.20,4.555437497662495,4.5265034569658065,1.4445625023375053,1.4734965430341935
70355,2,3661,18.22,10.24,40.88,14.63,56.48,28.66,41.32,37.41,45.3,27404,275.70,1.7757607381213143,1.2501415148174897,0.2242392618786857,0.7498584851825103
70356,0,1626,17.16,9.84,40.84,8.9,40.58,50.52,28.28,30.81,43.27,28549,401.50,0.34727185775705394,0.7196884498067426,-0.34727185775705394,-0.7196884498067426
70357,6,16439,17.06,8.21,37.96,22.32,50.44,26.03,29.68,34.64,51.59,24624,683.60,5.999999999996285,4.765109760056847,3.715250329605624e-12,1.2348902399431534
70358,3,4365,16.4,8.22,38.22,17.2,59.15,23.46,29.28,31.69,48.3,30112,1168.20,3.052486480865051,1.4564666825332324,-0.05248648086505092,1.5435333174667676
70359,1,1391,19.27,8.2,39.0,23.98,55.67,20.34,25.39,27.79,58.89,26448,275.70,1.0000000003747278,0.463112855797564,-3.7472780434200104e-10,0.536887144202436
70360,0,1739,18.0,7.48,44.4,26.27,59.02,14.54,23.85,28.99,56.92,25622,667.40,2.5426771799175185e-11,0.43206295593916944,-2.5426771799175185e-11,-0.43206295593916944
70361,0,246,14.63,27.64,38.89,19.05,66.67,14.29,12.35,32.93,44.44,23722,542.20,0.8557583180863606,0.24852790538481584,-0.8557583180863606,-0.24852790538481584
70362,0,531,16.95,9.6,32.88,20.94,63.87,15.18,16.42,28.71,54.97,22441,134.40,-0.16529029001648254,0.15240362926400852,0.16529029001648254,-0.15240362926400852
70364,2,7339,17.26,12.66,44.33,16.19,55.9,25.92,38.66,37.97,51.2,30829,1065.80,2.4720443197988438,2.6054158741816273,-0.47204431979884376,-0.6054158741816273
70365,0,4624,18.84,8.3,41.35,23.63,50.68,25.26,42.67,32.06,48.8,26948,741.30,1.8061818707337807e-10,0.8490845799701157,-1.8061818707337807e-10,-0.8490845799701157
70366,0,793,14.25,6.43,37.17,28.75,58.41,12.84,16.46,30.25,67.58,29759,336.10,0.1504576191843121,0.47856357716968967,-0.1504576191843121,-0.47856357716968967
70367,4,8138,18.48,10.42,42.77,17.18,41.09,40.44,36.91,39.05,29.97,27407,1042.80,3.999999999879713,2.634298054126301,1.2028689155840766e-10,1.365701945873699
70368,0,1017,15.44,8.85,34.26,22.41,67.23,10.08,12.0,23.81,65.27,26490,416.00,0.43996856106213045,0.16157269233824056,-0.43996856106213045,-0.16157269233824056
70369,2,8250,17.22,8.23,40.19,12.54,54.97,32.17,42.51,32.51,46.61,27911,868.90,2.0000000002103198,1.8519627879350695,-2.1031976160656995e-10,0.14803721206493048
70401,1,1129,21.97,13.73,47.92,12.58,54.08,33.33,16.43,41.71,55.88,23500,1905.40,1.8250423561103748,0.7493172656170319,-0.8250423561103748,0.25068273438296806
70402,1,2698,20.42,11.08,40.5,24.03,56.81,19.15,21.83,38.57,51.84,23059,558.30,1.5113341441166188,0.9455890623094405,-0.5113341441166188,0.05441093769055949
70403,0,4551,19.64,11.62,43.84,14.48,64.67,20.6,16.41,37.01,47.13,23640,489.70,-1.7362289383981988e-10,1.0652136261445135,1.7362289383981988e-10,-1.0652136261445135
70404,1,1980,20.05,9.9,38.55,19.38,62.1,18.52,19.57,36.42,53.09,21293,1735.30,0.9999999999581046,0.6429510284542107,4.189537605725491e-11,0.3570489715457893
70405,0,1326,18.63,8.37,39.79,17.3,67.87,14.83,20.11,31.04,56.18,25386,312.30,2.7064039898050396e-10,0.27432509800696114,-2.7064039898050396e-10,-0.27432509800696114
70406,0,5847,19.5,9.89,40.11,22.49,53.55,23.91,21.59,35.44,48.85,22548,391.10,1.297515879398082,1.4796361966546032,-1.297515879398082,-1.4796361966546032
70407,2,1176,19.39,10.03,41.6,23.06,60.38,16.56,20.08,30.95,55.97,21871,391.10,0.7024841223309704,0.4604998609929972,1.2975158776690296,1.5395001390070027
70408,1,1517,22.41,11.87,40.41,17.84,61.72,20.31,21.28,40.08,50.0,22656,1905.40,1.4403789972948804,0.6591902611963135,-0.4403789972948804,0.3408097388036865
70409,8,5206,21.88,12.29,42.81,15.41,52.72,31.72,28.09,44.27,42.64,22613,1044.70,7.999999999869043,2.916354436067583,1.3095657891426526e-10,5.083645563932417
70410,1,4184,17.83,9.39,38.7,21.88,61.11,16.87,21.79,34.2,54.39,23452,388.40,1.0513870348196672,0.9966718812971646,-0.05138703481966722,0.0033281187028354475
70411,6,8281,22.16,14.76,44.13,10.51,45.79,43.03,28.39,47.76,41.13,25437,2517.10,5.999999999943265,3.5360735344710603,5.67350610936046e-11,2.4639264655289397
70412,1,4602,21.51,10.08,42.1,14.71,66.37,18.85,18.45,35.33,52.1,20380,388.40,0.9061243191429575,1.0593604259892644,0.09387568085704245,-0.05936042598926439
70413,2,2378,20.77,12.36,44.33,15.93,63.26,20.69,19.71,37.15,46.49,23263,1220.00,3.18041650291333,0.7609198563878754,-1.1804165029133298,1.2390801436121246
70414,0,1761,21.18,15.56,40.45,14.04,67.28,18.68,25.32,47.85,48.6,22549,2665.80,-2.0832402469750377e-10,0.8594728092099845,2.0832402469750377e-10,-0.8594728092099845
70415,0,837,19.71,8.84,43.44,13.44,56.88,29.69,12.46,31.07,41.56,22200,663.70,0.00043637405234164817,0.2993081399633287,-0.00043637405234164817,-0.2993081399633287
70416,4,9891,19.52,10.58,41.17,15.05,58.52,26.14,27.74,41.21,44.31,24628,1220.00,4.00000000000553,2.91533188877996,-5.52979884105298e-12,1.08466811122004
70417,1,1949,18.73,7.95,38.64,20.99,69.85,9.16,13.73,32.63,59.67,21491,663.70,-0.3430682664867728,0.3433478779040683,1.3430682664867728,0.6566521220959317
70418,0,921,20.85,7.38,39.16,22.83,69.55,7.61,7.54,29.64,71.65,18397,388.40,0.0424886432596967,0.23549623528856445,-0.0424886432596967,-0.23549623528856445
70419,0,2085,18.85,10.89,40.0,12.53,73.32,14.15,16.91,32.56,59.03,23439,663.70,3.6907366052219004e-11,0.5554509788651923,-3.6907366052219004e-11,-0.5554509788651923
70420,0,3748,21.08,11.23,40.74,20.65,55.78,23.44,18.5,36.72,45.55,22527,500.90,-8.770051351802977e-11,1.081829193072043,8.770051351802977e-11,-1.081829193072043
70501,1,2545,21.34,9.31,31.2,12.99,55.43,31.47,27.24,33.69,41.32,21026,503.60,0.5558346238937037,0.6681845281133689,0.44416537610629625,0.3318154718866311
70502,0,1013,15.5,7.6,31.82,20.58,65.59,13.83,13.92,27.89,71.38,27128,579.80,0.3367716553486009,0.23876442689778288,-0.3367716553486009,-0.23876442689778288
70503,1,3008,17.19,9.24,41.76,20.59,60.29,18.98,26.57,33.36,59.09,26660,420.70,1.0000000000763496,0.7124047543704704,-7.634959331426217e-11,0.28759524562952965
70504,0,1513,18.97,11.43,37.0,20.08,68.94,10.98,17.11,24.96,63.26,22376,297.30,0.8157435482731419,0.2772658973027695,-0.8157435482731419,-0.2772658973027695
70505,3,3563,16.11,8.95,35.98,18.62,66.76,14.53,18.02,27.31,65.67,24554,381.70,1.279262809506795,0.5791754382401051,1.720737190493205,2.420824561759895
70506,1,3120,18.04,9.68,43.79,17.86,47.67,34.34,27.5,39.5,45.41,25331,513.00,0.9999999998097149,0.9323827107574302,1.9028512099339423e-10,0.06761728924256982
70508,0,5966,18.34,10.29,42.04,13.95,63.9,22.03,20.11,33.52,54.75,21019,595.60,-3.4637537282833364e-10,1.0117666422791816,3.4637537282833364e-10,-1.0117666422791816
70509,2,2954,19.13,10.43,43.79,22.37,56.38,21.16,24.85,39.59,44.26,21663,1296.80,1.9999999995546816,1.085329188920083,4.453184487829276e-10,0.9146708110799171
70510,2,1623,15.77,9.92,40.26,15.63,68.38,15.81,10.22,31.12,60.57,16978,411.80,0.6207019359477535,0.4365227008954893,1.3792980640522465,1.5634772991045107
70511,3,6029,16.57,10.58,41.6,15.79,59.8,24.35,25.09,33.64,50.23,26020,612.40,1.9641076374732371,1.332595015506111,1.0358923625267629,1.667404984493889
70512,1,5088,17.47,9.91,40.63,18.53,63.98,17.42,23.99,35.41,52.32,27242,543.30,0.278669099529699,1.3269325099295937,0.721330900470301,-0.32693250992959366
70513,8,20212,16.25,8.9,43.0,13.83,40.3,42.9,27.52,42.87,31.8,24483,1044.30,7.999999999603493,5.423407393163013,3.965068273714678e-10,2.5765926068369867
70514,0,5001,15.36,8.26,35.69,15.17,61.51,23.17,32.29,32.66,49.54,25660,605.90,2.462030579408747e-11,0.6378484467644725,-2.462030579408747e-11,-0.6378484467644725
70515,0,4332,17.43,8.68,42.05,22.82,58.86,18.25,21.66,32.21,54.14,25517,459.80,-3.084288380250655e-11,0.7414520324682711,3.084288380250655e-11,-0.7414520324682711
70516,0,463,14.9,4.1,42.64,27.74,61.31,10.95,28.24,25.29,64.96,26138,579.80,0.22217568610686378,0.27508432319725007,-0.22217568610686378,-0.27508432319725007
70517,2,3600,18.28,8.25,40.94,18.55,66.17,15.18,24.12,30.82,62.9,25097,739.40,2.0000000002101945,0.7036624255162871,-2.1019452844939224e-10,1.296337574483713
70518,0,2912,17.07,9.07,41.71,12.47,61.19,26.34,21.87,29.26,56.53,20843,411.80,1.1590251674399212,0.6211484460353492,-1.1590251674399212,-0.6211484460353492
70519,0,726,15.15,6.61,32.66,22.7,62.06,15.25,5.61,29.12,64.18,15176,411.80,0.2202728953611004,0.12340529674715994,-0.2202728953611004,-0.12340529674715994
70520,2,2542,15.85,6.73,35.34,13.25,57.57,29.02,25.96,36.09,50.47,24224,448.90,2.0000000000846683,0.6505630463283938,-8.466827239317354e-11,1.3494369536716062
70521,1,462,11.04,10.17,48.7,2.2,8.79,89.01,18.18,52.05,15.38,27582,543.30,1.7213309006122097,0.9267470523172301,-0.7213309006122097,0.07325294768276991
70522,0,2867,17.89,8.96,37.97,18.66,59.66,21.68,21.32,30.48,54.75,22802,503.60,0.4441653775291563,0.5077881555586691,-0.4441653775291563,-0.5077881555586691
70523,0,565,15.22,7.79,34.13,20.8,62.39,16.37,4.19,23.15,61.06,16104,350.80,0.09234684499595502,0.1099589304355848,-0.09234684499595502,-0.1099589304355848
70524,1,1542,19.97,12.91,40.83,20.34,56.92,22.56,19.27,35.69,46.84,21319,569.80,0.9999999995937774,0.4862778754954723,4.062226111045675e-10,0.5137221245045277
70525,4,2643,18.16,8.7,42.26,25.8,61.01,13.19,23.24,28.53,60.89,24609,482.20,3.999999999986552,0.6545068296217408,1.3447909452679596e-11,3.3454931703782593
70526,1,3781,19.33,8.36,37.73,18.55,57.31,23.98,23.35,32.68,45.75,21798,624.00,1.4095406734472906,0.7330674189679705,-0.4095406734472906,0.26693258103202955
70527,2,3176,18.58,10.04,40.76,22.63,57.29,19.83,17.56,31.85,50.25,21662,297.30,1.1842564521793477,0.7307394395717857,0.8157435478206523,1.2692605604282143
70528,1,1968,18.85,10.01,40.44,31.91,58.26,9.83,16.42,26.05,63.39,26928,579.80,0.4410526572827784,0.4150737679979154,0.5589473427172216,0.5849262320020846
70529,1,2198,20.06,8.33,42.69,17.24,61.58,20.79,24.06,36.53,52.5,19911,350.80,0.9076531566503405,0.60040392222513,0.09234684334965948,0.39959607777487005
70530,1,4405,18.39,9.99,35.38,22.6,57.59,19.62,16.66,33.98,43.74,20707,329.20,0.9999999997203322,0.8136711528522971,2.7966784443833603e-10,0.18632884714770293
70531,4,14412,16.13,8.42,40.94,13.12,47.74,37.57,30.92,38.63,36.85,24869,696.30,3.99999999974564,3.5649307363595675,2.5436008854740066e-10,0.4350692636404325
70601,1,397,12.85,6.8,36.75,17.24,62.93,19.83,20.67,20.67,52.59,19309,262.30,-0.41113766131783613,0.24662061465239393,1.4111376613178361,0.7533793853476061
70602,0,291,17.87,6.19,40.0,14.44,67.78,17.78,22.73,27.68,27.78,22412,169.80,-0.23033899213117337,0.1418143294585419,0.23033899213117337,-0.1418143294585419
70603,0,1056,16.19,6.44,30.99,11.21,37.58,49.39,9.86,27.92,16.36,21060,1467.50,0.5712941715316742,0.04224567286778136,-0.5712941715316742,-0.04224567286778136
70604,1,3105,17.84,7.31,36.22,14.0,52.27,33.64,10.03,23.69,52.47,21255,188.70,1.2354383056670883,0.4658432089514848,-0.23543830566708834,0.5341567910485152
70605,0,1009,19.23,9.91,35.44,14.01,63.69,22.29,9.02,27.93,43.63,23865,262.30,-0.06482978398461547,0.16841817661639924,0.06482978398461547,-0.16841817661639924
70606,0,789,16.6,8.87,26.89,8.24,50.18,41.58,17.01,32.2,32.62,22531,306.20,1.4333423337120621e-11,0.20908955983888844,-1.4333423337120621e-11,-0.20908955983888844
70607,0,1391,16.1,12.87,42.25,17.7,66.03,16.27,12.23,27.83,48.8,25434,262.30,0.16376541135958433,0.2938596177871029,-0.16376541135958433,-0.2938596177871029
70608,0,1635,16.88,6.3,26.59,12.48,28.45,55.57,17.15,31.43,15.97,28555,806.80,5.800675495493124e-10,0.4770460997671635,-5.800675495493124e-10,-0.4770460997671635
70609,0,2548,18.84,8.32,33.69,7.59,53.33,38.46,15.15,24.1,36.69,22478,231.30,0.18308517577254868,0.3790961693170084,-0.18308517577254868,-0.3790961693170084
70610,0,456,13.6,9.65,33.83,14.08,62.68,23.24,10.0,18.13,45.07,18482,169.80,-0.38518651934556836,0.12343183191697427,0.38518651934556836,-0.12343183191697427
70611,0,632,16.93,8.7,37.3,3.72,53.02,42.79,8.3,21.12,47.91,22512,169.80,0.26762644776704825,0.04002416297886047,-0.26762644776704825,-0.04002416297886047
70612,0,549,11.84,10.56,36.67,20.63,56.25,23.13,12.66,36.68,43.13,19835,169.80,0.11756007209126373,0.24137951189109075,-0.11756007209126373,-0.24137951189109075
70613,0,548,17.52,8.76,31.13,19.82,55.95,23.35,18.84,30.19,44.93,21454,416.50,-5.0455639666324714e-11,0.10322630570226066,5.0455639666324714e-11,-0.10322630570226066
70614,2,7711,17.7,10.4,43.05,14.98,43.83,38.93,26.58,35.38,39.83,25501,307.00,1.8355726260272505,2.0230122733387295,0.16442737397274954,-0.02301227333872946
70615,0,1561,19.41,8.07,38.14,9.25,50.09,40.31,24.79,29.86,46.07,19815,214.10,0.3654869750363172,0.27960391735416545,-0.3654869750363172,-0.27960391735416545
70616,0,1450,18.41,8.21,38.37,13.74,61.45,24.81,15.18,28.17,43.32,24413,565.90,1.1935569841222087,0.20253189674816885,-1.1935569841222087,-0.20253189674816885
70617,0,2585,17.33,9.13,38.74,20.03,58.32,21.4,20.57,31.14,40.43,20398,214.10,0.1091769579178905,0.5200016752565908,-0.1091769579178905,-0.5200016752565908
70618,0,799,18.52,10.51,39.84,28.46,53.75,17.79,20.95,21.14,52.57,25921,262.30,0.09254688546904433,0.23338514823416168,-0.09254688546904433,-0.23338514823416168
70619,0,1879,18.41,8.36,39.78,18.15,55.85,25.6,32.97,30.89,39.52,26717,262.30,0.5462054165540682,0.4291083165106183,-0.5462054165540682,-0.4291083165106183
70620,0,1354,17.28,9.16,35.42,22.13,55.46,22.4,16.64,32.06,42.9,22909,262.30,0.08832577622117199,0.31109005425202974,-0.08832577622117199,-0.31109005425202974
70621,0,2319,20.35,10.69,41.15,11.7,42.53,44.72,21.69,36.94,22.99,26431,891.70,2.8833824217144866e-11,0.9064711092896408,-2.8833824217144866e-11,-0.9064711092896408
70622,0,1766,16.82,9.74,36.35,17.43,69.54,13.03,15.35,25.6,57.22,26218,246.00,1.1324092907506422,0.33276913781768547,-1.1324092907506422,-0.33276913781768547
70623,0,1249,15.69,6.08,30.66,16.05,57.89,25.0,18.48,21.74,42.37,22527,231.30,-0.18308517597605523,0.16392888133620365,0.18308517597605523,-0.16392888133620365
70624,3,1212,15.18,8.99,38.28,7.13,13.33,69.89,16.81,33.53,23.22,24071,1467.50,2.4287058277174376,1.4073366336746522,0.5712941722825624,1.5926633663253478
70625,0,97,13.4,8.25,26.92,10.71,55.36,33.93,7.14,36.36,51.79,10153,214.10,-0.4746639331737317,0.1908672904315225,0.4746639331737317,-0.1908672904315225
70626,0,584,20.55,7.19,32.56,18.72,67.49,13.79,15.38,23.87,60.59,27766,307.00,0.1644273741827753,0.2397565566115818,-0.1644273741827753,-0.2397565566115818
70627,0,1197,19.63,8.44,36.78,22.43,59.9,17.66,13.6,21.27,58.47,25469,262.30,-0.1062939242490426,0.2325025348794567,0.1062939242490426,-0.2325025348794567
70628,0,500,21.0,9.6,43.45,17.0,66.0,17.0,11.92,24.74,55.5,24085,262.30,-0.1735143615700192,0.27015727838212955,0.1735143615700192,-0.27015727838212955
70629,0,748,19.12,7.49,40.63,11.31,74.66,14.03,9.97,22.68,62.9,21460,155.70,1.1801404298239504e-10,0.20094973054753673,-1.1801404298239504e-10,-0.20094973054753673
70630,2,3613,18.74,10.82,41.49,17.01,55.33,27.36,16.97,35.38,48.05,27609,636.40,2.0000000001594422,1.2210535696975224,-1.5944223719088768e-10,0.7789464303024776
70701,0,646,17.18,9.13,30.86,18.83,66.37,14.8,20.88,30.12,65.02,22505,122.00,0.058155202872425704,0.24519572095341213,-0.058155202872425704,-0.24519572095341213
70702,0,914,18.71,9.52,37.22,15.89,71.65,12.46,13.21,31.96,64.8,23152,91.60,-0.14603175182194406,0.3000617947741171,0.14603175182194406,-0.3000617947741171
70703,0,528,15.53,6.63,30.22,17.13,73.48,9.39,11.98,25.77,74.03,23075,195.40,-0.47477820744256505,0.14238118548955336,0.47477820744256505,-0.14238118548955336
70704,1,1210,18.68,8.6,27.83,14.94,74.89,10.17,10.07,25.7,77.92,19577,76.60,0.44132610742719613,0.32116650618257736,0.5586738925728039,0.6788334938174226
70705,1,1730,19.83,11.79,37.87,22.36,61.11,16.39,14.31,28.39,57.92,21939,76.60,0.9973818641775125,0.3712618160305198,0.0026181358224874884,0.6287381839694802
70706,0,715,23.08,11.89,32.02,8.3,73.52,18.18,10.84,23.11,76.28,18992,108.40,-0.3455236737376115,0.3181119612446721,0.3455236737376115,-0.3181119612446721
70707,0,2319,19.88,10.18,41.92,20.57,60.47,18.97,17.54,34.88,59.73,23742,161.80,0.35981992755456993,0.7541624458179828,-0.35981992755456993,-0.7541624458179828
70708,1,865,20.12,11.1,34.4,23.15,67.66,9.2,11.87,32.98,67.36,27147,218.20,1.0000000006657377,0.3692189372825191,-6.657376871999077e-10,0.6307810627174809
70709,0,661,18.0,13.01,39.67,16.0,61.2,22.8,12.27,30.11,57.6,18829,72.50,0.8937708006834466,0.2700146745047598,-0.8937708006834466,-0.2700146745047598
70710,0,905,16.8,9.83,26.96,5.15,73.2,21.65,7.72,19.27,79.04,16977,108.40,-0.5071586631628513,0.23645789310023413,0.5071586631628513,-0.23645789310023413
70711,0,612,21.73,9.48,37.43,28.33,59.67,12.0,8.86,36.53,72.67,23388,161.80,4.939284536931154e-10,0.33358548315083436,-4.939284536931154e-10,-0.33358548315083436
70712,0,1111,19.89,8.37,33.85,10.38,60.04,29.36,11.53,28.47,54.53,20338,96.20,-0.1934965479255517,0.17646628538508558,0.1934965479255517,-0.17646628538508558
70713,0,759,19.37,14.76,29.47,10.18,75.44,14.39,7.04,30.34,62.81,20535,108.40,-0.1563997356930642,0.201657574256504,0.1563997356930642,-0.201657574256504
70714,0,347,15.56,2.59,27.27,22.48,61.24,16.28,9.09,24.06,51.94,23504,81.20,0.5479434026860357,0.08378112994502662,-0.5479434026860357,-0.08378112994502662
70715,0,731,20.93,11.76,44.0,18.22,65.99,15.79,35.88,32.24,54.66,24843,81.20,1.4538059694641188,0.6659145707022441,-1.4538059694641188,-0.6659145707022441
70716,0,12107,21.38,13.51,45.53,13.73,48.15,37.38,29.46,49.4,35.9,26528,299.00,-5.60103075031293e-11,2.835528683987098,5.60103075031293e-11,-2.835528683987098
70717,0,4619,18.45,10.18,29.35,16.34,61.2,22.46,28.46,28.28,60.37,20798,96.20,0.19349654824742224,0.5590136159842315,-0.19349654824742224,-0.5590136159842315
70718,0,865,17.69,10.87,34.98,25.87,59.44,14.69,11.89,33.96,55.59,22596,81.20,1.082930915152172,0.38297416585804955,-1.082930915152172,-0.38297416585804955
70719,3,3415,18.8,11.19,39.44,16.2,67.38,16.42,26.88,33.9,63.86,24942,304.30,3.0000000001415668,0.9490662971738586,-1.4156675831600296e-10,2.0509337028261414
70720,1,1485,18.11,9.09,30.75,3.74,16.01,80.25,15.38,28.6,80.46,22862,184.60,1.101007489332675,0.8963869760795178,-0.1010074893326749,0.10361302392048222
70721,0,669,18.68,12.71,31.87,6.94,74.29,18.78,7.48,31.25,45.71,20213,136.10,-1.538342786489011e-10,0.13972762601413913,1.538342786489011e-10,-0.13972762601413913
70723,0,1134,18.43,8.64,30.7,12.23,60.6,27.17,19.01,25.92,62.77,18629,96.20,-0.2735044928995851,0.23615461626135337,0.2735044928995851,-0.23615461626135337
70724,0,821,21.68,12.79,38.26,21.43,61.83,16.74,12.79,33.33,56.47,20790,140.60,-0.2096106581507673,0.35892185191581394,0.2096106581507673,-0.35892185191581394
70725,0,295,15.93,7.8,34.88,19.51,63.41,17.07,7.27,26.36,72.36,18755,72.50,0.46073821959055294,0.1386532192075971,-0.46073821959055294,-0.1386532192075971
70726,0,616,18.67,10.06,29.24,14.68,73.02,12.3,15.56,27.88,68.65,21476,72.50,0.6327632208362299,0.12173466154267354,-0.6327632208362299,-0.12173466154267354
70727,0,469,20.68,8.1,35.07,14.29,70.86,14.86,6.47,32.67,69.14,21224,72.50,0.5729697972108152,0.2015355330378642,-0.5729697972108152,-0.2015355330378642
70728,0,2028,20.12,10.55,35.67,13.1,47.58,39.31,21.85,38.91,47.11,21416,108.40,0.6635583966843495,0.5816598550465891,-0.6635583966843495,-0.5816598550465891
70729,0,809,20.02,9.52,29.02,12.55,76.81,10.65,15.15,27.76,73.38,21054,122.00,-0.230047191453842,0.2336499871710248,0.230047191453842,-0.2336499871710248
70731,0,646,18.27,11.15,39.46,30.36,57.5,12.14,16.12,32.6,66.43,25064,184.60,-0.10100749100716477,0.2699424879499257,0.10100749100716477,-0.2699424879499257
70732,0,1500,18.0,10.6,39.61,15.3,69.6,15.09,19.33,24.83,68.76,23999,195.40,4.559019828320743e-11,0.3164219787176086,-4.559019828320743e-11,-0.3164219787176086
70733,0,213,12.68,11.74,27.78,7.87,75.28,16.85,2.63,26.32,73.03,15570,136.10,-0.36308987165416085,0.18189925417385733,0.36308987165416085,-0.18189925417385733
70734,0,2241,18.07,8.12,34.47,9.21,46.32,44.33,24.42,23.43,59.21,19622,140.60,0.20961065848628202,0.330880525121267,-0.20961065848628202,-0.330880525121267
70735,0,1026,17.45,9.16,30.3,12.06,69.41,18.53,21.96,30.15,63.24,23122,122.00,0.17189198715052179,0.24334497341709438,-0.17189198715052179,-0.24334497341709438
70801,1,658,25.84,6.23,34.41,18.09,72.35,9.56,6.02,28.0,63.82,20694,78.20,-0.09768926224491992,0.09847539025785723,1.09768926224492,0.9015246097421428
70802,0,630,19.37,10.16,38.12,15.41,37.16,47.13,9.41,32.82,35.35,20758,174.30,0.6433528584171739,0.17919818572121105,-0.6433528584171739,-0.17919818572121105
70803,0,665,20.75,11.28,42.39,24.07,59.88,15.74,9.63,36.96,54.01,21535,174.30,0.1963975181435469,0.3527120176758608,-0.1963975181435469,-0.3527120176758608
70804,1,794,17.25,12.85,39.47,15.54,67.23,17.23,3.98,31.52,52.7,22296,174.30,0.1361023682939564,0.20925783280411725,0.8638976317060436,0.7907421671958828
70805,1,1440,19.65,11.46,46.19,23.29,59.13,17.58,16.64,32.82,60.27,26986,392.90,1.0000000000568274,0.5962962736492808,-5.682743164925341e-11,0.40370372635071916
70806,0,839,19.31,15.49,41.82,21.8,63.32,14.53,6.02,35.98,61.94,25646,370.00,1.4564740016880027,0.5028371306286955,-1.4564740016880027,-0.5028371306286955
70807,0,2620,22.67,13.66,48.13,18.14,56.57,25.2,12.34,40.42,43.79,21237,414.50,-4.304308021119141e-10,0.8516184529557356,4.304308021119141e-10,-0.8516184529557356
70808,0,882,20.29,9.75,37.55,19.01,58.48,22.51,7.67,30.33,41.81,20783,78.20,0.4331809983311512,0.11497724020518851,-0.4331809983311512,-0.11497724020518851
70809,0,394,25.13,9.64,40.52,17.71,69.71,12.57,11.11,35.52,56.57,22445,106.60,0.714136249599358,0.35792743160872764,-0.714136249599358,-0.35792743160872764
70810,0,258,22.09,10.85,47.44,25.93,63.89,10.19,0.0,23.0,62.04,24418,195.50,1.0180931183534874,0.22510496786999623,-1.0180931183534874,-0.22510496786999623
70811,0,639,18.47,8.92,37.06,22.61,59.77,17.62,5.08,31.38,54.79,22533,226.00,-0.038954823726678356,0.1362887202723604,0.038954823726678356,-0.1362887202723604
70812,0,43,9.3,20.93,25.0,20.83,58.33,20.83,11.11,38.89,25.0,22790,78.20,1.0951503918260048,0.18824476552465164,-1.0951503918260048,-0.18824476552465164
70813,0,696,18.1,9.77,37.19,22.22,69.73,8.05,5.75,27.86,65.52,21834,78.20,0.19346096276925628,0.10671050434132123,-0.19346096276925628,-0.10671050434132123
70814,0,555,19.1,9.91,45.78,22.43,69.63,7.94,3.98,27.75,63.55,26552,174.30,0.024147253264516166,0.2616531491342087,-0.024147253264516166,-0.2616531491342087
70815,0,89,16.85,15.73,28.57,7.5,80.0,12.5,3.03,18.18,67.5,19357,78.20,0.08633963757877083,0.08601861540509637,-0.08633963757877083,-0.08601861540509637
70816,1,1287,20.59,12.12,44.79,18.97,68.3,12.72,11.37,29.8,52.9,24930,289.60,0.9289063017882295,0.3953907632384247,0.07109369821177047,0.6046092367615753
70817,0,386,17.36,12.44,37.96,9.94,60.77,29.28,3.7,34.94,40.88,21476,78.20,0.7197243811329077,0.12074576840867413,-0.7197243811329077,-0.12074576840867413
70818,0,299,21.07,12.37,47.5,25.18,50.36,24.46,5.65,38.76,51.8,14678,132.00,0.42733411023384704,0.309761806115308,-0.42733411023384704,-0.309761806115308
70819,0,71,15.49,12.68,29.41,13.89,72.22,13.89,0.0,39.39,69.44,19722,78.20,0.3783971796324277,0.2798238662231005,-0.3783971796324277,-0.2798238662231005
70820,3,2074,20.06,9.79,46.17,21.61,61.34,17.05,25.54,36.12,54.19,24583,306.00,2.2171273883160536,0.8728838974060447,0.7828726116839464,2.1271161025939556
70821,0,1155,17.4,11.0,36.67,13.69,51.59,34.47,9.28,36.22,32.27,24805,414.50,0.039101426928132454,0.21679608032114306,-0.039101426928132454,-0.21679608032114306
70822,0,382,23.56,11.52,43.59,13.1,80.0,6.9,3.64,29.09,59.31,23651,162.90,0.6620854679077066,0.20077948309633153,-0.6620854679077066,-0.20077948309633153
70823,0,54,46.3,9.26,66.67,10.0,80.0,10.0,0.0,40.0,60.0,14827,106.60,0.0526600704641087,0.31257090462711623,-0.0526600704641087,-0.31257090462711623
70824,1,465,21.08,10.32,45.45,19.44,65.28,14.81,6.7,25.26,47.69,20465,195.50,0.9999999996818048,0.19411203218520634,3.1819524792808807e-10,0.8058879678147937
70825,1,93,23.66,9.68,26.92,15.38,78.02,6.59,0.0,32.43,75.82,21993,78.20,0.022519651360299875,0.3522721686622976,0.9774803486397001,0.6477278313377024
70826,1,1665,18.08,8.23,45.59,22.42,67.27,10.1,10.16,31.27,64.04,24337,306.00,1.78287261356318,0.31142868441258753,-0.78287261356318,0.6885713155874125
70827,0,424,24.06,8.49,46.28,8.97,77.93,13.1,6.51,29.59,38.62,21857,162.90,0.5516858597300995,0.19686048474735085,-0.5516858597300995,-0.19686048474735085
70828,5,7308,16.48,10.08,42.43,14.97,52.82,31.58,22.1,40.24,41.7,24853,289.50,4.999999999661878,2.1655022932957038,3.381224189524801e-10,2.8344977067042962
70829,1,465,16.34,9.03,31.4,14.79,65.68,19.53,9.89,35.16,48.52,19328,132.00,0.32570972729962655,0.2593014370326552,0.6742902727003734,0.7406985629673448
70830,0,515,19.22,10.29,47.85,31.82,64.05,4.13,5.68,30.74,61.16,22807,106.60,0.6210765629427311,0.1751915674169946,-0.6210765629427311,-0.1751915674169946
70831,0,643,18.35,7.0,32.45,16.67,71.71,11.63,2.09,24.28,52.71,19938,78.20,-0.13425351003467867,0.07556432402832658,0.13425351003467867,-0.07556432402832658
70832,0,1171,17.68,8.37,37.84,12.65,65.57,21.55,9.45,30.72,53.86,20822,226.00,-1.419326878249194e-10,0.19489430279167186,1.419326878249194e-10,-0.19489430279167186
70833,2,1517,19.78,10.35,41.06,23.26,63.69,13.06,11.02,30.75,55.28,19476,162.90,0.7862286714227995,0.4744928771332957,1.2137713285772005,1.5255071228667043
70834,0,279,21.15,10.04,29.87,17.6,70.4,12.0,2.7,32.74,62.4,27324,106.60,0.8322883900729252,0.39095195520287884,-0.8322883900729252,-0.39095195520287884
70835,1,999,18.12,9.41,41.02,14.76,71.39,13.86,10.87,32.0,59.34,29067,289.60,1.0710936976946464,0.5781806996770198,-0.07109369769464635,0.4218193003229802
70836,0,1253,21.79,9.18,41.18,27.14,63.47,9.39,6.8,32.86,54.29,21616,195.50,1.0453116225655492,0.33732011991667965,-1.0453116225655492,-0.33732011991667965
70837,0,239,21.76,13.81,52.0,16.67,71.11,11.11,3.16,26.53,53.33,18259,132.00,0.2469561658756092,0.09841502850069705,-0.2469561658756092,-0.09841502850069705
70901,1,2238,21.36,11.8,44.74,21.86,59.38,18.64,13.19,35.89,50.29,21905,393.60,0.5864586484078256,0.8114012852211607,0.4135413515921744,0.18859871477883927
70902,0,1886,17.18,7.26,32.51,23.05,57.12,19.82,21.02,32.47,56.39,20327,607.00,-7.480771557766275e-11,0.33962319586916456,7.480771557766275e-11,-0.33962319586916456
70903,0,383,19.06,6.79,33.33,16.78,57.72,24.83,6.92,20.77,32.21,21540,206.00,-0.18057985954003009,0.00832477444621893,0.18057985954003009,-0.00832477444621893
70904,1,1135,16.48,9.16,38.72,17.66,52.99,29.34,22.49,31.37,49.7,23088,763.80,0.9999999997000195,0.347479653009365,2.999804848968779e-10,0.652520346990635
70905,1,2610,18.58,9.85,42.38,22.97,60.16,16.87,21.35,30.12,55.25,27262,552.00,0.41276561034776016,0.7479181984583361,0.5872343896522398,0.25208180154166393
70907,0,3560,18.17,8.79,40.76,22.18,47.16,29.87,21.75,36.3,45.85,25413,694.70,-1.1581846592889633e-11,0.8111917353680009,1.1581846592889633e-11,-0.8111917353680009
70908,0,1422,21.03,10.9,41.58,24.66,46.38,28.45,14.66,30.24,43.62,22473,376.30,-1.985540620808024e-10,0.3471666357667005,1.985540620808024e-10,-0.3471666357667005
70909,0,4317,15.64,9.78,38.32,9.71,52.11,37.82,27.82,31.73,35.9,23513,755.90,-4.42613057316521e-10,0.8514540539601841,4.42613057316521e-10,-0.8514540539601841
70910,1,1504,15.76,7.05,34.82,27.41,54.49,17.44,21.17,27.56,47.34,21699,454.00,0.9999999997194173,0.3934596306847422,2.8058266821062716e-10,0.6065403693152578
70911,0,697,15.21,5.74,32.06,20.1,61.24,18.66,18.32,22.05,56.94,21998,276.20,-0.19842508987856,0.19266352960522426,0.19842508987856,-0.19266352960522426
70912,0,792,17.93,9.97,36.49,17.61,39.94,41.82,13.26,28.81,19.81,22616,206.00,0.613464835261567,0.17232091475867262,-0.613464835261567,-0.17232091475867262
70913,0,480,13.75,6.67,27.94,19.43,58.29,22.27,12.78,24.73,59.72,18444,206.00,-0.22368409937890377,0.19023627669683174,0.22368409937890377,-0.19023627669683174
70914,0,750,16.67,8.27,32.26,24.83,51.66,23.51,14.8,25.81,57.95,21893,206.00,0.12102822586621365,0.20211538754891978,-0.12102822586621365,-0.20211538754891978
70915,1,1682,17.24,7.13,34.32,21.85,57.89,20.1,15.7,31.32,54.7,20368,562.70,0.9999999998856506,0.2848854046021808,1.1434941882271232e-10,0.7151145953978192
70916,0,1437,19.28,7.59,36.71,13.47,59.77,26.19,16.67,28.9,48.96,20092,370.90,1.0638951286142841,0.2519343017491038,-1.0638951286142841,-0.2519343017491038
70917,1,7644,17.18,9.38,42.9,14.65,48.4,35.7,28.58,38.72,36.48,26075,552.00,1.404277090458498,1.9188010402095623,-0.404277090458498,-0.9188010402095623
70918,0,1294,16.92,8.42,36.19,19.5,58.09,22.41,26.19,33.03,45.85,22066,497.10,-2.2084556405843614e-10,0.24149615806205438,2.2084556405843614e-10,-0.24149615806205438
70920,2,3979,18.77,10.53,37.28,9.63,47.06,43.03,23.43,35.66,33.03,24762,770.60,2.0875597055315556,1.1685047763454297,-0.08755970553155557,0.8314952236545703
70921,1,1279,17.12,8.6,39.68,27.59,54.45,17.79,22.14,27.71,72.96,25381,280.20,0.6579337787647734,0.3396062809707584,0.34206622123522656,0.6603937190292416
70922,0,1745,16.96,6.7,32.28,11.54,59.19,29.27,25.1,29.94,38.03,21795,568.30,0.5138175077360909,0.26754319338900223,-0.5138175077360909,-0.26754319338900223
70923,0,1236,18.69,7.77,36.68,8.31,57.34,34.35,20.64,33.75,41.0,23663,913.80,-0.02664534906597993,0.2678106876524904,0.02664534906597993,-0.2678106876524904
70924,0,588,13.1,7.48,27.33,18.52,60.91,20.16,16.36,30.04,44.44,18975,206.00,-0.0768440820330607,0.10917271301084264,0.0768440820330607,-0.10917271301084264
70925,0,1594,14.18,7.84,36.77,14.32,61.89,23.79,25.16,28.86,45.87,21417,276.20,0.1984250907589047,0.24605783404895676,-0.1984250907589047,-0.24605783404895676
70926,3,14480,17.45,10.26,42.74,14.2,44.99,39.4,29.41,39.48,39.94,26767,577.80,2.999999999869843,3.8938053786514395,1.3015721833653515e-10,-0.8938053786514395
70927,1,1788,14.88,8.28,32.95,11.81,58.48,29.71,21.31,27.12,42.29,20665,568.30,0.48618249323514995,0.3521565408287456,0.51381750676485,0.6478434591712544
70928,1,2244,17.34,8.33,43.9,11.35,67.03,21.62,33.3,29.65,50.86,28346,657.40,1.0000000002187406,0.5416159699930823,-2.1874058120374684e-10,0.45838403000691774
70929,0,298,20.47,16.78,44.83,24.09,59.09,16.82,7.41,36.03,65.45,18232,393.60,0.4135413520683393,0.3068897440550473,-0.4135413520683393,-0.3068897440550473
70930,0,842,17.1,9.38,31.95,17.29,60.34,22.03,19.2,32.09,37.97,24725,552.00,0.1829572998901181,0.20417733320667697,-0.1829572998901181,-0.20417733320667697
70931,0,1916,18.06,8.14,32.45,5.29,58.94,35.77,23.54,31.71,39.23,23207,497.10,0.22629604100060874,0.30465418387082444,-0.22629604100060874,-0.30465418387082444
70932,0,869,18.87,8.63,30.8,20.84,60.16,19.0,7.74,26.32,51.45,18850,206.00,-0.25338502730832424,0.13795029768112044,0.25338502730832424,-0.13795029768112044
70933,0,2298,16.67,7.53,38.55,24.23,52.88,22.89,25.2,30.28,50.6,28075,465.50,2.340687643709316e-10,0.6333201855803425,-2.340687643709316e-10,-0.6333201855803425
70934,0,1913,18.71,8.42,38.22,17.42,43.54,38.03,19.04,28.52,33.24,23919,376.30,0.24286951672289625,0.33297604537275205,-0.24286951672289625,-0.33297604537275205
70935,0,2025,17.04,7.06,38.78,12.03,60.55,27.02,30.69,31.23,44.18,24128,913.80,0.026645350730708728,0.3332924940184645,-0.026645350730708728,-0.3332924940184645
70936,1,5479,17.63,8.49,41.47,17.09,61.38,21.45,29.12,30.02,51.49,26645,531.70,1.7887732934759697,0.8024548749344338,-0.7887732934759697,0.1975451250655662
70937,0,1830,16.07,7.43,40.39,18.54,55.21,26.25,23.79,35.45,46.67,27976,690.70,1.382947090178277e-10,0.6144631705017746,-1.382947090178277e-10,-0.6144631705017746
70938,0,2570,16.15,7.98,36.16,26.91,52.07,20.92,24.16,24.23,59.37,23820,467.20,1.3128089402784102,0.4512357630299707,-1.3128089402784102,-0.4512357630299707
70939,1,2224,17.13,8.99,43.68,17.82,60.89,21.12,23.66,31.9,45.71,26168,552.00,0.4305664207454907,0.4522985300692579,0.5694335792545093,0.5477014699307421
70940,2,1757,19.29,13.77,37.14,10.19,41.19,48.41,21.58,36.4,23.78,25834,402.90,1.9999999997832063,0.7222753837475845,2.1679369410776417e-10,1.2777246162524154
70941,1,662,17.37,10.27,30.89,25.71,54.55,19.75,11.88,30.04,58.62,22399,402.90,0.8790290180623437,0.2465533122836917,0.12097098193765632,0.7534466877163083
80101,0,2419,18.35,9.01,41.16,46.26,46.65,7.09,12.33,27.32,63.36,23750,316.40,-2.0404122835770977e-10,0.39511756163563294,2.0404122835770977e-10,-0.39511756163563294
80102,0,351,13.11,8.55,31.25,12.59,67.13,20.28,6.62,29.41,57.34,22377,441.00,-0.03743090298405072,0.13305090357455351,0.03743090298405072,-0.13305090357455351
80103,3,15102,17.22,9.99,42.2,14.94,49.1,34.97,22.74,41.21,45.31,25882,605.80,2.9999999998708073,4.530105575022896,1.2919265657274082e-10,-1.5301055750228958
80104,0,2608,16.56,5.98,41.57,23.09,53.49,22.76,20.21,32.58,60.63,23700,441.00,0.49354536231841273,0.4227914644182028,-0.49354536231841273,-0.4227914644182028
80105,0,754,16.98,9.42,37.0,11.99,44.48,41.96,10.0,37.0,35.02,23686,534.50,0.24757425649458042,0.18489862535157997,-0.24757425649458042,-0.18489862535157997
80106,0,3447,17.96,8.76,43.47,22.51,54.41,22.97,17.48,34.2,46.87,26379,534.50,0.09808320214389177,0.8017630170367571,-0.09808320214389177,-0.8017630170367571
80107,0,617,17.99,9.72,41.21,28.57,54.23,17.2,8.68,31.98,64.72,24915,534.50,-0.3456574554536793,0.24821817816535796,0.3456574554536793,-0.24821817816535796
80108,0,1627,19.85,10.33,41.88,17.52,67.36,15.13,8.88,26.83,50.96,24507,171.50,0.2425192536519738,0.3371675007783441,-0.2425192536519738,-0.3371675007783441
80109,0,468,13.68,6.41,28.07,22.55,50.55,26.91,9.88,33.33,71.64,21322,171.20,0.08926122651385704,0.11618352666272802,-0.08926122651385704,-0.11618352666272802
80110,1,1570,21.02,10.25,42.49,17.83,53.62,28.42,10.18,37.54,51.61,26392,229.00,1.0000000003211476,0.5899864441242261,-3.211475529951713e-10,0.4100135558757739
80111,1,1091,18.33,11.0,38.14,9.76,78.05,12.2,11.62,29.54,56.71,23176,171.50,0.14613788499869962,0.2716118453393418,0.8538621150013004,0.7283881546606582
80112,0,667,20.09,10.79,38.12,14.33,55.97,29.69,8.13,29.62,35.49,27265,171.50,0.6242007049134415,0.20347269994453543,-0.6242007049134415,-0.20347269994453543
80113,0,1569,17.21,10.2,30.93,6.61,26.58,64.61,21.64,42.72,14.68,32362,2226.60,5.481037845811443e-10,0.7349976495253123,-5.481037845811443e-10,-0.7349976495253123
80114,0,305,15.08,10.16,43.02,17.43,76.15,6.42,4.8,28.8,64.22,30175,335.10,0.1528357922478616,0.27422554343946637,-0.1528357922478616,-0.27422554343946637
80115,2,3696,16.31,6.98,37.92,17.28,65.23,17.48,17.92,32.01,61.94,23108,536.70,2.0000000000288978,0.7268156650786439,-2.8897773063363275e-11,1.273184334921356
80116,1,6528,16.79,9.19,40.72,22.28,63.62,14.1,18.09,31.05,60.87,23031,441.00,0.5438855394185307,0.9830647888555273,0.4561144605814693,0.016935211144472717
80117,5,4957,18.1,10.97,44.57,22.75,62.68,14.5,20.05,32.63,65.1,28150,764.70,5.000000000142776,1.6375660082866386,-1.4277556914521483e-10,3.3624339917133614
80118,0,903,17.28,8.08,40.16,22.45,56.63,20.92,8.2,30.87,63.52,19803,171.20,-0.08354467099658791,0.18302031422148535,0.08354467099658791,-0.18302031422148535
80119,0,728,19.51,9.2,41.63,23.65,55.67,20.69,18.97,33.33,58.13,26149,335.10,0.44032580487067285,0.3516563771326504,-0.44032580487067285,-0.3516563771326504
80120,0,2222,20.34,11.39,40.41,27.75,55.42,16.48,10.79,33.4,52.73,24480,308.70,3.147881955101184e-11,0.6741277907018748,-3.147881955101184e-11,-0.6741277907018748
80121,0,396,16.67,6.57,41.05,6.87,63.36,29.77,17.28,38.27,46.56,21607,171.20,0.2157369758547425,0.1968635158542983,-0.2157369758547425,-0.1968635158542983
80122,2,4000,19.43,12.5,46.02,12.75,55.55,31.62,19.16,43.31,45.89,26309,548.10,1.9999999998731308,1.5742061296137395,1.268691818268053e-10,0.4257938703862605
80123,0,849,17.67,8.01,35.92,27.27,59.67,13.05,11.64,24.21,58.28,22471,171.50,-0.012857845028984016,0.19907959548255172,0.012857845028984016,-0.19907959548255172
80124,0,624,18.59,8.01,32.34,15.83,58.27,25.9,11.67,33.98,59.35,19751,171.20,-0.00595377538243369,0.2875474065947822,0.00595377538243369,-0.2875474065947822
80125,0,284,16.9,8.8,34.12,20.62,65.98,13.4,9.65,26.32,69.07,22843,335.10,-0.1528357939492917,0.0947888793207381,0.1528357939492917,-0.0947888793207381
80126,0,2336,18.96,8.56,45.66,23.16,60.75,16.09,15.63,31.83,64.22,26178,441.00,0.42851054620887474,0.5512330078278315,-0.42851054620887474,-0.5512330078278315
80127,0,745,15.17,8.46,29.67,14.38,69.28,16.34,8.16,25.18,71.57,21856,171.20,-0.21549975595575432,0.1117567817730527,0.21549975595575432,-0.1117567817730527
80128,0,2257,19.72,10.63,43.47,24.95,56.56,18.39,13.43,36.02,56.1,25606,334.50,5.569233962887665e-11,0.7487031017983397,-5.569233962887665e-11,-0.7487031017983397
80129,0,2828,19.02,9.44,41.26,30.3,59.24,10.36,15.33,31.68,57.12,25780,348.40,1.287425057554568,0.5933000450770473,-1.287425057554568,-0.5933000450770473
80201,0,3338,17.14,7.34,35.41,30.65,58.44,10.92,14.01,30.48,67.34,23674,363.90,0.21490762008730258,0.5722518079556658,-0.21490762008730258,-0.5722518079556658
80202,0,2705,13.23,7.17,30.88,20.25,57.9,21.85,18.44,29.01,52.96,23014,318.60,0.1143842165250959,0.48414657849734066,-0.1143842165250959,-0.48414657849734066
80203,0,1905,16.06,8.5,34.12,23.36,60.81,15.7,16.53,29.97,55.44,23057,332.90,-0.5016929435181154,0.3769637754501457,0.5016929435181154,-0.3769637754501457
80204,0,2034,16.72,9.59,37.69,18.19,56.7,25.11,16.69,33.78,50.21,23532,318.60,0.306963190693585,0.5034685683048091,-0.306963190693585,-0.5034685683048091
80205,0,830,17.11,7.59,37.72,30.4,58.81,10.8,14.03,31.64,72.16,25340,682.80,2.544684463146041e-10,0.27611700730933375,-2.544684463146041e-10,-0.27611700730933375
80206,0,1113,15.9,9.61,31.62,27.21,54.2,18.59,13.15,32.88,61.0,21036,318.60,-0.03583828539664857,0.23318548120657812,0.03583828539664857,-0.23318548120657812
80207,6,29476,17.53,10.33,40.38,7.04,33.99,54.45,24.74,45.97,34.59,26189,1045.30,4.938487077266926,5.848869859918199,1.0615129227330744,0.1511301400818006
80208,0,598,15.55,9.03,33.92,30.6,67.67,1.72,9.38,23.21,73.71,24517,363.90,-0.21490762056765433,0.04423710053047203,0.21490762056765433,-0.04423710053047203
80209,0,339,17.99,8.26,34.07,31.07,36.41,32.04,13.04,40.4,49.03,24627,332.90,1.1468692662219837e-10,0.2020131290173678,-1.1468692662219837e-10,-0.2020131290173678
80210,0,1048,18.23,9.45,37.83,24.19,62.9,12.9,11.37,27.96,68.55,23956,219.90,-0.006892615532892776,0.2580825829541563,0.006892615532892776,-0.2580825829541563
80211,0,3774,16.64,8.19,34.12,32.13,49.74,18.13,17.6,32.52,64.59,23692,403.30,1.4171539534255064,0.6907705109985902,-1.4171539534255064,-0.6907705109985902
80212,0,419,19.81,6.68,34.82,15.6,54.61,29.79,8.0,28.0,49.65,23178,362.00,3.8901148968761845e-10,0.059917113568278335,-3.8901148968761845e-10,-0.059917113568278335
80213,0,4080,15.98,8.43,40.0,32.07,57.19,10.74,18.13,28.83,71.01,23887,781.10,-1.6979662120775174e-10,0.7083885767446123,1.6979662120775174e-10,-0.7083885767446123
80214,0,1886,14.48,10.66,37.43,26.78,66.72,6.51,9.31,23.47,82.3,18657,580.10,-6.814744324401545e-10,0.27353129841752977,6.814744324401545e-10,-0.27353129841752977
80215,6,13639,17.81,9.07,41.76,17.53,55.41,26.64,25.35,35.95,56.67,25034,808.70,6.000000000003157,3.531761126563263,-3.156586103614245e-12,2.468238873436737
80216,0,2068,15.62,7.69,33.21,17.19,61.1,21.58,15.48,31.91,57.09,21145,161.20,0.08980455976300661,0.4282280729291834,-0.08980455976300661,-0.4282280729291834
80217,1,8566,16.43,9.15,40.63,23.37,65.12,11.47,18.3,31.3,69.08,23192,785.80,0.9999999998284803,1.396570723313956,1.7151968734196998e-10,-0.39657072331395593
80218,0,6731,17.58,9.84,40.14,20.01,56.28,23.71,21.32,33.61,56.45,22503,848.50,-0.004876281282678363,1.3752344991981003,0.004876281282678363,-1.3752344991981003
80219,0,1423,18.41,7.87,42.29,23.78,61.77,14.45,11.13,26.57,64.57,23282,429.00,7.65787433465448e-12,0.30414751709878174,-7.65787433465448e-12,-0.30414751709878174
80220,0,1860,17.74,12.26,41.29,23.08,51.28,25.25,22.52,34.11,54.64,25267,848.50,0.0048762819084640086,0.45341962671619485,-0.0048762819084640086,-0.45341962671619485
80221,0,1110,18.29,9.64,40.63,13.65,70.75,15.6,16.97,35.89,53.48,20772,219.90,0.006892616180030231,0.3766036130717999,-0.006892616180030231,-0.3766036130717999
80222,0,1500,21.0,8.93,42.03,22.77,56.73,20.5,10.46,28.43,57.14,24757,376.70,0.1954361405933156,0.3036755456662805,-0.1954361405933156,-0.3036755456662805
80223,0,1187,16.34,7.5,38.84,18.57,56.5,24.67,14.23,28.87,58.89,22174,219.90,0.13937150837497292,0.3180547257150975,-0.13937150837497292,-0.3180547257150975
80224,5,10568,16.31,8.11,40.07,14.26,62.42,23.24,26.62,35.09,61.16,25890,885.90,2.2178966567200495,2.0454077174203853,2.7821033432799505,2.9545922825796147
80225,0,1594,17.5,6.9,34.91,13.89,64.53,21.37,21.28,29.13,51.5,25049,213.60,3.5652014673814847e-10,0.21368907749882549,-3.5652014673814847e-10,-0.21368907749882549
80226,0,6696,19.82,12.29,47.71,16.44,45.13,35.4,29.35,45.1,48.41,25451,1311.30,-1.8558488079634117e-10,2.1065638641222497,1.8558488079634117e-10,-2.1065638641222497
80227,0,1303,17.34,8.9,37.43,17.01,59.34,23.65,19.17,34.77,51.04,23122,332.90,-0.2931248167253351,0.3300221177440744,0.2931248167253351,-0.3300221177440744
80228,0,5077,18.63,10.36,46.62,13.51,48.33,37.81,18.14,42.15,25.91,22479,404.70,0.061284747153960595,1.309349373530263,-0.061284747153960595,-1.309349373530263
80229,0,559,20.39,5.01,42.33,17.58,63.03,19.39,19.07,22.69,50.91,21572,376.70,-0.26448538223574225,0.15686283283340607,0.26448538223574225,-0.15686283283340607
80230,0,671,15.35,6.56,40.91,31.56,50.82,17.62,14.44,32.49,58.61,21868,318.60,-0.09904219212245202,0.2550454631919036,0.09904219212245202,-0.2550454631919036
80231,0,1070,15.33,7.48,34.13,23.14,60.11,16.76,11.41,27.36,53.72,19466,161.20,-0.2955192916693594,0.23474968578591138,0.2955192916693594,-0.23474968578591138
80232,0,485,17.94,7.84,42.57,19.19,64.65,16.16,12.87,26.6,61.62,21656,318.60,-0.2864669321194686,0.2319731271981339,0.2864669321194686,-0.2319731271981339
80233,0,941,11.16,12.54,37.45,7.51,60.59,31.9,11.75,30.65,54.42,24383,404.70,-0.3892660162071415,0.29556815891104415,0.3892660162071415,-0.29556815891104415
80234,0,216,17.59,9.72,39.66,12.96,37.96,47.22,23.33,41.05,29.63,26174,404.70,0.28759620490729,0.4271036320511755,-0.28759620490729,-0.4271036320511755
80235,1,3854,17.49,11.0,41.86,17.03,65.85,16.94,28.08,32.32,69.49,28110,877.70,2.3567577531788206,1.3200328109702202,-1.3567577531788206,-0.3200328109702202
80236,2,1900,15.37,8.68,31.97,20.56,52.71,26.73,12.3,34.05,60.39,23005,523.30,1.9999999999415499,0.5420330852399307,5.845013362204554e-11,1.4579669147600693
80237,0,475,14.53,11.37,33.33,23.11,56.0,20.89,14.29,32.79,68.0,21773,161.20,0.2057147312391141,0.18448170522194907,-0.2057147312391141,-0.18448170522194907
80238,0,1854,18.93,8.31,38.63,20.55,56.65,22.45,15.83,26.85,54.06,20410,376.70,0.06904924045393201,0.3291821361597884,-0.06904924045393201,-0.3291821361597884
80239,0,184,19.02,4.89,41.86,10.0,44.0,43.0,17.5,53.01,34.0,22212,404.70,0.04038506455343516,0.3092503487908064,-0.04038506455343516,-0.3092503487908064
80240,4,8954,16.52,9.08,40.28,19.35,59.61,20.86,26.93,34.18,63.79,26124,877.70,2.6432422474930393,1.9531503300664959,1.3567577525069607,2.046849669933504
80301,4,52108,15.88,9.11,41.02,20.21,53.78,25.1,25.38,38.69,60.23,25254,834.70,3.999999999877007,4.876211864169093,1.2299317120323394e-10,-0.8762118641690932
80302,7,17432,14.98,8.73,38.95,18.64,59.13,21.83,21.78,34.04,61.8,22415,595.70,6.999999999650651,4.597296049314309,3.4934899417748966e-10,2.402703950685691
80303,4,24603,15.4,8.78,38.96,25.76,53.9,20.0,24.87,33.62,64.52,22591,712.50,3.999999999654146,4.241524884733445,3.4585401209596967e-10,-0.2415248847334448
80401,0,7198,16.5,8.1,40.92,28.18,56.51,15.06,26.48,31.32,66.55,22917,787.40,-2.2442492308982764e-10,1.0928177137948711,2.2442492308982764e-10,-1.0928177137948711
80402,0,445,15.28,7.19,35.11,17.75,66.27,15.98,5.45,20.0,76.92,22636,383.20,0.10474277185863201,0.0738815371251651,-0.10474277185863201,-0.0738815371251651
80403,0,154,24.03,5.84,45.0,26.74,65.12,8.14,10.61,41.79,74.42,15736,383.20,-0.1047427701336705,0.2607162690580952,0.1047427701336705,-0.2607162690580952
80404,0,36708,15.78,8.78,42.37,15.26,52.24,31.34,28.39,39.3,57.09,23536,848.90,-3.113154178890909e-10,3.392136980399294,3.113154178890909e-10,-3.392136980399294
80405,0,6670,16.96,8.76,38.26,25.51,59.38,15.06,16.42,33.95,64.58,22048,527.10,-1.7032242283221422e-10,1.3053174302820028,1.7032242283221422e-10,-1.3053174302820028
80406,0,768,16.54,6.38,40.18,31.29,56.47,12.23,11.78,25.59,75.9,21975,508.80,-0.0482136748827422,0.15289942595589978,0.0482136748827422,-0.15289942595589978
80407,4,3332,18.31,9.6,43.97,27.99,63.81,8.2,19.42,28.7,74.51,23803,486.40,3.9999999999288605,0.9544154504242155,7.113953870430123e-11,3.0455845495757847
80408,0,12405,15.68,8.91,41.98,23.84,57.76,17.86,22.46,34.66,63.84,22940,751.90,-3.679438975723315e-10,2.3288545848577202,3.679438975723315e-10,-2.3288545848577202
80409,2,3073,17.51,8.33,40.27,27.14,58.4,14.46,17.7,32.4,67.32,25120,830.70,0.24527830769101477,0.5795444984496725,1.7547216923089852,1.4204555015503275
80410,0,4956,16.99,7.36,42.19,33.35,57.71,8.94,18.63,29.04,74.79,22773,752.00,-1.4446221996422537e-10,0.6733550002782531,1.4446221996422537e-10,-0.6733550002782531
80411,0,703,20.48,8.39,38.78,24.05,60.41,15.54,9.71,29.5,58.65,20464,240.50,2.0978774273316958e-11,0.21086912101974464,-2.0978774273316958e-11,-0.21086912101974464
80412,3,4249,15.23,7.46,39.34,24.71,62.81,12.48,24.27,27.12,74.14,20983,641.20,2.999999999664329,0.9613538740095735,3.3567104651410773e-10,2.0386461259904265
80413,1,2532,15.44,6.6,39.86,25.06,66.55,8.39,12.73,27.5,76.0,20123,730.50,0.7608726824189791,0.43321935900843644,0.2391273175810209,0.5667806409915636
80414,0,12157,17.64,10.07,40.92,10.95,68.86,19.93,24.72,33.8,58.14,23460,742.60,-8.814815544155863e-11,1.9296194175255779,8.814815544155863e-11,-1.9296194175255779
80415,0,390,14.62,11.03,38.79,19.58,70.63,9.79,11.76,24.18,67.83,24324,462.90,0.07049050486065767,0.06257277696270225,-0.07049050486065767,-0.06257277696270225
80416,0,2239,16.48,10.36,43.21,24.03,60.45,14.93,28.65,36.05,60.3,24370,732.10,0.09062873044730324,0.7739450838001104,-0.09062873044730324,-0.7739450838001104
80417,0,2799,17.79,10.04,40.08,18.75,66.44,14.81,17.49,29.4,64.93,22888,525.70,0.28923223218282956,0.5388675659669385,-0.28923223218282956,-0.5388675659669385
80418,0,2592,15.63,7.6,39.51,13.23,69.1,17.68,20.67,28.35,60.73,23601,462.90,0.33095199099438233,0.45108227199489515,-0.33095199099438233,-0.45108227199489515
80419,0,805,17.52,6.71,32.44,22.08,68.45,9.46,11.58,27.01,82.65,23901,462.90,-0.07049050599829698,0.17477139386156382,0.07049050599829698,-0.17477139386156382
80420,0,2712,16.3,9.22,42.23,15.76,67.58,16.41,26.54,34.57,60.03,23006,732.10,-0.09062872842458525,0.6760134542887211,0.09062872842458525,-0.6760134542887211
80421,0,622,15.59,9.65,34.41,32.83,59.62,7.55,10.61,22.86,69.81,20260,525.70,-0.2892322323374934,0.09934085444627616,0.2892322323374934,-0.09934085444627616
80422,0,438,19.86,7.53,40.77,21.23,71.23,7.53,15.64,27.78,63.7,25237,508.80,4.5841375140298624e-10,0.14480658207215602,-4.5841375140298624e-10,-0.14480658207215602
80423,0,2297,15.63,7.44,42.9,13.7,74.7,11.6,20.93,32.93,65.51,23333,830.70,-1.3500667250809784e-10,0.5124455245529606,1.3500667250809784e-10,-0.5124455245529606
80424,0,3419,18.25,8.48,44.51,20.24,66.88,12.79,19.06,30.81,72.03,23190,508.80,0.4177434119322676,0.8347227063051031,-0.4177434119322676,-0.8347227063051031
90101,3,16281,19.04,14.33,41.36,5.85,3.59,39.14,7.38,50.28,0.63,41355,-,1.1148461465243145,3.4039382998552603,1.8851538534756855,-0.4039382998552603
90201,3,112675,13.05,7.13,40.99,25.08,15.01,26.39,10.19,47.36,32.21,26757,-,4.859699366343104,4.15119583874168,-1.8596993663431043,-1.15119583874168
90301,4,98881,14.32,7.88,43.2,8.49,5.65,38.1,10.47,49.8,4.96,30498,-,5.881607068711753,7.422686155058799,-1.8816070687117534,-3.4226861550587993
90401,2,33444,15.28,8.84,42.94,3.51,2.25,47.35,12.18,49.22,1.32,33894,-,1.4666650853000807,2.512647992652718,0.5333349146999193,-0.5126479926527181
90501,3,54581,13.88,6.65,45.39,3.29,2.74,44.32,10.41,51.94,1.48,26334,-,2.801557351698416,2.7180002599818653,0.19844264830158398,0.28199974001813466
90601,4,31083,14.84,8.17,48.28,8.52,4.46,43.2,10.42,51.45,1.01,30270,-,0.7042204747405929,1.810183177427169,3.295779525259407,2.1898168225728307
90701,1,31330,14.76,7.66,49.3,4.15,3.84,59.08,10.32,52.46,1.43,31591,-,-0.12383491280509773,1.6201366344151382,1.1238349128050977,-0.6201366344151382
90801,2,24242,14.88,8.73,46.81,3.9,3.99,48.7,10.43,51.39,1.39,35697,-,0.5667680022125712,2.007610078369636,1.4332319977874288,-0.0076100783696357865
90901,1,41664,13.92,8.0,46.78,5.69,4.01,45.28,9.34,51.67,1.07,33337,-,1.784146613013272,1.6113670313274235,-0.7841466130132719,-0.6113670313274235
91001,14,223190,13.52,7.24,38.69,35.3,23.2,23.61,8.84,43.19,50.23,26429,861.60,14.000000000151134,12.591147114443546,-1.511342162530127e-10,1.4088528855564544
91101,9,112149,13.43,6.65,37.77,40.83,20.89,22.13,8.94,40.81,48.8,26138,700.10,9.000000000069663,8.198996470621815,-6.966338617075962e-11,0.8010035293781854
91201,5,102393,14.1,7.48,40.35,22.43,27.0,32.87,10.34,46.88,37.09,27344,882.30,5.00000000020043,5.584966394341891,-2.0042989490320906e-10,-0.5849663943418912
91301,18,56108,16.11,13.7,41.52,24.26,44.16,29.31,18.52,45.25,58.56,37444,1310.80,18.000000000643382,17.28729037263138,-6.433822363760555e-10,0.7127096273686213
91401,40,99049,15.82,9.67,42.83,31.93,38.35,23.02,14.3,46.33,63.84,31029,1002.80,40.00000000036607,36.572875028683114,-3.660716174636036e-10,3.4271249713168856
91501,2,75902,13.7,6.56,42.9,6.53,9.3,57.7,7.45,49.58,7.67,24218,-,1.8043846322706125,2.5246273854142514,0.19561536772938748,-0.5246273854142514
91601,4,102727,14.64,7.6,42.08,23.55,19.74,39.15,10.45,48.59,34.5,27230,972.10,11.309747305534884,5.374078975676864,-7.309747305534884,-1.3740789756768637
91701,4,56767,14.43,8.33,42.34,32.19,26.0,31.98,12.6,47.12,52.59,30438,1253.50,4.000000000221943,5.042062544652806,-2.219433525851855e-10,-1.042062544652806
91801,10,51376,14.17,9.66,40.57,15.6,21.03,53.42,16.09,49.03,28.6,35529,1722.40,10.000000000488882,8.398752721326149,-4.888818239123793e-10,1.601247278673851
91901,24,76074,15.11,12.8,39.77,24.13,31.15,37.45,15.95,47.67,43.6,35804,1752.30,24.00000000048658,22.676149880376542,-4.865796654485166e-10,1.323850119623458
92001,3,86950,14.11,7.45,41.15,9.73,3.78,27.77,9.79,48.01,5.32,25299,-,5.7257677182167015,3.103435849877614,-2.7257677182167015,-0.10343584987761378
92101,39,189551,14.62,8.1,39.48,38.05,33.36,20.83,10.35,42.03,63.53,28353,775.30,39.0000000001993,37.16150514890051,-1.993001319533505e-10,1.8384948510994903
92201,67,228158,14.2,7.1,39.57,43.74,35.38,16.3,12.22,38.89,77.29,28934,824.00,67.00000000025953,57.40251729830851,-2.595328396637342e-10,9.59748270169149
92301,40,123714,14.98,10.06,40.34,34.6,37.96,23.83,14.72,40.8,60.38,31833,832.40,40.00000000026904,38.79159052432365,-2.6903990146820433e-10,1.2084094756763477
