"id","name","percent_1floor","abs_1floor","percent_2floor","abs_2floor","percent_3to5floor","abs_3to5floor","percent_own_occ","abs_own_occ","percent_priv_one","abs_priv_one","percent_res_one_dwell","abs_res_one_dwell"
"10101","Eisenstadt",41.39,1763,44.38,1890,13.74,585,15.59,1162,42.96,3209,67.64,2881
"10201","Rust",71.69,856,24.71,295,3.6,43,4.2,36,35.91,311,79.73,952
"10301","Breitenbrunn am Neusiedler See",66.16,741,31.52,353,2.32,26,9.46,90,41.13,392,80.54,902
"10302","Donnerskirchen",70.85,700,27.43,271,1.72,17,4.45,39,38.52,339,80.97,800
"10303","Großhöflein",54.01,492,42.48,387,3.51,32,3.44,32,31.98,299,79.8,727
"10304","Hornstein",73.32,1564,24.47,522,2.2,47,5.63,87,36.89,570,88.84,1895
"10305","Klingenbach",74.64,409,22.45,123,2.92,16,3.51,20,38.07,217,87.59,480
"10306","Leithaprodersdorf",62.65,322,34.05,175,3.31,17,1.97,9,21.66,99,85.8,441
"10307","Mörbisch am See",54.41,641,41.26,486,4.33,51,2.21,22,32.63,327,65.7,774
"10308","Müllendorf",67.86,454,28.85,193,3.29,22,3.38,21,27.29,170,88.64,593
"10309","Neufeld an der Leitha",63.29,905,30.14,431,6.29,90,17.08,283,37.92,631,82.52,1180
"10310","Oggau am Neusiedler See",65.35,545,31.77,265,2.88,24,2.25,18,36.35,293,77.94,650
"10311","Oslip",77.22,505,20.18,132,2.6,17,3.23,19,32.94,194,87.16,570
"10312","Purbach am Neusiedler See",61.05,898,35.76,526,3.2,47,2.76,38,33.43,463,76.55,1126
"10313","Sankt Margarethen im Burgenland",68.65,983,28.49,408,2.86,41,1.91,23,32.56,394,81.22,1163
"10314","Schützen am Gebirge",64.96,443,32.84,224,2.2,15,3.83,23,26.41,159,82.4,562
"10315","Siegendorf",66.64,895,30.98,416,2.38,32,4.84,68,30.75,433,81.53,1095
"10316","Steinbrunn",75.79,1456,19.26,370,4.95,95,4.84,62,32.22,415,93.96,1805
"10317","Trausdorf an der Wulka",81.06,1130,16.43,229,2.51,35,4.59,47,36.65,376,90.03,1255
"10318","Wimpassing an der Leitha",61.76,449,34.39,250,3.85,28,7.25,53,32.21,238,84.73,616
"10319","Wulkaprodersdorf",71.58,627,25.8,226,2.63,23,5.5,44,26.38,211,84.02,736
"10320","Loretto",75.44,258,22.51,77,2.05,7,4.02,10,39.36,98,88.01,301
"10321","Stotzing",66.95,239,30.25,108,2.8,10,1.7,6,32.67,115,85.43,305
"10322","Zillingtal",80.37,430,16.64,89,2.99,16,2.77,13,35.32,166,87.29,467
"10323","Zagersdorf",68.28,325,28.15,134,3.57,17,3.06,15,28.72,141,85.29,406
"10401","Bocksdorf",78.11,314,21.14,85,0.75,3,0.81,3,34.68,129,82.09,330
"10402","Burgauberg-Neudauberg",64.17,385,34.33,206,1.5,9,2.05,12,31.06,182,74.33,446
"10403","Eberau",79.63,473,19.19,114,1.18,7,1.96,8,34.95,144,86.53,514
"10404","Gerersdorf-Sulz",76.95,404,20.76,109,2.29,12,0.67,3,30.36,136,88.76,466
"10405","Güssing",71.74,1056,20.58,303,7,103,9.38,155,39.04,648,75,1104
"10406","Güttenbach",84.98,362,14.08,60,0.94,4,0.84,3,29.25,105,89.67,382
"10407","Heiligenbrunn",82.27,348,14.66,62,3.07,13,0.61,2,31.1,102,84.63,358
"10408","Kukmirn",75.91,687,22.54,204,1.55,14,2.51,21,30.67,257,83.98,760
"10409","Neuberg im Burgenland",83.47,404,15.7,76,0.83,4,0.47,2,34.73,149,86.98,421
"10410","Neustift bei Güssing",85.66,227,13.58,36,0.75,2,3.72,8,40.74,88,88.3,234
"10411","Olbendorf",80.81,619,17.75,136,1.44,11,0.94,6,33.07,212,89.82,688
"10412","Ollersdorf im Burgenland",76.72,369,22.45,108,0.83,4,1.14,5,35.52,157,82.74,398
"10413","Sankt Michael im Burgenland",74.24,389,23.85,125,1.91,10,2.94,14,36.48,174,81.68,428
"10414","Stegersbach",65.22,827,29.5,374,5.28,67,4.47,57,40.41,516,75.32,955
"10415","Stinatz",75.88,453,23.12,138,1.01,6,0.21,1,28.18,135,90.45,540
"10416","Strem",66.17,403,32.68,199,1.15,7,0.73,3,37.47,154,88.34,538
"10417","Tobaj",73.54,492,24.81,166,1.64,11,1.54,9,28.94,169,82.81,554
"10418","Hackerberg",78.72,148,20.21,38,1.06,2,0,0,28.31,47,90.43,170
"10419","Wörterberg",80,188,17.87,42,2.13,5,0,0,29.17,56,91.49,215
"10420","Großmürbisch",89.73,131,8.22,12,2.05,3,1.77,2,40.87,47,93.15,136
"10421","Inzenhof",88.08,170,10.36,20,1.55,3,2.72,4,36.05,53,87.05,168
"10422","Kleinmürbisch",76.03,92,21.49,26,2.48,3,0,0,32.38,34,91.74,111
"10423","Tschanigraben",88,44,12,6,0,0,0,0,50,18,96,48
"10424","Heugraben",81.54,106,17.69,23,0.77,1,3.03,3,33.33,33,91.54,119
"10425","Rohr im Burgenland",78.37,163,20.19,42,1.44,3,0,0,33.33,56,87.02,181
"10426","Bildein",88.89,160,10,18,1.11,2,0,0,32.62,46,93.89,169
"10427","Rauchwart",73.17,210,25.78,74,1.05,3,0.91,2,37.44,82,88.15,253
"10428","Moschendorf",78.5,157,20,40,1.5,3,0.65,1,25.49,39,89.5,179
"10501","Deutsch Kaltenbrunn",72.56,558,24.97,192,2.47,19,3.8,28,30.62,226,79.19,609
"10502","Eltendorf",78.68,358,20.44,93,0.88,4,2.52,10,32.16,128,82.2,374
"10503","Heiligenkreuz im Lafnitztal",76.32,490,19.16,123,4.52,29,2.61,15,33.04,191,78.19,502
"10504","Jennersdorf",68.72,1204,26.43,463,4.79,84,6.17,118,37.08,716,73.8,1293
"10505","Minihof-Liebau",77.96,375,20.79,100,1.25,6,3.21,14,27.85,122,79.42,382
"10506","Mogersdorf",75.04,418,21.18,118,3.77,21,0.38,2,33.58,179,83.84,467
"10507","Neuhaus am Klausenbach",77.05,339,19.32,85,3.64,16,0,0,35.16,135,85.23,375
"10508","Rudersdorf",63.24,559,33.03,292,3.73,33,6.68,68,32.78,334,74.43,658
"10509","Sankt Martin an der Raab",76.62,744,18.95,184,4.43,43,2.41,21,29.78,260,84.04,816
"10510","Weichselbaum",79.25,317,18.75,75,2,8,0,0,34.23,114,81.75,327
"10511","Königsdorf",67.45,230,30.5,104,2.05,7,3.27,11,29.76,100,77.42,264
"10512","Mühlgraben",74.73,136,20.88,38,4.4,8,0.58,1,33.14,57,85.71,156
"10601","Draßburg",74.53,436,24.62,144,0.85,5,4.14,22,36.02,192,86.5,506
"10602","Forchtenstein",59.61,788,34.49,456,5.9,78,2.62,31,27.97,332,80.18,1060
"10603","Hirm",70.52,299,25.24,107,4.25,18,3.66,17,31.84,149,83.49,354
"10604","Loipersbach im Burgenland",71.76,404,26.47,149,1.78,10,4.15,22,33.4,178,77.62,437
"10605","Marz",62.2,576,36.5,338,1.3,12,1.85,16,25.4,220,74.41,689
"10606","Mattersburg",60.51,1580,32.94,860,6.24,163,10.13,350,36.69,1270,75.14,1962
"10607","Neudörfl",58.94,1048,35.15,625,5.91,105,11.43,251,35.82,787,79.08,1406
"10608","Pöttelsdorf",56.94,205,38.89,140,4.17,15,4.36,15,32.27,111,59.17,213
"10609","Pöttsching",54.23,840,43.19,669,2.58,40,3.53,49,36.06,507,84.76,1313
"10610","Rohrbach bei Mattersburg",69.32,739,26.64,284,4.03,43,10.08,111,27.64,306,80.39,857
"10611","Bad Sauerbrunn",53.55,520,39.86,387,6.59,64,7.58,81,39.48,424,81.77,794
"10612","Schattendorf",71.93,848,24.77,292,3.31,39,2.3,25,34.86,380,87.7,1034
"10613","Sieggraben",68.47,380,29.01,161,2.52,14,0.19,1,26.29,138,75.86,421
"10614","Sigleß",72.41,412,26.36,150,1.23,7,2.1,11,30.86,162,87.35,497
"10615","Wiesen",66.08,863,32.85,429,1.07,14,1.44,17,30.94,367,83.54,1091
"10616","Antau",72,288,26,104,2,8,2.25,8,29.21,104,78.5,314
"10617","Baumgarten",75.63,332,21.64,95,2.73,12,1.67,7,34.76,146,85.19,374
"10618","Zemendorf-Stöttera",74.33,475,22.22,142,3.44,22,1.81,10,33.15,184,81.06,518
"10619","Krensdorf",70.14,195,28.06,78,1.8,5,1.61,4,25.2,63,87.05,242
"10701","Andau",73.54,795,24.88,269,1.57,17,0.6,6,29.04,293,82.79,895
"10702","Apetlon",74.68,755,24.04,243,1.29,13,1.4,11,32.49,256,78.14,790
"10703","Bruckneudorf",49.4,414,38.42,322,11.93,100,12.31,183,39.4,587,76.73,643
"10704","Deutsch Jahrndorf",77.98,255,20.18,66,1.83,6,1.06,3,30.53,87,89.3,292
"10705","Frauenkirchen",64.19,889,31.7,439,4.12,57,1.04,14,37.46,505,75.88,1051
"10706","Gattendorf",69.37,437,29.05,183,1.59,10,5.72,35,28.71,176,81.9,516
"10707","Gols",54.82,949,41.71,722,3.41,59,3.47,59,32.04,546,75.79,1312
"10708","Halbturn",72.31,585,26.21,212,1.48,12,2.03,16,29.78,235,86.65,701
"10709","Illmitz",68.03,800,29.42,346,2.55,30,2.24,23,31.97,329,80.19,943
"10710","Jois",59.06,450,37.01,282,3.81,29,3.36,24,33.66,242,76.25,581
"10711","Kittsee",62.19,806,33.95,440,3.7,48,10.89,159,30.29,444,81.48,1056
"10712","Mönchhof",60.5,605,36.4,364,3.1,31,3.2,29,29.14,276,78.1,781
"10713","Neusiedl am See",46.94,1473,43.79,1374,9.21,289,12.34,501,37.89,1543,70.49,2212
"10714","Nickelsdorf",75.5,675,23.27,208,1.23,11,5.74,46,32.13,259,87.7,784
"10715","Pama",68.16,351,28.74,148,3.11,16,3.18,17,32.02,171,78.06,402
"10716","Pamhagen",56.86,522,32.35,297,10.78,99,0.47,3,27.27,174,71.57,657
"10717","Parndorf",58.86,1103,34.9,654,6.19,116,5.81,127,29.63,648,79.67,1493
"10718","Podersdorf am See",58.06,688,37.05,439,4.89,58,4.18,40,33.19,319,71.14,843
"10719","Sankt Andrä am Zicksee",78.82,588,19.17,143,2.01,15,1.78,11,35.05,218,82.57,616
"10720","Tadten",71.15,407,24.83,142,4.02,23,0.42,2,25.94,124,88.29,505
"10721","Wallern im Burgenland",70.69,545,27.89,215,1.43,11,2.47,17,29.55,203,75.1,579
"10722","Weiden am See",61.93,1046,34.7,586,3.37,57,5.43,62,33.51,383,80.58,1361
"10723","Winden am See",57.03,369,41.58,269,1.39,9,2.91,19,37.37,244,80.53,521
"10724","Zurndorf",71.64,730,26.01,265,2.36,24,2.21,22,33.5,336,84.4,860
"10725","Neudorf",74.01,299,25,101,0.99,4,3.71,13,32.19,113,83.66,338
"10726","Potzneusiedl",76.63,259,20.12,68,3.25,11,3.59,11,35.29,108,83.73,283
"10727","Edelstal",72.17,306,25.94,110,1.89,8,2.77,9,28.62,93,86.79,368
"10801","Deutschkreutz",66.02,1016,30.86,475,3.12,48,1.37,19,31.45,435,79.92,1230
"10802","Draßmarkt",68.63,431,28.98,182,2.39,15,0.91,5,27.52,153,79.78,501
"10803","Frankenau-Unterpullendorf",74.02,493,22.37,149,3.6,24,1.79,9,34.39,174,86.94,579
"10804","Großwarasdorf",80.74,763,17.88,169,1.38,13,0,0,37.23,245,85.61,809
"10805","Horitschon",69.35,577,29.57,246,1.08,9,0.4,3,28.39,224,73.2,609
"10806","Kaisersdorf",86,344,13.5,54,0.5,2,2.2,6,38.69,106,90,360
"10807","Kobersdorf",33.37,307,61.63,567,5,46,2.74,22,31.35,253,81.09,746
"10808","Lackenbach",75.49,425,21.31,120,3.2,18,2.09,10,31.52,151,82.59,465
"10809","Lockenhaus",62.7,728,32.9,382,4.39,51,0.98,9,36.73,339,84.75,984
"10810","Lutzmannsburg",70.75,416,25.34,149,3.91,23,2.69,11,42.13,174,74.49,438
"10811","Mannersdorf an der Rabnitz",74.29,731,24.39,240,1.32,13,1.93,15,32.09,250,86.79,854
"10812","Markt Sankt Martin",70.15,470,27.76,186,2.09,14,0.89,5,34.34,194,80.9,542
"10813","Neckenmarkt",68.37,536,30.1,236,1.53,12,3.19,22,26.88,186,76.02,596
"10814","Neutal",56.58,288,41.45,211,1.96,10,0.21,1,34.04,161,74.66,380
"10815","Nikitsch",83.09,801,15.56,150,1.35,13,0.32,2,40.84,254,90.15,869
"10816","Oberpullendorf",55.82,681,33.52,409,10.33,126,7.34,114,41.34,644,67.38,822
"10817","Pilgersdorf",79.98,679,19.79,168,0.24,2,0.75,5,31.18,208,88.69,753
"10818","Piringsdorf",67.18,262,30.77,120,2.05,8,2.9,10,29.97,104,78.46,306
"10819","Raiding",58.67,230,39.03,153,2.3,9,1.39,5,30.3,110,79.85,313
"10820","Ritzing",78.38,446,18.98,108,2.64,15,0.92,4,37.24,162,91.04,518
"10821","Steinberg-Dörfl",70.06,503,26.46,190,3.48,25,0.73,4,29.8,163,85.1,611
"10822","Stoob",62.76,391,34.19,213,3.05,19,3,18,32.06,193,77.85,485
"10823","Weppersdorf",67.9,586,30.13,260,1.97,17,1.84,15,35.16,288,81.23,701
"10824","Lackendorf",75.69,218,23.26,67,1.04,3,1.58,4,28.06,71,81.25,234
"10825","Unterfrauenhaid",73.53,225,24.51,75,1.96,6,1.82,5,31.88,88,83.66,256
"10826","Unterrabnitz-Schwendgraben",64.69,196,34.32,104,0.99,3,0,0,30.35,78,87.13,264
"10827","Weingraben",74.74,145,23.71,46,1.55,3,1.27,2,36.08,57,87.63,170
"10828","Oberloisdorf",74.3,292,24.17,95,1.27,5,0.87,3,34.1,118,92.88,365
"10901","Bad Tatzmannsdorf",60.03,392,31.24,204,8.58,56,10.14,81,42,336,71.36,466
"10902","Bernstein",67.79,705,28.85,300,3.37,35,1.35,12,28.59,255,80.77,840
"10903","Deutsch Schützen-Eisenberg",83.26,552,15.54,103,1.21,8,1.86,9,34.58,167,86.27,572
"10904","Grafenschachen",71.26,372,27.01,141,1.72,9,1.38,7,30,153,76.05,397
"10905","Großpetersdorf",73.22,1173,22.53,361,4.18,67,1.36,22,36.46,595,79.78,1278
"10906","Hannersdorf",85.66,424,13.94,69,0.4,2,1.46,5,37.39,129,89.09,441
"10907","Kemeten",78.15,608,19.28,150,2.57,20,3.47,24,34.54,239,86.76,675
"10908","Kohfidisch",72.29,553,24.84,190,2.88,22,2.34,15,32.66,209,82.09,628
"10909","Litzelsdorf",72,432,26.5,159,1.5,9,1.36,7,31.52,162,85.33,512
"10910","Loipersdorf-Kitzladen",68.09,367,28.57,154,3.34,18,1.96,10,22.22,114,74.58,402
"10911","Mariasdorf",75.18,409,23.35,127,1.47,8,0.41,2,29.69,144,81.25,442
"10912","Markt Allhau",74.91,657,23.6,207,1.48,13,2.86,24,32.3,271,76.74,673
"10913","Markt Neuhodis",78.75,315,20.25,81,1,4,0.33,1,34.2,105,89.25,357
"10914","Mischendorf",79.79,616,18.39,142,1.81,14,0.63,4,32.14,207,90.54,699
"10915","Oberdorf im Burgenland",81.6,439,16.54,89,1.86,10,0.45,2,34.45,154,84.57,455
"10916","Oberschützen",69.19,732,27.69,293,3.12,33,1.7,17,31.12,314,77.79,823
"10917","Oberwart",54.49,1431,34.69,911,10.21,268,7.63,287,41.07,1545,69.12,1815
"10918","Pinkafeld",62.44,1272,31.62,644,5.84,119,5.6,140,36.13,908,76.53,1559
"10919","Rechnitz",74.66,1158,22.05,342,3.16,49,2.94,37,34.15,430,85.56,1327
"10920","Riedlingsdorf",74.87,566,23.41,177,1.72,13,2.43,17,28.92,203,84.13,636
"10921","Rotenturm an der Pinka",77.25,540,20.46,143,2.29,16,0.65,4,27.67,171,83.4,583
"10922","Schachendorf",84.52,393,14.19,66,1.29,6,0.91,3,35.26,116,88.82,413
"10923","Stadtschlaining",70.85,717,26.48,268,2.67,27,1.06,9,32.24,275,83.4,844
"10924","Unterkohlstätten",70.68,323,27.13,124,2.19,10,0,0,24.13,90,81.18,371
"10925","Unterwart",76.61,429,20.54,115,2.86,16,1.45,6,30.86,129,84.29,472
"10926","Weiden bei Rechnitz",82.59,446,16.11,87,1.3,7,0.8,3,34.85,130,89.44,483
"10927","Wiesfleck",72.46,371,25.78,132,1.76,9,1.07,5,26.12,122,81.25,416
"10928","Wolfau",58.07,374,33.39,215,8.54,55,1.26,8,32.28,205,78.11,503
"10929","Neustift an der Lafnitz",64.52,180,32.62,91,2.87,8,6.61,22,23.95,80,72.04,201
"10930","Jabing",81.97,300,16.67,61,1.37,5,1.29,4,24.36,76,90.71,332
"10931","Badersdorf",83.56,122,14.38,21,2.05,3,0.8,1,35.2,44,88.36,129
"10932","Schandorf",84.75,150,14.69,26,0.56,1,0.79,1,29.92,38,87.57,155
"20101","Klagenfurt am Wörthersee",24.67,5336,49.08,10617,24.77,5359,20.3,10898,48.37,26020,53.06,11478
"20201","Villach",23.61,3111,50.63,6671,24.2,3189,15.03,4952,46.44,15346,48.73,6421
"20302","Dellach",23.39,105,62.36,280,14.25,64,2.77,13,29.79,140,66.82,300
"20305","Hermagor-Pressegger See",33.57,1044,50.96,1585,15.24,474,5.37,162,35.65,1083,49.42,1537
"20306","Kirchbach",30.38,295,61.89,601,7.72,75,2.29,22,31.43,302,59.63,579
"20307","Kötschach-Mauthen",23.15,319,63.13,870,13.72,189,3.41,49,36.83,534,65.46,902
"20316","St. Stefan im Gailtal",40.43,304,55.32,416,4.26,32,0.79,5,33.91,215,69.02,519
"20320","Gitschtal",33.33,180,60.19,325,6.48,35,1.22,6,30.83,152,57.41,310
"20321","Lesachtal",15.04,88,60.68,355,24.27,142,2.67,12,33.84,156,59.66,349
"20402","Ebenthal in Kärnten",46.17,1254,47.86,1300,5.96,162,5.49,198,33.55,1213,73.01,1983
"20403","Feistritz im Rosental",52.61,564,41.23,442,6.16,66,2.62,29,34.03,376,77.33,829
"20405","Ferlach",54.41,1635,39.03,1173,6.49,195,5.76,195,39.85,1368,71.98,2163
"20409","Grafenstein",48.09,554,46.35,534,5.56,64,1.63,21,29.57,382,74.91,863
"20412","Keutschach am See",45.51,466,46.39,475,8.11,83,3.19,35,37.66,418,70.8,725
"20414","Köttmannsdorf",49.68,623,45.22,567,5.1,64,2.33,31,27.72,369,72.09,904
"20415","Krumpendorf am Wörthersee",33.18,436,48.71,640,17.96,236,27.53,479,44.59,783,62.02,815
"20416","Ludmannsdorf",57.27,445,38.61,300,4.12,32,1.46,11,32.27,243,75.93,590
"20417","Maria Rain",42.7,427,51.8,518,5.4,54,5.02,58,31.95,370,79.8,798
"20418","Maria Saal",39.42,613,55.18,858,5.4,84,6.91,118,30.12,516,76.14,1184
"20419","Maria Wörth",29.89,272,54.4,495,15.6,142,16.85,139,48.68,405,62.86,572
"20421","Moosburg",49.97,832,44.8,746,5.23,87,2.69,50,32.62,608,73.15,1218
"20424","Pörtschach am Wörther See",32.52,425,47.05,615,20.05,262,19.39,275,43.15,621,57.84,756
"20425","Poggersdorf",37.96,492,58.1,753,3.94,51,1.22,17,28.37,396,73.77,956
"20428","St. Margareten im Rosental",43,212,52.54,259,4.46,22,0,0,32.83,152,75.05,370
"20432","Schiefling am Wörthersee",44.22,524,47.93,568,7.76,92,5.51,67,35.49,433,72.15,855
"20435","Techelsberg am Wörther See",44.75,456,47.11,480,7.75,79,9.39,85,31.57,286,87.34,890
"20441","Zell",63.92,202,34.81,110,1.27,4,0.41,1,39.92,97,74.05,234
"20442","Magdalensberg",48.68,666,48.1,658,3.22,44,1.46,21,25.1,364,78.65,1076
"20501","Althofen",21.15,246,56.32,655,21.93,255,11.29,283,45.56,1144,53.83,626
"20502","Brückl",49.32,470,43.97,419,6.19,59,5.79,70,35.25,430,66.74,636
"20503","Deutsch-Griffen",56.67,204,38.33,138,5,18,0.96,3,33.01,103,68.89,248
"20504","Eberstein",34.92,183,56.87,298,8.21,43,2.75,14,36.08,184,72.33,379
"20505","Friesach",38.93,675,51.5,893,9.52,165,5.58,120,38.11,824,65.17,1130
"20506","Glödnitz",57.2,306,37.57,201,5.05,27,2.12,8,43.31,165,82.24,440
"20508","Gurk",40.63,169,49.04,204,10.34,43,1.66,9,38.56,209,60.1,250
"20509","Guttaring",47.36,260,46.08,253,6.56,36,3.35,21,34.24,215,74.86,411
"20511","Hüttenberg",47.41,384,47.78,387,4.81,39,2.51,16,44.93,288,67.65,548
"20512","Kappel am Krappfeld",44.16,295,49.85,333,5.99,40,1.95,16,32.08,265,71.86,480
"20513","Klein St. Paul",35.54,236,54.82,364,9.64,64,9.14,74,41.68,338,56.33,374
"20515","Liebenfels",39.19,486,52.82,655,7.9,98,1.08,15,31.37,436,70.08,869
"20518","Metnitz",45.7,372,49.26,401,5.04,41,0.58,4,29.29,205,81.82,666
"20519","Micheldorf",46.2,170,44.29,163,9.51,35,1.41,6,37.41,159,60.87,224
"20520","Mölbling",53.89,291,42.96,232,3.15,17,2.19,12,30.97,170,65.74,355
"20523","St. Georgen am Längsee",34.47,485,58.64,825,6.89,97,3.81,59,32.78,510,71.36,1004
"20527","St. Veit an der Glan",27.78,841,49.32,1493,22.17,671,10.1,629,47.43,2965,48.27,1461
"20530","Straßburg",39.07,277,52.75,374,8.18,58,8.02,64,33.46,267,67.14,476
"20531","Weitensfeld im Gurktal",54.04,462,42.34,362,3.51,30,2.21,18,31.91,261,73.45,628
"20534","Frauenstein",44.9,620,50.54,698,4.56,63,2.86,41,25.12,363,77.99,1077
"20601","Bad Kleinkirchheim",23.44,260,50.86,564,25.16,279,15.51,134,49.14,430,43.01,477
"20602","Baldramsdorf",45.29,303,49.63,332,5.08,34,4.42,35,29.51,234,70.85,474
"20603","Berg im Drautal",22.49,114,64.89,329,12.62,64,1.79,9,31.41,158,62.13,315
"20604","Dellach im Drautal",18.47,109,66.27,391,15.25,90,1.73,12,34.67,242,57.8,341
"20605","Großkirchheim",9.52,57,49.42,296,41.07,246,2,11,35.64,196,72.29,433
"20607","Flattach",41.48,224,48.52,262,10,54,8.77,42,34.23,165,64.63,349
"20608","Gmünd in Kärnten",22.31,222,59.5,592,18.09,180,4.96,57,38.07,439,55.68,554
"20609","Greifenburg",17.13,118,72.71,501,10.16,70,3.38,25,36.05,270,57.62,397
"20610","Heiligenblut am Großglockner",22.29,113,55.42,281,22.09,112,8.63,36,35.8,150,55.23,280
"20611","Irschen",24.63,183,64.33,478,11.04,82,2.46,19,28.13,218,66.89,497
"20613","Kleblach-Lind",36.93,154,58.75,245,4.32,18,2.06,9,27.69,121,69.78,291
"20616","Lendorf",18.08,113,67.68,423,14.24,89,4.05,28,26.98,187,63.68,398
"20618","Mallnitz",31.46,134,45.77,195,22.3,95,1.91,7,38.17,142,48.12,205
"20619","Malta",25.67,200,57,444,17.2,134,1.93,16,34.82,288,66.75,520
"20620","Millstatt am See",26.49,399,54.58,822,18.79,283,16.94,279,41.06,682,59.36,894
"20622","Mörtschach",26.75,103,60,231,13.25,51,1.01,3,29.63,88,74.03,285
"20624","Mühldorf",30.68,104,58.7,199,10.62,36,9.56,39,36.03,147,61.65,209
"20625","Oberdrauburg",32.88,146,55.86,248,11.26,50,4.27,21,36.02,179,53.38,237
"20627","Obervellach",34.03,294,52.55,454,13.43,116,8.54,80,36.02,340,61.69,533
"20630","Radenthein",34.4,793,53.23,1227,12.23,282,4.89,132,39.89,1081,58.96,1359
"20631","Rangersdorf",18.44,123,72.56,484,9,60,5.84,40,33.67,232,64.77,432
"20632","Rennweg am Katschberg",13.04,99,70.75,537,15.81,120,2.03,15,37.99,283,49.01,372
"20633","Sachsenburg",32.97,152,60.09,277,6.94,32,2.28,13,31.87,182,61.82,285
"20634","Seeboden am Millstätter See",26.83,675,60.49,1522,12.64,318,13.31,403,38.09,1155,59.9,1507
"20635","Spittal an der Drau",20.23,725,57.05,2044,21.57,773,10.86,810,43.6,3261,54.28,1945
"20636","Stall",19.41,106,71.61,391,8.97,49,4.11,23,27.68,155,63.55,347
"20637","Steinfeld",26.25,173,62.22,410,11.38,75,2.96,25,34.71,294,61.76,407
"20638","Trebesing",19.4,77,69.27,275,11.08,44,1.67,7,26.13,110,61.71,245
"20639","Weißensee",27.11,125,44.9,207,27.55,127,12.22,38,37.96,123,41.21,190
"20640","Winklern",25.45,113,62.61,278,11.94,53,5.56,29,39.39,208,55.18,245
"20642","Krems in Kärnten",25.31,201,68.89,547,5.54,44,0.93,6,33.33,217,74.43,591
"20643","Lurnfeld",27.35,262,63.26,606,9.39,90,9.07,103,31.73,363,65.45,627
"20644","Reißeck",33.2,321,57.7,558,9,87,6.24,57,33.19,304,70.22,679
"20701","Afritz am See",31.41,174,57.4,318,11.01,61,2.86,17,34.56,206,56.32,312
"20702","Arnoldstein",25.25,574,61.42,1396,13.07,297,4.69,150,35.76,1144,57.28,1302
"20703","Arriach",25.24,155,59.28,364,15.47,95,2.38,13,30.29,166,77.2,474
"20705","Bad Bleiberg",35.21,325,56.23,519,8.45,78,3.2,34,40.28,429,58.5,540
"20707","Feistritz an der Gail",19.49,46,72.03,170,8.47,20,1.12,3,30.86,83,54.66,129
"20708","Feld am See",23.65,118,62.53,312,13.83,69,1.7,8,34.46,163,57.52,287
"20710","Ferndorf",27.99,220,62.85,494,9.16,72,1.39,13,36.5,342,65.78,517
"20711","Finkenstein am Faaker See",33.16,1274,57.16,2196,9.63,370,7.65,321,35.06,1480,65.93,2533
"20712","Fresach",32.54,165,48.52,246,18.93,96,2.89,14,29.01,141,75.54,383
"20713","Hohenthurn",30.52,105,59.88,206,9.59,33,2.31,8,29.97,104,63.37,218
"20719","Nötsch im Gailtal",38.15,346,56.34,511,5.4,49,1.77,18,35.19,361,64.61,586
"20720","Paternion",26.74,543,58.64,1191,14.57,296,3.8,96,34.03,863,63.47,1289
"20721","Rosegg",51.98,380,41.72,305,6.29,46,6.34,54,31.42,268,71.27,521
"20722","St. Jakob im Rosental",44.13,771,49.4,863,6.47,113,1.1,22,37.34,746,69.2,1209
"20723","Stockenboi",38.07,244,55.38,355,6.55,42,0.31,2,32.66,209,70.36,451
"20724","Treffen am Ossiacher See",41.62,862,46.79,969,11.35,235,10.39,199,36.14,700,63.69,1319
"20725","Velden am Wörther See",34.99,1405,49.27,1978,15.72,631,11.78,499,40.82,1741,62.71,2518
"20726","Weißenstein",42.5,490,50.22,579,6.94,80,3.27,41,31.13,391,65.31,753
"20727","Wernberg",45.02,949,48.86,1030,6.12,129,3.59,84,28.85,677,76.19,1606
"20801","Bleiburg",51.19,775,42.34,641,6.47,98,2.32,39,35.87,608,70.08,1061
"20802","Diex",66.26,269,29.56,120,4.19,17,0.67,2,35.86,109,81.53,331
"20803","Eberndorf",46.74,1147,48.33,1186,4.93,121,2.77,72,35.47,926,69.27,1700
"20804","Eisenkappel-Vellach",51,485,40.27,383,8.73,83,3.59,36,44.19,445,65.93,627
"20805","Feistritz ob Bleiburg",51.03,472,43.57,403,5.41,50,0.65,6,29.94,279,71.57,662
"20806","Gallizien",66.14,504,30.84,235,3.02,23,2.34,17,30,219,80.31,612
"20807","Globasnitz",53.95,348,43.41,280,2.48,16,1.7,11,32.15,209,75.97,490
"20808","Griffen",49.03,631,45.07,580,5.83,75,4.94,71,36.01,520,67.75,872
"20810","Neuhaus",61.52,251,36.03,147,2.45,10,0.27,1,25.54,94,82.84,338
"20812","Ruden",63.25,382,34.27,207,2.48,15,1.31,8,31.48,192,74.67,451
"20813","St. Kanzian am Klopeiner See",35.97,810,52.53,1183,11.41,257,5.44,111,37.28,769,60.12,1354
"20815","Sittersdorf",60.13,546,36.67,333,3.19,29,1.49,13,37.13,326,72.14,655
"20817","Völkermarkt",37.03,1446,51.47,2010,11.47,448,4.72,228,36.65,1777,64.92,2535
"20901","Bad St. Leonhard im Lavanttal",40.95,658,52.89,850,6.1,98,2.7,45,32,536,68.82,1106
"20905","Frantschach-St. Gertraud",49.71,429,39.4,340,10.66,92,11.72,118,36.3,367,59.33,512
"20909","Lavamünd",26.84,299,68.49,763,4.58,51,1.71,21,37.16,460,59.87,667
"20911","Preitenegg",71.05,297,27.03,113,1.91,8,0.28,1,36.74,133,83.97,351
"20912","Reichenfels",43.63,298,51.54,352,4.83,33,3.37,22,27.94,183,73.79,504
"20913","St. Andrä",28.19,984,66.99,2338,4.79,167,3.1,125,31.85,1287,69.28,2418
"20914","St. Georgen im Lavanttal",49.19,335,47.58,324,3.23,22,0.52,4,30.7,237,69.9,476
"20918","St. Paul im Lavanttal",46.82,516,44.01,485,8.62,95,2,26,34.15,445,66.06,728
"20923","Wolfsberg",42.16,3406,45.86,3705,11.72,947,7.85,883,37.93,4281,64.41,5204
"21001","Albeck",42.83,260,50.25,305,6.92,42,2,9,43.08,196,78.42,476
"21002","Feldkirchen in Kärnten",36.75,1799,50.15,2455,13.03,638,6.58,429,39.75,2597,63.21,3094
"21003","Glanegg",65.18,425,30.83,201,3.68,24,0.93,6,28.02,183,71.93,469
"21004","Gnesau",28.38,130,63.76,292,7.86,36,1.4,6,33.26,143,69.87,320
"21005","Himmelberg",35.99,343,56.35,537,7.66,73,1.78,17,30.83,295,73.24,698
"21006","Ossiach",33.93,151,50.79,226,15.28,68,10.06,36,45.63,167,55.51,247
"21007","Reichenau",48.42,567,39.88,467,11.53,135,2.52,19,37.65,285,69.09,809
"21008","St. Urban",42.16,242,46.34,266,10.98,63,5.54,34,35.91,223,67.6,388
"21009","Steindorf am Ossiacher See",33.04,534,54.64,883,11.88,192,11.6,202,40.83,717,60.27,974
"21010","Steuerberg",42.45,256,51.91,313,5.64,34,1.59,10,29.21,184,68.33,412
"30101","Krems an der Donau",33.71,2103,40.54,2529,23.79,1484,21.01,2572,45.97,5632,54.18,3380
"30201","St. Pölten",43.58,5901,40.09,5429,14.95,2024,13.92,3776,41.78,11353,62.25,8430
"30301","Waidhofen an der Ybbs",31.12,1027,49.7,1640,18.94,625,17.03,807,38.12,1809,51.85,1711
"30401","Wiener Neustadt",29.34,3048,47.31,4914,22.1,2296,14.86,3270,41.2,9079,61.14,6351
"30501","Allhartsberg",23.85,161,68,459,8.15,55,8.98,74,25.73,212,66.07,446
"30502","Amstetten",25.11,1600,59.75,3807,14.53,926,11.2,1207,39.54,4265,49.64,3163
"30503","Ardagger",29.14,313,66.01,709,4.84,52,4.58,60,24.92,327,56.05,602
"30504","Aschbach-Markt",29.17,325,64,713,6.82,76,7.02,100,25.47,363,60.95,679
"30506","Behamberg",36.01,394,58.41,639,5.58,61,7.97,111,26.18,365,54.02,591
"30507","Biberbach",29.64,195,63.37,417,6.99,46,7.54,64,23.88,203,60.18,396
"30508","Ennsdorf",35.44,353,56.83,566,7.73,77,6.86,97,34.16,484,59.74,595
"30509","Ernsthofen",31.98,244,62.78,479,5.24,40,15.19,146,30.35,292,61.99,473
"30510","Ertl",33.68,131,59.64,232,6.68,26,15.59,70,26,117,55.53,216
"30511","Euratsfeld",28.62,239,67.19,561,4.19,35,6.04,57,20.02,189,56.41,471
"30512","Ferschnitz",33.71,208,61.1,377,5.19,32,6.27,44,26.5,186,65.32,403
"30514","Haag",32.04,537,59.55,998,8.35,140,9.1,211,32.49,756,54.47,913
"30515","Haidershofen",40.15,471,52.26,613,7.59,89,8.84,132,26.2,392,62.15,729
"30516","Hollenstein an der Ybbs",31.61,214,61.74,418,6.65,45,9.27,65,34.8,245,63.66,431
"30517","Kematen an der Ybbs",33.03,254,55.92,430,11.05,85,15.99,193,37.57,455,49.15,378
"30520","Neuhofen an der Ybbs",27.78,250,66.56,599,5.67,51,7.85,83,21.8,232,65.22,587
"30521","Neustadtl an der Donau",38.26,277,56.63,410,5.11,37,3.92,29,23.11,171,67.54,489
"30522","Oed-Oehling",42.04,264,51.27,322,6.69,42,8.16,68,27.1,226,66.56,418
"30524","Opponitz",16.94,52,64.17,197,18.89,58,9.21,28,29.32,90,62.21,191
"30526","St. Georgen am Reith",37.73,83,55.45,122,6.82,15,3.68,7,25.26,48,76.82,169
"30527","St. Georgen am Ybbsfelde",30.5,287,65.46,616,4.04,38,6.6,72,26.64,292,58.55,551
"30529","St. Pantaleon-Erla",37.85,352,56.34,524,5.81,54,5.15,56,26.81,292,67.74,630
"30530","St. Peter in der Au",28.53,426,64.7,966,6.7,100,9.56,181,27.06,513,61.02,911
"30531","St. Valentin",34.31,948,55.37,1530,10.06,278,13.28,579,38.36,1678,50.96,1408
"30532","Seitenstetten",36.67,385,58.48,614,4.86,51,8.67,112,28.69,371,71.62,752
"30533","Sonntagberg",35.46,401,53.49,605,10.79,122,6.42,107,37.72,631,56.59,640
"30534","Strengberg",27.98,190,65.68,446,6.33,43,7.95,62,26.34,206,52.87,359
"30536","Viehdorf",33,133,61.29,247,5.71,23,4.82,24,25.1,125,68.73,277
"30538","Wallsee-Sindelburg",30.34,206,62,421,7.66,52,13.83,109,26.32,209,62.3,423
"30539","Weistrach",25.29,175,64.88,449,9.83,68,5.41,51,28.21,266,57.23,396
"30541","Winklarn",39.54,240,54.37,330,6.1,37,8.11,58,27.54,198,71,431
"30542","Wolfsbach",26.19,170,66.41,431,7.4,48,7.28,53,19.07,139,70.72,459
"30543","Ybbsitz",37.44,453,53.55,648,8.84,107,8.41,108,31.91,410,54.3,657
"30544","Zeillern",25.65,139,67.16,364,7.2,39,6.51,46,26.12,186,65.68,356
"30601","Alland",61.72,711,34.29,395,3.99,46,7.15,78,31.69,347,75.43,869
"30602","Altenmarkt an der Triesting",40.8,377,55.52,513,3.68,34,3.55,28,29.62,234,76.52,707
"30603","Bad Vöslau",49.77,1699,39.4,1345,10.4,355,19.88,1112,38.5,2157,67.63,2309
"30604","Baden",31.29,1893,45.32,2742,22.23,1345,26.93,3454,45.58,5876,60.02,3631
"30605","Berndorf",43.64,1184,43.35,1176,12.86,349,7.63,317,40.52,1685,64.69,1755
"30607","Ebreichsdorf",64.53,2916,28.39,1283,7.04,318,16.2,840,32.6,1695,79.4,3588
"30608","Enzesfeld-Lindabrunn",62.3,1061,30.01,511,7.69,131,15.83,326,38.57,795,69.17,1178
"30609","Furth an der Triesting",57.56,217,39.79,150,2.65,10,8.28,28,29.03,99,77.45,292
"30612","Günselsdorf",70.48,370,21.14,111,8,42,6.18,52,39.31,331,76.38,401
"30613","Heiligenkreuz",54.76,345,40.32,254,4.92,31,8.9,54,29.44,179,80.32,506
"30614","Hernstein",60.66,461,37.76,287,1.58,12,2.64,18,29.68,203,80.53,612
"30615","Hirtenberg",51.94,294,35.69,202,12.37,70,7.03,73,39.44,411,59.89,339
"30616","Klausen-Leopoldsdorf",63.76,424,32.33,215,3.91,26,5.08,39,39.87,307,72.63,483
"30618","Kottingbrunn",60.11,1679,32.4,905,7.41,207,13.3,445,32.62,1091,81.78,2284
"30620","Leobersdorf",55.28,769,31.42,437,13.16,183,20.82,532,41.82,1069,63.19,879
"30621","Mitterndorf an der Fischa",53.87,515,39.12,374,7.01,67,9.39,121,30.08,388,83.58,799
"30623","Oberwaltersdorf",48.47,888,43.78,802,7.75,142,23.43,536,32.65,749,83.79,1535
"30625","Pfaffstätten",46.78,574,45.4,557,7.42,91,23.77,357,31.65,477,76.94,944
"30626","Pottendorf",56.3,1532,38.77,1055,4.81,131,15.56,508,33.58,1100,75.41,2052
"30627","Pottenstein",53.27,489,37.25,342,9.37,86,11.85,165,38.34,536,62.64,575
"30629","Reisenberg",69.42,647,27.36,255,3.22,30,4.38,34,34.02,265,87.55,816
"30631","Schönau an der Triesting",66.45,503,28.27,214,5.28,40,7.66,73,32.63,311,77.81,589
"30633","Seibersdorf",63.9,547,33.06,283,3.04,26,2.55,17,27.1,181,76.29,653
"30635","Sooß",49.42,212,43.12,185,7.46,32,12.92,62,35.82,173,56.41,242
"30636","Tattendorf",53.16,328,43.27,267,3.57,22,14.06,90,34.48,221,76.18,470
"30637","Teesdorf",26.28,174,68.28,452,5.44,36,21.59,187,35.91,311,77.04,510
"30639","Traiskirchen",46.25,2704,41.39,2420,11.82,691,21.27,1758,34.57,2865,73.94,4323
"30641","Trumau",62.06,674,31.31,340,6.54,71,10.74,176,35.49,582,79.93,868
"30645","Weissenbach an der Triesting",54.19,343,37.44,237,8.37,53,5.18,40,37.63,292,63.35,401
"30646","Blumau-Neurißhof",39.62,229,51.21,296,9.17,53,9.61,92,42.53,407,75.61,437
"30701","Au am Leithaberge",73.52,386,24.76,130,1.71,9,0.78,3,28.87,112,86.86,456
"30702","Bad Deutsch-Altenburg",63.59,468,28.13,207,8.15,60,7.91,74,40.15,377,75.95,559
"30703","Berg",55.33,275,39.84,198,4.83,24,5.97,25,31.74,133,81.89,407
"30704","Bruck an der Leitha",56.9,1657,31.97,931,10.82,315,12.67,481,36.81,1403,74.73,2176
"30706","Enzersdorf an der Fischa",68.77,1123,28.84,471,2.33,38,7.48,115,30.92,478,85.85,1402
"30708","Göttlesbrunn-Arbesthal",63.74,450,33.43,236,2.83,20,3.21,19,25.84,154,75.92,536
"30709","Götzendorf an der Leitha",64.02,596,30.83,287,5.16,48,9.25,86,30.33,283,85.07,792
"30710","Hainburg a.d. Donau",56.81,1297,32.5,742,10.34,236,13.88,424,38.09,1166,75.03,1713
"30711","Haslau-Maria Ellend",53.5,512,43.26,414,3.24,31,20,164,26.52,218,89.03,852
"30712","Höflein",64.92,383,32.71,193,2.37,14,0.97,5,29.9,154,74.41,439
"30713","Hof am Leithaberge",67.15,513,29.97,229,2.88,22,5.34,37,29.31,204,81.41,622
"30715","Hundsheim",68.71,213,28.71,89,2.58,8,0,0,31.83,92,87.42,271
"30716","Mannersdorf am Leithagebirge",59.41,972,32.52,532,8.01,131,4.57,86,35.46,667,71.94,1177
"30718","Petronell-Carnuntum",74.09,466,21.78,137,3.97,25,0.34,2,33.79,197,77.74,489
"30719","Prellenkirchen",77.61,655,21.21,179,1.18,10,2.65,19,29.64,214,86.14,727
"30721","Rohrau",73.14,569,24.81,193,2.06,16,0.63,4,23.79,152,90.23,702
"30722","Scharndorf",75,495,23.18,153,1.82,12,1.75,9,28.43,147,88.64,585
"30724","Sommerein",50,477,46.75,446,3.25,31,5.39,51,29.49,279,89.1,850
"30726","Trautmannsdorf an der Leitha",64.54,881,31.28,427,4.18,57,3.26,41,31.53,403,82.27,1123
"30728","Wolfsthal",58.33,294,40.28,203,1.39,7,4.7,21,26.34,118,72.62,366
"30729","Ebergassing",57.82,728,34.15,430,7.86,99,14.29,275,35.83,693,74.34,936
"30730","Fischamend",49.77,742,32.66,487,17.51,261,11.7,316,41.35,1118,69.89,1042
"30731","Gramatneusiedl",40.7,444,51.79,565,7.42,81,18.68,280,29.35,440,79.93,872
"30732","Himberg",62.71,2085,26.77,890,10.44,347,21.51,775,35.76,1291,78.68,2616
"30733","Klein-Neusiedl",41.52,142,51.46,176,7.02,24,12.39,58,41.15,193,61.7,211
"30734","Lanzendorf",55.71,395,35.54,252,8.74,62,22.99,183,31.16,249,80.68,572
"30735","Leopoldsdorf",56.05,1162,36.47,756,7.48,155,29.94,721,33.68,812,85.91,1781
"30736","Maria-Lanzendorf",52.72,417,38.81,307,8.47,67,18.75,183,35.99,352,77.37,612
"30737","Moosbrunn",56.83,420,37.08,274,6.09,45,9.56,78,34.27,280,82.27,608
"30738","Rauchenwarth",53.11,188,44.07,156,2.82,10,8.5,30,34.55,123,74.29,263
"30739","Schwadorf",66.81,479,24.27,174,8.93,64,4.93,49,35.67,356,73.22,525
"30740","Schwechat",46.9,1847,32.63,1285,18.28,720,17.3,1724,40.72,4062,59.7,2351
"30741","Zwölfaxing",32.92,213,47.6,308,19.17,124,18.82,134,31.04,221,80.68,522
"30801","Aderklaa",73.47,72,24.49,24,2.04,2,0,0,26.03,19,51.02,50
"30802","Andlersdorf",65.33,49,34.67,26,0,0,0,0,24.19,15,92,69
"30803","Angern an der March",75.9,1228,20.77,336,3.34,54,6.13,95,32.67,507,88.57,1433
"30804","Auersthal",62.07,607,35.38,346,2.56,25,6.65,57,32.91,282,84.56,827
"30805","Bad Pirawarth",69.68,609,26.66,233,3.66,32,3.44,26,32.23,244,85.47,747
"30808","Deutsch-Wagram",59.89,1889,31.74,1001,8.18,258,18.04,720,34.33,1373,83.04,2619
"30810","Drösing",87.19,565,11.88,77,0.93,6,2.95,16,38.05,207,90.74,588
"30811","Dürnkrut",77.77,836,18.33,197,3.63,39,5.69,60,36.71,388,84,903
"30812","Ebenthal",78.08,374,20.46,98,1.46,7,2.26,9,36.25,145,91.65,439
"30813","Eckartsau",78.7,510,19.75,128,1.54,10,0.83,5,36.17,217,86.57,561
"30814","Engelhartstetten",75.82,790,21.88,228,2.3,24,0.32,3,33.19,312,85.8,894
"30817","Gänserndorf",54.88,2088,37,1408,7.7,293,20.87,1099,35.92,1893,80.34,3057
"30819","Glinzendorf",61.22,90,35.37,52,3.4,5,8.73,11,16.67,21,87.76,129
"30821","Groß-Enzersdorf",59.68,3053,33.37,1707,6.86,351,17.77,905,30.81,1572,86.4,4420
"30822","Großhofen",73.33,33,20,9,6.67,3,0,0,31.71,13,73.33,33
"30824","Groß-Schweinbarth",76.02,504,21.27,141,2.71,18,1.42,8,27.3,154,88.54,587
"30825","Haringsee",77.2,464,21.3,128,1.5,9,1.4,7,32.47,163,81.53,490
"30826","Hauskirchen",84.53,661,15.22,119,0.26,2,1.51,9,34.96,208,94.5,739
"30827","Hohenau an der March",85.26,1220,12.86,184,1.89,27,1.28,17,39.95,531,89.17,1276
"30828","Hohenruppersdorf",64.07,346,34.81,188,1.11,6,0.48,2,28.64,120,84.63,457
"30829","Jedenspeigen",81.31,496,18.2,111,0.49,3,0.6,3,28.91,146,92.13,562
"30830","Lassee",73.98,1120,22.92,347,3.04,46,3.31,44,34.16,455,81.37,1232
"30831","Leopoldsdorf im Marchfeld",52.07,592,44.85,510,2.9,33,12.97,163,31.75,400,81,921
"30834","Mannsdorf an der Donau",63.69,114,34.64,62,1.68,3,0.71,1,30,42,72.07,129
"30835","Marchegg",73.47,1130,24.12,371,2.41,37,5.59,77,35.32,487,79.97,1230
"30836","Markgrafneusiedl",62.69,252,28.86,116,8.46,34,3.35,14,36.1,152,78.11,314
"30838","Matzen-Raggendorf",68.54,915,28.84,385,2.55,34,7.33,94,32.84,422,86.89,1160
"30841","Neusiedl an der Zaya",80.29,558,18.42,128,1.29,9,4.84,28,37.11,216,84.6,588
"30842","Obersiebenbrunn",68.52,518,26.59,201,4.89,37,7.86,58,30,222,79.63,602
"30844","Orth an der Donau",63.88,557,28.9,252,7.22,63,8.49,81,37.02,355,76.03,663
"30845","Palterndorf-Dobermannsdorf",85.39,631,13.8,102,0.81,6,0.34,2,34.47,203,91.88,679
"30846","Parbasdorf",51.47,35,48.53,33,0,0,5.08,3,25.42,15,83.82,57
"30848","Prottes",73.17,521,25,178,1.83,13,5.65,36,31.82,203,84.27,600
"30849","Raasdorf",61.15,192,34.39,108,3.82,12,6.64,16,25.21,61,72.29,227
"30850","Ringelsdorf-Niederabsdorf",88.72,700,10.65,84,0.63,5,0.33,2,36.36,220,91.38,721
"30852","Schönkirchen-Reyersdorf",74.97,698,22.66,211,2.36,22,4.96,41,28.05,232,88.4,823
"30854","Spannberg",80.67,434,18.59,100,0.74,4,0.95,4,28.44,120,90.52,487
"30856","Strasshof an der Nordbahn",60.14,3001,35.93,1793,3.89,194,20.18,956,28.69,1361,88.96,4439
"30857","Sulz im Weinviertel",81.24,628,17.98,139,0.78,6,0.35,2,34.09,194,93.79,725
"30858","Untersiebenbrunn",68.05,507,28.99,216,2.68,20,2.72,21,32.21,249,84.56,630
"30859","Velm-Götzendorf",80.29,383,18.03,86,1.68,8,0,0,30.85,112,89.31,426
"30860","Weikendorf",80.32,763,18.32,174,1.26,12,0.38,3,26.51,219,88.84,844
"30863","Zistersdorf",75.63,1977,21.54,563,2.83,74,5.7,138,34.9,852,86.27,2255
"30865","Weiden an der March",66.93,417,31.46,196,1.61,10,2.02,8,32.24,128,79.29,494
"30902","Amaliendorf-Aalfang",51.87,333,41.9,269,6.23,40,1.19,6,34.71,176,77.41,497
"30903","Brand-Nagelberg",55.6,447,39.05,314,5.35,43,1.95,14,39.83,286,68.78,553
"30904","Eggern",75.47,320,23.35,99,1.18,5,0.32,1,41.64,132,77.59,329
"30906","Eisgarn",72.63,276,26.84,102,0.53,2,2.42,7,32.07,93,74.21,282
"30908","Gmünd",46.5,962,43.35,897,10.05,208,7.74,207,47.46,1272,52.92,1095
"30909","Großdietmanns",61.33,620,37.49,379,1.19,12,5.49,52,30.74,292,67.66,684
"30910","Bad Großpertholz",52.98,418,40.56,320,6.46,51,3.1,18,38.97,228,67.93,536
"30912","Großschönau",66.74,311,31.33,146,1.93,9,0.45,2,26.13,116,60.52,282
"30913","Moorbad Harbach",61.29,228,32.8,122,5.65,21,3.16,9,30.45,88,64.25,239
"30915","Haugschlag",66.29,232,32,112,1.71,6,0.9,2,37.84,84,76.57,268
"30916","Heidenreichstein",55.17,1078,38.79,758,6.04,118,5.73,103,40.31,726,71.75,1402
"30917","Hirschbach",61.84,222,37.33,134,0.84,3,5.58,14,28.29,71,66.85,240
"30920","Hoheneich",35.63,259,57.5,418,6.88,50,5.21,35,34.97,235,70.84,515
"30921","Kirchberg am Walde",59.97,361,38.04,229,1.99,12,1.89,10,32.64,173,66.28,399
"30925","Litschau",66.02,919,31.32,436,2.59,36,4.01,41,42.26,434,70.76,985
"30929","Reingers",70.39,233,26.89,89,2.72,9,1.07,3,40.21,113,58.61,194
"30932","St. Martin",72.98,370,24.26,123,2.76,14,0.5,2,31.11,126,87.57,444
"30935","Schrems",63.87,1522,31.31,746,4.83,115,6.27,153,37.29,912,70.88,1689
"30939","Unserfrau-Altweitra",9.77,46,78.34,369,11.89,56,0,0,29.04,115,66.45,313
"30940","Waldenstein",58.57,335,40.73,233,0.7,4,0.41,2,30.04,146,77.8,445
"30942","Weitra",53.59,642,39.98,479,6.34,76,5.96,68,38.41,439,62.27,746
"31001","Alberndorf im Pulkautal",67.7,285,30.88,130,1.43,6,6.65,22,35.14,117,88.84,374
"31008","Göllersdorf",66.78,971,30.74,447,2.48,36,3.38,44,28.91,377,83.98,1221
"31009","Grabern",71.08,558,27.26,214,1.66,13,0.43,3,25,173,93.63,735
"31014","Guntersdorf",64.81,385,32.66,194,2.53,15,1.56,8,31.78,164,84.18,500
"31015","Hadres",80.93,857,17.85,189,1.23,13,1.02,8,36.09,284,92.63,981
"31016","Hardegg",78.66,741,20.17,190,1.17,11,1,6,37.06,222,81.95,772
"31018","Haugsdorf",77.07,699,21.83,198,1.1,10,2.64,19,34.53,250,84.79,769
"31019","Heldenberg",68.55,473,29.71,205,1.74,12,1.5,9,23.13,139,87.25,602
"31021","Hohenwarth-Mühlbach a.M.",72.34,570,25.25,199,2.28,18,0.7,4,29.65,169,86.17,679
"31022","Hollabrunn",48.37,2459,43.31,2202,8.22,418,10.24,577,39.19,2210,71.97,3659
"31025","Mailberg",71.88,276,27.08,104,1.04,4,0.71,2,44.88,127,90.36,347
"31026","Maissau",70.48,771,26.33,288,3.2,35,2.14,19,33.85,303,83.73,916
"31028","Nappersdorf-Kammersdorf",78.02,568,21.7,158,0.27,2,0.18,1,33.82,186,87.5,637
"31033","Pernersdorf",82.51,552,17.19,115,0.3,2,1.5,7,34.4,161,88.19,590
"31035","Pulkau",70.33,621,26.95,238,2.72,24,3.05,21,38.44,266,87.88,776
"31036","Ravelsbach",67.6,553,30.07,246,2.32,19,0.52,4,37.37,290,83.25,681
"31037","Retz",68.88,1401,26.6,541,4.52,92,8.09,155,41.36,797,77.34,1573
"31038","Retzbach",75.35,532,23.8,168,0.85,6,0.43,2,38.89,182,86.54,611
"31041","Schrattenthal",71.43,365,26.81,137,1.76,9,2.75,11,34.5,138,83.17,425
"31042","Seefeld-Kadolz",86.96,567,12.27,80,0.77,5,0.21,1,39.53,185,89.88,586
"31043","Sitzendorf an der Schmida",58.62,687,38.48,451,2.9,34,1.66,16,33.99,329,89.59,1050
"31051","Wullersdorf",73.6,962,24.64,322,1.68,22,0.38,4,32.1,337,85.54,1118
"31052","Zellerndorf",78.93,1079,18.95,259,2.12,29,1.78,19,31.06,333,84.27,1152
"31053","Ziersdorf",68.96,1184,29.06,499,1.92,33,2.56,38,32.01,475,78.68,1351
"31101","Altenburg",71.07,280,28.43,112,0.51,2,1.21,4,30.51,101,85.53,337
"31102","Brunn an der Wild",64.92,285,33.94,149,1.14,5,0,0,29.5,100,78.36,344
"31103","Burgschleinitz-Kühnring",69.6,499,28.73,206,1.53,11,0.89,5,31.08,175,81.59,585
"31104","Drosendorf-Zissersdorf",75.25,596,22.35,177,2.27,18,2.4,13,40.92,223,80.68,639
"31105","Eggenburg",54.4,840,37.63,581,7.97,123,11.94,199,40.06,669,69.75,1077
"31106","Gars am Kamp",60.84,1047,32.25,555,6.91,119,13.64,228,41.28,691,73.39,1263
"31107","Geras",75.65,609,22.86,184,1.49,12,2.68,15,37.32,209,76.02,612
"31109","Horn",44.68,958,44.17,947,10.87,233,22.25,685,43.31,1337,65.3,1400
"31110","Irnfritz-Messern",70.12,481,28.43,195,1.46,10,2.11,12,29.82,170,76.68,526
"31111","Japons",72.86,255,26.86,94,0.29,1,0.67,2,32.32,96,72.86,255
"31113","Langau",79.24,313,19.49,77,1.27,5,1.27,4,40.81,131,75.19,297
"31114","Meiseldorf",77.23,373,21.53,104,1.24,6,0.28,1,33.98,123,90.27,436
"31117","Pernegg",72.9,269,25.75,95,1.36,5,0,0,29.75,83,73.17,270
"31119","Röhrenbach",74.81,193,22.87,59,1.94,5,0.54,1,20.97,39,77.13,199
"31120","Röschitz",68.98,427,28.92,179,1.78,11,4.61,22,31.32,150,86.27,534
"31121","Rosenburg-Mold",59.96,289,34.44,166,5.39,26,3.39,13,37.76,145,75.31,363
"31123","St. Bernhard-Frauenhofen",53.38,308,44.02,254,2.6,15,0.98,5,25.2,129,75.39,435
"31124","Sigmundsherberg",68.14,556,28.19,230,3.68,30,2.37,18,33.99,259,78.31,639
"31129","Weitersfeld",72.89,613,25.68,216,1.43,12,1.06,7,34.99,232,73.25,616
"31130","Straning-Grafenberg",81.29,365,17.82,80,0.89,4,0.33,1,33.33,103,88.86,399
"31201","Bisamberg",47.54,948,42.63,850,9.68,193,23.87,516,33.98,737,83.15,1658
"31202","Enzersfeld im Weinviertel",55.21,493,40.43,361,4.37,39,4.96,40,30.28,245,83.09,742
"31203","Ernstbrunn",69.4,1168,26.44,445,4.16,70,1.95,28,33.29,481,85.8,1444
"31204","Großmugl",68.66,585,29.58,252,1.76,15,3.76,26,30.35,210,83.92,715
"31205","Großrußbach",73.05,824,22.87,258,4.08,46,3.44,33,30.94,298,88.92,1003
"31206","Hagenbrunn",62.82,774,31.25,385,5.84,72,20.69,210,28.49,294,79.06,974
"31207","Harmannsdorf",69.36,1458,28.21,593,2.43,51,4.14,74,30.34,544,89.58,1883
"31208","Hausleiten",49.85,838,47.17,793,2.91,49,11,176,27.72,444,84.3,1417
"31213","Korneuburg",43.62,1336,40.42,1238,14.14,433,24.17,1594,42.66,2825,65.49,2006
"31214","Langenzersdorf",56.27,1943,34.72,1199,8.89,307,23.73,894,36.55,1379,77.9,2690
"31215","Leitzersdorf",64.42,391,33.61,204,1.98,12,0,0,28.2,141,83.86,509
"31216","Leobendorf",65.22,1519,30.4,708,4.34,101,9.75,224,32.16,740,85.53,1992
"31224","Rußbach",74.85,497,24.1,160,1.05,7,0.18,1,25.32,140,86.14,572
"31226","Sierndorf",68.96,1242,26.71,481,4.16,75,1.63,26,26.5,428,88.12,1587
"31227","Spillern",51.55,432,39.62,332,8.71,73,11.02,131,34.57,411,75.66,634
"31228","Stetteldorf am Wagram",65.43,335,32.42,166,2.15,11,4.23,19,30.96,139,87.7,449
"31229","Stetten",58.76,379,35.81,231,5.43,35,12.07,74,32.31,199,78.91,509
"31230","Stockerau",46.44,2324,41.25,2064,11.91,596,20.51,1676,41.7,3414,70.06,3506
"31234","Niederhollabrunn",69.23,585,27.57,233,3.2,27,0.32,2,26.75,168,86.98,735
"31235","Gerasdorf bei Wien",54.84,3068,37.47,2096,7.65,428,18.51,936,31.58,1601,87.06,4870
"31301","Aggsbach",58.42,222,36.32,138,5.26,20,0.35,1,34.49,99,70.26,267
"31302","Albrechtsberg an der Großen Krems",43.78,211,51.24,247,4.98,24,2.23,9,27.97,113,69.29,334
"31303","Bergern im Dunkelsteinerwald",58.63,360,39.09,240,2.28,14,3.84,21,26.87,147,77.52,476
"31304","Dürnstein",22.2,99,67.94,303,9.87,44,8.31,30,34.79,127,54.04,241
"31308","Grafenegg",58.55,863,38.13,562,3.32,49,4.57,65,29.85,425,72.46,1068
"31309","Furth bei Göttweig",45.5,556,48.53,593,5.89,72,20.09,264,34.3,451,74.71,913
"31310","Gedersdorf",60.8,560,35.72,329,3.47,32,4.69,41,24.89,218,74.27,684
"31311","Gföhl",53.2,907,38.89,663,7.92,135,6.05,102,35.22,596,72.08,1229
"31315","Hadersdorf-Kammern",52.73,405,40.49,311,6.77,52,9.19,86,37.71,353,73.44,564
"31319","Jaidhof",61.24,316,36.63,189,2.13,11,2.75,13,29.75,141,78.1,403
"31321","Krumau am Kamp",76.23,420,21.6,119,2.18,12,1.53,5,37.73,123,80.76,445
"31322","Langenlois",54.63,1669,38.33,1171,7.04,215,10.12,336,35.13,1168,70.51,2154
"31323","Lengenfeld",57.23,380,36.75,244,6.02,40,2.79,16,26.91,155,73.04,485
"31324","Lichtenau im Waldviertel",68.53,651,27.89,265,3.58,34,0.12,1,32.1,261,75.58,718
"31326","Maria Laach am Jauerling",53.73,209,42.16,164,4.11,16,1.43,5,29.83,105,74.29,289
"31327","Mautern an der Donau",36.05,394,51.24,560,12.53,137,31.6,517,40.87,669,62.49,683
"31330","Mühldorf",58.79,378,37.17,239,4.04,26,2.64,14,32.52,174,74.03,476
"31333","Paudorf",55.09,611,40.85,453,3.97,44,8.59,100,32.36,377,73.67,817
"31336","Rastenfeld",54.73,440,41.29,332,3.98,32,3.98,27,34.85,237,72.14,580
"31337","Rohrendorf bei Krems",55.92,496,41.38,367,2.71,24,10.34,86,27.22,227,63.02,559
"31338","Rossatz-Arnsdorf",54.31,309,38.84,221,6.85,39,2.83,13,34.13,157,73.46,418
"31340","St. Leonhard am Hornerwald",72.87,454,23.76,148,3.37,21,1.83,8,29,127,80.74,503
"31343","Senftenberg",44.2,389,50.11,441,5.68,50,9.68,87,38.08,345,65.23,574
"31344","Spitz",34.96,244,53.44,373,11.46,80,5.92,40,34.66,235,60.17,420
"31346","Straß im Straßertale",48.64,393,49.38,399,1.98,16,3.29,24,29.23,214,81.44,658
"31347","Stratzing",57.27,193,36.8,124,5.93,20,13.39,49,25.68,94,79.23,267
"31350","Weinzierl am Walde",62.96,340,33.33,180,3.7,20,0.65,3,27.65,128,70.37,380
"31351","Weißenkirchen in der Wachau",32.98,217,61.09,402,5.93,39,8.14,49,33.44,202,60.64,399
"31355","Schönberg am Kamp",63.33,696,32.85,361,3.73,41,1.04,9,38.2,332,81.16,892
"31356","Droß",54.46,220,40.35,163,5.2,21,8.38,32,20.16,77,87.38,353
"31401","Annaberg",36.13,155,56.64,243,7.23,31,1.78,4,42.98,98,68.3,293
"31402","Eschenau",34.86,167,56.78,272,8.35,40,6.4,33,30.75,159,81.42,390
"31403","Hainfeld",44.29,520,47.53,558,8.09,95,10.56,175,39.85,671,62.61,735
"31404","Hohenberg",57.83,395,35.14,240,7.03,48,4.56,31,42.58,290,71.3,487
"31405","Kaumberg",63.16,324,32.55,167,4.29,22,0.68,3,33.85,153,79.53,408
"31406","Kleinzell",47.58,197,45.89,190,6.52,27,4.03,14,35.33,124,71.26,295
"31407","Lilienfeld",37.65,346,48.53,446,13.38,123,13.54,168,43.05,539,59.3,545
"31408","Mitterbach am Erlaufsee",49.57,171,44.35,153,6.09,21,4,9,41.23,94,66.67,230
"31409","Ramsau",52.15,194,41.67,155,6.18,23,6.91,25,36.61,134,71.51,266
"31410","Rohrbach an der Gölsen",60.67,361,31.26,186,8.07,48,13.89,91,33.54,220,78.32,466
"31411","St. Aegyd am Neuwalde",51.51,512,40.64,404,7.85,78,3.31,29,43.05,378,61.07,607
"31412","St. Veit an der Gölsen",55.81,788,39.59,559,4.6,65,8.61,142,32.93,544,71.18,1005
"31413","Traisen",47.14,421,39.53,353,12.65,113,13.96,228,43.09,705,54.42,486
"31414","Türnitz",56.99,538,37.82,357,5.19,49,5.06,39,33.33,257,68.01,642
"31502","Artstetten-Pöbring",48.62,229,50.11,236,1.27,6,0.96,4,18.9,79,82.59,389
"31503","Bergland",33.03,220,61.86,412,5.11,34,1.17,8,22.73,155,64.41,429
"31504","Bischofstetten",52.04,217,45.56,190,2.4,10,4.07,20,31.17,154,65.95,275
"31505","Blindenmarkt",42.7,395,51.78,479,5.41,50,9.51,107,30.97,349,66.49,615
"31506","Dorfstetten",47.27,104,48.64,107,4.09,9,2.04,4,24.75,49,63.64,140
"31507","Dunkelsteinerwald",56.44,600,39.32,418,4.23,45,3.85,37,27.83,268,77.05,819
"31508","Erlauf",49.87,188,44.83,169,5.04,19,4.29,20,28.69,134,67.11,253
"31509","Golling an der Erlauf",59.48,254,31.15,133,9.37,40,9.52,67,38.84,275,69.79,298
"31511","Hofamt Priel",50.36,352,44.21,309,5.44,38,1.6,11,26.02,179,69.38,485
"31513","Hürm",43.34,332,53.39,409,3.26,25,3.9,29,21.94,163,76.11,583
"31514","Kilb",45.01,442,50.2,493,4.79,47,3.84,40,31.45,334,67.92,667
"31515","Kirnberg an der Mank",32.1,113,64.77,228,3.13,11,1.91,8,28.23,118,59.66,210
"31516","Klein-Pöchlarn",46.63,187,46.63,187,6.73,27,6.02,30,39.96,199,62.84,252
"31517","Krummnußbaum",51.02,300,43.54,256,5.44,32,9.5,66,30.65,213,72.96,429
"31519","Leiben",50.96,265,42.69,222,6.35,33,3.04,18,38.66,230,63.08,328
"31520","Loosdorf",54.7,693,38.52,488,6.79,86,3.68,64,35.84,624,66.22,839
"31521","Mank",42.4,421,52.97,526,4.63,46,7.89,99,31.58,397,69.79,693
"31522","Marbach an der Donau",47.41,330,45.98,320,6.61,46,2.7,20,31.9,237,68.39,476
"31523","Maria Taferl",47.01,165,47.29,166,5.41,19,1.59,6,30.89,118,68.38,240
"31524","Melk",36.86,616,47.76,798,15.02,251,16.81,441,41.35,1090,59.07,987
"31525","Münichreith-Laimbach",48.76,296,46.62,283,4.61,28,3.09,20,28.28,183,59.14,359
"31527","Neumarkt an der Ybbs",48.16,353,48.29,354,3.41,25,4.19,38,33.44,304,62.07,455
"31528","Nöchling",38.6,127,55.93,184,5.47,18,4.27,17,31.16,124,57.14,188
"31530","Persenbeug-Gottsdorf",53.49,467,42.5,371,4.01,35,13.02,131,37.9,382,69.07,603
"31531","Petzenkirchen",42.8,217,49.9,253,7.3,37,9.44,68,34.44,248,61.14,310
"31533","Pöchlarn",29.67,373,57.04,717,13.05,164,10.88,198,37.53,685,57.6,724
"31534","Pöggstall",57.53,596,39,404,3.47,36,1.78,17,33.19,318,68.53,710
"31535","Raxendorf",57.21,238,39.66,165,3.13,13,0.78,3,27.91,108,68.99,287
"31537","Ruprechtshofen",34.62,251,59.86,434,5.52,40,12.26,108,26.98,238,68,493
"31539","St. Leonhard am Forst",41.97,452,53.85,580,4.09,44,9.33,109,27.76,327,70.19,756
"31540","St. Martin-Karlsbach",46.94,261,48.56,270,4.5,25,2.78,17,21.24,130,68.35,380
"31541","St. Oswald",44.34,145,51.99,170,3.67,12,1.4,5,22.19,79,64.83,212
"31542","Schönbühel-Aggsbach",54.62,254,39.14,182,6.02,28,11.61,52,39.87,179,70.75,329
"31543","Schollach",54.88,242,44.67,197,0.45,2,1.49,6,22.52,91,81.63,360
"31546","Weiten",47.17,208,46.71,206,6.12,27,3.22,14,28.67,125,65.53,289
"31549","Ybbs an der Donau",33.74,632,54.56,1022,11.32,212,9.13,215,36.22,857,61.67,1155
"31550","Zelking-Matzleinsdorf",46.06,228,49.49,245,4.44,22,0.42,2,26,124,76.16,377
"31551","Texingtal",29.72,159,65.42,350,4.86,26,5.63,34,26.61,161,63.55,340
"31552","Yspertal",51.46,389,45.37,343,3.17,24,1.2,9,29.71,224,62.83,475
"31553","Emmersdorf an der Donau",56.6,399,39.15,276,4.26,30,6.47,45,26.04,182,73.05,515
"31601","Altlichtenwarth",88.12,445,11.68,59,0.2,1,0,0,30.55,106,92.08,465
"31603","Asparn an der Zaya",75.59,734,22.86,222,1.54,15,0.25,2,30.39,248,88.16,856
"31604","Bernhardsthal",84.55,985,14.76,172,0.69,8,0,0,40.23,321,91.07,1061
"31605","Bockfließ",72.57,529,24.83,181,2.61,19,3.12,18,33.04,191,86.42,630
"31606","Drasenhofen",86.15,678,13.09,103,0.76,6,0,0,35.44,174,88.82,699
"31608","Falkenstein",65.26,201,31.49,97,3.25,10,2.97,7,30.08,71,85.06,262
"31609","Fallbach",76.22,359,22.72,107,1.06,5,0.87,3,27.91,96,87.9,414
"31611","Gaubitsch",73.25,334,25.44,116,1.32,6,0.27,1,25.53,96,88.82,405
"31612","Gaweinstal",70.35,1400,24.97,497,4.67,93,5.39,99,33.21,610,87.29,1737
"31613","Gnadendorf",69.9,504,28.85,208,1.25,9,1.16,6,28.63,148,82.94,598
"31614","Großebersdorf",71.75,927,25.54,330,2.71,35,5.75,61,33.77,359,90.56,1170
"31615","Großengersdorf",71.67,554,27.3,211,1.03,8,0.31,2,30.27,194,90.04,696
"31616","Großharras",87.67,633,11.63,84,0.69,5,1.85,9,36.07,176,92.38,667
"31617","Großkrut",80.54,807,19.06,191,0.4,4,1.41,11,35.55,278,94.11,943
"31620","Hausbrunn",81.59,523,17.32,111,0.94,6,2.32,10,38.89,168,94.54,606
"31621","Herrnbaumgarten",75.85,446,22.79,134,1.36,8,0.25,1,30,120,86.05,506
"31622","Hochleithen",66.2,425,33.18,213,0.62,4,2.17,11,30.18,153,92.06,591
"31627","Kreuttal",75.49,616,22.18,181,2.33,19,1.03,7,33.63,229,87.99,718
"31628","Kreuzstetten",72.57,627,26.27,227,1.16,10,1.61,12,31.96,240,88.43,764
"31629","Laa an der Thaya",47.54,1361,46.77,1339,5.66,162,10.82,313,38.52,1117,83.41,2388
"31630","Ladendorf",60.09,765,38.65,492,1.26,16,1.39,14,29.92,301,89.95,1145
"31633","Mistelbach",63.91,3106,28.99,1409,7,340,14.79,833,41.11,2325,80.6,3917
"31634","Neudorf im Weinviertel",70.15,503,29.15,209,0.7,5,0.34,2,32.83,195,85.22,611
"31636","Niederleis",71.74,358,26.45,132,1.6,8,0.25,1,28.86,114,87.98,439
"31642","Pillichsdorf",67.56,402,29.41,175,3.03,18,5.58,30,29.89,162,82.69,492
"31644","Poysdorf",73.32,2185,24.19,721,2.42,72,2.83,67,33.29,788,83.62,2492
"31645","Rabensburg",88.96,588,9.83,65,1.21,8,0.39,2,39.73,203,94.55,625
"31646","Schrattenberg",72.84,397,26.06,142,1.1,6,0.53,2,33.07,125,84.95,463
"31649","Staatz",84.45,907,15.18,163,0.37,4,0.94,8,31.54,270,88.45,950
"31650","Stronsdorf",74.02,661,24.97,223,1.01,9,0.3,2,29.93,202,92.5,826
"31651","Ulrichskirchen-Schleinbach",67.01,902,30.31,408,2.67,36,4.42,54,35.51,435,89.52,1205
"31652","Unterstinkenbrunn",71.43,205,27.87,80,0.7,2,0,0,31.82,77,90.24,259
"31653","Wildendürnbach",68.58,585,30.6,261,0.82,7,1.25,8,31.15,200,85.35,728
"31654","Wilfersdorf",75.69,822,23.57,256,0.74,8,3.46,32,30.74,284,87.85,954
"31655","Wolkersdorf im Weinviertel",52.18,1499,39.37,1131,8.18,235,19.07,647,37.65,1280,76.61,2201
"31658","Ottenthal",72.26,211,26.03,76,1.71,5,2.71,6,31.98,71,90.07,263
"31701","Achau",25,132,64.96,343,9.47,50,20.22,150,35.89,267,69.89,369
"31702","Biedermannsdorf",30.06,285,54.22,514,14.87,141,38.21,572,38.17,573,72.15,684
"31703","Breitenfurt bei Wien",59.22,1661,35.51,996,4.99,140,12.05,320,33.7,896,88.88,2493
"31704","Brunn am Gebirge",35.1,1220,44.19,1536,20.28,705,31.43,1760,37.35,2110,68.58,2384
"31706","Gaaden",64.79,460,31.41,223,3.8,27,16.5,115,27.4,191,81.13,576
"31707","Gießhübl",34.35,304,36.61,324,29.04,257,39.14,391,26.5,265,77.29,684
"31709","Gumpoldskirchen",25.68,322,59.81,750,14.27,179,29.8,568,38.78,741,64.67,811
"31710","Guntramsdorf",50.02,1438,37.84,1088,12.07,347,24.47,1083,39.2,1739,67.48,1940
"31711","Hennersdorf",48.41,305,43.81,276,7.46,47,21.33,154,35.5,257,80.79,509
"31712","Hinterbrühl",41.84,638,44.92,685,13.11,200,26.73,441,33.86,560,75.67,1154
"31713","Kaltenleutgeben",47.92,483,38.19,385,13.29,134,25.28,389,37.01,571,76.69,773
"31714","Laab im Walde",46.81,220,48.51,228,4.68,22,25.41,123,32.78,159,87.23,410
"31715","Laxenburg",33.6,297,50.68,448,15.5,137,29.96,412,37.64,519,72.74,643
"31716","Maria Enzersdorf",42.65,993,37.63,876,19.37,451,34.69,1409,39.54,1608,73.58,1713
"31717","Mödling",27.45,1097,45.42,1815,25.98,1038,30.27,3104,45.77,4695,56.58,2261
"31718","Münchendorf",57.84,900,37.98,591,4.18,65,26.81,386,33.66,486,84.38,1313
"31719","Perchtoldsdorf",34.29,1774,48.09,2488,17.28,894,23.37,1586,37.13,2527,75.05,3883
"31723","Vösendorf",30.49,582,49.66,948,19.28,368,31.04,1126,40.89,1483,68.41,1306
"31725","Wiener Neudorf",41.7,867,41.75,868,14.14,294,42.24,1985,41.86,1974,64.5,1341
"31726","Wienerwald",59.2,743,33.07,415,7.57,95,16.21,199,30.76,379,81.59,1024
"31801","Altendorf",36.91,55,57.05,85,6.04,9,0,0,29.45,43,80.54,120
"31802","Aspang-Markt",33.98,247,54.61,397,11.42,83,7.25,65,45,405,59.83,435
"31803","Aspangberg-St. Peter",53.28,479,42.83,385,3.89,35,4.37,31,31.23,223,61.4,552
"31804","Breitenau",60.36,370,34.91,214,4.73,29,8.45,61,32.96,238,77.81,477
"31805","Breitenstein",35.76,113,49.05,155,15.19,48,6.11,8,36.64,48,80.7,255
"31806","Buchbach",72.78,131,23.89,43,3.33,6,2.07,3,26.21,38,87.22,157
"31807","Edlitz",43.17,139,50.62,163,6.21,20,6.67,27,39.95,163,49.69,160
"31808","Enzenreith",49.24,453,47.72,439,3.04,28,4.99,43,31.32,270,73.04,672
"31809","Feistritz am Wechsel",49.49,242,46.83,229,3.68,18,1.89,8,30.35,129,66.26,324
"31810","Gloggnitz",46.24,990,40.31,863,13.26,284,10.54,302,43.3,1243,63.43,1358
"31811","Grafenbach-St. Valentin",58.75,537,37.2,340,3.94,36,3.08,33,38.08,409,73.41,671
"31812","Grimmenstein",49.04,256,44.83,234,5.75,30,8.36,51,41.9,256,60.34,315
"31813","Grünbach am Schneeberg",50.13,375,43.58,326,6.28,47,3.97,29,39.7,291,70.59,528
"31814","Kirchberg am Wechsel",53.52,570,41.03,437,5.35,57,2.47,26,33.97,358,67.14,715
"31815","Mönichkirchen",60.52,233,31.95,123,7.53,29,3.98,10,34.92,88,74.29,286
"31817","Natschbach-Loipersbach",66.33,465,29.24,205,4.28,30,9.16,69,31.34,236,84.59,593
"31818","Neunkirchen",44.06,1683,40.55,1549,14.95,571,12.65,745,41.06,2424,63.59,2429
"31820","Otterthal",52.56,123,42.31,99,5.13,12,4.13,9,28.44,62,68.38,160
"31821","Payerbach",44.98,466,45.56,472,9.46,98,10.95,113,45.46,471,68.24,707
"31823","Pitten",60.37,678,33.75,379,5.88,66,8.1,110,39.25,535,77.65,872
"31825","Prigglitz",59.09,156,34.85,92,6.06,16,0.55,1,37.91,69,71.97,190
"31826","Puchberg am Schneeberg",47.78,667,45.42,634,6.73,94,4.95,65,42.07,554,67.62,944
"31827","Raach am Hochgebirge",54.44,98,42.22,76,3.33,6,1.42,2,43.66,62,78.33,141
"31829","Reichenau an der Rax",52.6,808,38.61,593,8.79,135,12.88,166,45.51,588,70.44,1082
"31830","St. Corona am Wechsel",40.84,78,49.21,94,9.95,19,2.27,3,21.05,28,82.2,157
"31831","St. Egyden am Steinfeld",60.52,561,35.28,327,4.21,39,5.58,53,31.3,298,79.94,741
"31832","Scheiblingkirchen-Thernberg",58.63,469,37.63,301,3.75,30,4.58,32,24.79,174,83.38,667
"31833","Schottwien",32.73,91,49.28,137,17.63,49,15.71,52,44.44,148,57.19,159
"31834","Schrattenbach",59.9,115,36.98,71,3.13,6,0.58,1,37.36,65,84.9,163
"31835","Schwarzau am Steinfeld",62.62,506,32.55,263,4.83,39,10.85,96,31.98,283,76.98,622
"31836","Schwarzau im Gebirge",60.44,249,34.95,144,4.37,18,3.47,10,46.9,136,71.84,296
"31837","Seebenstein",71.7,484,24.15,163,4,27,7.33,53,39.78,288,73.04,493
"31838","Semmering",27.95,90,39.75,128,30.12,97,13.96,37,56.93,152,49.69,160
"31839","Ternitz",45.82,2478,46.58,2519,7.51,406,4.1,287,40.23,2821,73.06,3951
"31840","Thomasberg",57.92,267,37.53,173,4.56,21,2.2,11,34.46,173,70.28,324
"31841","Trattenbach",55.14,134,39.51,96,5.35,13,1.73,4,37.93,88,59.67,145
"31842","Bürg-Vöstenhof",72.63,69,26.32,25,1.05,1,1.72,1,25,15,91.58,87
"31843","Warth",40.64,306,54.18,408,5.18,39,1.38,9,30.12,197,62.02,467
"31844","Wartmannstetten",59.3,421,37.89,269,2.82,20,3.82,26,28.49,194,79.58,565
"31845","Willendorf",55.08,271,40.65,200,4.27,21,8,34,27.4,117,80.49,396
"31846","Wimpassing im Schwarzatale",19.21,92,55.95,268,23.8,114,9.9,76,41.43,319,54.91,263
"31847","Würflach",63.17,463,33.83,248,3,22,3.81,28,32.65,240,81.17,595
"31848","Zöbern",59.45,327,38,209,2.55,14,5.9,32,29.83,162,68.18,375
"31849","Höflein an der Hohen Wand",59.12,243,36.98,152,3.65,15,12.95,58,42.35,191,72.75,299
"31901","Altlengbach",60.59,784,33.08,428,6.34,82,9.97,143,36.55,526,74.5,964
"31902","Asperhofen",49.73,466,46.96,440,3.31,31,3.48,33,27.55,262,75.99,712
"31903","Böheimkirchen",61.53,1126,32.57,596,5.9,108,8.74,204,36.99,864,69.89,1279
"31904","Brand-Laaben",49.12,307,47.04,294,3.84,24,5.46,30,35.64,196,77.76,486
"31905","Eichgraben",52.24,1249,40.65,972,7.11,170,10.4,211,31.61,642,86.45,2067
"31906","Frankenfels",45.93,305,47.29,314,6.78,45,4.81,35,28.3,206,63.25,420
"31907","Gerersdorf",49.34,186,46.68,176,3.98,15,4.17,18,31.71,137,74.01,279
"31909","Hofstetten-Grünau",52.99,478,42.79,386,4.21,38,7.01,73,28.27,296,74.28,670
"31910","Hafnerbach",56.26,355,40.1,253,3.65,23,4.37,30,27.14,187,70.21,443
"31911","Haunoldstein",50.12,215,41.96,180,7.93,34,4.55,23,29.33,149,79.49,341
"31912","Herzogenburg",60.02,1692,33.91,956,5.92,167,6.43,225,36.49,1277,68.61,1934
"31913","Inzersdorf-Getzersdorf",50.99,309,45.38,275,3.63,22,10.33,69,26.71,180,71.78,435
"31915","Kapelln",60.29,337,36.31,203,3.4,19,6.89,37,27.93,150,82.47,461
"31916","Karlstetten",54.36,474,40.83,356,4.82,42,4.69,43,26.77,246,76.38,666
"31917","Kasten bei Böheimkirchen",58.98,335,35.21,200,5.81,33,3.05,17,29.39,164,74.65,424
"31918","Kirchberg an der Pielach",51.08,590,42.51,491,6.41,74,9.95,131,34.17,451,67.1,775
"31919","Kirchstetten",56.43,483,39.95,342,3.62,31,6.08,55,31.84,292,77.69,665
"31920","Loich",53.91,131,41.56,101,4.53,11,3.85,8,27.4,57,70.78,172
"31921","Maria Anzbach",56.86,837,38.11,561,4.96,73,11.86,161,30.43,415,81.39,1198
"31922","Markersdorf-Haindorf",53.59,396,39.38,291,6.9,51,9.48,79,26.59,222,72.94,539
"31923","Michelbach",56.36,195,38.15,132,5.49,19,2.25,8,32.3,115,71.97,249
"31925","Neidling",47.67,286,48.83,293,3.5,21,6.11,38,26.76,167,77.67,466
"31926","Neulengbach",46.45,1629,48.08,1686,5.45,191,10.12,361,33.61,1201,78.59,2756
"31927","Neustift-Innermanzing",56.3,384,38.12,260,5.57,38,9.78,66,32.3,218,79.77,544
"31928","Nußdorf ob der Traisen",53.82,416,43.08,333,3.1,24,6.18,51,30.79,254,72.19,558
"31929","Ober-Grafendorf",50.14,713,43.6,620,5.84,83,10.66,243,36.97,844,67.58,961
"31930","Obritzberg-Rust",68.08,593,29.28,255,2.64,23,3.97,37,26.61,248,76.81,669
"31932","Prinzersdorf",53.39,307,39.48,227,7.13,41,13.32,102,35.68,274,69.22,398
"31934","Pyhra",31.07,412,62.37,827,6.56,87,7.29,111,33.11,505,68.78,912
"31935","Rabenstein an der Pielach",52.77,467,40.56,359,6.67,59,12.42,133,36.96,397,69.38,614
"31938","St. Margarethen an der Sierning",46.46,184,48.48,192,5.05,20,10.74,45,24.76,104,75.51,299
"31939","Schwarzenbach an der Pielach",61.85,107,34.1,59,4.05,7,0.75,1,32.85,45,75.72,131
"31940","Statzendorf",49.31,250,43.59,221,7.1,36,5.5,34,32.63,202,71.01,360
"31941","Stössing",60.77,237,35.9,140,3.33,13,3.15,11,32.66,114,81.03,316
"31943","Traismauer",53.5,1163,41.17,895,5.29,115,9.17,267,36.51,1066,71.94,1564
"31945","Weinburg",52.4,251,41.13,197,6.47,31,1.88,11,30.83,181,69.31,332
"31946","Perschling",53.55,332,43.39,269,3.06,19,3.29,20,26.07,159,77.26,479
"31947","Wilhelmsburg",50.03,959,39.12,750,10.64,204,11.43,338,38.03,1126,65.52,1256
"31948","Wölbling",70.61,668,25.79,244,3.49,33,7.22,75,33.37,347,80.13,758
"31949","Gablitz",52.63,1151,39.46,863,7.86,172,16.03,351,32.76,720,81.89,1791
"31950","Mauerbach",54.03,892,39.13,646,6.78,112,25.93,417,32.34,522,85.95,1419
"31951","Pressbaum",35.63,1179,54.06,1789,10.15,336,18.21,608,32.17,1077,67.06,2219
"31952","Purkersdorf",37.94,908,40.03,958,21.44,513,29.85,1350,39.17,1775,68.58,1641
"31953","Tullnerbach",45.39,517,43.11,491,11.5,131,21.94,274,31.6,396,76.12,867
"31954","Wolfsgraben",44.21,378,52.28,447,3.51,30,6.05,46,31.89,243,87.6,749
"32001","Gaming",36.32,498,54.34,745,9.26,127,5.55,72,33.77,441,60.69,832
"32002","Göstling an der Ybbs",38.37,320,50.12,418,11.39,95,7.33,60,32.73,270,61.51,513
"32003","Gresten",41.31,283,50.07,343,8.47,58,8.57,78,38.82,354,59.85,410
"32004","Gresten-Land",26.48,130,53.16,261,20.37,100,1.36,7,22.01,114,62.93,309
"32005","Lunz am See",48.47,411,45.4,385,6.13,52,4.03,31,35.06,271,65.21,553
"32006","Oberndorf an der Melk",30.99,269,64.98,564,4.03,35,5.13,54,25.1,264,61.29,532
"32007","Puchenstuben",52.6,101,35.94,69,11.46,22,2.94,3,42.86,45,61.98,119
"32008","Purgstall an der Erlauf",38.25,705,55.89,1030,5.81,107,9.75,195,29.32,587,57.08,1052
"32009","Randegg",17.05,103,74.34,449,8.61,52,4.31,29,26.07,176,51.66,312
"32010","Reinsberg",40.74,132,53.09,172,6.17,20,3.51,12,18.13,62,66.05,214
"32011","St. Anton an der Jeßnitz",58.15,232,37.59,150,4.26,17,1.49,6,25.99,105,65.66,262
"32012","St. Georgen an der Leys",49.23,192,46.67,182,4.1,16,1.51,6,18.59,74,86.92,339
"32013","Scheibbs",23.41,327,64.78,905,11.67,163,12.65,229,39.71,722,58.98,824
"32014","Steinakirchen am Forst",33.02,242,61.12,448,5.73,42,5.85,51,28.15,246,57.44,421
"32015","Wang",31.91,127,63.57,253,4.52,18,3.56,16,23.16,104,76.13,303
"32016","Wieselburg",39.98,445,44.74,498,14.65,163,12.67,296,45.37,1063,56.69,631
"32017","Wieselburg-Land",37.5,414,57.61,636,4.89,54,7.54,101,28.09,377,66.3,732
"32018","Wolfpassing",33.15,184,63.06,350,3.78,21,3.42,22,23.91,154,71.17,395
"32101","Absdorf",51.7,442,41.75,357,6.55,56,11.42,125,35.43,388,78.48,671
"32104","Atzenbrugg",61.68,837,34.05,462,4.27,58,6.26,90,30.09,433,82.24,1116
"32106","Fels am Wagram",63.82,711,32.94,367,3.23,36,4.11,44,32.09,344,88.51,986
"32107","Grafenwörth",65.17,975,32.22,482,2.54,38,3.53,48,30.25,412,81.22,1215
"32109","Großriedenthal",66.16,305,32.1,148,1.74,8,3.27,13,28.75,115,82.86,382
"32110","Großweikersdorf",61.31,892,33.26,484,5.43,79,4.91,74,34.04,514,78.97,1149
"32112","Judenau-Baumgarten",60.52,604,34.57,345,4.91,49,6.42,63,27.89,275,83.97,838
"32114","Kirchberg am Wagram",65.31,1077,32.32,533,2.37,39,8.17,133,31.29,510,82.11,1354
"32115","Königsbrunn am Wagram",65.84,426,31.38,203,2.78,18,1.9,11,26.46,154,81.92,530
"32116","Königstetten",52.04,561,38.4,414,9.55,103,16.65,177,30.4,325,80.71,870
"32119","Langenrohr",53.99,548,41.67,423,4.33,44,12.71,137,29.46,319,72.61,737
"32120","Michelhausen",53.58,756,42.31,597,4.11,58,6.71,117,30.66,536,72.43,1022
"32131","Sieghartskirchen",55.82,1938,40.78,1416,3.4,118,7.69,258,30.53,1025,81.45,2828
"32132","Sitzenberg-Reidling",54.46,531,42.67,416,2.87,28,5.53,56,32.51,330,78.77,768
"32134","Tulbing",73.15,1125,23.99,369,2.86,44,4.94,73,33.45,496,87.78,1350
"32135","Tulln an der Donau",56.01,3182,31.6,1795,11.97,680,24.34,1933,40.4,3212,72.86,4139
"32139","Würmla",64.39,434,33.09,223,2.52,17,6.56,44,29.02,195,82.05,553
"32140","Zeiselmauer-Wolfpassing",68.19,853,26.46,331,5.36,67,8.25,85,34.62,358,88.65,1109
"32141","Zwentendorf an der Donau",58.02,915,36.78,580,5.2,82,5.86,106,33.02,601,74.83,1180
"32142","St. Andrä-Wördern",50.42,2093,39.34,1633,10.24,425,14.53,531,36.27,1329,86.2,3578
"32143","Muckendorf-Wipfing",56.01,489,38.83,339,5.15,45,10.28,81,34.26,270,90.61,791
"32144","Klosterneuburg",39.91,4549,43.71,4982,16.16,1842,20.33,2592,38.62,4934,79.3,9038
"32202","Dietmanns",80.68,430,17.07,91,2.25,12,6.08,32,40.49,213,86.49,461
"32203","Dobersberg",66.46,535,31.93,257,1.61,13,1.39,9,32.05,208,76.77,618
"32206","Gastern",74.43,457,23.62,145,1.95,12,1.61,8,31.39,156,71.66,440
"32207","Groß-Siegharts",69.25,919,26.22,348,4.52,60,8.28,109,44.07,583,70.08,930
"32209","Karlstein an der Thaya",70.23,571,26.2,213,3.57,29,4.02,26,37.23,242,79.34,645
"32210","Kautzen",76.28,508,22.82,152,0.9,6,3.52,17,36.14,176,75.53,503
"32212","Ludweis-Aigen",73.27,381,25,130,1.73,9,0,0,34.2,132,73.46,382
"32214","Pfaffenschlag bei Waidhofen a.d.Thaya",68.9,319,29.37,136,1.73,8,0.26,1,34.18,134,70.19,325
"32216","Raabs an der Thaya",73.59,1332,24.36,441,2.04,37,6.53,77,37.62,445,76.57,1386
"32217","Thaya",66.67,486,31,226,2.33,17,3.33,21,32.38,204,73.53,536
"32219","Vitis",62.53,891,34.81,496,2.67,38,2.74,32,33.13,388,78.88,1124
"32220","Waidhofen an der Thaya",50.42,1147,40.79,928,8.66,197,18.01,448,42.17,1051,71.12,1618
"32221","Waidhofen an der Thaya-Land",68.52,357,30.52,159,0.96,5,0.81,4,23.28,115,77.93,406
"32222","Waldkirchen an der Thaya",82.41,267,15.74,51,1.85,6,0,0,42.56,103,63.58,206
"32223","Windigsteig",71.74,358,27.25,136,1,5,0.76,3,31.41,125,76.95,384
"32301","Bad Fischau-Brunn",59.43,939,37.09,586,3.48,55,6.46,102,35.71,566,76.52,1209
"32302","Bad Schönau",45.79,136,44.11,131,9.76,29,2.52,7,28.32,79,64.65,192
"32304","Ebenfurth",61.58,731,30.83,366,7.5,89,10.55,150,37.87,543,77.17,916
"32305","Eggendorf",79.94,1865,17.06,398,2.91,68,6.12,141,35.65,822,90.78,2118
"32306","Bad Erlach",58.26,596,34.8,356,6.84,70,12.3,180,36.52,535,72.04,737
"32307","Felixdorf",62.22,929,31.82,475,5.76,86,6.55,135,36.87,764,79.3,1184
"32308","Gutenstein",50.39,321,40.97,261,8.63,55,4.76,25,38,201,65.78,419
"32309","Hochneukirchen-Gschaidt",53.28,341,42.34,271,4.38,28,0.61,4,27.96,184,65.16,417
"32310","Hochwolkersdorf",64.58,299,33.26,154,2.16,10,2.09,9,31.32,135,72.35,335
"32311","Hohe Wand",31.22,236,63.23,478,5.56,42,2.09,13,29.1,181,74.21,561
"32312","Hollenthon",52.69,225,44.5,190,2.81,12,0.74,3,30.86,125,75.64,323
"32313","Katzelsdorf",60.28,789,34.53,452,5.19,68,17.6,239,27.11,369,84.34,1104
"32314","Kirchschlag in der Buckligen Welt",49.87,558,41.82,468,8.31,93,8.53,99,32.44,377,62.82,703
"32315","Krumbach",47.31,457,48.24,466,4.45,43,2.6,26,35.38,357,60.14,581
"32316","Lanzenkirchen",64.11,1070,29.78,497,6.11,102,12.53,233,31.94,595,80.41,1342
"32317","Lichtenegg",56.44,254,40.44,182,3.11,14,0.26,1,26.14,103,74,333
"32318","Lichtenwörth",64.01,754,32.34,381,3.57,42,7.45,100,36.45,491,78.35,923
"32319","Markt Piesting",34.16,399,55.31,646,10.45,122,17.66,246,35.72,499,70.46,823
"32320","Matzendorf-Hölles",72.94,698,23.72,227,3.34,32,1.1,10,28.59,261,85.27,816
"32321","Miesenbach",58.54,192,38.72,127,2.74,9,1.84,5,33.09,90,77.13,253
"32322","Muggendorf",55.85,148,41.89,111,2.26,6,9.48,22,33.33,78,79.25,210
"32323","Pernitz",51.43,505,38.9,382,9.47,93,4.61,58,46.51,586,65.07,639
"32324","Rohr im Gebirge",61.01,169,37.18,103,1.81,5,4.62,8,33.91,59,63.54,176
"32325","Bromberg",67.84,327,30.5,147,1.66,8,3.18,13,21.65,89,82.99,400
"32326","Schwarzenbach",68.57,312,25.93,118,5.49,25,2.04,8,31.89,125,81.1,369
"32327","Sollenau",61.88,1263,31.01,633,7.06,144,4.78,115,38.28,924,73.89,1508
"32330","Theresienfeld",53.85,756,39.46,554,6.7,94,13.63,230,29.21,494,77.92,1094
"32331","Waidmannsfeld",55.73,365,40.31,264,3.97,26,17.26,130,42.12,318,66.41,435
"32332","Waldegg",51.98,524,41.17,415,6.65,67,5.51,51,37.5,348,64.38,649
"32333","Walpersbach",57.58,285,38.18,189,4.24,21,1.39,7,25.54,129,75.15,372
"32334","Weikersdorf am Steinfelde",54.7,250,37.86,173,7.44,34,5.15,24,31.33,146,75.93,347
"32335","Wiesmath",59.25,381,39.19,252,1.56,10,0.82,5,26.51,162,70.76,455
"32336","Winzendorf-Muthmannsdorf",57.98,505,35.13,306,6.89,60,3.1,27,33.98,296,77.61,676
"32337","Wöllersdorf-Steinabrückl",60.27,1197,34.24,680,5.44,108,6.42,138,31.36,674,79.91,1587
"32338","Zillingdorf",68.43,813,27.27,324,4.29,51,6.22,60,33.95,328,86.87,1032
"32501","Allentsteig",62.92,599,32.14,306,4.94,47,3.36,29,44.21,382,71.64,682
"32502","Arbesbach",48.57,289,45.88,273,5.55,33,0.84,5,28.02,167,58.82,350
"32503","Bärnkopf",50,80,45.63,73,4.38,7,0.71,1,35.21,50,69.38,111
"32504","Echsenbach",63.04,353,35.54,199,1.43,8,1.12,6,27.61,148,76.07,426
"32505","Göpfritz an der Wild",54.31,466,44.17,379,1.52,13,1.49,11,30.08,222,69.58,597
"32506","Grafenschlag",47.46,187,48.48,191,4.06,16,0.63,2,22.36,72,67.51,266
"32508","Groß Gerungs",55.63,1017,39.77,727,4.54,83,1.63,28,28.48,491,63.13,1154
"32509","Großgöttfritz",65.61,353,31.41,169,2.97,16,0.81,4,24.75,123,63.2,340
"32511","Gutenbrunn",16.39,39,73.11,174,10.5,25,3.27,8,45.31,111,69.75,166
"32514","Kirchschlag",69.93,193,27.54,76,2.54,7,1.23,3,33.74,82,59.06,163
"32515","Kottes-Purk",60.97,403,35.55,235,3.48,23,0.88,5,28.82,166,67.32,445
"32516","Langschlag",56.63,427,39.79,300,3.58,27,0.9,6,29.25,196,63.93,482
"32517","Martinsberg",52.95,251,44.51,211,2.53,12,0.48,2,25.48,106,66.24,314
"32518","Ottenschlag",59.22,305,36.31,187,4.47,23,7.41,32,35.71,155,68.16,351
"32519","Altmelon",33.05,115,64.37,224,2.59,9,0.31,1,25.55,82,58.62,204
"32520","Pölla",76.19,448,21.6,127,2.21,13,0.98,4,36.1,148,74.49,438
"32521","Rappottenstein",58.72,468,38.39,306,2.89,23,0.88,6,26.73,182,60.35,481
"32522","Sallingberg",63.42,371,34.19,200,2.39,14,0.62,3,30.2,148,70.43,412
"32523","Schönbach",43.82,156,45.51,162,10.67,38,0.7,2,30.24,88,66.85,238
"32524","Schwarzenau",65.26,479,32.15,236,2.59,19,0.9,6,36.09,240,71.12,522
"32525","Schweiggers",65.01,537,32.32,267,2.66,22,1.5,12,27.03,216,66.59,550
"32528","Bad Traunstein",57.31,247,34.57,149,8.12,35,2.06,8,29.64,115,68.68,296
"32529","Waldhausen",71.72,464,26.12,169,2.16,14,0.21,1,30.52,148,72.8,471
"32530","Zwettl-Niederösterreich",54.01,2405,40.8,1817,5.14,229,8.47,390,35.32,1630,58.37,2599
"40101","Linz",15.17,3637,35.24,8447,41.89,10040,14.07,14913,48.84,52246,32.51,7791
"40201","Steyr",9.29,668,55.51,3992,33.72,2425,10.66,2058,47.5,9188,44.2,3179
"40301","Wels",17.23,1942,55.55,6260,24.74,2788,17.3,5081,40.74,11996,50.17,5654
"40401","Altheim",31.31,562,59.55,1069,9.08,163,7.51,168,34.82,781,64.85,1164
"40402","Aspach",24.32,240,61.2,604,14.39,142,5.41,59,31.07,339,58.16,574
"40403","Auerbach",30.1,93,62.14,192,7.77,24,10.32,35,27.78,95,71.52,221
"40404","Braunau am Inn",26.36,1160,52.98,2331,19.84,873,11.83,957,40.77,3311,60.25,2651
"40405","Burgkirchen",23.21,234,71.92,725,4.86,49,4.91,52,24.72,263,79.56,802
"40406","Eggelsberg",31.86,303,60.36,574,7.78,74,19.18,238,34.72,433,66.77,635
"40407","Feldkirchen bei Mattighofen",14.34,116,83.19,673,2.47,20,7.13,62,28.59,249,79.11,640
"40408","Franking",28.11,104,62.97,233,8.92,33,12.14,55,32.6,148,62.7,232
"40409","Geretsberg",15.27,71,75.7,352,9.03,42,7.08,34,30.35,146,71.18,331
"40410","Gilgenberg am Weilhart",16.9,85,75.55,380,7.36,37,5.54,29,27.24,143,73.56,370
"40411","Haigermoos",28.29,71,66.53,167,5.18,13,4.47,11,21.86,54,77.69,195
"40412","Handenberg",19.17,101,76.66,404,4.17,22,2.06,11,28.73,154,69.07,364
"40413","Helpfau-Uttendorf",19.07,257,73.37,989,7.57,102,4.28,65,29.76,452,68.47,923
"40414","Hochburg-Ach",22.21,287,69.66,900,8.13,105,9.2,135,32.31,475,70.43,910
"40415","Höhnhart",20.75,127,73.37,449,5.88,36,4.19,26,31.62,197,64.87,397
"40416","Jeging",26.35,78,65.88,195,7.77,23,4.7,15,25.71,82,65.88,195
"40417","Kirchberg bei Mattighofen",23.03,117,71.85,365,5.12,26,8.43,42,24.7,123,75.2,382
"40418","Lengau",24.99,429,65.06,1117,9.9,170,8.54,182,30.71,656,67.44,1158
"40419","Lochen am See",38.64,510,55.45,732,5.91,78,11.26,139,29.38,364,80.3,1060
"40420","Maria Schmolln",20.74,107,71.51,369,7.75,40,4.01,21,23.81,125,72.29,373
"40421","Mattighofen",19.86,358,63.45,1144,16.31,294,19.4,600,33.53,1037,58.01,1046
"40422","Mauerkirchen",22.78,190,67.27,561,9.95,83,10.92,127,37.92,441,61.39,512
"40423","Mining",30.29,166,66.61,365,3.1,17,5.68,31,26.01,142,77.92,427
"40424","Moosbach",24.88,103,69.81,289,5.31,22,7.73,35,27.69,126,68.12,282
"40425","Moosdorf",25.4,159,64.22,402,10.22,64,4.2,32,31.27,238,72.04,451
"40426","Munderfing",18.08,194,65.61,704,16.31,175,9.54,119,28.88,361,64.4,691
"40427","Neukirchen an der Enknach",20.39,177,74.42,646,5.18,45,6.83,65,28.57,272,71.54,621
"40428","Ostermiething",34.3,507,53.11,785,12.58,186,6.03,88,32.79,479,44.38,656
"40429","Palting",26.29,127,66.67,322,7.04,34,12.62,68,30.19,163,76.19,368
"40430","Perwang am Grabensee",21.88,91,71.39,297,6.73,28,9.96,48,28.72,139,66.35,276
"40431","Pfaffstätt",26.61,128,67.57,325,5.82,28,5.34,26,25.87,126,76.92,370
"40432","Pischelsdorf am Engelbach",26.23,176,68.26,458,5.51,37,6.7,47,29.18,206,71.09,477
"40433","Polling im Innkreis",21.13,86,73.22,298,5.65,23,6.62,27,28.68,117,67.32,274
"40434","Roßbach",27.35,102,68.36,255,4.29,16,1.3,5,31.01,120,68.63,256
"40435","St. Georgen am Fillmannsbach",18.67,31,74.7,124,6.63,11,3.37,6,27.53,49,69.88,116
"40436","St. Johann am Walde",19.46,150,72.76,561,7.65,59,2.88,24,25.18,210,65.89,508
"40437","St. Pantaleon",28.5,305,57.1,611,14.3,153,9.94,142,34.41,492,58.69,628
"40438","St. Peter am Hart",35.96,369,59.55,611,4.48,46,3.89,40,26.17,269,78.27,803
"40439","St. Radegund",12.31,33,75.75,203,11.94,32,2.08,6,32.29,93,78.73,211
"40440","St. Veit im Innkreis",33.33,51,64.71,99,1.96,3,3.85,6,23.72,37,75.82,116
"40441","Schalchen",31.17,475,61.42,936,7.41,113,8.85,148,27.5,460,72.57,1106
"40442","Schwand im Innkreis",16.41,64,76.67,299,6.92,27,9.05,37,24.21,99,71.54,279
"40443","Tarsdorf",16.18,122,59.68,450,24.14,182,4.23,36,27.37,234,71.35,538
"40444","Treubach",31.42,93,61.49,182,7.09,21,4.95,15,31.92,98,68.92,204
"40445","Überackern",34.64,106,62.09,190,3.27,10,2,6,26.91,81,80.07,245
"40446","Weng im Innkreis",25.17,149,70.61,418,4.22,25,4.75,29,28.15,172,69.09,409
"40501","Alkoven",37.66,809,55.82,1199,6.47,139,11.8,308,30.93,809,71.28,1531
"40502","Aschach an der Donau",22.78,159,62.32,435,14.18,99,11.16,109,37.51,368,54.73,382
"40503","Eferding",24.12,212,51.08,449,24.8,218,16.6,338,46.06,941,39.48,347
"40504","Fraham",33.69,286,61.6,523,4.71,40,8.41,88,26.67,279,68.32,580
"40505","Haibach ob der Donau",30.88,151,62.58,306,6.54,32,2.67,14,28.57,150,61.35,300
"40506","Hartkirchen",21.11,292,69.49,961,9.4,130,7.47,119,28.87,461,68.19,943
"40507","Hinzenbach",43.84,320,50.68,370,5.48,40,6.45,53,24.76,204,66.3,484
"40508","Prambachkirchen",31.85,315,61.78,611,6.37,63,6.13,72,25.96,305,68.45,677
"40509","Pupping",19.39,127,75.27,493,5.34,35,3.99,29,27.98,204,63.82,418
"40510","St. Marienkirchen an der Polsenz",20.51,176,73.54,631,5.94,51,3.87,37,25.94,249,67.95,583
"40511","Scharten",39.17,322,54.14,445,6.69,55,3.53,33,26.57,250,66.67,548
"40512","Stroheim",23.61,132,70.66,395,5.72,32,2.82,18,24.02,154,69.23,387
"40601","Freistadt",25.6,563,56.03,1232,17.87,393,8.39,315,40.8,1533,50.98,1121
"40602","Grünbach",34.38,209,56.41,343,9.21,56,1.06,8,27.36,206,62.01,377
"40603","Gutau",37.95,345,54.02,491,8.03,73,3.27,35,28.44,306,69.75,634
"40604","Hagenberg im Mühlkreis",30.87,301,61.23,597,7.9,77,7.8,98,30.79,395,66.77,651
"40605","Hirschbach im Mühlkreis",26.95,114,44.68,189,20.57,87,2.62,12,23.97,110,59.81,253
"40606","Kaltenberg",30.73,55,62.01,111,7.26,13,0,0,16.59,35,58.1,104
"40607","Kefermarkt",26.45,196,66.13,490,7.42,55,3.38,30,29.02,258,62.62,464
"40608","Königswiesen",32.8,328,58.2,582,9,90,3.4,37,23.46,255,59.2,592
"40609","Lasberg",30.35,292,64.55,621,4.99,48,3.02,33,25.57,280,58,558
"40610","Leopoldschlag",33.85,132,59.74,233,6.41,25,0.52,2,27.72,107,55.38,216
"40611","Liebenau",46.77,304,48.46,315,4.77,31,1.69,11,32.46,211,60.31,392
"40612","Neumarkt im Mühlkreis",29.41,317,62.24,671,8.35,90,3.51,43,25.59,315,68,733
"40613","Pierbach",29.88,98,59.76,196,10.37,34,1.11,4,21.05,76,70.43,231
"40614","Pregarten",31.42,488,57.12,887,11.46,178,7.92,194,32.69,801,58.92,915
"40615","Rainbach im Mühlkreis",31.35,301,60.83,584,7.81,75,2.34,27,25.59,295,60.42,580
"40616","Sandl",40,230,52.7,303,7.3,42,0.86,5,30.07,175,70.26,404
"40617","St. Leonhard bei Freistadt",36.05,190,56.55,298,7.4,39,2.99,16,28.73,156,58.82,310
"40618","St. Oswald bei Freistadt",27.51,279,60.75,616,11.74,119,1.77,22,28.7,357,63.61,645
"40619","Schönau im Mühlkreis",28.64,185,63.62,411,7.74,50,1.83,14,26.91,211,50.15,324
"40620","Tragwein",28.27,281,62.07,617,9.66,96,7.56,95,29.17,367,55.33,550
"40621","Unterweißenbach",22.14,159,63.93,459,13.93,100,2.02,15,25.34,188,62.81,451
"40622","Unterweitersdorf",26.74,200,67.91,508,5.35,40,7.34,68,26.35,244,69.79,522
"40623","Waldburg",32.48,164,62.97,318,4.55,23,2.03,11,23.62,128,63.37,320
"40624","Wartberg ob der Aist",49.68,705,43.76,621,6.55,93,6.24,114,28.02,512,74.28,1054
"40625","Weitersfelden",29.67,124,62.92,263,7.42,31,1.91,8,33.25,139,68.42,286
"40626","Windhaag bei Freistadt",32.32,180,62.48,348,5.21,29,0.84,5,25.42,151,57.27,319
"40627","Bad Zell",27.47,253,65.8,606,6.73,62,4.07,42,25.29,261,64.39,593
"40701","Altmünster",23.89,823,48.94,1686,26.88,926,16.57,740,37.2,1668,53.15,1831
"40702","Bad Goisern am Hallstättersee",33.45,988,52.61,1554,13.88,410,10.96,368,34.21,1150,67.7,2000
"40703","Bad Ischl",21.7,956,54.94,2420,22.34,984,18.98,1303,44.3,3068,51.21,2256
"40704","Ebensee am Traunsee",23.22,566,59.11,1441,17.43,425,9.69,347,37.56,1347,52.67,1284
"40705","Gmunden",24.02,804,43.02,1440,31.19,1044,25.79,1719,46.74,3121,49.6,1660
"40706","Gosau",10.08,78,58.79,455,31.01,240,6.93,54,36.83,288,47.8,370
"40707","Grünau im Almtal",41.18,392,52.42,499,6.41,61,4.3,39,36.07,330,64.81,617
"40708","Gschwandt",27.56,269,65.78,642,6.56,64,17.13,204,25.82,308,64.65,631
"40709","Hallstatt",17.16,75,54.69,239,28.15,123,1.57,6,43.49,167,43.25,189
"40710","Kirchham",28.39,218,61.98,476,9.64,74,8.37,75,27.76,249,62.11,477
"40711","Laakirchen",35.23,939,51.18,1364,13.36,356,12.52,520,33.26,1385,56.81,1514
"40712","Obertraun",26.08,121,57.97,269,15.52,72,3.95,14,39,140,42.89,199
"40713","Ohlsdorf",36.48,676,56.4,1045,7.12,132,11.79,264,29.13,653,65.35,1211
"40714","Pinsdorf",31.79,419,57.97,764,10.24,135,13.46,255,32.45,622,60.85,802
"40715","Roitham am Traunfall",33.43,232,58.93,409,7.49,52,9.74,86,30.62,271,62.54,434
"40716","St. Konrad",27.06,102,66.58,251,6.37,24,4.61,21,24.73,113,52.79,199
"40717","St. Wolfgang im Salzkammergut",21.58,238,56.3,621,21.58,238,10.35,126,34.39,422,53.13,586
"40718","Traunkirchen",35.93,281,54.22,424,9.85,77,10.74,87,39.7,322,67.39,527
"40719","Scharnstein",36.2,681,56.78,1068,7.02,132,5.68,119,34.35,722,62.95,1184
"40720","Vorchdorf",30.32,738,61.05,1486,8.63,210,11.73,376,30.68,984,62.37,1518
"40801","Aistersheim",23.15,75,72.53,235,4.32,14,1.56,6,26.94,104,66.67,216
"40802","Bad Schallerbach",19.79,211,59.94,639,18.67,199,21.76,460,43.3,921,62.66,668
"40804","Eschenau im Hausruckkreis",34.66,113,60.12,196,5.21,17,3.06,11,17.5,63,65.95,215
"40805","Gallspach",29.25,227,54.38,422,16.37,127,13.15,162,38.93,482,58.38,453
"40806","Gaspoltshofen",31.93,401,62.82,789,5.25,66,1.43,19,27.93,377,71.34,896
"40807","Geboltskirchen",23.08,129,67.98,380,8.94,50,3.1,18,30.07,175,63.33,354
"40808","Grieskirchen",31.31,459,50.48,740,17.19,252,16.6,386,39.47,918,53.34,782
"40809","Haag am Hausruck",21.45,178,64.94,539,13.49,112,9.58,89,30.65,286,64.94,539
"40810","Heiligenberg",34.76,81,62.23,145,3,7,3.07,8,22.14,58,68.24,159
"40811","Hofkirchen an der Trattnach",18.41,116,73.33,462,8.25,52,4.15,29,29.08,203,66.35,418
"40812","Kallham",28.35,262,64.5,596,7.14,66,6.64,66,32.77,327,67.42,623
"40813","Kematen am Innbach",32.99,159,61.2,295,5.81,28,3.05,17,28.26,158,68.05,328
"40814","Meggenhofen",32.55,166,59.22,302,8.24,42,5.28,32,26.07,158,73.73,376
"40815","Michaelnbach",55.39,257,42.67,198,1.94,9,3.54,16,20.09,91,75.22,349
"40816","Natternbach",33.74,274,60.71,493,5.54,45,5.32,47,25,222,57.14,464
"40817","Neukirchen am Walde",29.67,178,63.33,380,7,42,6.07,38,27.75,174,61,366
"40818","Neumarkt im Hausruckkreis",21.51,111,68.41,353,10.08,52,13.61,95,37.77,264,58.14,300
"40820","Pötting",28.13,54,69.79,134,2.08,4,1.95,4,20.87,43,67.19,129
"40821","Pollham",41.86,144,50,172,8.14,28,5.32,21,27.59,109,73.26,252
"40822","Pram",22.94,150,72.32,473,4.74,31,4.15,28,27.94,190,75.08,491
"40823","Rottenbach",27.85,115,60.53,250,11.38,47,4.88,21,24.31,105,70.22,290
"40824","St. Agatha",26.66,189,67.28,477,6.06,43,2.36,18,23.72,181,67.14,476
"40825","St. Georgen bei Grieskirchen",37.01,161,58.16,253,4.83,21,6.5,34,27.29,143,67.59,294
"40826","St. Thomas",33.17,66,63.82,127,3.02,6,2.43,5,23.44,49,73.87,147
"40827","Schlüßlberg",30.14,333,63.62,703,6.24,69,7.64,98,28.54,367,65.79,727
"40828","Steegen",32,120,62.67,235,5.33,20,2.16,8,19.89,75,69.33,260
"40829","Taufkirchen an der Trattnach",25.22,197,71.19,556,3.59,28,1.68,13,26.38,205,62.23,486
"40830","Tollet",30.25,98,65.74,213,4.01,13,2.51,9,22.07,79,72.53,235
"40831","Waizenkirchen",25.5,319,64.99,813,9.43,118,5.8,91,29.57,464,63.71,797
"40832","Wallern an der Trattnach",38.18,428,53.35,598,8.3,93,8.71,113,28.68,374,66.1,741
"40833","Weibern",29.17,180,64.83,400,6,37,2.31,15,26.42,172,71.8,443
"40834","Wendling",15.58,48,77.27,238,7.14,22,3.31,11,23.19,77,68.51,211
"40835","Peuerbach",26.94,452,63.59,1067,9.48,159,9.15,178,32.46,632,65.38,1097
"40901","Edlbach",46.18,115,44.18,110,9.64,24,4.56,11,29.75,72,70.28,175
"40902","Grünburg",34.76,455,56.3,737,8.94,117,5.37,83,32.21,498,65.24,854
"40903","Hinterstoder",52.65,348,38.43,254,8.93,59,9.33,39,45.02,190,70.95,469
"40904","Inzersdorf im Kremstal",34.37,221,60.5,389,5.13,33,5.15,41,28.66,229,60.03,386
"40905","Kirchdorf an der Krems",25.13,243,46.43,449,27.71,268,18.87,451,43.57,1044,44.26,428
"40906","Klaus an der Pyhrnbahn",49.7,245,43.2,213,7.1,35,0.98,5,35.95,183,65.11,321
"40907","Kremsmünster",24.35,479,58.11,1143,17.49,344,13.41,384,33.29,955,45.96,904
"40908","Micheldorf in Oberösterreich",32.63,616,58.47,1104,8.9,168,9.08,234,34.33,886,63.35,1196
"40909","Molln",41.34,537,52.35,680,6.31,82,5.17,78,31.75,482,66.67,866
"40910","Nußbach",32.65,253,58.84,456,8.52,66,7.53,64,25.79,220,59.35,460
"40911","Oberschlierbach",43.96,80,51.65,94,4.4,8,4.92,9,28.8,53,74.73,136
"40912","Pettenbach",49.05,1035,46.45,980,4.5,95,8.28,180,31.8,692,67.82,1431
"40913","Ried im Traunkreis",23.5,207,69.13,609,7.38,65,3.53,40,30.2,344,60.16,530
"40914","Rosenau am Hengstpaß",55.93,184,37.08,122,6.69,22,3.16,9,37.54,107,68.39,225
"40915","Roßleithen",48.65,361,44.34,329,7.01,52,3.81,28,30.61,225,65.5,486
"40916","St. Pankraz",36.18,55,56.58,86,7.24,11,2,3,32.24,49,61.18,93
"40917","Schlierbach",18.77,180,74.14,711,7.09,68,8.14,96,29.83,352,53.7,515
"40918","Spital am Pyhrn",53.84,491,38.16,348,8,73,4.58,45,35.12,347,62.28,568
"40919","Steinbach am Ziehberg",35.45,106,57.86,173,6.69,20,2.41,8,27.33,91,62.21,186
"40920","Steinbach an der Steyr",33.19,226,60.06,409,6.75,46,2.34,18,29.61,228,63.73,434
"40921","Vorderstoder",53.58,232,39.49,171,6.93,30,1.71,6,34.57,121,77.83,337
"40922","Wartberg an der Krems",23.86,210,65.34,575,10.8,95,5.78,67,30.01,349,59.32,522
"40923","Windischgarsten",30.72,255,49.16,408,20.12,167,18.06,207,44.14,508,52.77,438
"41001","Allhaming",43.97,186,51.77,219,4.26,18,1.42,7,29.61,146,66.19,280
"41002","Ansfelden",31.51,1190,50.25,1898,17.5,661,9.61,757,36.1,2845,52.95,2000
"41003","Asten",21.73,299,60.83,837,15.48,213,38.46,1123,32.59,953,53.56,737
"41004","Eggendorf im Traunkreis",41.73,169,56.05,227,2.22,9,1.16,5,20.83,90,80.74,327
"41005","Enns",30.66,826,51.11,1377,17.93,483,15.39,831,36.58,1979,50.41,1358
"41006","Hargelsberg",46.59,239,49.51,254,3.9,20,4.75,27,22.73,130,76.8,394
"41007","Hörsching",35.46,650,51.34,941,13.04,239,11.92,345,34.26,994,58.48,1072
"41008","Hofkirchen im Traunkreis",42.34,271,54.38,348,3.28,21,8.55,70,25,205,75,480
"41009","Kematen an der Krems",21.76,195,68.75,616,9.49,85,17.29,221,32.09,412,67.19,602
"41010","Kirchberg-Thening",37.53,334,56.85,506,5.62,50,14.96,162,25.95,281,67.75,603
"41011","Kronstorf",43.34,501,49.57,573,7.01,81,10.88,169,31.77,494,71.89,831
"41012","Leonding",26.61,1586,55.49,3307,16.76,999,23.27,3160,39,5303,60.91,3630
"41013","St. Florian",40.76,810,50.53,1004,8.61,171,25.98,719,31.79,880,72.02,1431
"41014","Neuhofen an der Krems",34.93,687,55.67,1095,9.41,185,17.8,513,32.54,941,65.12,1281
"41015","Niederneukirchen",45.21,321,49.72,353,5.07,36,7.31,60,21.53,177,71.27,506
"41016","Oftering",39.46,294,57.45,428,3.09,23,5.37,50,32.33,302,68.59,511
"41017","Pasching",28.78,632,57.42,1261,13.52,297,13.77,465,34.84,1179,59.47,1306
"41018","Piberbach",38.09,243,55.49,354,6.43,41,10.17,84,27.85,230,76.02,485
"41019","Pucking",43.49,645,51.65,766,4.86,72,14.29,236,23.75,394,78.29,1161
"41020","St. Marien",45.66,779,48.24,823,6.1,104,14.98,306,25.54,522,79.19,1351
"41021","Traun",25.34,1376,56.16,3050,17.95,975,13.79,1508,36.59,4005,49.92,2711
"41022","Wilhering",36.99,766,55.72,1154,7.29,151,14.79,379,27.56,707,69.92,1448
"41101","Allerheiligen im Mühlkreis",32.06,134,62.68,262,5.26,22,1.68,8,26.15,125,70.33,294
"41102","Arbing",34.41,192,59.32,331,6.27,35,6.41,38,22.58,135,65.77,367
"41103","Baumgartenberg",34.94,203,56.8,330,8.26,48,6.01,40,28.14,188,62.99,366
"41104","Dimbach",19.7,66,70.45,236,9.85,33,2.87,10,24.43,85,62.09,208
"41105","Grein",38.17,379,53.68,533,8.06,80,4.26,49,32.38,374,55.89,555
"41106","Katsdorf",37.47,405,56.24,608,6.29,68,11.78,158,26.68,358,70.68,764
"41107","Klam",34.37,111,61.92,200,3.72,12,1.64,6,25.48,93,70.28,227
"41108","Bad Kreuzen",25.92,169,63.8,416,10.12,66,5.79,41,22.78,162,62.27,406
"41109","Langenstein",46.98,358,43.83,334,9.19,70,8.71,100,32.72,376,57.87,441
"41110","Luftenberg an der Donau",43.27,543,50.84,638,5.82,73,14.57,276,31.26,593,60.8,763
"41111","Mauthausen",30.29,414,55.74,762,13.75,188,12.4,271,36.79,805,56.84,777
"41112","Mitterkirchen im Machland",15.67,92,74.28,436,10.05,59,0.88,6,25.59,174,62.86,369
"41113","Münzbach",22.92,132,71.53,412,5.56,32,3.57,25,23.82,167,64.41,371
"41114","Naarn im Machlande",28.07,345,67.05,824,4.88,60,4.84,72,24.46,365,64.2,789
"41115","Pabneukirchen",29.17,152,62.38,325,8.45,44,0.56,3,20.41,109,69.1,360
"41116","Perg",28.59,712,56.18,1399,15.14,377,13.9,572,36.92,1521,55.98,1394
"41117","Rechberg",35.38,115,59.69,194,4.92,16,3.71,14,23.34,88,66.15,215
"41118","Ried in der Riedmark",33.73,476,62.3,879,3.97,56,6.27,103,22.26,368,73.92,1043
"41119","St. Georgen am Walde",31.53,204,59.51,385,8.96,58,1.14,8,25.21,177,67.85,439
"41120","St. Georgen an der Gusen",23.94,253,60.55,640,15.33,162,19.99,402,37.15,747,52.41,554
"41121","St. Nikola an der Donau",42.86,120,43.93,123,13.21,37,1.64,5,38.16,116,66.07,185
"41122","St. Thomas am Blasenstein",26.57,89,60.9,204,12.54,42,0.62,2,23.6,76,71.64,240
"41123","Saxen",33.53,172,61.01,313,5.46,28,5.6,36,27.37,176,63.16,324
"41124","Schwertberg",36.09,554,54.98,844,8.73,134,6.18,143,31.75,735,61.76,948
"41125","Waldhausen im Strudengau",32.93,303,52.93,487,14.13,130,6.48,70,25.39,275,59.78,550
"41126","Windhaag bei Perg",37.08,175,58.26,275,4.45,21,3.44,19,22.83,126,63.77,301
"41201","Andrichsfurt",21.8,58,74.06,197,4.14,11,9.8,30,25.41,78,63.91,170
"41202","Antiesenhofen",33.86,129,58.79,224,7.35,28,6.97,32,30.37,140,63.52,242
"41203","Aurolzmünster",29.54,340,57.78,665,12.6,145,15.91,215,31.61,427,69.16,796
"41204","Eberschwang",26.92,329,66.37,811,6.71,82,9.31,138,33.06,491,60.07,734
"41205","Eitzing",31.21,103,66.67,220,2.12,7,7.91,28,24.44,87,82.12,271
"41206","Geiersberg",24.29,43,71.19,126,4.52,8,9.55,19,25.87,52,64.41,114
"41207","Geinberg",25,135,65.37,353,9.44,51,5.22,34,36.25,240,59.81,323
"41208","Gurten",30.36,136,59.15,265,10.27,46,6.59,34,31.72,164,56.47,253
"41209","Hohenzell",21.55,184,73.77,630,4.68,40,8.21,77,25.67,241,67.1,573
"41210","Kirchdorf am Inn",30.67,92,65,195,4.33,13,3.26,9,28.99,80,69,207
"41211","Kirchheim im Innkreis",26.79,86,67.29,216,5.92,19,0.62,2,27.38,89,64.49,207
"41212","Lambrechten",26.13,116,68.47,304,5.41,24,4.37,24,30.55,168,53.6,238
"41213","Lohnsburg am Kobernaußerwald",19.7,160,68.47,556,11.82,96,4.5,40,28.81,257,65.76,534
"41214","Mehrnbach",30.49,268,64.85,570,4.66,41,5.78,55,29.44,280,69.74,613
"41215","Mettmach",19.57,181,72.65,672,7.78,72,6.98,68,30.54,299,65.41,605
"41216","Mörschwang",20.51,24,70.94,83,8.55,10,6.98,9,20.93,27,70.94,83
"41217","Mühlheim am Inn",50.87,147,46.02,133,3.11,9,4.28,13,27.87,85,69.9,202
"41218","Neuhofen im Innkreis",31.52,289,63.47,582,5.02,46,11.31,118,26.86,281,74.59,684
"41219","Obernberg am Inn",31.52,180,55.34,316,12.96,74,11.65,91,39.67,311,62.17,355
"41220","Ort im Innkreis",33.26,144,57.51,249,9.24,40,5.18,29,31.56,178,61.43,266
"41221","Pattigham",27.71,115,68.43,284,3.86,16,3.35,14,24.4,102,75.66,314
"41222","Peterskirchen",17.15,47,77.74,213,5.11,14,8.11,21,27.8,72,74.09,203
"41223","Pramet",23.58,87,70.73,261,5.69,21,5.69,24,28.61,121,63.69,235
"41224","Reichersberg",21.4,138,73.18,472,5.43,35,4.48,30,28.25,189,68.22,440
"41225","Ried im Innkreis",22.09,652,52.54,1551,24.49,723,18.34,1129,46.54,2868,50.3,1485
"41226","St. Georgen bei Obernberg am Inn",31.84,64,62.69,126,5.47,11,10.39,24,32.48,76,59.2,119
"41227","St. Marienkirchen am Hausruck",25,71,67.25,191,7.75,22,3.55,12,21.6,73,69.37,197
"41228","St. Martin im Innkreis",22.39,152,71.28,484,6.33,43,15.04,134,29.83,267,70.54,479
"41229","Schildorn",28.04,120,66.36,284,5.61,24,2.52,12,24.79,118,70.56,302
"41230","Senftenbach",22.94,75,63.61,208,13.46,44,5.03,16,25.47,81,71.87,235
"41231","Taiskirchen im Innkreis",33.81,307,61.78,561,4.41,40,2.28,21,26.7,247,67.51,613
"41232","Tumeltsham",30.91,200,63.52,411,5.56,36,12.29,80,26.73,174,70.79,458
"41233","Utzenaich",28.1,172,66.67,408,5.23,32,10.7,69,25.84,169,70.59,432
"41234","Waldzell",24.26,189,70.47,549,5.26,41,4.59,42,30.21,277,61.36,478
"41235","Weilbach",18.8,44,44.44,104,36.32,85,3.81,9,22.88,54,76.92,180
"41236","Wippenham",35.84,81,57.96,131,6.19,14,3.1,7,29.96,68,74.34,168
"41304","Altenfelden",30.09,223,61.13,453,8.77,65,5.49,49,28.41,254,50.61,375
"41305","Arnreit",15.14,58,75.2,288,9.66,37,7.59,36,31.22,148,55.35,212
"41306","Atzesberg",32.54,55,63.91,108,3.55,6,1.19,2,25.6,43,65.68,111
"41307","Auberg",27.66,52,64.89,122,7.45,14,2.54,6,25.42,60,56.38,106
"41309","Haslach an der Mühl",35.38,322,55.27,503,9.34,85,5.31,57,34.08,367,60.22,548
"41311","Hörbich",26.28,36,62.77,86,10.95,15,1.32,2,20.53,31,64.23,88
"41312","Hofkirchen im Mühlkreis",36.05,199,57.79,319,6.16,34,2.57,16,26.32,164,59.6,329
"41313","Julbach",18.8,110,71.62,419,9.57,56,1.71,11,28.99,187,58.46,342
"41314","Kirchberg ob der Donau",34.6,137,59.09,234,6.06,24,1.75,8,32.97,151,55.3,219
"41315","Klaffer am Hochficht",29.98,164,60.51,331,9.51,52,3.01,17,33.05,194,65.27,357
"41316","Kleinzell im Mühlkreis",40.78,230,52.66,297,6.56,37,3.99,26,23.62,154,62.77,354
"41317","Kollerschlag",28.54,143,60.28,302,11.18,56,2.78,16,25.04,144,58.68,294
"41318","Lembach im Mühlkreis",33.02,177,53.36,286,13.43,72,4.29,26,34.59,211,55.97,300
"41319","Lichtenau im Mühlkreis",21.02,37,72.73,128,6.25,11,2.73,5,24.04,44,61.36,108
"41320","Nebelberg",31.84,71,64.13,143,4.04,9,1.3,3,21.74,50,68.61,153
"41321","Neufelden",39.03,185,51.05,242,9.92,47,2.1,10,33.07,165,54.85,260
"41322","Niederkappel",25.3,84,66.87,222,7.83,26,1,4,28.61,115,45.48,151
"41323","Niederwaldkirchen",32.17,212,64.64,426,3.19,21,1.91,14,27.42,201,64.64,426
"41324","Oberkappel",28.09,75,64.42,172,7.49,20,2.18,6,31.41,87,59.18,158
"41325","Oepping",39.29,209,55.08,293,5.64,30,4.57,29,28.66,182,65.04,346
"41326","Peilstein im Mühlviertel",27.21,160,64.46,379,8.33,49,2.41,15,27.56,172,60.2,354
"41327","Pfarrkirchen im Mühlkreis",26.07,134,66.54,342,7.39,38,1.12,6,26.92,144,58.37,300
"41328","Putzleinsdorf",14.62,75,61.99,318,23.2,119,6.16,39,31.65,201,45.61,234
"41329","Neustift im Mühlkreis",26.45,132,64.53,322,9.02,45,2.22,12,21.67,117,57.52,287
"41331","St. Johann am Wimberg",35.83,134,55.08,206,9.09,34,2.15,9,30.55,128,59.09,221
"41332","St. Martin im Mühlkreis",26.81,341,51.42,654,21.78,277,8.49,132,27.02,421,65.09,828
"41333","St. Oswald bei Haslach",18.23,33,75.69,137,6.08,11,0.99,2,26.47,54,60.77,110
"41334","St. Peter am Wimberg",25.31,142,65.78,369,8.91,50,2.83,21,33.11,246,51.52,289
"41336","St. Ulrich im Mühlkreis",35.89,89,58.87,146,5.24,13,2.2,6,25.27,69,75.4,187
"41337","St. Veit im Mühlkreis",42.69,219,48.93,251,8.38,43,1.29,7,29.04,158,74.27,381
"41338","Sarleinsbach",29.6,222,63.2,474,7.2,54,4.41,39,30.28,268,57.33,430
"41341","Schwarzenberg am Böhmerwald",42.81,140,47.4,155,9.79,32,1.5,4,37.45,100,62.08,203
"41342","Ulrichsberg",39.11,429,55.88,613,5.01,55,2.44,30,32.22,397,63.45,696
"41343","Aigen-Schlägl",38.52,470,53.11,648,8.28,101,4.83,69,37.78,547,60.49,738
"41344","Rohrbach-Berg",28.07,448,56.45,901,15.35,245,11.9,281,38.89,921,51.19,817
"41345","Helfenberg",29.42,188,58.53,374,12.05,77,1.88,12,29.22,187,60.41,386
"41346","St. Stefan-Afiesl",31.55,136,58,250,10.21,44,1.34,6,27.39,123,65.2,281
"41401","Altschwendt",27.82,69,67.34,167,4.84,12,5.08,15,33.56,99,66.53,165
"41402","Andorf",30.85,527,62.76,1072,6.38,109,8.2,172,31.97,672,67.33,1150
"41403","Brunnenthal",39.68,296,55.9,417,4.42,33,4.98,43,29.98,259,78.15,583
"41404","Diersbach",29.23,164,64.88,364,5.88,33,1.97,12,27.54,168,69.16,388
"41405","Dorf an der Pram",26.78,109,67.81,276,5.41,22,7.38,31,24.7,104,68.06,277
"41406","Eggerding",21.67,109,72.56,365,5.77,29,3.49,19,25.5,139,71.17,358
"41407","Engelhartszell",19.22,79,37.23,153,43.55,179,5.22,19,37.23,137,50.61,208
"41408","Enzenkirchen",31.73,211,65.11,433,3.16,21,2.51,17,25.15,171,62.56,416
"41409","Esternberg",30.72,282,63.29,581,5.88,54,3.13,33,25.66,271,52.18,479
"41410","Freinberg",42.51,244,52.79,303,4.7,27,4.19,27,34.06,220,64.29,369
"41411","Kopfing im Innkreis",27.74,210,65.13,493,7,53,4.99,41,30.86,254,57.86,438
"41412","Mayrhof",21.05,20,77.89,74,1.05,1,0,0,19,19,90.53,86
"41413","Münzkirchen",33.18,284,60.63,519,6.19,53,6.35,61,27.16,261,69.51,595
"41414","Raab",27.09,250,54.06,499,18.85,174,7.98,78,30.44,298,72.59,670
"41415","Rainbach im Innkreis",19.72,99,70.52,354,9.76,49,1.5,9,23.79,143,71.31,358
"41416","Riedau",40.08,305,55.06,419,4.86,37,5.08,44,32.53,283,73.85,562
"41417","St. Aegidi",24.91,132,70,371,5.09,27,4.11,24,27.91,163,68.68,364
"41418","St. Florian am Inn",38.86,443,53.25,607,7.89,90,5.2,70,30.56,412,64.04,730
"41419","St. Marienkirchen bei Schärding",28.85,210,64.97,473,6.18,45,3.53,28,24.69,196,64.15,467
"41420","St. Roman",15.51,85,71.72,393,12.77,70,3.67,24,27.18,178,54.74,300
"41421","St. Willibald",31.4,141,63.92,287,4.68,21,4.58,21,30,138,65.92,296
"41422","Schärding",24.85,366,46.84,690,27.49,405,14.61,396,48.2,1310,52.75,777
"41423","Schardenberg",29.28,255,62.8,547,7.81,68,2.91,29,29.53,295,59.36,517
"41424","Sigharting",32.08,111,63.29,219,4.62,16,4.08,13,23.99,77,62.43,216
"41425","Suben",38.54,185,52.5,252,8.96,43,9.53,57,32.39,194,63.33,304
"41426","Taufkirchen an der Pram",28.59,291,63.26,644,8.06,82,5.26,63,29.05,348,67.88,691
"41427","Vichtenstein",43.31,110,51.18,130,5.51,14,1.18,3,33.2,85,61.02,155
"41428","Waldkirchen am Wesen",34.3,165,58.21,280,7.48,36,1.92,9,28.57,134,66.53,320
"41429","Wernstein am Inn",34.47,192,57.81,322,7.72,43,3.49,23,30.8,203,58.17,324
"41430","Zell an der Pram",26.04,188,64.13,463,9.83,71,3.97,30,29.29,222,69.11,499
"41501","Adlwang",26.55,184,65.37,453,8.08,56,10.4,81,25.16,197,66.38,460
"41502","Aschach an der Steyr",28.28,222,65.35,513,6.37,50,9.8,83,22.79,193,62.42,490
"41503","Bad Hall",32.78,532,51.51,836,15.47,251,17.89,457,38.39,990,52.74,856
"41504","Dietach",32.95,375,59.49,677,7.47,85,17.22,249,29.11,423,70.04,797
"41505","Gaflenz",28.21,178,62.28,393,9.51,60,6.05,44,22.77,166,56.89,359
"41506","Garsten",38.39,741,52.85,1020,8.65,167,15.67,412,31.09,818,72.44,1398
"41507","Großraming",31.19,281,56.94,513,11.88,107,5.93,64,31.6,341,56.16,506
"41508","Laussa",48.42,215,45.05,200,6.53,29,2.83,13,24.84,114,64.19,285
"41509","Losenstein",17.73,100,53.19,300,29.08,164,9.24,66,32.91,235,60.82,343
"41510","Maria Neustift",36.84,168,56.58,258,6.58,30,0.92,5,25.55,139,64.91,296
"41511","Pfarrkirchen bei Bad Hall",37.62,278,53.45,395,8.93,66,7.03,71,30.5,308,64.41,476
"41512","Reichraming",36.42,220,52.15,315,11.42,69,3.38,25,34.05,252,59.27,358
"41513","Rohr im Kremstal",37.67,168,56.73,253,5.61,25,7.13,43,29.02,175,69.06,308
"41514","St. Ulrich bei Steyr",39.81,424,51.27,546,8.92,95,14.8,190,28.04,362,64.32,685
"41515","Schiedlberg",32.65,160,63.27,310,4.08,20,4.88,25,26.17,134,66.12,324
"41516","Sierning",40.87,1395,51.13,1745,8,273,10.06,437,34.32,1493,70.64,2411
"41517","Ternberg",32.14,376,56.58,662,11.28,132,9.03,128,34.2,485,62.99,737
"41518","Waldneukirchen",36.68,281,55.61,426,7.7,59,6.83,60,26.77,235,59.01,452
"41521","Wolfern",40.48,487,51.29,617,8.15,98,9.03,125,28.65,398,68.41,823
"41522","Weyer",37.92,559,51.7,762,10.31,152,5.14,88,34.68,594,59.5,877
"41601","Alberndorf in der Riedmark",32.37,472,59.26,864,8.37,122,5.18,85,24.82,408,72.77,1061
"41602","Altenberg bei Linz",42.94,639,52.69,784,4.37,65,8.61,159,24.58,454,71.98,1071
"41603","Bad Leonfelden",24.38,312,60.78,778,14.77,189,11.42,215,36.52,688,53.44,684
"41604","Eidenberg",44.37,374,49.11,414,6.41,54,10.44,92,28.39,251,74.73,630
"41605","Engerwitzdorf",36.11,1010,57.67,1613,6.19,173,13.52,502,27.56,1025,68.9,1927
"41606","Feldkirchen an der Donau",31.01,584,59.37,1118,9.56,180,9.4,219,31.45,734,64.15,1208
"41607","Gallneukirchen",23.3,378,55.55,901,20.96,340,22.88,700,38.08,1166,56.04,909
"41608","Goldwörth",36.24,104,54.01,155,9.76,28,9.39,31,25.45,84,63.07,181
"41609","Gramastetten",39.87,659,51.42,850,8.65,143,17.55,371,29.63,627,72.05,1191
"41610","Haibach im Mühlkreis",45.74,172,47.61,179,6.65,25,4.34,16,25.47,94,80.85,304
"41611","Hellmonsödt",44.92,358,45.8,365,9.16,73,15.6,164,35.99,379,66.12,527
"41612","Herzogsdorf",31.01,303,65.3,638,3.68,36,3.05,31,24.71,253,78.81,770
"41613","Kirchschlag bei Linz",38.31,313,53.12,434,8.57,70,9.65,93,33.44,323,73.68,602
"41614","Lichtenberg",41.05,408,48.49,482,10.36,103,18.66,226,27.5,333,68.11,677
"41615","Oberneukirchen",34.2,421,56.38,694,9.42,116,4.43,59,30.03,400,66.13,814
"41616","Ottenschlag im Mühlkreis",31.58,66,60.77,127,7.66,16,3.86,8,24.64,51,69.86,146
"41617","Ottensheim",19.98,248,58.42,725,21.51,267,27.87,628,37.23,843,55.28,686
"41618","Puchenau",39.73,598,49.57,746,10.7,161,17.62,383,37.25,811,72.29,1088
"41619","Reichenau im Mühlkreis",36.13,181,56.89,285,6.99,35,11.64,66,29.65,169,72.65,364
"41620","Reichenthal",31.48,176,58.86,329,9.66,54,3.21,21,31.91,210,62.97,352
"41621","St. Gotthard im Mühlkreis",36.27,177,53.69,262,10.04,49,10.83,64,33.16,196,63.11,308
"41622","Schenkenfelden",43.41,257,53.72,318,2.87,17,2.82,18,29.58,189,70.27,416
"41623","Sonnberg im Mühlkreis",32.24,128,59.45,236,8.31,33,3.27,14,24.77,106,68.26,271
"41624","Steyregg",34.59,543,53.76,844,11.53,181,23.2,529,36.46,833,54.71,859
"41626","Walding",33.36,459,56.69,780,9.88,136,13.55,255,32.7,616,69.4,955
"41627","Zwettl an der Rodl",38.65,218,52.84,298,8.51,48,10.65,79,32.08,238,63.48,358
"41628","Vorderweißenbach",29.9,282,63.1,595,7,66,2.26,24,26.84,285,63.52,599
"41701","Ampflwang im Hausruckwald",36.72,426,54.4,631,8.79,102,3.4,51,35.4,532,58.62,680
"41702","Attersee am Attersee",21.79,187,55.83,479,22.03,189,20.91,161,41.97,324,58.51,502
"41703","Attnang-Puchheim",25.17,557,56.44,1249,18.08,400,12.35,494,38.08,1523,49.34,1092
"41704","Atzbach",25.78,107,64.1,266,10.12,42,4.67,23,30.08,148,63.61,264
"41705","Aurach am Hongar",36.14,245,56.19,381,7.67,52,5.17,39,25.79,195,70.06,475
"41706","Berg im Attergau",20.26,78,68.57,264,11.17,43,3.07,13,24.02,104,62.86,242
"41707","Desselbrunn",26.04,176,70.71,478,3.25,22,5.35,38,22.19,158,75.59,511
"41708","Fornach",22.54,80,65.63,233,11.83,42,0.79,3,23.42,89,70.99,252
"41709","Frankenburg am Hausruck",22.63,398,69.76,1227,7.62,134,4.67,95,30.83,627,58.84,1035
"41710","Frankenmarkt",29.49,361,58.82,720,11.68,143,9.87,161,35.23,576,58.17,712
"41711","Gampern",21.23,224,73.65,777,5.12,54,4.65,56,24.52,296,66.16,698
"41712","Innerschwand am Mondsee",26.52,131,65.79,325,7.69,38,11.78,57,26.43,129,66.19,327
"41713","Lenzing",27.6,428,55.25,857,15.93,247,9.22,228,39.94,990,58.48,907
"41714","Manning",22.22,62,67.74,189,10.04,28,0.65,2,24.76,76,72.04,201
"41715","Mondsee",17.13,160,46.25,432,36.51,341,29.8,594,46.15,924,42.72,399
"41716","Neukirchen an der Vöckla",24.83,218,67.77,595,7.4,65,4.6,47,26.98,276,59.79,525
"41717","Niederthalheim",28.65,106,64.59,239,6.76,25,2.34,10,25,107,68.92,255
"41718","Nußdorf am Attersee",34.55,285,47.15,389,18.18,150,9.87,53,42.04,227,61.21,505
"41719","Oberhofen am Irrsee",25.16,158,63.06,396,11.78,74,11.05,77,31.95,223,60.35,379
"41720","Oberndorf bei Schwanenstadt",35.54,177,58.84,293,5.42,27,14.59,89,30.61,187,70.08,349
"41721","Oberwang",21.44,122,69.07,393,9.49,54,8.04,54,27.93,188,49.38,281
"41722","Ottnang am Hausruck",22.16,314,68.24,967,9.6,136,5.52,89,28.97,469,66.76,946
"41723","Pfaffing",31.18,159,61.76,315,7.06,36,7.93,47,26.31,156,63.92,326
"41724","Pilsbach",31.95,77,65.98,159,2.07,5,2.71,7,24.32,63,78.01,188
"41725","Pitzenberg",34.2,66,61.66,119,4.15,8,2.78,6,18.89,41,78.76,152
"41726","Pöndorf",19.24,173,65.52,589,15.24,137,2.16,21,26.67,259,68.08,612
"41727","Puchkirchen am Trattberg",21.75,77,72.03,255,6.21,22,1.96,8,22.14,91,68.08,241
"41728","Pühret",26.85,58,68.06,147,5.09,11,0.88,2,14.04,32,76.39,165
"41729","Redleiten",30.86,54,64,112,5.14,9,5.03,10,21.89,44,60,105
"41730","Redlham",36.51,222,58.55,356,4.93,30,6.43,44,27.66,190,71.22,433
"41731","Regau",28.81,690,63.55,1522,7.64,183,12.86,361,27.16,764,68.6,1643
"41732","Rüstorf",32.9,252,57.57,441,9.53,73,7.59,73,28.66,276,65.14,499
"41733","Rutzenham",23.89,27,69.91,79,6.19,7,0,0,16.98,18,73.45,83
"41734","St. Georgen im Attergau",25.26,359,61.79,878,12.95,184,16.92,336,35.11,698,53.91,766
"41735","St. Lorenz",31.64,318,59.1,594,9.25,93,15.56,164,29.85,317,67.86,682
"41736","Schlatt",36.7,189,57.09,294,6.21,32,8.03,48,29.95,180,69.51,358
"41737","Schörfling am Attersee",29.32,395,56.57,762,14.11,190,10.68,175,38.38,631,63.03,849
"41738","Schwanenstadt",13.8,150,64.58,702,21.34,232,14.88,323,40.22,876,54.19,589
"41739","Seewalchen am Attersee",28.2,661,62.29,1460,9.43,221,12.62,335,37.78,1005,69.88,1638
"41740","Steinbach am Attersee",37.98,245,49.77,321,11.94,77,10.41,43,41.2,171,62.64,404
"41741","Straß im Attergau",22.56,127,64.3,362,13.14,74,2.81,17,28.78,175,57.37,323
"41742","Tiefgraben",27.1,375,61.85,856,11.05,153,17.72,291,29.17,483,65.1,901
"41743","Timelkam",20.58,361,67.96,1192,11.35,199,15.16,405,36.91,990,63.57,1115
"41744","Ungenach",15.59,82,72.05,379,12.36,65,3.6,20,22.48,125,66.54,350
"41745","Unterach am Attersee",30.15,253,51.73,434,18.12,152,14.32,108,43.46,329,62.34,523
"41746","Vöcklabruck",13.93,390,57.27,1603,27.15,760,22.37,1355,43.74,2653,47.37,1326
"41747","Vöcklamarkt",26.17,431,62.48,1029,11.35,187,9.08,193,30.76,654,65.39,1077
"41748","Weißenkirchen im Attergau",20.7,77,71.77,267,7.53,28,2.98,11,21.95,81,69.09,257
"41749","Weyregg am Attersee",25.63,203,54.55,432,19.82,157,14.05,103,40.73,301,56.82,450
"41750","Wolfsegg am Hausruck",33.29,230,58.9,407,7.81,54,5.31,43,30.74,249,60.64,419
"41751","Zell am Moos",31.41,196,59.29,370,9.29,58,10.4,68,26.72,175,59.94,374
"41752","Zell am Pettenfirst",29.38,129,65.6,288,5.01,22,1.42,7,26.37,130,62.87,276
"41801","Aichkirchen",22.79,49,73.49,158,3.72,8,2.14,5,25.21,59,73.02,157
"41802","Bachmanning",32.95,85,60.85,157,5.81,15,1.44,4,23.47,65,68.99,178
"41803","Bad Wimsbach-Neydharting",26.61,239,66.15,594,7.24,65,6.33,66,32.47,340,62.58,562
"41804","Buchkirchen",31.21,490,64.84,1018,3.95,62,5.72,97,25.49,432,75.1,1179
"41805","Eberstalzell",30.61,259,61.47,520,7.8,66,6.6,70,26.01,276,70.92,600
"41806","Edt bei Lambach",33.18,284,62.85,538,3.97,34,5.56,56,30.14,305,71.5,612
"41807","Fischlham",33.02,173,62.79,329,4.2,22,6.27,35,25.63,143,69.66,365
"41808","Gunskirchen",32.58,710,61.22,1334,6.2,135,15.76,409,25.4,660,68.15,1485
"41809","Holzhausen",31.32,114,62.36,227,6.32,23,4.18,18,29.7,128,60.99,222
"41810","Krenglbach",43.29,510,50,589,6.71,79,4.21,55,24.37,319,77.16,909
"41811","Lambach",38.26,401,46.28,485,15.36,161,14.69,260,40.7,724,61.55,645
"41812","Marchtrenk",36.91,1653,54.64,2447,8.28,371,11.31,691,30.85,1887,63.47,2842
"41813","Neukirchen bei Lambach",36.22,134,58.38,216,5.41,20,1.53,6,27.04,106,71.62,265
"41814","Offenhausen",44.79,258,47.05,271,8.16,47,5.7,40,29.42,208,68.06,392
"41815","Pennewang",31.64,118,64.08,239,4.29,16,4.47,18,24.07,97,65.15,243
"41816","Pichl bei Wels",23.32,243,70.44,734,6.14,64,6.26,72,26.82,310,66.31,691
"41817","Sattledt",26.79,217,60.49,490,12.47,101,5.62,61,29.79,325,51.85,420
"41818","Schleißheim",35.19,164,57.3,267,7.3,34,5.92,34,25.91,149,80.04,373
"41819","Sipbachzell",34.97,257,60.54,445,4.49,33,8.32,71,23.68,202,63.95,470
"41820","Stadl-Paura",39.55,615,52.86,822,7.46,116,8.03,189,36.28,857,64.31,1000
"41821","Steinerkirchen an der Traun",43.03,324,51.39,387,5.58,42,8.91,77,23.25,202,74.63,562
"41822","Steinhaus",32.78,277,58.22,492,8.99,76,15.43,170,27.91,309,68.52,579
"41823","Thalheim bei Wels",28.9,456,56.78,896,13.94,220,11.91,300,37.6,951,68.76,1085
"41824","Weißkirchen an der Traun",42.4,519,52.37,641,5.23,64,5.52,80,25.43,369,76.72,939
"50101","Salzburg",11.99,2631,43.75,9599,39.66,8701,20.02,15385,47.11,36263,38.97,8551
"50201","Abtenau",20.75,378,68.94,1256,10.26,187,10.98,238,28.05,612,60.37,1100
"50202","Adnet",19.67,254,70.1,905,10.22,132,9.5,144,26.51,403,65.38,844
"50203","Annaberg-Lungötz",19.43,170,68.8,602,11.66,102,7.03,61,28.69,249,49.83,436
"50204","Golling an der Salzach",5.82,68,64.38,752,29.62,346,12.6,231,32.97,606,48.2,563
"50205","Hallein",14.46,572,49.25,1948,34.94,1382,18.87,1848,38.94,3821,50.39,1993
"50206","Krispl",30,111,60.81,225,9.19,34,1.51,5,27.84,93,69.73,258
"50207","Kuchl",9.1,188,63.46,1311,27.25,563,9.93,294,30.95,919,47.58,983
"50208","Oberalm",13.69,158,65.16,752,21.06,243,16.26,307,35.08,664,59.53,687
"50209","Puch bei Hallein",18.29,239,55.7,728,25.63,335,18.59,359,31.91,618,60.29,788
"50210","Rußbach am Paß Gschütt",19.33,63,65.95,215,14.42,47,7.74,24,28.75,90,65.34,213
"50211","St. Koloman",28.93,184,61.79,393,9.28,59,3.33,22,23.15,153,71.86,457
"50212","Scheffau am Tennengebirge",18.2,95,70.31,367,11.49,60,5.18,30,27.71,161,59.39,310
"50213","Bad Vigaun",8.61,51,64.7,383,26.69,158,8.42,75,32.47,290,50.51,299
"50301","Anif",13.99,162,62.44,723,23.49,272,17.6,327,37.02,690,56.91,659
"50302","Anthering",13.35,145,64.27,698,22.38,243,17.97,292,33.84,554,53.68,583
"50303","Bergheim",12.95,196,63.71,964,23.2,351,19.24,453,33.93,802,53.01,802
"50304","Berndorf bei Salzburg",27.36,171,64.16,401,8.48,53,4.58,34,28.53,212,68.32,427
"50305","Bürmoos",23.66,345,58.71,856,17.63,257,11.43,237,30.19,627,65.91,961
"50306","Dorfbeuern",16.49,91,75.54,417,7.97,44,5.32,32,23.47,142,72.46,400
"50307","Ebenau",16.01,85,67.98,361,16.01,85,6.51,38,28.74,171,66.48,353
"50308","Elixhausen",17.11,169,60.63,599,22.06,218,13.82,186,32.54,439,58,573
"50309","Elsbethen",19.61,292,53.53,797,26.66,397,22.84,572,39.1,981,56.68,844
"50310","Eugendorf",21.4,430,62.22,1250,16.33,328,18.84,551,29.05,853,62.67,1259
"50311","Faistenau",22.92,234,68.36,698,8.72,89,10.64,125,24.22,286,69.74,712
"50312","Fuschl am See",6.57,33,44.22,222,49,246,18.66,137,36.86,275,49,246
"50313","Göming",18.32,48,69.47,182,12.21,32,4.55,14,31.17,96,60.31,158
"50314","Grödig",17.13,266,54.73,850,27.69,430,24.78,833,39.21,1323,49.26,765
"50315","Großgmain",14.95,109,59.53,434,25.38,185,18.62,218,36.96,435,51.71,377
"50316","Hallwang",20.8,265,56.91,725,22.29,284,17.42,315,33.39,605,56.28,717
"50317","Henndorf am Wallersee",23.6,358,56.1,851,20.3,308,20.05,436,31.12,680,61.63,935
"50318","Hintersee",21.31,39,66.67,122,12.02,22,1.27,2,17.39,28,69.95,128
"50319","Hof bei Salzburg",27.54,293,56.48,601,15.88,169,20.92,318,32.39,493,61.28,652
"50320","Köstendorf",22.07,196,70.16,623,7.77,69,6.23,65,27.83,293,65.09,578
"50321","Koppl",19.85,232,62.1,726,17.88,209,12.31,179,26.46,386,64.5,754
"50322","Lamprechtshausen",23.27,306,66.77,878,9.96,131,5.27,84,26.14,418,68.82,905
"50323","Mattsee",26.25,315,55.33,664,18.33,220,17.63,274,36.34,568,62.08,745
"50324","Neumarkt am Wallersee",13.38,246,65.52,1205,21.04,387,21.87,607,33.3,927,63.57,1169
"50325","Nußdorf am Haunsberg",25.33,212,63.92,535,10.75,90,6.83,66,24.41,236,73.84,618
"50326","Oberndorf bei Salzburg",17.21,231,52.24,701,30.48,409,23.56,637,36.69,995,55.29,742
"50327","Obertrum am See",18.3,249,61.5,837,20.21,275,24.82,520,33.41,702,56.28,766
"50328","Plainfeld",28.97,113,52.56,205,18.46,72,17.6,97,32.73,181,63.59,248
"50329","St. Georgen bei Salzburg",23.94,265,64.14,710,11.92,132,10.78,132,25.81,317,71.36,790
"50330","St. Gilgen",20.99,336,55.34,886,23.36,374,15.39,266,40.82,711,58.21,932
"50331","Schleedorf",16.71,61,61.37,224,21.92,80,5.61,24,23.67,102,70.41,257
"50332","Seeham",13.65,92,53.71,362,32.64,220,10.56,93,33.75,299,53.12,358
"50335","Straßwalchen",22.18,509,60.87,1397,16.95,389,12.72,413,29.44,959,58.47,1342
"50336","Strobl",24.65,348,58.14,821,17.07,241,10.66,162,35.41,541,55.31,781
"50337","Thalgau",37.37,747,52.03,1040,10.56,211,16.53,409,30.28,753,65.08,1301
"50338","Wals-Siezenheim",19.08,612,51.92,1665,28.91,927,23.89,1477,34.57,2140,50.02,1604
"50339","Seekirchen am Wallersee",17.29,542,64.74,2029,17.9,561,19.95,944,32.37,1532,61.01,1912
"50401","Altenmarkt im Pongau",8.97,108,49.92,601,40.95,493,21.57,413,33.66,651,41.53,500
"50402","Bad Hofgastein",12.9,239,50.19,930,35.89,665,19.9,601,39.77,1223,39.99,741
"50403","Bad Gastein",17.41,231,48.83,648,30.37,403,17.74,339,45.48,876,35.8,475
"50404","Bischofshofen",16.71,314,49.23,925,32.84,617,18.13,878,37.81,1832,29.91,562
"50405","Dorfgastein",11.23,65,57.17,331,31.61,183,8.61,58,28.86,202,45.94,266
"50406","Eben im Pongau",13.83,100,68.46,495,17.57,127,13.78,145,29.68,314,51.18,370
"50407","Filzmoos",12.99,70,58.26,314,28.57,154,8.48,49,33.56,198,43.6,235
"50408","Flachau",10.1,119,56.54,666,33.02,389,11.23,137,31.65,388,33.45,394
"50409","Forstau",18.91,45,72.27,172,8.82,21,12.95,25,26.4,52,50.42,120
"50410","Goldegg",17,155,68.2,622,14.69,134,13.22,142,27.42,300,63.27,577
"50411","Großarl",22.96,247,54.83,590,22.03,237,10.21,140,26.52,366,45.35,488
"50412","Hüttau",14.66,73,67.87,338,17.47,87,3.37,19,31.38,177,57.03,284
"50413","Hüttschlag",16.86,59,71.43,250,11.71,41,10.37,34,27.05,89,58,203
"50414","Kleinarl",14.89,53,69.1,246,16.01,57,7.96,23,25.75,77,50.84,181
"50415","Mühlbach am Hochkönig",20.52,110,56.16,301,22.39,120,6.58,41,35.78,224,40.3,216
"50416","Pfarrwerfen",19.07,143,69.47,521,11.47,86,8.16,75,24.03,222,61.07,458
"50417","Radstadt",12.04,167,59.19,821,28.77,399,13.41,273,34.31,704,46.79,649
"50418","St. Johann im Pongau",15.36,357,48.15,1119,35.67,829,21.91,1101,35.23,1774,38.55,896
"50419","St. Martin am Tennengebirge",11.51,70,70.39,428,17.93,109,7.82,56,25.76,186,52.96,322
"50420","St. Veit im Pongau",15.51,163,61.94,651,22.45,236,17.12,265,28.65,444,50.05,526
"50421","Schwarzach im Pongau",18.44,109,48.22,285,32.49,192,9.71,155,39.71,635,28.93,171
"50422","Untertauern",26.77,72,39.78,107,33.46,90,14.05,26,35.45,67,33.46,90
"50423","Wagrain",13.15,146,62.43,693,24.14,268,14.97,184,31.78,396,49.82,553
"50424","Werfen",8.31,68,65.16,533,26.53,217,9.76,128,32.47,428,51.96,425
"50425","Werfenweng",10.14,37,55.89,204,33.97,124,9.28,36,28.18,113,47.12,172
"50501","Göriach",36.59,45,50.41,62,13.01,16,1.75,2,21.74,25,69.92,86
"50502","Lessach",31.84,64,64.18,129,3.48,7,2.46,5,23.15,47,71.14,143
"50503","Mariapfarr",38.91,344,51.13,452,9.84,87,5.86,53,28.73,262,74.1,655
"50504","Mauterndorf",11.63,79,70.1,476,18.26,124,9.54,65,37.1,253,59.65,405
"50505","Muhr",34.29,72,57.14,120,8.57,18,2.44,5,34.15,70,70.95,149
"50506","Ramingstein",38.84,181,53,247,7.94,37,6.01,27,32.52,147,61.8,288
"50507","St. Andrä im Lungau",17.07,49,68.64,197,14.29,41,2.62,8,30.94,95,65.16,187
"50508","St. Margarethen im Lungau",41.16,121,46.6,137,11.9,35,5.76,16,28.57,80,60.88,179
"50509","St. Michael im Lungau",33.99,415,46.68,570,19.33,236,12.85,184,30.03,431,60.44,738
"50510","Tamsweg",32.9,557,48.32,818,18.49,313,12.89,322,37.69,945,60.6,1026
"50511","Thomatal",11.98,20,81.44,136,6.59,11,0,0,21.01,25,85.03,142
"50512","Tweng",11.89,17,33.57,48,53.15,76,16.35,17,41.51,44,25.87,37
"50513","Unternberg",36.47,128,51.85,182,11.68,41,3.74,14,23.47,88,64.96,228
"50514","Weißpriach",25,43,57.56,99,17.44,30,0.9,1,22.32,25,55.81,96
"50515","Zederhaus",17.84,71,56.28,224,25.88,103,4.8,19,26.01,103,63.82,254
"50601","Bramberg am Wildkogel",13.86,195,58.21,819,27.72,390,7.38,115,27.72,435,47.12,663
"50602","Bruck an der Großglocknerstraße",19.05,253,61.82,821,19.13,254,12.37,251,31.8,648,53.84,715
"50603","Dienten am Hochkönig",13.85,45,68.62,223,17.54,57,3.26,9,27.08,75,48.92,159
"50604","Fusch an der Großglocknerstraße",18.38,50,62.13,169,19.49,53,5.37,16,30.13,91,45.59,124
"50605","Hollersbach im Pinzgau",5.88,26,59.5,263,34.62,153,10.52,55,28.03,148,46.83,207
"50606","Kaprun",20.04,193,47.66,459,31.88,307,12.79,189,41.3,617,36.45,351
"50607","Krimml",16.76,90,57.17,307,25.88,139,9.57,31,29.94,97,48.04,258
"50608","Lend",15.65,64,66.75,273,17.6,72,4.19,22,33.14,174,54.03,221
"50609","Leogang",12.24,145,67.85,804,19.83,235,11.28,152,27.64,374,50.21,595
"50610","Lofer",14.1,99,58.69,412,27.07,190,8.22,69,30.68,258,45.87,322
"50611","Maishofen",19.05,185,60.56,588,20.29,197,14.71,219,33.22,495,55.72,541
"50612","Maria Alm am Steinernen Meer",15.84,176,61.93,688,22.14,246,13.78,121,34.42,307,54.1,601
"50613","Mittersill",15.8,252,58.43,932,25.71,410,13.15,306,32.29,764,48.53,774
"50614","Neukirchen am Großvenediger",7.46,78,55.07,576,37.09,388,8.71,89,30.24,323,44.55,466
"50615","Niedernsill",20.62,201,68.62,669,10.77,105,6.34,72,27.32,312,61.54,600
"50616","Piesendorf",19.39,259,65.19,871,15.19,203,9.75,150,27.42,425,61.08,816
"50617","Rauris",16.84,182,62.9,680,20.17,218,8.05,95,28.37,339,55.97,605
"50618","Saalbach-Hinterglemm",13.73,188,44.85,614,39.88,546,18.35,227,41.13,552,31.19,427
"50619","Saalfelden am Steinernen Meer",23.43,923,57.21,2254,19.06,751,20.18,1557,37,2860,50.13,1975
"50620","St. Martin bei Lofer",20.05,85,58.49,248,21.46,91,13.59,70,32.69,169,54.25,230
"50621","Stuhlfelden",12.79,60,71,333,16.2,76,12.13,74,25.73,158,51.39,241
"50622","Taxenbach",16.33,144,66.44,586,17.23,152,7.15,75,27.53,291,60.43,533
"50623","Unken",20.25,160,55.19,436,24.43,193,9.12,77,33.57,285,58.35,461
"50624","Uttendorf",14.35,136,62.34,591,23.31,221,8.11,101,30.29,378,57.49,545
"50625","Viehhofen",29.18,68,59.23,138,11.59,27,9.56,24,36.47,93,48.5,113
"50626","Wald im Pinzgau",26.39,209,55.18,437,18.43,146,12.94,59,30.5,140,64.02,507
"50627","Weißbach bei Lofer",11.2,14,59.2,74,29.6,37,3.4,5,18.92,28,50.4,63
"50628","Zell am See",14.75,392,48.96,1301,35.53,944,21.88,1057,42.41,2080,43.96,1168
"60101","Graz",24.95,10742,42.73,18393,27.08,11657,23.44,35419,47.98,72761,47.15,20298
"60305","Frauental an der Laßnitz",56.94,681,38.63,462,4.43,53,10.82,142,31.49,416,70.9,848
"60318","Lannach",58.22,804,35.48,490,6.3,87,15.35,246,34.22,552,76.1,1051
"60323","Pölfing-Brunn",55.32,359,39.29,255,5.39,35,4.05,30,42.51,315,60.25,391
"60324","Preding",60.44,466,35.67,275,3.89,30,6.27,51,33.01,269,77.17,595
"60326","Sankt Josef (Weststeiermark)",54.15,352,42.31,275,3.54,23,6.93,50,28.53,206,81.69,531
"60329","Sankt Peter im Sulmtal",51.66,264,45.21,231,2.94,15,8.88,47,29.57,157,77.1,394
"60341","Wettmannstätten",49.78,335,46.95,316,3.27,22,4.56,30,25.23,166,80.09,539
"60344","Deutschlandsberg",57.15,2533,32.87,1457,9.72,431,13.49,730,40.42,2191,71.73,3179
"60345","Eibiswald",63.73,1717,31.77,856,4.49,121,5.31,142,32.76,876,72.83,1962
"60346","Groß Sankt Florian",58.27,969,36.5,607,5.23,87,3.66,62,29.69,503,76.73,1276
"60347","Sankt Martin im Sulmtal",67.85,861,28.68,364,3.39,43,1.72,21,28.04,344,80.22,1018
"60348","Sankt Stefan ob Stainz",56.09,898,38.73,620,5.12,82,8.24,121,29.64,439,84.95,1360
"60349","Bad Schwanberg",68.27,1276,27.13,507,4.55,85,4.74,85,28.93,521,81.59,1525
"60350","Stainz",52.64,1866,41.41,1468,5.95,211,6.61,248,33.15,1249,79.55,2820
"60351","Wies",67.24,1215,28.33,512,4.37,79,3.23,57,33.5,592,79.36,1434
"60608","Feldkirchen bei Graz",45.96,917,44.21,882,9.42,188,30.03,908,32.45,983,63.21,1261
"60611","Gössendorf",44.08,644,50.65,740,5.27,77,20.22,348,27.77,478,78.44,1146
"60613","Gratkorn",45.39,1028,41.37,937,12.98,294,16.36,623,39.06,1491,64.55,1462
"60617","Hart bei Graz",37.22,689,56.83,1052,5.89,109,17.55,416,30.9,736,76.72,1420
"60618","Haselsdorf-Tobelbad",59.33,372,36.68,230,3.67,23,9.32,63,26.25,178,83.57,524
"60619","Hausmannstätten",52.39,604,37.73,435,9.8,113,24.08,381,29.1,461,71.29,822
"60623","Kainbach bei Graz",37.41,346,56,518,6.59,61,10.3,99,26.82,258,79.68,737
"60624","Kalsdorf bei Graz",37.32,809,50.09,1086,12.32,267,30.64,1155,33.51,1265,65.87,1428
"60626","Kumberg",53.18,778,42.45,621,4.37,64,6.59,104,26.8,424,79.15,1158
"60628","Laßnitzhöhe",58.12,562,32.89,318,9,87,16.52,207,37.73,475,73.63,712
"60629","Lieboch",55.44,1035,38.62,721,5.78,108,24.45,595,34.39,839,75.36,1407
"60632","Peggau",44.62,303,41.09,279,13.99,95,22.45,249,39.3,437,57.73,392
"60639","Sankt Bartholomä",60.26,364,35.43,214,4.3,26,1.69,10,26.01,154,85.76,518
"60641","Sankt Oswald bei Plankenwarth",64.8,313,29.61,143,5.59,27,5.64,30,29.7,158,83.64,404
"60642","Sankt Radegund bei Graz",49.37,429,44.3,385,6.21,54,10.85,102,34.43,325,75.6,657
"60645","Semriach",74.24,908,22.65,277,3.11,38,9.18,107,26.45,311,82.99,1015
"60646","Stattegg",55.9,625,37.75,422,6.35,71,17.27,218,28.09,355,83.9,938
"60647","Stiwoll",75.35,217,22.57,65,2.08,6,0.77,2,22.78,59,91.32,263
"60648","Thal",53.33,505,42.56,403,4.01,38,10.8,104,24.46,237,79.83,756
"60651","Übelbach",48.85,360,44.23,326,6.92,51,12.06,109,33.3,302,71.91,530
"60653","Vasoldsberg",65.29,1155,32,566,2.71,48,7.13,132,23.99,445,82.59,1461
"60654","Weinitzen",58.88,600,32.58,332,8.54,87,8.63,91,24.36,258,80.27,818
"60655","Werndorf",48.96,424,42.61,369,8.43,73,23.9,282,29.49,348,74.25,643
"60656","Wundschuh",51.28,320,44.23,276,4.49,28,9.12,62,27.46,187,76.12,475
"60659","Deutschfeistritz",52.93,767,39.54,573,7.52,109,16.68,320,32.68,629,71.77,1040
"60660","Dobl-Zwaring",54.24,749,39.32,543,6.37,88,9.36,138,26.58,392,77.77,1074
"60661","Eggersdorf bei Graz",55.56,1439,40.39,1046,4.02,104,7.49,218,27.64,805,76.18,1973
"60662","Fernitz-Mellach",47.97,827,44.84,773,7.19,124,14.71,305,27.86,578,78.71,1357
"60663","Frohnleiten",31.34,667,52.35,1114,16.31,347,16.68,519,39.01,1216,60.86,1295
"60664","Gratwein-Straßengel",52.24,2196,38.44,1616,9.28,390,17.55,983,33.14,1858,76.17,3202
"60665","Hitzendorf",52.96,1475,41.8,1164,5.24,146,7.55,223,25.75,761,82.01,2284
"60666","Nestelbach bei Graz",66.06,732,29.42,326,4.51,50,5.84,63,26.27,284,85.11,943
"60667","Raaba-Grambach",46.92,776,44.01,728,8.52,141,25.29,540,30.67,656,75.15,1243
"60668","Sankt Marein bei Graz",64.41,934,30.62,444,4.97,72,5.14,77,26.52,398,84.14,1220
"60669","Seiersberg-Pirka",43.81,1678,45.87,1757,10.13,388,25.56,1335,32.49,1700,73.26,2806
"60670","Premstätten",50.49,1143,42.93,972,6.58,149,19.13,573,32.13,966,73.32,1660
"61001","Allerheiligen bei Wildon",62.52,342,31.63,173,5.85,32,16.19,103,28.59,183,83.91,459
"61002","Arnfels",65.4,259,28.03,111,6.57,26,3.46,14,34.98,142,71.46,283
"61007","Empersdorf",57.19,322,40.5,228,2.31,13,7.89,44,26.79,150,84.9,478
"61008","Gabersdorf",61.15,288,35.46,167,3.4,16,3.47,17,26.42,130,74.1,349
"61012","Gralla",59.11,506,36.33,311,4.56,39,15.12,183,33.03,400,70.79,606
"61013","Großklein",65.68,622,31.47,298,2.85,27,0.78,7,29.75,266,78.78,746
"61016","Heimschuh",56.05,440,38.6,303,5.35,42,0.97,8,26.82,221,74.01,581
"61017","Hengsberg",53.5,313,36.07,211,10.43,61,5.09,30,25.08,148,80.17,469
"61019","Kitzeck im Sausal",73.58,465,22.31,141,4.11,26,0.81,4,32.39,160,82.28,520
"61020","Lang",55.14,306,40.72,226,4.14,23,4.44,26,30.85,182,74.59,414
"61021","Lebring-Sankt Margarethen",63.87,571,32.33,289,3.8,34,7.54,74,29.57,291,72.71,650
"61024","Oberhaag",65.68,557,32.19,273,2.12,18,1.01,8,29.17,231,81.84,694
"61027","Ragnitz",56.18,359,41.16,263,2.66,17,3.25,21,27.01,175,84.51,540
"61030","Sankt Andrä-Höch",63.99,503,30.03,236,5.85,46,2.9,19,28.01,184,81.42,640
"61032","Sankt Johann im Saggautal",64.64,563,31.34,273,4.02,35,1.2,9,25.46,193,82.32,717
"61033","Sankt Nikolai im Sausal",71,940,27.27,361,1.74,23,2.01,19,30.7,291,89.5,1185
"61043","Tillmitsch",58.37,802,38.06,523,3.57,49,13.13,209,29.39,469,78.38,1077
"61045","Wagna",54.32,1037,35.15,671,10.53,201,19.93,610,38.41,1177,69.36,1324
"61049","Ehrenhausen an der Weinstraße",55.08,580,36.56,385,8.26,87,6.95,78,37.58,425,61.44,647
"61050","Gamlitz",48.57,596,46.05,565,5.3,65,3.8,48,30.77,392,77.26,948
"61051","Gleinstätten",59.36,726,36.14,442,4.5,55,7.16,87,32.46,395,76.61,937
"61052","Heiligenkreuz am Waasen",57.58,627,38.84,423,3.49,38,8.93,106,29.41,350,79.8,869
"61053","Leibnitz",43.28,1682,43.8,1702,12.74,495,17.56,1139,41.42,2700,64,2487
"61054","Leutschach an der Weinstraße",60.49,908,33.04,496,6.4,96,4.62,62,29.46,398,75.82,1138
"61055","Sankt Georgen an der Stiefing",61.83,379,35.07,215,2.94,18,7.01,45,27.24,176,75.53,463
"61057","Schwarzautal",61.34,560,35.16,321,3.5,32,4.19,37,23.76,210,85.32,779
"61059","Wildon",41.75,842,52.11,1051,6.15,124,14.68,359,32.92,806,72.09,1454
"61060","Sankt Veit in der Südsteiermark",64.15,1113,33.03,573,2.82,49,3.15,54,25.7,442,80.29,1393
"61061","Straß in Steiermark",64.36,1685,31.89,835,3.74,98,7.06,194,31.05,858,74.64,1954
"61101","Eisenerz",28.43,377,51.36,681,19.76,262,7.03,135,49.97,964,34.69,460
"61105","Kalwang",28.18,104,60.16,222,11.65,43,14.94,72,42.24,204,53.39,197
"61106","Kammern im Liesingtal",53.24,353,42.38,281,4.37,29,7.16,50,32.1,225,75.11,498
"61107","Kraubath an der Mur",46.69,247,45.56,241,7.75,41,6.95,41,29.73,176,66.16,350
"61108","Leoben",22,979,44.57,1983,30.12,1340,13.77,1754,48.55,6194,43,1913
"61109","Mautern in Steiermark",33.65,212,53.49,337,12.86,81,11.21,86,38.59,296,56.98,359
"61110","Niklasdorf",38.66,242,42.81,268,18.53,116,18.98,231,46.15,563,42.65,267
"61111","Proleb",27.35,163,66.28,395,6.38,38,21.33,154,32.97,239,72.32,431
"61112","Radmer",64.23,167,30,78,5.77,15,1.63,4,36.18,89,66.92,174
"61113","Sankt Michael in Obersteiermark",31.85,286,54.12,486,14.03,126,21.03,313,40.23,599,62.81,564
"61114","Sankt Peter-Freienstein",38.88,339,52.29,456,8.83,77,7.07,74,34.35,361,66.86,583
"61115","Sankt Stefan ob Leoben",47.21,356,43.5,328,9.28,70,5.37,46,36.7,316,73.47,554
"61116","Traboch",58,319,36.91,203,5.09,28,7.75,51,34.29,227,66.91,368
"61118","Vordernberg",32.05,125,48.46,189,18.97,74,4.38,20,45.65,210,45.64,178
"61119","Wald am Schoberpaß",35.84,100,44.09,123,20.07,56,9.43,25,44.53,118,57.35,160
"61120","Trofaiach",38.59,1350,49.71,1739,11.21,392,8.98,499,42.28,2354,68.98,2413
"61203","Aigen im Ennstal",44.55,482,45.56,493,9.06,98,8.45,93,30.22,333,79.48,860
"61204","Altaussee",36.52,412,51.95,586,11.26,127,6.13,53,43.18,377,73.49,829
"61205","Altenmarkt bei Sankt Gallen",57.14,160,37.5,105,5.36,15,1.92,7,34.79,127,64.64,181
"61206","Ardning",55.97,267,39.83,190,4.19,20,7.21,36,24.45,122,78.2,373
"61207","Bad Aussee",27.14,576,57.78,1226,14.99,318,13.03,324,45.38,1130,67.34,1429
"61213","Gröbming",35.77,367,51.85,532,12.38,127,25.66,391,43.53,666,56.34,578
"61215","Grundlsee",25.53,191,61.76,462,12.43,93,9.36,53,42,239,69.92,523
"61217","Haus",16.78,179,65.79,702,17.43,186,12.68,126,30.84,309,56.42,602
"61222","Lassing",48.22,284,46.01,271,5.77,34,8.48,54,26.65,170,71.31,420
"61236","Ramsau am Dachstein",21.69,246,55.64,631,22.66,257,12.68,135,32.67,362,53.62,608
"61243","Selzthal",29.36,165,55.52,312,14.95,84,7.33,56,44.31,339,59.25,333
"61247","Trieben",43.41,428,42.09,415,14.1,139,27.59,439,42.43,675,66.53,656
"61251","Wildalpen",70.19,219,29.17,91,0.64,2,0,0,34.29,72,79.49,248
"61252","Wörschach",37.86,170,51,229,11.14,50,9.39,51,35.17,191,63.47,285
"61253","Admont",32.92,645,58.3,1142,8.78,172,11.28,255,37.11,839,71.41,1399
"61254","Aich",32.16,173,61.34,330,6.32,34,13.56,67,31.11,154,77.32,416
"61255","Bad Mitterndorf",32.59,776,55.73,1327,11,262,13.39,308,39.52,915,72.2,1719
"61256","Gaishorn am See",43.15,249,48.53,280,8.32,48,8.03,47,31.06,182,73.48,424
"61257","Irdning-Donnersbachtal",28.68,495,59.56,1028,11.7,202,11.74,211,34.35,621,69.35,1197
"61258","Landl",49.88,631,42.37,536,7.75,98,3.45,41,38.71,461,72.57,918
"61259","Liezen",31.26,644,47.43,977,20.44,421,20.94,844,43.24,1746,53.2,1096
"61260","Michaelerberg-Pruggern",40,234,49.91,292,10.09,59,8.18,40,31.9,156,60.68,355
"61261","Mitterberg-Sankt Martin",40.75,339,52.16,434,7.09,59,8.51,67,29.37,232,75.24,626
"61262","Öblarn",40.71,309,51.38,390,7.91,60,10.54,86,35.37,289,70.62,536
"61263","Rottenmann",45.55,701,42.69,657,11.5,177,21.64,511,39.29,937,59.58,917
"61264","Sankt Gallen",54.95,394,35.84,257,9.21,66,5.13,41,36.49,293,67.92,487
"61265","Schladming",21.62,504,47.58,1109,30.42,709,22.66,660,42.05,1246,38.01,886
"61266","Sölk",47.59,316,45.63,303,6.78,45,6.74,38,26.41,150,79.22,526
"61267","Stainach-Pürgg",46.22,477,41.28,426,12.5,129,18.98,246,42.15,550,65.7,678
"61410","Mühlen",47.75,170,49.44,176,2.81,10,2.55,8,23.42,74,75.84,270
"61413","Niederwölz",40.63,91,50,112,9.38,21,5.58,15,33.46,90,62.95,141
"61425","St. Peter am Kammersberg",38.88,306,50.83,400,10.29,81,3.96,29,28.03,206,76.87,605
"61428","Schöder",41.91,158,54.11,204,3.98,15,7.87,27,28.86,99,80.64,304
"61437","Krakau",45.93,254,48.28,267,5.79,32,7.44,38,25.24,130,80.47,445
"61438","Murau",29.51,386,49.08,642,21.41,280,15.62,248,41.97,672,55.05,720
"61439","Neumarkt in der Steiermark",37.72,762,53.02,1071,9.16,185,8.37,176,35.48,749,68.27,1379
"61440","Oberwölz",41.67,598,51.85,744,6.41,92,2.52,28,28.88,324,74.22,1065
"61441","Ranten",27.46,117,65.49,279,7.04,30,4.65,20,28.7,124,77,328
"61442","Sankt Georgen am Kreischberg",28.87,248,62.17,534,8.85,76,12.41,83,31.85,214,58.44,502
"61443","Sankt Lambrecht",48.91,447,42.89,392,8.1,74,7.95,62,35.41,279,59.08,540
"61444","Scheifling",49.82,425,43.49,371,6.68,57,8.21,78,34.84,331,71.51,610
"61445","Stadl-Predlitz",42.84,473,48.82,539,8.15,90,4.89,33,31.27,212,69.84,771
"61446","Teufenbach-Katsch",38.01,260,50.73,347,10.96,75,6.65,51,33.98,261,64.91,444
"61611","Krottendorf-Gaisfeld",61.76,617,35.24,352,3,30,4.54,46,26.92,273,73.27,732
"61612","Ligist",63.44,767,31.6,382,4.96,60,8.38,115,30.09,414,77.09,932
"61615","Mooskirchen",37.58,307,57.65,471,4.77,39,12.83,118,30.94,285,75.76,619
"61618","Rosental an der Kainach",57.53,336,33.39,195,9.08,53,11.15,90,39.58,321,63.18,369
"61621","Sankt Martin am Wöllmißberg",66.67,226,29.5,100,3.83,13,1,3,26.82,81,81.42,276
"61624","Stallhofen",57.9,707,37.02,452,5.08,62,5.03,64,25.43,324,77.81,950
"61625","Voitsberg",38.01,1197,49.16,1548,12.77,402,10.78,486,41.71,1880,62.97,1983
"61626","Bärnbach",34.44,705,55.54,1137,9.92,203,15.67,416,34.9,928,71.28,1459
"61627","Edelschrott",67.1,626,29.9,279,3,28,1.01,7,35.01,243,85.21,795
"61628","Geistthal-Södingberg",74.11,501,23.82,161,2.07,14,2.67,15,25.71,145,82.99,561
"61629","Hirschegg-Pack",75.82,552,21.7,158,2.47,18,0.47,2,35.28,151,84.48,615
"61630","Kainach bei Voitsberg",65.65,430,29.47,193,4.73,31,2.14,13,24.67,150,72.52,475
"61631","Köflach",48.78,1653,39.72,1346,11.36,385,11.94,568,42.17,2012,68.66,2327
"61632","Maria Lankowitz",60.81,703,33.48,387,5.36,62,17.38,219,40.41,510,76.21,881
"61633","Söding-Sankt Johann",55.29,925,39.21,656,5.5,92,6.6,118,30.06,539,75.31,1260
"61701","Albersdorf-Prebuch",53.33,408,42.22,323,4.44,34,7.95,72,26.6,241,73.86,565
"61708","Fischbach",55.58,314,39.47,223,4.96,28,3.62,20,28.6,159,70.27,397
"61710","Floing",37.44,158,58.53,247,4.03,17,5.61,25,23.09,103,73.7,311
"61711","Gasen",45.36,137,47.68,144,6.95,21,3.18,9,19.43,55,75.83,229
"61716","Markt Hartmannsdorf",60.75,647,34.65,369,4.6,49,7.29,86,28,331,77,820
"61719","Hofstätten an der Raab",54.45,434,44.04,351,1.51,12,10.63,106,29.7,297,76.66,611
"61727","Ludersdorf-Wilfersdorf",46.77,435,48.28,449,4.95,46,15.26,172,31.69,360,69.46,646
"61728","Miesenbach bei Birkfeld",42.08,101,47.08,113,10.83,26,0.47,1,20.75,44,72.08,173
"61729","Mitterdorf an der Raab",63.74,494,33.68,261,2.58,20,1.95,16,23.6,194,78.97,612
"61730","Mortantsch",53.54,401,39.79,298,6.68,50,3.36,28,23.86,199,81.98,614
"61731","Naas",54.89,264,38.25,184,6.86,33,5.58,27,19.38,94,79.21,381
"61740","Puch bei Weiz",23.13,185,73.5,588,3.38,27,1.9,15,25.57,202,70.25,562
"61741","Ratten",54.9,213,38.4,149,6.7,26,5.97,25,31.74,133,55.67,216
"61743","Rettenegg",26.09,84,66.15,213,7.76,25,3.45,10,34.48,100,62.42,201
"61744","St. Kathrein am Hauenstein",57.84,155,35.07,94,7.09,19,1.29,3,29.61,69,67.91,182
"61745","Sankt Kathrein am Offenegg",63.16,312,32.79,162,4.05,20,1.44,6,23.81,100,73.48,363
"61746","St. Margarethen an der Raab",53.88,819,42.43,645,3.68,56,5.27,87,25.33,420,73.42,1116
"61748","Sinabelkirchen",58.15,885,37.19,566,4.66,71,6.48,109,24.75,417,77,1172
"61750","Strallegg",58.8,354,37.54,226,3.65,22,0.49,3,19.02,116,56.48,340
"61751","Thannhausen",58.21,493,37.19,315,4.6,39,8.59,79,23.32,215,80.28,680
"61756","Anger",22.67,335,69.76,1031,7.44,110,7.82,130,28.57,476,62.79,928
"61757","Birkfeld",49.62,841,41.65,706,8.67,147,5.05,93,28.33,523,64.66,1096
"61758","Fladnitz an der Teichalm",18.94,136,70.75,508,10.31,74,4.93,33,28.87,194,66.02,474
"61759","Gersdorf an der Feistritz",59.81,369,36.3,224,3.57,22,5.74,35,23.57,144,83.79,517
"61760","Gleisdorf",47.43,1624,41.27,1413,11.21,384,22.49,1164,37.57,1949,66.91,2291
"61761","Gutenberg",62.76,396,32.96,208,4.28,27,7.97,49,24.23,149,83.84,529
"61762","Ilztal",49.11,413,47.09,396,3.69,31,3.59,31,27.78,240,76.69,645
"61763","Passail",54.24,857,41.65,658,4.11,65,6.72,108,25.02,402,76.08,1202
"61764","Pischelsdorf am Kulm",61.31,843,34.04,468,4.58,63,6.19,95,29.82,459,73.82,1015
"61765","Sankt Ruprecht an der Raab",47.18,921,47.85,934,4.97,97,7.41,166,29.08,652,71.52,1396
"61766","Weiz",42.2,1315,42.39,1321,14.7,458,16.71,975,44.36,2593,57,1776
"62007","Fohnsdorf",41.96,1044,43.61,1085,14.11,351,8.83,318,40.04,1445,60.41,1503
"62008","Gaal",50.92,248,43.94,214,5.13,25,11.58,58,24.7,124,80.29,391
"62010","Hohentauern",25.76,93,67.04,242,7.2,26,7.53,14,41.18,77,71.19,257
"62014","Kobenz",41.91,311,54.58,405,3.5,26,7.95,64,26.43,213,78.3,581
"62021","Pusterwald",43.43,86,53.03,105,3.54,7,6.94,12,31.79,55,82.83,164
"62026","Sankt Georgen ob Judenburg",49.27,168,46.04,157,4.69,16,5.59,19,30.21,103,71.85,245
"62032","Sankt Peter ob Judenburg",46.76,195,43.88,183,9.35,39,5.66,26,30.43,140,70.26,293
"62034","Seckau",36.79,181,56.91,280,6.3,31,6.8,35,27.8,144,78.86,388
"62036","Unzmarkt-Frauenburg",43.72,209,47.49,227,8.79,42,6.07,33,35.04,192,65.69,314
"62038","Zeltweg",34.36,605,47.47,836,16.87,297,16.23,579,44.18,1580,61.56,1084
"62039","Lobmingtal",51.67,387,38.85,291,9.48,71,11.88,88,26.72,198,72.76,545
"62040","Judenburg",36.14,850,42.22,993,19.9,468,14.96,752,46.67,2348,55.74,1311
"62041","Knittelfeld",29.34,775,45.74,1208,23.44,619,10.16,652,46.6,2997,51.76,1367
"62042","Obdach",59.47,939,34.07,538,6.46,102,7.29,108,31.92,473,75.11,1186
"62043","Pöls-Oberkurzheim",44.45,481,45.29,490,10.26,111,11.68,154,39.14,517,67.38,729
"62044","Pölstal",35.13,385,53.28,584,11.5,126,6.64,72,37.66,409,74,811
"62045","Sankt Marein-Feistritz",30.49,250,65,533,4.51,37,6.5,51,26.05,205,78.78,646
"62046","Sankt Margarethen bei Knittelfeld",48.89,550,45.87,516,5.24,59,5,56,29.54,332,80.27,903
"62047","Spielberg",45.85,807,45.8,806,8.01,141,12.04,286,31.09,744,73.47,1293
"62048","Weißkirchen in Steiermark",45.43,785,47.57,822,7,121,8.52,165,28.15,547,74.71,1291
"62105","Breitenau am Hochlantsch",15.26,94,67.53,416,17.05,105,18.31,134,35.56,261,56.33,347
"62115","Krieglach",32.12,626,55,1072,12.88,251,10.68,268,37.24,935,63.47,1237
"62116","Langenwang",40.81,517,49.72,630,9.31,118,11.39,205,34.59,625,63.61,806
"62125","Pernegg an der Mur",47.78,442,44.22,409,8,74,12.34,141,33.59,386,67.46,624
"62128","Sankt Lorenzen im Mürztal",47.29,638,48.18,650,4.52,61,8.38,131,27.46,430,71.24,961
"62131","Spital am Semmering",54.01,586,38.43,417,7.56,82,6.92,50,43.17,313,77.7,843
"62132","Stanz im Mürztal",43.53,340,49.3,385,7.17,56,7.61,58,30.55,234,70.17,548
"62135","Turnau",44.87,293,47.78,312,7.35,48,8.23,53,32.14,207,69.98,457
"62138","Aflenz",44.55,490,48.27,531,7.18,79,10.1,114,36.22,410,72.91,802
"62139","Bruck an der Mur",34.27,1336,43.51,1696,21.4,834,18.63,1500,46,3713,57.05,2224
"62140","Kapfenberg",36.94,1954,42.9,2269,19.12,1011,12.24,1301,41.59,4429,59.5,3147
"62141","Kindberg",44.72,1151,44.6,1148,10.41,268,15.71,604,37.56,1446,62.74,1615
"62142","Mariazell",45.76,825,40.21,725,13.64,246,12.16,217,43.64,782,60.4,1089
"62143","Mürzzuschlag",32.38,716,45.82,1013,20.76,459,11.12,446,45.02,1808,53.28,1178
"62144","Neuberg an der Mürz",45.66,637,47.17,658,7.17,100,7.36,84,41.24,471,74.62,1041
"62145","Sankt Barbara im Mürztal",42.07,987,44.2,1037,13.47,316,20.31,643,39.12,1239,63.09,1480
"62146","Sankt Marein im Mürztal",47.19,436,45.67,422,7.14,66,9.55,122,33.96,435,67.1,620
"62147","Thörl",31.37,277,57.08,504,11.33,100,7.81,78,36.36,364,67.27,594
"62148","Tragöß-Sankt Katharein",38.25,319,51.08,426,10.67,89,4.46,37,33.85,282,62.11,518
"62202","Bad Blumau",64.85,380,30.2,177,4.95,29,2.09,13,27.4,171,67.92,398
"62205","Buch-St. Magdalena",65.44,551,32.78,276,1.78,15,1.35,11,23.81,195,80.88,681
"62206","Burgau",63.1,301,32.7,156,4.19,20,5.71,29,39.76,202,64.15,306
"62209","Ebersdorf",63.07,292,29.81,138,7.13,33,2.22,11,27.16,135,82.51,382
"62211","Friedberg",47.56,467,44.5,437,7.84,77,7.3,78,31.15,333,64.26,631
"62214","Greinbach",42.55,297,50,349,7.45,52,0.88,6,25.95,177,69.2,483
"62216","Großsteinbach",63.64,322,32.81,166,3.36,17,4.74,24,23.72,120,77.27,391
"62219","Hartberg",44.89,966,42.94,924,11.9,256,9.85,308,43.13,1352,59.25,1275
"62220","Hartberg Umgebung",50.56,408,46.1,372,3.35,27,1.26,9,20.61,148,74.85,604
"62226","Lafnitz",63.18,338,31.96,171,4.67,25,2.26,13,28.25,163,73.83,395
"62232","Ottendorf an der Rittschein",57.51,360,36.9,231,5.59,35,4.84,31,25.23,162,83.39,522
"62233","Pinggau",60.93,764,34.45,432,4.63,58,5.13,65,31.86,404,72.97,915
"62235","Pöllauberg",38.35,283,55.96,413,5.69,42,1.46,10,20.35,140,74.93,553
"62242","Sankt Jakob im Walde",58.79,234,37.44,149,3.77,15,0,0,19.13,66,66.08,263
"62244","Sankt Johann in der Haide",47.79,378,45.51,360,6.7,53,6.01,59,33.71,331,58.79,465
"62245","Sankt Lorenzen am Wechsel",47.11,253,47.11,253,5.59,30,0.36,2,22.26,124,61.64,331
"62247","Schäffern",62.6,313,32.2,161,5.2,26,1.32,6,23.79,108,78.8,394
"62252","Söchau",57.77,305,36.55,193,5.68,30,5.45,31,23.37,133,74.62,394
"62256","Stubenberg",73.9,657,23.73,211,2.25,20,6.07,53,32.47,288,71.09,632
"62262","Wenigzell",51.59,243,39.28,185,8.92,42,5.13,24,23.57,111,70.28,331
"62264","Bad Waltersdorf",55.41,886,41.9,670,2.63,42,4.2,67,30.18,485,71.04,1136
"62265","Dechantskirchen",57.84,439,39.39,299,2.77,21,1.25,10,28.52,229,69.7,529
"62266","Feistritztal",62.91,609,33.57,325,3.51,34,4.57,43,27.97,264,74.07,717
"62267","Fürstenfeld",53.22,1627,37.19,1137,9.52,291,14.08,615,42.41,1854,61.37,1876
"62268","Grafendorf bei Hartberg",54.54,643,40.37,476,5.09,60,5.82,71,26.14,320,68.45,807
"62269","Großwilfersdorf",58.08,564,39.44,383,2.47,24,1.81,16,27.68,245,75.18,730
"62270","Hartl",44.16,359,53.01,431,2.83,23,1.6,12,18.44,139,75.28,612
"62271","Ilz",58.37,833,37.28,532,4.34,62,9.67,155,32.48,522,70.36,1004
"62272","Kaindorf",55.81,586,40.57,426,3.62,38,2.36,27,28.89,332,70.38,739
"62273","Bad Loipersdorf",67.2,500,29.17,217,3.49,26,3.78,29,29.4,227,70.56,525
"62274","Neudau",68.87,365,26.79,142,4.34,23,1.25,8,35.46,228,69.81,370
"62275","Pöllau",50.1,1000,41.83,835,8.02,160,5.3,113,26.81,575,73.3,1463
"62276","Rohr bei Hartberg",55.09,352,39.44,252,5.48,35,0.85,5,28.96,172,74.65,477
"62277","Rohrbach an der Lafnitz",57.76,603,38.79,405,3.45,36,5.42,56,28.68,298,73.08,763
"62278","Vorau",47.41,751,48.61,770,3.98,63,2.46,42,24.52,419,65.53,1038
"62279","Waldbach-Mönichwald",57.05,344,32.84,198,10.12,61,7.13,38,28.22,151,73.63,444
"62311","Edelsbach bei Feldbach",65.35,332,31.89,162,2.76,14,0.2,1,22.59,115,75.59,384
"62314","Eichkögl",67.04,356,30.32,161,2.64,14,2.69,14,21.84,114,79.85,424
"62326","Halbenrain",73.63,536,23.76,173,2.61,19,2.48,17,31.05,213,75.96,553
"62330","Jagerberg",68.77,425,27.51,170,3.72,23,1.39,8,26.22,151,85.11,526
"62332","Kapfenstein",63.01,385,35.02,214,1.96,12,0.75,4,21.99,117,81.01,495
"62335","Klöch",68.11,440,29.1,188,2.79,18,1.59,8,28.97,146,81.42,526
"62343","Mettersdorf am Saßbach",71.37,374,25.38,133,3.24,17,2.63,13,24.75,123,83.02,435
"62368","Tieschen",67.78,385,29.93,170,2.29,13,1.02,5,28.34,140,83.8,476
"62372","Unterlamm",66.47,341,29.24,150,4.29,22,3.38,17,28.06,142,69.4,356
"62375","Bad Gleichenberg",54.51,1111,37.83,771,7.41,151,8.27,193,36.73,859,71.93,1466
"62376","Bad Radkersburg",53.03,727,36.69,503,10.28,141,10.03,155,43.94,685,64.7,887
"62377","Deutsch Goritz",70.29,575,26.77,219,2.81,23,2.62,19,24.31,177,79.71,652
"62378","Fehring",63.21,1759,31.84,886,4.89,136,6.02,180,32.58,977,71.79,1998
"62379","Feldbach",54.84,2305,35.78,1504,9.23,388,13.39,800,36.96,2219,67.45,2835
"62380","Gnas",68.42,1562,28.65,654,2.89,66,4.12,88,23.68,510,82.3,1879
"62381","Kirchbach-Zerlach",68.52,814,27.61,328,3.87,46,6.28,78,26.97,336,80.98,962
"62382","Kirchberg an der Raab",60.05,1105,35.98,662,3.97,73,5.59,105,26.88,505,78.32,1441
"62383","Mureck",66.31,998,29.1,438,4.52,68,4.7,74,37.59,594,73.29,1103
"62384","Paldau",65.47,764,32.65,381,1.8,21,6.45,76,26.23,310,77.46,904
"62385","Pirching am Traubenberg",64.62,610,32.63,308,2.75,26,5.77,56,21.48,209,80.72,762
"62386","Riegersburg",63.1,1180,33.53,627,3.37,63,4.57,88,24.88,480,74.97,1402
"62387","Sankt Anna am Aigen",56.68,594,39.5,414,3.82,40,0.78,7,23.86,214,77.19,809
"62388","Sankt Peter am Ottersbach",58.25,752,38.96,503,2.79,36,1.35,15,27.11,302,83.04,1072
"62389","Sankt Stefan im Rosental",56.59,751,40.02,531,3.39,45,5.66,84,27.89,415,76.56,1016
"62390","Straden",55.07,913,42.64,707,2.29,38,2.9,41,27.92,395,82.99,1376
"70101","Innsbruck",11.99,1619,27.28,3684,48.37,6533,24.09,15734,48.44,31724,22.61,3054
"70201","Arzl im Pitztal",19.11,171,60.34,540,20.22,181,22.57,290,29.53,380,49.61,444
"70202","Haiming",22.01,324,64.33,947,13.59,200,26.34,516,28.24,555,56.18,827
"70203","Imst",18.57,450,50.23,1217,30.38,736,27.38,1310,36.37,1747,43.75,1060
"70204","Imsterberg",14.98,37,61.54,152,23.48,58,15.66,44,19.08,54,48.58,120
"70205","Jerzens",25.23,82,60.92,198,13.85,45,9.2,32,27.12,96,51.69,168
"70206","Karres",15.31,32,66.03,138,18.66,39,11.07,29,28.63,75,59.33,124
"70207","Karrösten",25.84,69,55.81,149,18.35,49,15.16,47,30.87,96,51.31,137
"70208","Längenfeld",17.04,268,62.24,979,20.6,324,22.15,406,25.32,469,53.97,849
"70209","Mieming",25.02,323,61.74,797,13.17,170,22.65,378,33.17,555,58.79,759
"70210","Mils bei Imst",25.33,57,60.44,136,14.22,32,14.66,39,25.56,68,63.56,143
"70211","Mötz",31.74,139,58.9,258,9.36,41,19.32,108,28.26,158,67.12,294
"70212","Nassereith",27.34,213,60.98,475,11.55,90,10.02,90,28.68,259,62.64,488
"70213","Obsteig",22.64,103,61.32,279,16.04,73,18.41,109,33,197,62.64,285
"70214","Oetz",17.58,145,60.97,503,21.45,177,23.33,231,30.05,299,58.55,483
"70215","Rietz",23.96,185,63.08,487,12.82,99,24.28,252,30.87,321,59.97,463
"70216","Roppen",26.25,157,55.52,332,18.06,108,21.58,167,27.16,211,52.51,314
"70217","St. Leonhard im Pitztal",12.95,65,62.95,316,24.1,121,15.84,86,27.99,157,49.2,247
"70218","Sautens",28.99,158,52.29,285,18.53,101,14.22,91,27.75,179,58.9,321
"70219","Silz",19.14,161,65.52,551,15.1,127,16.36,171,32.03,337,52.2,439
"70220","Sölden",13.92,167,41.33,496,43.17,518,18.35,214,35.94,441,24.25,291
"70221","Stams",21.55,103,65.48,313,12.97,62,23.02,145,28.05,177,55.65,266
"70222","Tarrenz",29.11,264,52.81,479,17.97,163,17.4,201,29.39,340,57.99,526
"70223","Umhausen",18.35,198,61.35,662,20.2,218,20.81,288,29.28,407,56.16,606
"70224","Wenns",32.12,211,52.05,342,15.83,104,15.48,143,32.51,301,50.99,335
"70301","Absam",18.08,286,55.37,876,26.42,418,36.92,1219,34.95,1156,43.87,694
"70302","Aldrans",21.35,146,59.36,406,18.71,128,31.58,372,34.38,406,54.68,374
"70303","Ampass",16,80,60.8,304,23,115,33.25,264,31.7,252,56,280
"70304","Axams",17.94,317,56.99,1007,25.01,442,32.26,900,34.11,955,53.03,937
"70305","Baumkirchen",19.47,74,61.05,232,19.47,74,30.4,166,30.66,168,59.47,226
"70306","Birgitz",13.49,53,59.03,232,27.48,108,27.57,188,36.55,250,56.49,222
"70307","Ellbögen",21.46,88,60,246,18.54,76,18.52,90,34.09,166,59.27,243
"70308","Flaurling",22.22,96,68.98,298,8.8,38,24.39,130,28.14,150,67.13,290
"70309","Fritzens",15.65,90,57.39,330,26.09,150,31.64,299,28.68,271,46.96,270
"70310","Fulpmes",14.88,171,52.22,600,32.38,372,33.81,642,32.14,612,44.3,509
"70311","Gnadenwald",23.08,69,56.86,170,20.07,60,16.15,57,30.59,108,61.2,183
"70312","Götzens",18.57,213,56.06,643,25.02,287,31.46,587,34.33,642,51.26,588
"70313","Gries am Brenner",23.95,108,62.31,281,13.75,62,24.64,137,35.17,198,55.88,252
"70314","Gries im Sellrain",20.34,48,58.9,139,20.76,49,14.79,38,30.89,80,60.17,142
"70315","Grinzens",17.78,80,67.11,302,15.11,68,20.2,120,29.41,175,56,252
"70317","Gschnitz",48.7,75,38.96,60,12.34,19,23.78,39,25.61,42,67.53,104
"70318","Hatting",7.89,33,67.7,283,24.4,102,27.16,176,30.86,200,61,255
"70319","Inzing",20.93,235,61.98,696,16.83,189,29.4,504,29.55,508,57.44,645
"70320","Kematen in Tirol",15.01,104,55.41,384,28.86,200,33.33,481,34.7,501,47.76,331
"70322","Kolsass",17.61,78,63.88,283,18.51,82,32.24,226,28.82,202,48.98,217
"70323","Kolsassberg",38.92,137,49.72,175,11.08,39,18.9,65,26.59,92,66.19,233
"70325","Lans",18.24,58,61.32,195,20.44,65,28.77,147,36.13,185,45.91,146
"70326","Leutasch",27.73,292,57.93,610,14.15,149,11.43,123,35.02,387,54.89,578
"70328","Mieders",26.66,153,55.05,316,18.29,105,23.55,187,30.24,241,53.83,309
"70329","Mils",16.71,211,63.58,803,19.71,249,36.35,699,31.39,604,60.02,758
"70331","Mutters",18.93,127,61.55,413,19.37,130,27.64,264,33.02,319,52.46,352
"70332","Natters",16.7,97,62.99,366,20.14,117,24.95,236,36.85,349,50.95,296
"70333","Navis",18.28,117,63.44,406,18.13,116,23.11,190,25.06,207,52.81,338
"70334","Neustift im Stubaital",15.02,215,54.37,778,30.4,435,23.96,463,29.47,584,37.18,532
"70335","Oberhofen im Inntal",19.6,109,67.63,376,12.77,71,20.31,155,27.26,208,62.95,350
"70336","Obernberg am Brenner",14.61,26,65.73,117,19.1,34,6.94,10,29.45,43,69.66,124
"70337","Oberperfuss",12.95,116,60.83,545,26.12,234,31.22,399,29.63,379,56.81,509
"70338","Patsch",21.43,66,54.22,167,24.35,75,33,163,30.51,151,45.45,140
"70339","Pettnau",14.25,51,68.44,245,17.32,62,20.4,101,33.33,165,59.78,214
"70340","Pfaffenhofen",34.41,128,49.73,185,15.86,59,24.58,131,32.65,174,61.02,227
"70342","Polling in Tirol",27.06,105,64.95,252,7.99,31,24.66,128,23.42,122,66.49,258
"70343","Ranggen",21.89,81,64.86,240,13.24,49,18.79,81,23.45,102,63.78,236
"70344","Reith bei Seefeld",23.18,105,54.3,246,22.3,101,27.47,178,37.14,244,54.75,248
"70345","Rinn",16.34,92,61.63,347,22.02,124,31.31,248,29.06,231,60.57,341
"70346","Rum",14.58,200,46.43,637,36.44,500,26.53,1152,38.65,1683,37.17,510
"70347","St. Sigmund im Sellrain",32,32,52,52,16,16,2.99,2,27.94,19,68,68
"70348","Scharnitz",23.18,127,62.59,343,14.23,78,15.66,99,36.44,231,60.77,333
"70349","Schmirn",11.27,32,73.24,208,15.14,43,9.48,31,19.76,65,46.83,133
"70350","Schönberg im Stubaital",24.29,85,49.43,173,26.29,92,22.35,95,29.84,128,54,189
"70351","Seefeld in Tirol",18.3,170,52.21,485,28.74,267,23.87,391,47.46,859,36.6,340
"70352","Sellrain",19.76,98,58.67,291,21.57,107,18.61,107,29.22,168,62.5,310
"70353","Sistrans",19.03,134,65.91,464,15.06,106,32.99,316,28.36,272,65.77,463
"70354","Hall in Tirol",14.8,306,36.8,761,46.23,956,32.86,2136,40.45,2632,25.48,527
"70355","Steinach am Brenner",14.63,123,56.48,475,28.66,241,41.32,678,37.41,615,45.3,381
"70356","Telfes im Stubai",8.9,43,40.58,196,50.52,244,28.28,192,30.81,212,43.27,209
"70357","Telfs",22.32,716,50.44,1618,26.03,835,29.68,2055,34.64,2404,51.59,1655
"70358","Thaur",17.2,187,59.15,643,23.46,255,29.28,532,31.69,577,48.3,525
"70359","Trins",23.98,112,55.67,260,20.34,95,25.39,147,27.79,162,58.89,275
"70360","Tulfes",26.27,150,59.02,337,14.54,83,23.85,171,28.99,209,56.92,325
"70361","Unterperfuss",19.05,12,66.67,42,14.29,9,12.35,10,32.93,27,44.44,28
"70362","Vals",20.94,40,63.87,122,15.18,29,16.42,33,28.71,58,54.97,105
"70364","Völs",16.19,203,55.9,701,25.92,325,38.66,1289,37.97,1266,51.2,642
"70365","Volders",23.63,276,50.68,592,25.26,295,42.67,838,32.06,632,48.8,570
"70366","Wattenberg",28.75,94,58.41,191,12.84,42,16.46,53,30.25,98,67.58,221
"70367","Wattens",17.18,266,41.09,636,40.44,626,36.91,1398,39.05,1482,29.97,464
"70368","Wildermieming",22.41,80,67.23,240,10.08,36,12,45,23.81,90,65.27,233
"70369","Zirl",12.54,237,54.97,1039,32.17,608,42.51,1513,32.51,1165,46.61,881
"70370","Matrei am Brenner",17.83,148,54.22,450,27.95,232,30.79,473,32.01,493,42.41,352
"70401","Aurach bei Kitzbühel",12.58,77,54.08,331,33.33,204,16.43,91,41.71,234,55.88,342
"70402","Brixen im Thale",24.03,261,56.81,617,19.15,208,21.83,269,38.57,476,51.84,563
"70403","Fieberbrunn",14.48,232,64.67,1036,20.6,330,16.41,335,37.01,761,47.13,755
"70404","Going am Wilden Kaiser",19.38,157,62.1,503,18.52,150,19.57,164,36.42,311,53.09,430
"70405","Hochfilzen",17.3,77,67.87,302,14.83,66,20.11,113,31.04,176,56.18,250
"70406","Hopfgarten im Brixental",22.49,459,53.55,1093,23.91,488,21.59,542,35.44,893,48.85,997
"70407","Itter",23.06,110,60.38,288,16.56,79,20.08,101,30.95,156,55.97,267
"70408","Jochberg",17.84,137,61.72,474,20.31,156,21.28,156,40.08,295,50,384
"70409","Kirchberg in Tirol",15.41,309,52.72,1057,31.72,636,28.09,702,44.27,1113,42.64,855
"70410","Kirchdorf in Tirol",21.88,319,61.11,891,16.87,246,21.79,380,34.2,602,54.39,793
"70411","Kitzbühel",10.51,347,45.79,1512,43.03,1421,28.39,1181,47.76,2001,41.13,1358
"70412","Kössen",14.71,231,66.37,1042,18.85,296,18.45,367,35.33,707,52.1,818
"70413","Oberndorf in Tirol",15.93,134,63.26,532,20.69,174,19.71,206,37.15,389,46.49,391
"70414","Reith bei Kitzbühel",14.04,115,67.28,551,18.68,153,25.32,217,47.85,411,48.6,398
"70415","St. Jakob in Haus",13.44,43,56.88,182,29.69,95,12.46,44,31.07,110,41.56,133
"70416","St. Johann in Tirol",15.05,361,58.52,1404,26.14,627,27.74,1274,41.21,1900,44.31,1063
"70417","St. Ulrich am Pillersee",20.99,165,69.85,549,9.16,72,13.73,109,32.63,262,59.67,469
"70418","Schwendt",22.83,87,69.55,265,7.61,29,7.54,27,29.64,107,71.65,273
"70419","Waidring",12.53,93,73.32,544,14.15,105,16.91,151,32.56,293,59.03,438
"70420","Westendorf",20.65,311,55.78,840,23.44,353,18.5,302,36.72,603,45.55,686
"70501","Alpbach",12.99,116,55.43,495,31.47,281,27.24,283,33.69,350,41.32,369
"70502","Angath",20.58,64,65.59,204,13.83,43,13.92,55,27.89,111,71.38,222
"70503","Bad Häring",20.59,154,60.29,451,18.98,142,26.57,334,33.36,420,59.09,442
"70504","Brandenberg",20.08,106,68.94,364,10.98,58,17.11,102,24.96,149,63.26,334
"70505","Breitenbach am Inn",18.62,205,66.76,735,14.53,160,18.02,251,27.31,381,65.67,723
"70506","Brixlegg",17.86,142,47.67,379,34.34,273,27.5,402,39.5,579,45.41,361
"70508","Ebbs",13.95,235,63.9,1076,22.03,371,20.11,513,33.52,858,54.75,922
"70509","Ellmau",22.37,277,56.38,698,21.16,262,24.85,335,39.59,542,44.26,548
"70510","Erl",15.63,88,68.38,385,15.81,89,10.22,69,31.12,211,60.57,341
"70511","Kirchbichl",15.79,269,59.8,1019,24.35,415,25.09,652,33.64,876,50.23,856
"70512","Kramsach",18.53,283,63.98,977,17.42,266,23.99,531,35.41,785,52.32,799
"70513","Kufstein",13.83,345,40.3,1005,42.9,1070,27.52,2609,42.87,4068,31.8,793
"70514","Kundl",15.17,199,61.51,807,23.17,304,32.29,670,32.66,680,49.54,650
"70515","Langkampfen",22.82,295,58.86,761,18.25,236,21.66,397,32.21,592,54.14,700
"70516","Mariastein",27.74,38,61.31,84,10.95,15,28.24,48,25.29,43,64.96,89
"70517","Münster",18.55,187,66.17,667,15.18,153,24.12,370,30.82,474,62.9,634
"70518","Niederndorf",12.47,107,61.19,525,26.34,226,21.87,271,29.26,364,56.53,485
"70519","Niederndorferberg",22.7,64,62.06,175,15.25,43,5.61,16,29.12,83,64.18,181
"70520","Radfeld",13.25,84,57.57,365,29.02,184,25.96,292,36.09,406,50.47,320
"70521","Rattenberg",2.2,2,8.79,8,89.01,81,18.18,44,52.05,127,15.38,14
"70522","Reith im Alpbachtal",18.66,167,59.66,534,21.68,194,21.32,236,30.48,338,54.75,490
"70523","Rettenschöss",20.8,47,62.39,141,16.37,37,4.19,9,23.15,50,61.06,138
"70524","Scheffau am Wilden Kaiser",20.34,119,56.92,333,22.56,132,19.27,127,35.69,242,46.84,274
"70525","Schwoich",25.8,225,61.01,532,13.19,115,23.24,261,28.53,321,60.89,531
"70526","Söll",18.55,236,57.31,729,23.98,305,23.35,364,32.68,515,45.75,582
"70527","Thiersee",22.63,267,57.29,676,19.83,234,17.56,236,31.85,430,50.25,593
"70528","Angerberg",31.91,224,58.26,409,9.83,69,16.42,133,26.05,211,63.39,445
"70529","Walchsee",17.24,131,61.58,468,20.79,158,24.06,231,36.53,358,52.5,399
"70530","Wildschönau",22.6,372,57.59,948,19.62,323,16.66,304,33.98,628,43.74,720
"70531","Wörgl",13.12,276,47.74,1004,37.57,790,30.92,2016,38.63,2524,36.85,775
"70601","Faggen",17.24,20,62.93,73,19.83,23,20.67,31,20.67,31,52.59,61
"70602","Fendels",14.44,13,67.78,61,17.78,16,22.73,25,27.68,31,27.78,25
"70603","Fiss",11.21,37,37.58,124,49.39,163,9.86,35,27.92,110,16.36,54
"70604","Fließ",14,139,52.27,519,33.64,334,10.03,120,23.69,284,52.47,521
"70605","Flirsch",14.01,44,63.69,200,22.29,70,9.02,36,27.93,112,43.63,137
"70606","Galtür",8.24,23,50.18,140,41.58,116,17.01,49,32.2,95,32.62,91
"70607","Grins",17.7,74,66.03,276,16.27,68,12.23,68,27.83,155,48.8,204
"70608","Ischgl",12.48,75,28.45,171,55.57,334,17.15,100,31.43,193,15.97,96
"70609","Kappl",7.59,73,53.33,513,38.46,370,15.15,141,24.1,227,36.69,353
"70610","Kaunerberg",14.08,20,62.68,89,23.24,33,10,16,18.13,29,45.07,64
"70611","Kaunertal",3.72,8,53.02,114,42.79,92,8.3,19,21.12,49,47.91,103
"70612","Kauns",20.63,33,56.25,90,23.13,37,12.66,29,36.68,84,43.13,69
"70613","Ladis",19.82,45,55.95,127,23.35,53,18.84,39,30.19,64,44.93,102
"70614","Landeck",14.98,232,43.83,679,38.93,603,26.58,897,35.38,1196,39.83,617
"70615","Nauders",9.25,53,50.09,287,40.31,231,24.79,150,29.86,192,46.07,264
"70616","Pettneu am Arlberg",13.74,72,61.45,322,24.81,130,15.18,90,28.17,169,43.32,227
"70617","Pfunds",20.03,160,58.32,466,21.4,171,20.57,224,31.14,340,40.43,323
"70618","Pians",28.46,72,53.75,136,17.79,45,20.95,62,21.14,63,52.57,133
"70619","Prutz",18.15,90,55.85,277,25.6,127,32.97,269,30.89,253,39.52,196
"70620","Ried im Oberinntal",22.13,81,55.46,203,22.4,82,16.64,91,32.06,176,42.9,157
"70621","St. Anton am Arlberg",11.7,112,42.53,407,44.72,428,21.69,223,36.94,389,22.99,220
"70622","Schönwies",17.43,99,69.54,395,13.03,74,15.35,109,25.6,182,57.22,325
"70623","See",16.05,61,57.89,220,25,95,18.48,80,21.74,95,42.37,161
"70624","Serfaus",7.13,31,13.33,58,69.89,304,16.81,77,33.53,168,23.22,101
"70625","Spiss",10.71,6,55.36,31,33.93,19,7.14,3,36.36,16,51.79,29
"70626","Stanz bei Landeck",18.72,38,67.49,137,13.79,28,15.38,34,23.87,53,60.59,123
"70627","Strengen",22.43,94,59.9,251,17.66,74,13.6,62,21.27,97,58.47,245
"70628","Tobadill",17,34,66,132,17,34,11.92,23,24.74,48,55.5,111
"70629","Tösens",11.31,25,74.66,165,14.03,31,9.97,29,22.68,66,62.9,139
"70630","Zams",17.01,166,55.33,540,27.36,267,16.97,267,35.38,558,48.05,469
"70701","Abfaltersbach",18.83,42,66.37,148,14.8,33,20.88,52,30.12,75,65.02,145
"70702","Ainet",15.89,51,71.65,230,12.46,40,13.21,51,31.96,124,64.8,208
"70703","Amlach",17.13,31,73.48,133,9.39,17,11.98,23,25.77,50,74.03,134
"70704","Anras",14.94,69,74.89,346,10.17,47,10.07,43,25.7,110,77.92,360
"70705","Assling",22.36,161,61.11,440,16.39,118,14.31,100,28.39,199,57.92,417
"70706","Außervillgraten",8.3,21,73.52,186,18.18,46,10.84,27,23.11,58,76.28,193
"70707","Dölsach",20.57,167,60.47,491,18.97,154,17.54,181,34.88,361,59.73,485
"70708","Gaimberg",23.15,78,67.66,228,9.2,31,11.87,45,32.98,125,67.36,227
"70709","Hopfgarten in Defereggen",16,40,61.2,153,22.8,57,12.27,33,30.11,81,57.6,144
"70710","Innervillgraten",5.15,15,73.2,213,21.65,63,7.72,21,19.27,53,79.04,230
"70711","Iselsberg-Stronach",28.33,85,59.67,179,12,36,8.86,24,36.53,99,72.67,218
"70712","Kals am Großglockner",10.38,47,60.04,272,29.36,133,11.53,49,28.47,121,54.53,247
"70713","Kartitsch",10.18,29,75.44,215,14.39,41,7.04,20,30.34,88,62.81,179
"70714","Lavant",22.48,29,61.24,79,16.28,21,9.09,12,24.06,32,51.94,67
"70715","Leisach",18.22,45,65.99,163,15.79,39,35.88,108,32.24,98,54.66,135
"70716","Lienz",13.73,352,48.15,1234,37.38,958,29.46,1855,49.4,3118,35.9,920
"70717","Matrei in Osttirol",16.34,256,61.2,959,22.46,352,28.46,492,28.28,491,60.37,946
"70718","Nikolsdorf",25.87,74,59.44,170,14.69,42,11.89,44,33.96,126,55.59,159
"70719","Nußdorf-Debant",16.2,152,67.38,632,16.42,154,26.88,394,33.9,497,63.86,599
"70720","Oberlienz",3.74,18,16.01,77,80.25,386,15.38,86,28.6,161,80.46,387
"70721","Obertilliach",6.94,17,74.29,182,18.78,46,7.48,19,31.25,80,45.71,112
"70723","Prägraten am Großvenediger",12.23,45,60.6,223,27.17,100,19.01,77,25.92,106,62.77,231
"70724","St. Jakob in Defereggen",21.43,96,61.83,277,16.74,75,12.79,44,33.33,115,56.47,253
"70725","St. Johann im Walde",19.51,24,63.41,78,17.07,21,7.27,8,26.36,29,72.36,89
"70726","St. Veit in Defereggen",14.68,37,73.02,184,12.3,31,15.56,35,27.88,63,68.65,173
"70727","Schlaiten",14.29,25,70.86,124,14.86,26,6.47,13,32.67,66,69.14,121
"70728","Sillian",13.1,84,47.58,305,39.31,252,21.85,191,38.91,344,47.11,302
"70729","Strassen",12.55,33,76.81,202,10.65,28,15.15,45,27.76,83,73.38,193
"70731","Thurn",30.36,85,57.5,161,12.14,34,16.12,44,32.6,89,66.43,186
"70732","Tristach",15.3,73,69.6,332,15.09,72,19.33,116,24.83,149,68.76,328
"70733","Untertilliach",7.87,7,75.28,67,16.85,15,2.63,2,26.32,20,73.03,65
"70734","Virgen",9.21,65,46.32,327,44.33,313,24.42,200,23.43,194,59.21,418
"70735","Heinfels",12.06,41,69.41,236,18.53,63,21.96,85,30.15,117,63.24,215
"70801","Bach",18.09,53,72.35,212,9.56,28,6.02,15,28,70,63.82,187
"70802","Berwang",15.41,51,37.16,123,47.13,156,9.41,24,32.82,86,35.35,117
"70803","Biberwier",24.07,78,59.88,194,15.74,51,9.63,29,36.96,112,54.01,175
"70804","Bichlbach",15.54,46,67.23,199,17.23,51,3.98,13,31.52,104,52.7,156
"70805","Breitenwang",23.29,102,59.13,259,17.58,77,16.64,108,32.82,214,60.27,264
"70806","Ehenbichl",21.8,63,63.32,183,14.53,42,6.02,21,35.98,127,61.94,179
"70807","Ehrwald",18.14,203,56.57,633,25.2,282,12.34,159,40.42,525,43.79,490
"70808","Elbigenalp",19.01,65,58.48,200,22.51,77,7.67,28,30.33,111,41.81,143
"70809","Elmen",17.71,31,69.71,122,12.57,22,11.11,20,35.52,65,56.57,99
"70810","Forchach",25.93,28,63.89,69,10.19,11,0,0,23,23,62.04,67
"70811","Grän",22.61,59,59.77,156,17.62,46,5.08,12,31.38,75,54.79,143
"70812","Gramais",20.83,5,58.33,14,20.83,5,11.11,2,38.89,7,25,6
"70813","Häselgehr",22.22,58,69.73,182,8.05,21,5.75,15,27.86,73,65.52,171
"70814","Heiterwang",22.43,48,69.63,149,7.94,17,3.98,9,27.75,63,63.55,136
"70815","Hinterhornbach",7.5,3,80,32,12.5,5,3.03,1,18.18,6,67.5,27
"70816","Höfen",18.97,85,68.3,306,12.72,57,11.37,63,29.8,166,52.9,237
"70817","Holzgau",9.94,18,60.77,110,29.28,53,3.7,6,34.94,58,40.88,74
"70818","Jungholz",25.18,35,50.36,70,24.46,34,5.65,7,38.76,50,51.8,72
"70819","Kaisers",13.89,5,72.22,26,13.89,5,0,0,39.39,13,69.44,25
"70820","Lechaschau",21.61,142,61.34,403,17.05,112,25.54,247,36.12,350,54.19,356
"70821","Lermoos",13.69,56,51.59,211,34.47,141,9.28,45,36.22,180,32.27,132
"70822","Musau",13.1,19,80,116,6.9,10,3.64,6,29.09,48,59.31,86
"70823","Namlos",10,4,80,32,10,4,0,0,40,12,60,24
"70824","Nesselwängle",19.44,42,65.28,141,14.81,32,6.7,13,25.26,49,47.69,103
"70825","Pfafflar",15.38,14,78.02,71,6.59,6,0,0,32.43,12,75.82,69
"70826","Pflach",22.42,111,67.27,333,10.1,50,10.16,72,31.27,222,64.04,317
"70827","Pinswang",8.97,13,77.93,113,13.1,19,6.51,11,29.59,50,38.62,56
"70828","Reutte",14.97,210,52.82,741,31.58,443,22.1,725,40.24,1324,41.7,585
"70829","Schattwald",14.79,25,65.68,111,19.53,33,9.89,18,35.16,64,48.52,82
"70830","Stanzach",31.82,77,64.05,155,4.13,10,5.68,13,30.74,71,61.16,148
"70831","Steeg",16.67,43,71.71,185,11.63,30,2.09,5,24.28,59,52.71,136
"70832","Tannheim",12.65,54,65.57,280,21.55,92,9.45,43,30.72,145,53.86,230
"70833","Vils",23.26,130,63.69,356,13.06,73,11.02,71,30.75,198,55.28,309
"70834","Vorderhornbach",17.6,22,70.4,88,12,15,2.7,3,32.74,37,62.4,78
"70835","Wängle",14.76,49,71.39,237,13.86,46,10.87,46,32,136,59.34,197
"70836","Weißenbach am Lech",27.14,133,63.47,311,9.39,46,6.8,38,32.86,184,54.29,266
"70837","Zöblen",16.67,15,71.11,64,11.11,10,3.16,3,26.53,26,53.33,48
"70901","Achenkirch",21.86,190,59.38,516,18.64,162,13.19,133,35.89,365,50.29,437
"70902","Aschau im Zillertal",23.05,157,57.12,389,19.82,135,21.02,161,32.47,250,56.39,384
"70903","Brandberg",16.78,25,57.72,86,24.83,37,6.92,9,20.77,27,32.21,48
"70904","Bruck am Ziller",17.66,59,52.99,177,29.34,98,22.49,103,31.37,144,49.7,166
"70905","Buch in Tirol",22.97,173,60.16,453,16.87,127,21.35,231,30.12,331,55.25,416
"70907","Eben am Achensee",22.18,254,47.16,540,29.87,342,21.75,338,36.3,575,45.85,525
"70908","Finkenberg",24.66,143,46.38,269,28.45,165,14.66,84,30.24,176,43.62,253
"70909","Fügen",9.71,106,52.11,569,37.82,413,27.82,505,31.73,579,35.9,392
"70910","Fügenberg",27.41,165,54.49,328,17.44,105,21.17,127,27.56,167,47.34,285
"70911","Gallzein",20.1,42,61.24,128,18.66,39,18.32,48,22.05,58,56.94,119
"70912","Gerlos",17.61,56,39.94,127,41.82,133,13.26,37,28.81,85,19.81,63
"70913","Gerlosberg",19.43,41,58.29,123,22.27,47,12.78,23,24.73,45,59.72,126
"70914","Hainzenberg",24.83,75,51.66,156,23.51,71,14.8,41,25.81,72,57.95,175
"70915","Hart im Zillertal",21.85,137,57.89,363,20.1,126,15.7,106,31.32,213,54.7,343
"70916","Hippach",13.47,71,59.77,315,26.19,138,16.67,94,28.9,165,48.96,258
"70917","Jenbach",14.65,188,48.4,621,35.7,458,28.58,984,38.72,1334,36.48,468
"70918","Kaltenbach",19.5,94,58.09,280,22.41,108,26.19,143,33.03,182,45.85,221
"70920","Mayrhofen",9.63,105,47.06,513,43.03,469,23.43,389,35.66,597,33.03,360
"70921","Pill",27.59,152,54.45,300,17.79,98,22.14,114,27.71,143,72.96,402
"70922","Ramsau im Zillertal",11.54,54,59.19,277,29.27,137,25.1,180,29.94,215,38.03,178
"70923","Ried im Zillertal",8.31,30,57.34,207,34.35,124,20.64,116,33.75,191,41,148
"70924","Rohrberg",18.52,45,60.91,148,20.16,49,16.36,36,30.04,67,44.44,108
"70925","Schlitters",14.32,59,61.89,255,23.79,98,25.16,159,28.86,183,45.87,189
"70926","Schwaz",14.2,343,44.99,1087,39.4,952,29.41,1912,39.48,2570,39.94,965
"70927","Schwendau",11.81,62,58.48,307,29.71,156,21.31,150,27.12,192,42.29,222
"70928","Stans",11.35,73,67.03,431,21.62,139,33.3,316,29.65,282,50.86,327
"70929","Steinberg am Rofan",24.09,53,59.09,130,16.82,37,7.41,10,36.03,49,65.45,144
"70930","Strass im Zillertal",17.29,51,60.34,178,22.03,65,19.2,67,32.09,112,37.97,112
"70931","Stumm",5.29,29,58.94,323,35.77,196,23.54,185,31.71,254,39.23,215
"70932","Stummerberg",20.84,79,60.16,228,19,72,7.74,25,26.32,85,51.45,195
"70933","Terfens",24.23,181,52.88,395,22.89,171,25.2,247,30.28,297,50.6,378
"70934","Tux",17.42,120,43.54,300,38.03,262,19.04,139,28.52,217,33.24,229
"70935","Uderns",12.03,61,60.55,307,27.02,137,30.69,252,31.23,258,44.18,224
"70936","Vomp",17.09,247,61.38,887,21.45,310,29.12,656,30.02,677,51.49,744
"70937","Weer",18.54,89,55.21,265,26.25,126,23.79,191,35.45,285,46.67,224
"70938","Weerberg",26.91,247,52.07,478,20.92,192,24.16,236,24.23,237,59.37,545
"70939","Wiesing",17.82,108,60.89,369,21.12,128,23.66,226,31.9,305,45.71,277
"70940","Zell am Ziller",10.19,48,41.19,194,48.41,228,21.58,158,36.4,269,23.78,112
"70941","Zellberg",25.71,82,54.55,174,19.75,63,11.88,31,30.04,79,58.62,187
"80101","Bartholomäberg",46.26,476,46.65,480,7.09,73,12.33,111,27.32,247,63.36,652
"80102","Blons",12.59,18,67.13,96,20.28,29,6.62,9,29.41,40,57.34,82
"80103","Bludenz",14.94,438,49.1,1439,34.97,1025,22.74,1590,41.21,2883,45.31,1328
"80104","Bludesch",23.09,139,53.49,322,22.76,137,20.21,232,32.58,374,60.63,365
"80105","Brand",11.99,38,44.48,141,41.96,133,10,32,37,121,35.02,111
"80106","Bürs",22.51,194,54.41,469,22.97,198,17.48,263,34.2,515,46.87,404
"80107","Bürserberg",28.57,98,54.23,186,17.2,59,8.68,21,31.98,79,64.72,222
"80108","Dalaas",17.52,110,67.36,423,15.13,95,8.88,58,26.83,176,50.96,320
"80109","Fontanella",22.55,62,50.55,139,26.91,74,9.88,17,33.33,58,71.64,197
"80110","Gaschurn",17.83,133,53.62,400,28.42,212,10.18,69,37.54,259,51.61,385
"80111","Innerbraz",9.76,32,78.05,256,12.2,40,11.62,48,29.54,122,56.71,186
"80112","Klösterle",14.33,42,55.97,164,29.69,87,8.13,23,29.62,85,35.49,104
"80113","Lech",6.61,45,26.58,181,64.61,440,21.64,140,42.72,305,14.68,100
"80114","Lorüns",17.43,19,76.15,83,6.42,7,4.8,6,28.8,36,64.22,70
"80115","Ludesch",17.28,173,65.23,653,17.48,175,17.92,284,32.01,508,61.94,620
"80116","Nenzing",22.28,493,63.62,1408,14.1,312,18.09,485,31.05,835,60.87,1347
"80117","Nüziders",22.75,339,62.68,934,14.5,216,20.05,436,32.63,710,65.1,970
"80118","Raggal",22.45,88,56.63,222,20.92,82,8.2,31,30.87,117,63.52,249
"80119","St. Anton im Montafon",23.65,48,55.67,113,20.69,42,18.97,59,33.33,104,58.13,118
"80120","St. Gallenkirch",27.75,330,55.42,659,16.48,196,10.79,101,33.4,316,52.73,627
"80121","St. Gerold",6.87,9,63.36,83,29.77,39,17.28,28,38.27,62,46.56,61
"80122","Schruns",12.75,169,55.55,736,31.62,419,19.16,365,43.31,829,45.89,608
"80123","Silbertal",27.27,117,59.67,256,13.05,56,11.64,37,24.21,77,58.28,250
"80124","Sonntag",15.83,44,58.27,162,25.9,72,11.67,30,33.98,88,59.35,165
"80125","Stallehr",20.62,20,65.98,64,13.4,13,9.65,11,26.32,30,69.07,67
"80126","Thüringen",23.16,167,60.75,438,16.09,116,15.63,159,31.83,324,64.22,463
"80127","Thüringerberg",14.38,44,69.28,212,16.34,50,8.16,23,25.18,71,71.57,219
"80128","Tschagguns",24.95,270,56.56,612,18.39,199,13.43,130,36.02,349,56.1,607
"80129","Vandans",30.3,313,59.24,612,10.36,107,15.33,185,31.68,383,57.12,590
"80201","Alberschwende",30.65,365,58.44,696,10.92,130,14.01,180,30.48,392,67.34,802
"80202","Andelsbuch",20.25,164,57.9,469,21.85,177,18.44,185,29.01,293,52.96,429
"80203","Au",23.36,174,60.81,453,15.7,117,16.53,121,29.97,220,55.44,413
"80204","Bezau",18.19,129,56.7,402,25.11,178,16.69,136,33.78,276,50.21,356
"80205","Bildstein",30.4,107,58.81,207,10.8,38,14.03,47,31.64,106,72.16,254
"80206","Bizau",27.21,120,54.2,239,18.59,82,13.15,58,32.88,145,61,269
"80207","Bregenz",7.04,268,33.99,1294,54.45,2073,24.74,3517,45.97,6555,34.59,1317
"80208","Buch",30.6,71,67.67,157,1.72,4,9.38,21,23.21,52,73.71,171
"80209","Damüls",31.07,64,36.41,75,32.04,66,13.04,18,40.4,61,49.03,101
"80210","Doren",24.19,90,62.9,234,12.9,48,11.37,48,27.96,118,68.55,255
"80211","Egg",32.13,489,49.74,757,18.13,276,17.6,267,32.52,494,64.59,983
"80212","Eichenberg",15.6,22,54.61,77,29.79,42,8,12,28,42,49.65,70
"80213","Fußach",32.07,406,57.19,724,10.74,136,18.13,292,28.83,465,71.01,899
"80214","Gaißau",26.78,177,66.72,441,6.51,43,9.31,67,23.47,169,82.3,544
"80215","Hard",17.53,544,55.41,1720,26.64,827,25.35,1541,35.95,2187,56.67,1759
"80216","Hittisau",17.19,137,61.1,487,21.58,172,15.48,130,31.91,270,57.09,455
"80217","Höchst",23.37,591,65.12,1647,11.47,290,18.3,633,31.3,1084,69.08,1747
"80218","Hörbranz",20.01,357,56.28,1004,23.71,423,21.32,612,33.61,965,56.45,1007
"80219","Hohenweiler",23.78,102,61.77,265,14.45,62,11.13,60,26.57,144,64.57,277
"80220","Kennelbach",23.08,117,51.28,260,25.25,128,22.52,184,34.11,279,54.64,277
"80221","Krumbach",13.65,49,70.75,254,15.6,56,16.97,84,35.89,178,53.48,192
"80222","Langen bei Bregenz",22.77,110,56.73,274,20.5,99,10.46,64,28.43,174,57.14,276
"80223","Langenegg",18.57,70,56.5,213,24.67,93,14.23,67,28.87,136,58.89,222
"80224","Lauterach",14.26,341,62.42,1493,23.24,556,26.62,1216,35.09,1604,61.16,1463
"80225","Lingenau",13.89,65,64.53,302,21.37,100,21.28,130,29.13,178,51.5,241
"80226","Lochau",16.44,196,45.13,538,35.4,422,29.35,979,45.1,1508,48.41,577
"80227","Mellau",17.01,82,59.34,286,23.65,114,19.17,101,34.77,185,51.04,246
"80228","Mittelberg",13.51,194,48.33,694,37.81,543,18.14,407,42.15,975,25.91,372
"80229","Möggers",17.58,29,63.03,104,19.39,32,19.07,41,22.69,49,50.91,84
"80230","Reuthe",31.56,77,50.82,124,17.62,43,14.44,40,32.49,90,58.61,143
"80231","Riefensberg",23.14,87,60.11,226,16.76,63,11.41,47,27.36,113,53.72,202
"80232","Schnepfau",19.19,38,64.65,128,16.16,32,12.87,26,26.6,54,61.62,122
"80233","Schoppernau",7.51,28,60.59,226,31.9,119,11.75,43,30.65,114,54.42,203
"80234","Schröcken",12.96,14,37.96,41,47.22,51,23.33,21,41.05,39,29.63,32
"80235","Schwarzach",17.03,187,65.85,723,16.94,186,28.08,470,32.32,542,69.49,763
"80236","Schwarzenberg",20.56,190,52.71,487,26.73,247,12.3,91,34.05,254,60.39,558
"80237","Sibratsgfäll",23.11,52,56,126,20.89,47,14.29,26,32.79,60,68,153
"80238","Sulzberg",20.55,119,56.65,328,22.45,130,15.83,113,26.85,192,54.06,313
"80239","Warth",10,10,44,44,43,43,17.5,14,53.01,44,34,34
"80240","Wolfurt",19.35,435,59.61,1340,20.86,469,26.93,1022,34.18,1298,63.79,1434
"80301","Dornbirn",20.21,2311,53.78,6150,25.1,2871,25.38,5874,38.69,8975,60.23,6888
"80302","Hohenems",18.64,787,59.13,2497,21.83,922,21.78,1591,34.04,2493,61.8,2610
"80303","Lustenau",25.76,1534,53.9,3210,20,1191,24.87,2533,33.62,3431,64.52,3843
"80401","Altach",28.18,567,56.51,1137,15.06,303,26.48,792,31.32,937,66.55,1339
"80402","Düns",17.75,30,66.27,112,15.98,27,5.45,9,20,33,76.92,130
"80403","Dünserberg",26.74,23,65.12,56,8.14,7,10.61,7,41.79,28,74.42,64
"80404","Feldkirch",15.26,1235,52.24,4227,31.34,2536,28.39,4694,39.3,6506,57.09,4619
"80405","Frastanz",25.51,476,59.38,1108,15.06,281,16.42,459,33.95,951,64.58,1205
"80406","Fraxern",31.29,87,56.47,157,12.23,34,11.78,35,25.59,76,75.9,211
"80407","Göfis",27.99,314,63.81,716,8.2,92,19.42,269,28.7,398,74.51,836
"80408","Götzis",23.84,714,57.76,1730,17.86,535,22.46,1194,34.66,1843,63.84,1912
"80409","Klaus",27.14,289,58.4,622,14.46,154,17.7,232,32.4,426,67.32,717
"80410","Koblach",33.35,545,57.71,943,8.94,146,18.63,377,29.04,589,74.79,1222
"80411","Laterns",24.05,82,60.41,206,15.54,53,9.71,27,29.5,82,58.65,200
"80412","Mäder",24.71,301,62.81,765,12.48,152,24.27,418,27.12,467,74.14,903
"80413","Meiningen",25.06,212,66.55,563,8.39,71,12.73,127,27.5,275,76,643
"80414","Rankweil",10.95,335,68.86,2107,19.93,610,24.72,1312,33.8,1794,58.14,1779
"80415","Röns",19.58,28,70.63,101,9.79,14,11.76,18,24.18,37,67.83,97
"80416","Röthis",24.03,161,60.45,405,14.93,100,28.65,277,36.05,350,60.3,404
"80417","Satteins",18.75,162,66.44,574,14.81,128,17.49,198,29.4,334,64.93,561
"80418","Schlins",13.23,98,69.1,512,17.68,131,20.67,217,28.35,298,60.73,450
"80419","Schnifis",22.08,70,68.45,217,9.46,30,11.58,36,27.01,84,82.65,262
"80420","Sulz",15.76,121,67.58,519,16.41,126,26.54,315,34.57,411,60.03,461
"80421","Übersaxen",32.83,87,59.62,158,7.55,20,10.61,26,22.86,56,69.81,185
"80422","Viktorsberg",21.23,31,71.23,104,7.53,11,15.64,28,27.78,50,63.7,93
"80423","Weiler",13.7,91,74.7,496,11.6,77,20.93,207,32.93,326,65.51,435
"80424","Zwischenwasser",20.24,220,66.88,727,12.79,139,19.06,269,30.81,435,72.03,783
"90101","Wien-Innere Stadt",5.85,93,3.59,57,39.14,622,7.38,622,50.28,4245,0.63,10
"90201","Wien-Leopoldstadt",25.08,1365,15.01,817,26.39,1436,10.19,5291,47.36,24969,32.21,1753
"90301","Wien-Landstraße",8.49,337,5.65,224,38.1,1512,10.47,5278,49.8,25225,4.96,197
"90401","Wien-Wieden",3.51,53,2.25,34,47.35,715,12.18,2006,49.22,8129,1.32,20
"90501","Wien-Margareten",3.29,71,2.74,59,44.32,956,10.41,2956,51.94,14759,1.48,32
"90601","Wien-Mariahilf",8.52,126,4.46,66,43.2,639,10.42,1678,51.45,8292,1.01,15
"90701","Wien-Neubau",4.15,67,3.84,62,59.08,953,10.32,1749,52.46,8892,1.43,23
"90801","Wien-Josefstadt",3.9,45,3.99,46,48.7,562,10.43,1280,51.39,6309,1.39,16
"90901","Wien-Alsergrund",5.69,112,4.01,79,45.28,892,9.34,2038,51.67,11279,1.07,21
"91001","Wien-Favoriten",35.3,4916,23.2,3231,23.61,3288,8.84,8706,43.19,42952,50.23,6995
"91101","Wien-Simmering",40.83,3059,20.89,1565,22.13,1658,8.94,4396,40.81,20142,48.8,3656
"91201","Wien-Meidling",22.43,1610,27,1938,32.87,2360,10.34,4974,46.88,22980,37.09,2663
"91301","Wien-Hietzing",24.26,2557,44.16,4654,29.31,3089,18.52,4921,45.25,12048,58.56,6172
"91401","Wien-Penzing",31.93,4237,38.35,5089,23.02,3055,14.3,6905,46.33,22413,63.84,8471
"91501","Wien-Rudolfsheim-Fünfhaus",6.53,217,9.3,309,57.7,1918,7.45,2809,49.58,18742,7.67,255
"91601","Wien-Ottakring",23.55,1637,19.74,1372,39.15,2721,10.45,5325,48.59,24785,34.5,2398
"91701","Wien-Hernals",32.19,1986,26,1604,31.98,1973,12.6,3494,47.12,13077,52.59,3244
"91801","Wien-Währing",15.6,748,21.03,1008,53.42,2561,16.09,4176,49.03,12739,28.6,1371
"91901","Wien-Döbling",24.13,2209,31.15,2851,37.45,3428,15.95,5767,47.67,17347,43.6,3991
"92001","Wien-Brigittenau",9.73,247,3.78,96,27.77,705,9.79,4080,48.01,20028,5.32,135
"92101","Wien-Floridsdorf",38.05,8071,33.36,7077,20.83,4418,10.35,8859,42.03,36099,63.53,13477
"92201","Wien-Donaustadt",43.74,14704,35.38,11893,16.3,5481,12.22,12043,38.89,38551,77.29,25982
"92301","Wien-Liesing",34.6,5828,37.96,6394,23.83,4015,14.72,8152,40.8,22659,60.38,10171
