"g_id","id","g_name","address_count","total_pop","pop_60to74","percent_60to74","pop_75andUp","percent_75andUp","households_no_kids","percent_households_no_kids","percent_1floor","abs_1floor","percent_2floor","abs_2floor","percent_3to5floor","abs_3to5floor","percent_own_occ","abs_own_occ","percent_priv_one","abs_priv_one","percent_res_one_dwell","abs_res_one_dwell","income","price_sq_m"
"10101","STATISTIK_AUSTRIA_GEM_20240101.10101","Eisenstadt",3,16118,2951,18.31,1598,9.91,1724,41.24,41.39,1763,44.38,1890,13.74,585,15.59,1162,42.96,3209,67.64,2881,32774,"312.7"
"10201","STATISTIK_AUSTRIA_GEM_20240101.10201","Rust",1,1933,420,21.73,300,15.52,245,43.83,71.69,856,24.71,295,3.6,43,4.2,36,35.91,311,79.73,952,24956,"245.1"
"10301","STATISTIK_AUSTRIA_GEM_20240101.10301","Breitenbrunn am Neusiedler See",4,1943,463,23.83,323,16.62,293,52.42,66.16,741,31.52,353,2.32,26,9.46,90,41.13,392,80.54,902,30022,"326.8"
"10302","STATISTIK_AUSTRIA_GEM_20240101.10302","Donnerskirchen",1,1881,460,24.46,192,10.21,255,46.79,70.85,700,27.43,271,1.72,17,4.45,39,38.52,339,80.97,800,27442,"239.2"
"10303","STATISTIK_AUSTRIA_GEM_20240101.10303","Großhöflein",0,2078,461,22.18,178,8.57,293,46.07,54.01,492,42.48,387,3.51,32,3.44,32,31.98,299,79.8,727,30000,"278.2"
"10304","STATISTIK_AUSTRIA_GEM_20240101.10304","Hornstein",2,3323,696,20.94,369,11.1,460,47.82,73.32,1564,24.47,522,2.2,47,5.63,87,36.89,570,88.84,1895,29246,"203.4"
"10305","STATISTIK_AUSTRIA_GEM_20240101.10305","Klingenbach",0,1203,267,22.19,114,9.48,147,41.76,74.64,409,22.45,123,2.92,16,3.51,20,38.07,217,87.59,480,25814,"111.7"
"10306","STATISTIK_AUSTRIA_GEM_20240101.10306","Leithaprodersdorf",0,1258,234,18.6,111,8.82,128,34.78,62.65,322,34.05,175,3.31,17,1.97,9,21.66,99,85.8,441,26120,"172.9"
"10307","STATISTIK_AUSTRIA_GEM_20240101.10307","Mörbisch am See",1,2181,542,24.85,294,13.48,303,44.62,54.41,641,41.26,486,4.33,51,2.21,22,32.63,327,65.7,774,22710,"154.4"
"10308","STATISTIK_AUSTRIA_GEM_20240101.10308","Müllendorf",0,1521,287,18.87,137,9.01,199,43.54,67.86,454,28.85,193,3.29,22,3.38,21,27.29,170,88.64,593,29970,"213.3"
"10309","STATISTIK_AUSTRIA_GEM_20240101.10309","Neufeld an der Leitha",4,3594,643,17.89,407,11.32,449,44.11,63.29,905,30.14,431,6.29,90,17.08,283,37.92,631,82.52,1180,28897,"295.1"
"10310","STATISTIK_AUSTRIA_GEM_20240101.10310","Oggau am Neusiedler See",2,1691,415,24.54,212,12.54,231,45.56,65.35,545,31.77,265,2.88,24,2.25,18,36.35,293,77.94,650,24984,"345.4"
"10311","STATISTIK_AUSTRIA_GEM_20240101.10311","Oslip",0,1304,327,25.08,138,10.58,187,46.75,77.22,505,20.18,132,2.6,17,3.23,19,32.94,194,87.16,570,25512,"135.1"
"10312","STATISTIK_AUSTRIA_GEM_20240101.10312","Purbach am Neusiedler See",1,3053,696,22.8,339,11.1,437,47.97,61.05,898,35.76,526,3.2,47,2.76,38,33.43,463,76.55,1126,26898,"220.7"
"10313","STATISTIK_AUSTRIA_GEM_20240101.10313","Sankt Margarethen im Burgenland",4,2720,612,22.5,350,12.87,366,44.74,68.65,983,28.49,408,2.86,41,1.91,23,32.56,394,81.22,1163,24527,"109.6"
"10314","STATISTIK_AUSTRIA_GEM_20240101.10314","Schützen am Gebirge",1,1448,315,21.75,166,11.46,185,41.39,64.96,443,32.84,224,2.2,15,3.83,23,26.41,159,82.4,562,27082,"119.3"
"10315","STATISTIK_AUSTRIA_GEM_20240101.10315","Siegendorf",0,3228,623,19.3,385,11.93,413,42.19,66.64,895,30.98,416,2.38,32,4.84,68,30.75,433,81.53,1095,28054,"119.8"
"10316","STATISTIK_AUSTRIA_GEM_20240101.10316","Steinbrunn",0,2996,512,17.09,318,10.61,358,40.82,75.79,1456,19.26,370,4.95,95,4.84,62,32.22,415,93.96,1805,28796,"174.9"
"10317","STATISTIK_AUSTRIA_GEM_20240101.10317","Trausdorf an der Wulka",2,2143,474,22.12,271,12.65,292,46.2,81.06,1130,16.43,229,2.51,35,4.59,47,36.65,376,90.03,1255,29742,"138"
"10318","STATISTIK_AUSTRIA_GEM_20240101.10318","Wimpassing an der Leitha",1,1724,286,16.59,137,7.95,226,44.58,61.76,449,34.39,250,3.85,28,7.25,53,32.21,238,84.73,616,29367,"209.7"
"10319","STATISTIK_AUSTRIA_GEM_20240101.10319","Wulkaprodersdorf",0,1938,402,20.74,207,10.68,232,39.39,71.58,627,25.8,226,2.63,23,5.5,44,26.38,211,84.02,736,29179,"158.6"
"10320","STATISTIK_AUSTRIA_GEM_20240101.10320","Loretto",0,520,119,22.88,60,11.54,76,51.01,75.44,258,22.51,77,2.05,7,4.02,10,39.36,98,88.01,301,32049,"135.1"
"10321","STATISTIK_AUSTRIA_GEM_20240101.10321","Stotzing",2,821,159,19.37,84,10.23,92,38.17,66.95,239,30.25,108,2.8,10,1.7,6,32.67,115,85.43,305,23527,"135.1"
"10322","STATISTIK_AUSTRIA_GEM_20240101.10322","Zillingtal",4,1045,242,23.16,78,7.46,147,47.73,80.37,430,16.64,89,2.99,16,2.77,13,35.32,166,87.29,467,27405,"112.8"
"10323","STATISTIK_AUSTRIA_GEM_20240101.10323","Zagersdorf",1,1142,246,21.54,135,11.82,148,43.02,68.28,325,28.15,134,3.57,17,3.06,15,28.72,141,85.29,406,25462,"111.7"
"10401","STATISTIK_AUSTRIA_GEM_20240101.10401","Bocksdorf",0,790,174,22.03,104,13.16,104,42.98,78.11,314,21.14,85,0.75,3,0.81,3,34.68,129,82.09,330,24133,"18.4"
"10402","STATISTIK_AUSTRIA_GEM_20240101.10402","Burgauberg-Neudauberg",0,1434,310,21.62,134,9.34,186,45.37,64.17,385,34.33,206,1.5,9,2.05,12,31.06,182,74.33,446,22731,"22.4"
"10403","STATISTIK_AUSTRIA_GEM_20240101.10403","Eberau",1,910,261,28.68,143,15.71,139,51.48,79.63,473,19.19,114,1.18,7,1.96,8,34.95,144,86.53,514,24075,"15.2"
"10404","STATISTIK_AUSTRIA_GEM_20240101.10404","Gerersdorf-Sulz",1,1028,273,26.56,140,13.62,142,45.22,76.95,404,20.76,109,2.29,12,0.67,3,30.36,136,88.76,466,23503,"18.4"
"10405","STATISTIK_AUSTRIA_GEM_20240101.10405","Güssing",1,3520,815,23.15,549,15.6,448,44.49,71.74,1056,20.58,303,7,103,9.38,155,39.04,648,75,1104,26249,"28.4"
"10406","STATISTIK_AUSTRIA_GEM_20240101.10406","Güttenbach",2,843,231,27.4,127,15.07,103,40.39,84.98,362,14.08,60,0.94,4,0.84,3,29.25,105,89.67,382,22040,"12"
"10407","STATISTIK_AUSTRIA_GEM_20240101.10407","Heiligenbrunn",0,710,210,29.58,104,14.65,116,50.88,82.27,348,14.66,62,3.07,13,0.61,2,31.1,102,84.63,358,21629,"15.2"
"10408","STATISTIK_AUSTRIA_GEM_20240101.10408","Kukmirn",2,1985,498,25.09,258,13,267,44.5,75.91,687,22.54,204,1.55,14,2.51,21,30.67,257,83.98,760,23205,"18.4"
"10409","STATISTIK_AUSTRIA_GEM_20240101.10409","Neuberg im Burgenland",0,943,246,26.09,100,10.6,110,39.15,83.47,404,15.7,76,0.83,4,0.47,2,34.73,149,86.98,421,22110,"12"
"10410","STATISTIK_AUSTRIA_GEM_20240101.10410","Neustift bei Güssing",0,444,139,31.31,73,16.44,73,55.3,85.66,227,13.58,36,0.75,2,3.72,8,40.74,88,88.3,234,21260,"15.2"
"10411","STATISTIK_AUSTRIA_GEM_20240101.10411","Olbendorf",1,1470,402,27.35,173,11.77,185,42.24,80.81,619,17.75,136,1.44,11,0.94,6,33.07,212,89.82,688,24168,"12"
"10412","STATISTIK_AUSTRIA_GEM_20240101.10412","Ollersdorf im Burgenland",0,955,244,25.55,108,11.31,128,43.99,76.72,369,22.45,108,0.83,4,1.14,5,35.52,157,82.74,398,24047,"22.4"
"10413","STATISTIK_AUSTRIA_GEM_20240101.10413","Sankt Michael im Burgenland",2,1007,249,24.73,135,13.41,135,43.69,74.24,389,23.85,125,1.91,10,2.94,14,36.48,174,81.68,428,23862,"18.4"
"10414","STATISTIK_AUSTRIA_GEM_20240101.10414","Stegersbach",4,2741,582,21.23,319,11.64,324,42.8,65.22,827,29.5,374,5.28,67,4.47,57,40.41,516,75.32,955,25971,"30.9"
"10415","STATISTIK_AUSTRIA_GEM_20240101.10415","Stinatz",0,1193,308,25.82,114,9.56,137,39.03,75.88,453,23.12,138,1.01,6,0.21,1,28.18,135,90.45,540,23944,"22.4"
"10416","STATISTIK_AUSTRIA_GEM_20240101.10416","Strem",0,934,227,24.3,198,21.2,135,52.53,66.17,403,32.68,199,1.15,7,0.73,3,37.47,154,88.34,538,21684,"15.2"
"10417","STATISTIK_AUSTRIA_GEM_20240101.10417","Tobaj",1,1369,347,25.35,113,8.25,181,43.61,73.54,492,24.81,166,1.64,11,1.54,9,28.94,169,82.81,554,23201,"15.2"
"10418","STATISTIK_AUSTRIA_GEM_20240101.10418","Hackerberg",0,383,86,22.45,32,8.36,47,40.87,78.72,148,20.21,38,1.06,2,0,0,28.31,47,90.43,170,23394,"22.4"
"10419","STATISTIK_AUSTRIA_GEM_20240101.10419","Wörterberg",0,538,121,22.49,47,8.74,63,44.37,80,188,17.87,42,2.13,5,0,0,29.17,56,91.49,215,25138,"22.4"
"10420","STATISTIK_AUSTRIA_GEM_20240101.10420","Großmürbisch",1,232,83,35.78,30,12.93,35,53.03,89.73,131,8.22,12,2.05,3,1.77,2,40.87,47,93.15,136,24309,"15.2"
"10421","STATISTIK_AUSTRIA_GEM_20240101.10421","Inzenhof",0,336,89,26.49,35,10.42,41,42.27,88.08,170,10.36,20,1.55,3,2.72,4,36.05,53,87.05,168,23547,"15.2"
"10422","STATISTIK_AUSTRIA_GEM_20240101.10422","Kleinmürbisch",0,227,59,25.99,29,12.78,30,42.25,76.03,92,21.49,26,2.48,3,0,0,32.38,34,91.74,111,21411,"15.2"
"10423","STATISTIK_AUSTRIA_GEM_20240101.10423","Tschanigraben",0,64,24,37.5,7,10.94,10,52.63,88,44,12,6,0,0,0,0,50,18,96,48,22618,"15.2"
"10424","STATISTIK_AUSTRIA_GEM_20240101.10424","Heugraben",0,233,62,26.61,32,13.73,31,46.27,81.54,106,17.69,23,0.77,1,3.03,3,33.33,33,91.54,119,22782,"18.4"
"10425","STATISTIK_AUSTRIA_GEM_20240101.10425","Rohr im Burgenland",0,369,101,27.37,43,11.65,56,49.56,78.37,163,20.19,42,1.44,3,0,0,33.33,56,87.02,181,22257,"18.4"
"10426","STATISTIK_AUSTRIA_GEM_20240101.10426","Bildein",0,352,83,23.58,46,13.07,34,34.69,88.89,160,10,18,1.11,2,0,0,32.62,46,93.89,169,22064,"15.2"
"10427","STATISTIK_AUSTRIA_GEM_20240101.10427","Rauchwart",0,478,133,27.82,45,9.41,58,42.03,73.17,210,25.78,74,1.05,3,0.91,2,37.44,82,88.15,253,21990,"141.8"
"10428","STATISTIK_AUSTRIA_GEM_20240101.10428","Moschendorf",1,364,106,29.12,55,15.11,57,47.5,78.5,157,20,40,1.5,3,0.65,1,25.49,39,89.5,179,23116,"15.2"
"10501","STATISTIK_AUSTRIA_GEM_20240101.10501","Deutsch Kaltenbrunn",0,1730,426,24.62,187,10.81,229,43.79,72.56,558,24.97,192,2.47,19,3.8,28,30.62,226,79.19,609,23477,"21.5"
"10502","STATISTIK_AUSTRIA_GEM_20240101.10502","Eltendorf",0,900,245,27.22,124,13.78,120,43.17,78.68,358,20.44,93,0.88,4,2.52,10,32.16,128,82.2,374,22105,"21.5"
"10503","STATISTIK_AUSTRIA_GEM_20240101.10503","Heiligenkreuz im Lafnitztal",0,1242,301,24.24,167,13.45,187,48.45,76.32,490,19.16,123,4.52,29,2.61,15,33.04,191,78.19,502,23274,"21.5"
"10504","STATISTIK_AUSTRIA_GEM_20240101.10504","Jennersdorf",2,4159,1030,24.77,484,11.64,580,47.5,68.72,1204,26.43,463,4.79,84,6.17,118,37.08,716,73.8,1293,23589,"33.1"
"10505","STATISTIK_AUSTRIA_GEM_20240101.10505","Minihof-Liebau",0,1041,260,24.98,108,10.37,142,43.29,77.96,375,20.79,100,1.25,6,3.21,14,27.85,122,79.42,382,22320,"13.4"
"10506","STATISTIK_AUSTRIA_GEM_20240101.10506","Mogersdorf",1,1153,261,22.64,124,10.75,146,41.48,75.04,418,21.18,118,3.77,21,0.38,2,33.58,179,83.84,467,21999,"21.5"
"10507","STATISTIK_AUSTRIA_GEM_20240101.10507","Neuhaus am Klausenbach",0,879,222,25.26,123,13.99,109,42.08,77.05,339,19.32,85,3.64,16,0,0,35.16,135,85.23,375,22018,"13.4"
"10508","STATISTIK_AUSTRIA_GEM_20240101.10508","Rudersdorf",2,2241,499,22.27,252,11.24,315,46.32,63.24,559,33.03,292,3.73,33,6.68,68,32.78,334,74.43,658,25029,"30.4"
"10509","STATISTIK_AUSTRIA_GEM_20240101.10509","Sankt Martin an der Raab",1,1941,483,24.88,244,12.57,291,47.63,76.62,744,18.95,184,4.43,43,2.41,21,29.78,260,84.04,816,22019,"13.4"
"10510","STATISTIK_AUSTRIA_GEM_20240101.10510","Weichselbaum",0,712,207,29.07,85,11.94,109,49.77,79.25,317,18.75,75,2,8,0,0,34.23,114,81.75,327,20013,"21.5"
"10511","STATISTIK_AUSTRIA_GEM_20240101.10511","Königsdorf",1,784,177,22.58,100,12.76,112,47.26,67.45,230,30.5,104,2.05,7,3.27,11,29.76,100,77.42,264,21621,"21.5"
"10512","STATISTIK_AUSTRIA_GEM_20240101.10512","Mühlgraben",0,375,118,31.47,29,7.73,41,37.27,74.73,136,20.88,38,4.4,8,0.58,1,33.14,57,85.71,156,20322,"13.4"
"10601","STATISTIK_AUSTRIA_GEM_20240101.10601","Draßburg",0,1233,259,21.01,165,13.38,155,45.06,74.53,436,24.62,144,0.85,5,4.14,22,36.02,192,86.5,506,26414,"68.4"
"10602","STATISTIK_AUSTRIA_GEM_20240101.10602","Forchtenstein",0,2800,635,22.68,305,10.89,400,46.62,59.61,788,34.49,456,5.9,78,2.62,31,27.97,332,80.18,1060,26213,"79.3"
"10603","STATISTIK_AUSTRIA_GEM_20240101.10603","Hirm",1,1103,214,19.4,90,8.16,144,44.04,70.52,299,25.24,107,4.25,18,3.66,17,31.84,149,83.49,354,28005,"89.4"
"10604","STATISTIK_AUSTRIA_GEM_20240101.10604","Loipersbach im Burgenland",1,1214,249,20.51,138,11.37,145,40.28,71.76,404,26.47,149,1.78,10,4.15,22,33.4,178,77.62,437,25294,"68.4"
"10605","STATISTIK_AUSTRIA_GEM_20240101.10605","Marz",0,2074,475,22.9,189,9.11,280,43.14,62.2,576,36.5,338,1.3,12,1.85,16,25.4,220,74.41,689,26191,"77.6"
"10606","STATISTIK_AUSTRIA_GEM_20240101.10606","Mattersburg",3,7554,1434,18.98,731,9.68,920,42.42,60.51,1580,32.94,860,6.24,163,10.13,350,36.69,1270,75.14,1962,27764,"165.1"
"10607","STATISTIK_AUSTRIA_GEM_20240101.10607","Neudörfl",2,5015,911,18.17,504,10.05,647,46.41,58.94,1048,35.15,625,5.91,105,11.43,251,35.82,787,79.08,1406,25999,"182"
"10608","STATISTIK_AUSTRIA_GEM_20240101.10608","Pöttelsdorf",1,754,146,19.36,84,11.14,107,45.92,56.94,205,38.89,140,4.17,15,4.36,15,32.27,111,59.17,213,28110,"69.8"
"10609","STATISTIK_AUSTRIA_GEM_20240101.10609","Pöttsching",2,3068,689,22.46,331,10.79,429,47.67,54.23,840,43.19,669,2.58,40,3.53,49,36.06,507,84.76,1313,28000,"112.8"
"10610","STATISTIK_AUSTRIA_GEM_20240101.10610","Rohrbach bei Mattersburg",0,2684,575,21.42,289,10.77,349,42.87,69.32,739,26.64,284,4.03,43,10.08,111,27.64,306,80.39,857,24481,"68.4"
"10611","STATISTIK_AUSTRIA_GEM_20240101.10611","Bad Sauerbrunn",0,2355,460,19.53,277,11.76,269,41.32,53.55,520,39.86,387,6.59,64,7.58,81,39.48,424,81.77,794,29634,"198.8"
"10612","STATISTIK_AUSTRIA_GEM_20240101.10612","Schattendorf",0,2360,517,21.91,236,10,311,43.8,71.93,848,24.77,292,3.31,39,2.3,25,34.86,380,87.7,1034,25727,"76.3"
"10613","STATISTIK_AUSTRIA_GEM_20240101.10613","Sieggraben",1,1253,302,24.1,124,9.9,170,43.7,68.47,380,29.01,161,2.52,14,0.19,1,26.29,138,75.86,421,24419,"46.1"
"10614","STATISTIK_AUSTRIA_GEM_20240101.10614","Sigleß",0,1183,227,19.19,157,13.27,180,48.78,72.41,412,26.36,150,1.23,7,2.1,11,30.86,162,87.35,497,28912,"69.8"
"10615","STATISTIK_AUSTRIA_GEM_20240101.10615","Wiesen",0,2792,603,21.6,337,12.07,362,43.51,66.08,863,32.85,429,1.07,14,1.44,17,30.94,367,83.54,1091,25680,"123.1"
"10616","STATISTIK_AUSTRIA_GEM_20240101.10616","Antau",0,846,176,20.8,81,9.57,114,43.51,72,288,26,104,2,8,2.25,8,29.21,104,78.5,314,23703,"89.4"
"10617","STATISTIK_AUSTRIA_GEM_20240101.10617","Baumgarten",0,922,195,21.15,127,13.77,121,44.16,75.63,332,21.64,95,2.73,12,1.67,7,34.76,146,85.19,374,27970,"68.4"
"10618","STATISTIK_AUSTRIA_GEM_20240101.10618","Zemendorf-Stöttera",0,1320,264,20,130,9.85,164,43.97,74.33,475,22.22,142,3.44,22,1.81,10,33.15,184,81.06,518,27042,"91.6"
"10619","STATISTIK_AUSTRIA_GEM_20240101.10619","Krensdorf",0,624,145,23.24,54,8.65,73,39.25,70.14,195,28.06,78,1.8,5,1.61,4,25.2,63,87.05,242,26224,"69.8"
"10701","STATISTIK_AUSTRIA_GEM_20240101.10701","Andau",2,2266,603,26.61,311,13.72,345,47.26,73.54,795,24.88,269,1.57,17,0.6,6,29.04,293,82.79,895,24288,"48.9"
"10702","STATISTIK_AUSTRIA_GEM_20240101.10702","Apetlon",2,1749,449,25.67,238,13.61,228,42.86,74.68,755,24.04,243,1.29,13,1.4,11,32.49,256,78.14,790,24521,"57.1"
"10703","STATISTIK_AUSTRIA_GEM_20240101.10703","Bruckneudorf",0,3108,588,18.92,198,6.37,400,44.89,49.4,414,38.42,322,11.93,100,12.31,183,39.4,587,76.73,643,27552,"317.8"
"10704","STATISTIK_AUSTRIA_GEM_20240101.10704","Deutsch Jahrndorf",0,643,152,23.64,84,13.06,85,43.15,77.98,255,20.18,66,1.83,6,1.06,3,30.53,87,89.3,292,26303,"99.2"
"10705","STATISTIK_AUSTRIA_GEM_20240101.10705","Frauenkirchen",2,2963,684,23.08,364,12.28,374,44.84,64.19,889,31.7,439,4.12,57,1.04,14,37.46,505,75.88,1051,25406,"112.5"
"10706","STATISTIK_AUSTRIA_GEM_20240101.10706","Gattendorf",0,1518,276,18.18,134,8.83,172,38.83,69.37,437,29.05,183,1.59,10,5.72,35,28.71,176,81.9,516,25852,"198.5"
"10707","STATISTIK_AUSTRIA_GEM_20240101.10707","Gols",1,3937,820,20.83,407,10.34,448,38.59,54.82,949,41.71,722,3.41,59,3.47,59,32.04,546,75.79,1312,25267,"241.3"
"10708","STATISTIK_AUSTRIA_GEM_20240101.10708","Halbturn",1,1871,452,24.16,259,13.84,233,40.59,72.31,585,26.21,212,1.48,12,2.03,16,29.78,235,86.65,701,26527,"112.5"
"10709","STATISTIK_AUSTRIA_GEM_20240101.10709","Illmitz",2,2333,608,26.06,292,12.52,317,44.15,68.03,800,29.42,346,2.55,30,2.24,23,31.97,329,80.19,943,25237,"138.7"
"10710","STATISTIK_AUSTRIA_GEM_20240101.10710","Jois",0,1655,366,22.11,155,9.37,200,41.49,59.06,450,37.01,282,3.81,29,3.36,24,33.66,242,76.25,581,27114,"276.4"
"10711","STATISTIK_AUSTRIA_GEM_20240101.10711","Kittsee",1,3803,608,15.99,309,8.13,309,30.41,62.19,806,33.95,440,3.7,48,10.89,159,30.29,444,81.48,1056,26069,"260.4"
"10712","STATISTIK_AUSTRIA_GEM_20240101.10712","Mönchhof",2,2191,486,22.18,242,11.05,280,41.42,60.5,605,36.4,364,3.1,31,3.2,29,29.14,276,78.1,781,24751,"112.5"
"10713","STATISTIK_AUSTRIA_GEM_20240101.10713","Neusiedl am See",6,8885,1606,18.08,710,7.99,916,36.57,46.94,1473,43.79,1374,9.21,289,12.34,501,37.89,1543,70.49,2212,29178,"390.7"
"10714","STATISTIK_AUSTRIA_GEM_20240101.10714","Nickelsdorf",1,1843,410,22.25,195,10.58,236,43.62,75.5,675,23.27,208,1.23,11,5.74,46,32.13,259,87.7,784,26128,"99.2"
"10715","STATISTIK_AUSTRIA_GEM_20240101.10715","Pama",1,1284,248,19.31,120,9.35,139,37.98,68.16,351,28.74,148,3.11,16,3.18,17,32.02,171,78.06,402,26164,"97.1"
"10716","STATISTIK_AUSTRIA_GEM_20240101.10716","Pamhagen",0,1472,398,27.04,180,12.23,205,44.18,56.86,522,32.35,297,10.78,99,0.47,3,27.27,174,71.57,657,23191,"57.1"
"10717","STATISTIK_AUSTRIA_GEM_20240101.10717","Parndorf",1,5362,843,15.72,334,6.23,589,38.2,58.86,1103,34.9,654,6.19,116,5.81,127,29.63,648,79.67,1493,26608,"283.8"
"10718","STATISTIK_AUSTRIA_GEM_20240101.10718","Podersdorf am See",0,2146,532,24.79,277,12.91,257,40.28,58.06,688,37.05,439,4.89,58,4.18,40,33.19,319,71.14,843,25765,"183"
"10719","STATISTIK_AUSTRIA_GEM_20240101.10719","Sankt Andrä am Zicksee",0,1389,381,27.43,173,12.46,190,45.78,78.82,588,19.17,143,2.01,15,1.78,11,35.05,218,82.57,616,25838,"72.7"
"10720","STATISTIK_AUSTRIA_GEM_20240101.10720","Tadten",0,1142,316,27.67,162,14.19,175,47.81,71.15,407,24.83,142,4.02,23,0.42,2,25.94,124,88.29,505,23845,"57.4"
"10721","STATISTIK_AUSTRIA_GEM_20240101.10721","Wallern im Burgenland",0,1624,418,25.74,200,12.32,187,36.67,70.69,545,27.89,215,1.43,11,2.47,17,29.55,203,75.1,579,23189,"57.1"
"10722","STATISTIK_AUSTRIA_GEM_20240101.10722","Weiden am See",1,2597,570,21.95,283,10.9,319,41.54,61.93,1046,34.7,586,3.37,57,5.43,62,33.51,383,80.58,1361,27816,"347.3"
"10723","STATISTIK_AUSTRIA_GEM_20240101.10723","Winden am See",0,1384,295,21.32,139,10.04,188,45.97,57.03,369,41.58,269,1.39,9,2.91,19,37.37,244,80.53,521,26691,"333"
"10724","STATISTIK_AUSTRIA_GEM_20240101.10724","Zurndorf",1,2320,517,22.28,294,12.67,280,41.98,71.64,730,26.01,265,2.36,24,2.21,22,33.5,336,84.4,860,26262,"126.9"
"10725","STATISTIK_AUSTRIA_GEM_20240101.10725","Neudorf",0,857,160,18.67,72,8.4,90,37.34,74.01,299,25,101,0.99,4,3.71,13,32.19,113,83.66,338,26109,"139.1"
"10726","STATISTIK_AUSTRIA_GEM_20240101.10726","Potzneusiedl",0,679,128,18.85,70,10.31,76,40,76.63,259,20.12,68,3.25,11,3.59,11,35.29,108,83.73,283,26842,"170.6"
"10727","STATISTIK_AUSTRIA_GEM_20240101.10727","Edelstal",0,824,181,21.97,80,9.71,97,40.59,72.17,306,25.94,110,1.89,8,2.77,9,28.62,93,86.79,368,28149,"244.9"
"10801","STATISTIK_AUSTRIA_GEM_20240101.10801","Deutschkreutz",0,3140,743,23.66,391,12.45,429,45.21,66.02,1016,30.86,475,3.12,48,1.37,19,31.45,435,79.92,1230,25414,"71.1"
"10802","STATISTIK_AUSTRIA_GEM_20240101.10802","Draßmarkt",2,1381,320,23.17,171,12.38,153,38.06,68.63,431,28.98,182,2.39,15,0.91,5,27.52,153,79.78,501,23174,"25.5"
"10803","STATISTIK_AUSTRIA_GEM_20240101.10803","Frankenau-Unterpullendorf",1,1088,300,27.57,152,13.97,139,42.25,74.02,493,22.37,149,3.6,24,1.79,9,34.39,174,86.94,579,25640,"27.7"
"10804","STATISTIK_AUSTRIA_GEM_20240101.10804","Großwarasdorf",0,1362,409,30.03,201,14.76,207,50.86,80.74,763,17.88,169,1.38,13,0,0,37.23,245,85.61,809,25859,"19.5"
"10805","STATISTIK_AUSTRIA_GEM_20240101.10805","Horitschon",0,1807,465,25.73,175,9.68,247,43.18,69.35,577,29.57,246,1.08,9,0.4,3,28.39,224,73.2,609,24445,"44.4"
"10806","STATISTIK_AUSTRIA_GEM_20240101.10806","Kaisersdorf",1,595,129,21.68,75,12.61,70,41.42,86,344,13.5,54,0.5,2,2.2,6,38.69,106,90,360,26217,"25.5"
"10807","STATISTIK_AUSTRIA_GEM_20240101.10807","Kobersdorf",2,1878,412,21.94,197,10.49,229,40.75,33.37,307,61.63,567,5,46,2.74,22,31.35,253,81.09,746,25435,"33.2"
"10808","STATISTIK_AUSTRIA_GEM_20240101.10808","Lackenbach",1,1161,280,24.12,155,13.35,161,48.64,75.49,425,21.31,120,3.2,18,2.09,10,31.52,151,82.59,465,23805,"33.2"
"10809","STATISTIK_AUSTRIA_GEM_20240101.10809","Lockenhaus",0,2072,472,22.78,230,11.1,245,41.95,62.7,728,32.9,382,4.39,51,0.98,9,36.73,339,84.75,984,23954,"21.7"
"10810","STATISTIK_AUSTRIA_GEM_20240101.10810","Lutzmannsburg",0,842,219,26.01,110,13.06,114,49.14,70.75,416,25.34,149,3.91,23,2.69,11,42.13,174,74.49,438,24260,"27.7"
"10811","STATISTIK_AUSTRIA_GEM_20240101.10811","Mannersdorf an der Rabnitz",0,1783,417,23.39,218,12.23,240,45.2,74.29,731,24.39,240,1.32,13,1.93,15,32.09,250,86.79,854,24706,"27.7"
"10812","STATISTIK_AUSTRIA_GEM_20240101.10812","Markt Sankt Martin",3,1281,281,21.94,146,11.4,166,43.92,70.15,470,27.76,186,2.09,14,0.89,5,34.34,194,80.9,542,26031,"25.5"
"10813","STATISTIK_AUSTRIA_GEM_20240101.10813","Neckenmarkt",1,1675,387,23.1,213,12.72,207,40.75,68.37,536,30.1,236,1.53,12,3.19,22,26.88,186,76.02,596,21764,"32.7"
"10814","STATISTIK_AUSTRIA_GEM_20240101.10814","Neutal",0,1140,242,21.23,147,12.89,130,41.27,56.58,288,41.45,211,1.96,10,0.21,1,34.04,161,74.66,380,27361,"39.2"
"10815","STATISTIK_AUSTRIA_GEM_20240101.10815","Nikitsch",1,1389,358,25.77,268,19.29,154,41.62,83.09,801,15.56,150,1.35,13,0.32,2,40.84,254,90.15,869,24324,"10.3"
"10816","STATISTIK_AUSTRIA_GEM_20240101.10816","Oberpullendorf",1,3337,726,21.76,374,11.21,407,44.53,55.82,681,33.52,409,10.33,126,7.34,114,41.34,644,67.38,822,26673,"76.6"
"10817","STATISTIK_AUSTRIA_GEM_20240101.10817","Pilgersdorf",1,1569,408,26,156,9.94,201,42.58,79.98,679,19.79,168,0.24,2,0.75,5,31.18,208,88.69,753,24196,"21.7"
"10818","STATISTIK_AUSTRIA_GEM_20240101.10818","Piringsdorf",0,824,194,23.54,93,11.29,107,42.8,67.18,262,30.77,120,2.05,8,2.9,10,29.97,104,78.46,306,22571,"21.7"
"10819","STATISTIK_AUSTRIA_GEM_20240101.10819","Raiding",0,916,177,19.32,184,20.09,106,42.23,58.67,230,39.03,153,2.3,9,1.39,5,30.3,110,79.85,313,24149,"19.5"
"10820","STATISTIK_AUSTRIA_GEM_20240101.10820","Ritzing",0,911,227,24.92,141,15.48,139,51.67,78.38,446,18.98,108,2.64,15,0.92,4,37.24,162,91.04,518,26080,"31"
"10821","STATISTIK_AUSTRIA_GEM_20240101.10821","Steinberg-Dörfl",0,1308,303,23.17,152,11.62,171,43.4,70.06,503,26.46,190,3.48,25,0.73,4,29.8,163,85.1,611,26867,"27.7"
"10822","STATISTIK_AUSTRIA_GEM_20240101.10822","Stoob",1,1354,284,20.97,134,9.9,177,43.07,62.76,391,34.19,213,3.05,19,3,18,32.06,193,77.85,485,25577,"39.2"
"10823","STATISTIK_AUSTRIA_GEM_20240101.10823","Weppersdorf",1,1910,393,20.58,231,12.09,214,39.56,67.9,586,30.13,260,1.97,17,1.84,15,35.16,288,81.23,701,24546,"33.2"
"10824","STATISTIK_AUSTRIA_GEM_20240101.10824","Lackendorf",0,615,146,23.74,58,9.43,79,42.02,75.69,218,23.26,67,1.04,3,1.58,4,28.06,71,81.25,234,25845,"33.2"
"10825","STATISTIK_AUSTRIA_GEM_20240101.10825","Unterfrauenhaid",0,645,155,24.03,53,8.22,70,37.43,73.53,225,24.51,75,1.96,6,1.82,5,31.88,88,83.66,256,25815,"19.5"
"10826","STATISTIK_AUSTRIA_GEM_20240101.10826","Unterrabnitz-Schwendgraben",1,615,140,22.76,54,8.78,64,34.97,64.69,196,34.32,104,0.99,3,0,0,30.35,78,87.13,264,24971,"21.7"
"10827","STATISTIK_AUSTRIA_GEM_20240101.10827","Weingraben",0,348,86,24.71,48,13.79,44,42.31,74.74,145,23.71,46,1.55,3,1.27,2,36.08,57,87.63,170,24527,"25.5"
"10828","STATISTIK_AUSTRIA_GEM_20240101.10828","Oberloisdorf",0,798,177,22.18,75,9.4,94,40.17,74.3,292,24.17,95,1.27,5,0.87,3,34.1,118,92.88,365,24097,"27.7"
"10901","STATISTIK_AUSTRIA_GEM_20240101.10901","Bad Tatzmannsdorf",2,1658,375,22.62,212,12.79,208,45.61,60.03,392,31.24,204,8.58,56,10.14,81,42,336,71.36,466,30366,"78.3"
"10902","STATISTIK_AUSTRIA_GEM_20240101.10902","Bernstein",0,2159,534,24.73,301,13.94,278,43.57,67.79,705,28.85,300,3.37,35,1.35,12,28.59,255,80.77,840,25150,"22.5"
"10903","STATISTIK_AUSTRIA_GEM_20240101.10903","Deutsch Schützen-Eisenberg",0,1077,300,27.86,175,16.25,156,47.27,83.26,552,15.54,103,1.21,8,1.86,9,34.58,167,86.27,572,23358,"16.4"
"10904","STATISTIK_AUSTRIA_GEM_20240101.10904","Grafenschachen",0,1253,271,21.63,107,8.54,127,34.42,71.26,372,27.01,141,1.72,9,1.38,7,30,153,76.05,397,24853,"28.3"
"10905","STATISTIK_AUSTRIA_GEM_20240101.10905","Großpetersdorf",0,3595,801,22.28,433,12.04,440,42.68,73.22,1173,22.53,361,4.18,67,1.36,22,36.46,595,79.78,1278,24880,"30.7"
"10906","STATISTIK_AUSTRIA_GEM_20240101.10906","Hannersdorf",0,740,183,24.73,103,13.92,106,48.18,85.66,424,13.94,69,0.4,2,1.46,5,37.39,129,89.09,441,24000,"16.4"
"10907","STATISTIK_AUSTRIA_GEM_20240101.10907","Kemeten",1,1539,332,21.57,138,8.97,195,42.48,78.15,608,19.28,150,2.57,20,3.47,24,34.54,239,86.76,675,23622,"20.8"
"10908","STATISTIK_AUSTRIA_GEM_20240101.10908","Kohfidisch",0,1437,371,25.82,166,11.55,189,43.65,72.29,553,24.84,190,2.88,22,2.34,15,32.66,209,82.09,628,23468,"16.4"
"10909","STATISTIK_AUSTRIA_GEM_20240101.10909","Litzelsdorf",0,1151,274,23.81,129,11.21,167,47.04,72,432,26.5,159,1.5,9,1.36,7,31.52,162,85.33,512,23863,"20.8"
"10910","STATISTIK_AUSTRIA_GEM_20240101.10910","Loipersdorf-Kitzladen",0,1360,245,18.01,92,6.76,151,36.56,68.09,367,28.57,154,3.34,18,1.96,10,22.22,114,74.58,402,23532,"28.3"
"10911","STATISTIK_AUSTRIA_GEM_20240101.10911","Mariasdorf",2,1136,275,24.21,112,9.86,141,40.87,75.18,409,23.35,127,1.47,8,0.41,2,29.69,144,81.25,442,23808,"22.5"
"10912","STATISTIK_AUSTRIA_GEM_20240101.10912","Markt Allhau",2,2011,418,20.79,200,9.95,231,39.97,74.91,657,23.6,207,1.48,13,2.86,24,32.3,271,76.74,673,25988,"28.3"
"10913","STATISTIK_AUSTRIA_GEM_20240101.10913","Markt Neuhodis",0,643,202,31.42,73,11.35,104,52,78.75,315,20.25,81,1,4,0.33,1,34.2,105,89.25,357,23102,"25.9"
"10914","STATISTIK_AUSTRIA_GEM_20240101.10914","Mischendorf",0,1442,376,26.07,181,12.55,196,44.04,79.79,616,18.39,142,1.81,14,0.63,4,32.14,207,90.54,699,22034,"21.8"
"10915","STATISTIK_AUSTRIA_GEM_20240101.10915","Oberdorf im Burgenland",1,978,259,26.48,97,9.92,142,48.46,81.6,439,16.54,89,1.86,10,0.45,2,34.45,154,84.57,455,22952,"12"
"10916","STATISTIK_AUSTRIA_GEM_20240101.10916","Oberschützen",2,2472,503,20.35,288,11.65,294,41.58,69.19,732,27.69,293,3.12,33,1.7,17,31.12,314,77.79,823,28712,"31.6"
"10917","STATISTIK_AUSTRIA_GEM_20240101.10917","Oberwart",3,8060,1584,19.65,866,10.74,860,39.2,54.49,1431,34.69,911,10.21,268,7.63,287,41.07,1545,69.12,1815,27332,"88.7"
"10918","STATISTIK_AUSTRIA_GEM_20240101.10918","Pinkafeld",3,5890,1158,19.66,715,12.14,654,40.57,62.44,1272,31.62,644,5.84,119,5.6,140,36.13,908,76.53,1559,25612,"59"
"10919","STATISTIK_AUSTRIA_GEM_20240101.10919","Rechnitz",2,3053,700,22.93,413,13.53,336,40.14,74.66,1158,22.05,342,3.16,49,2.94,37,34.15,430,85.56,1327,23061,"25.9"
"10920","STATISTIK_AUSTRIA_GEM_20240101.10920","Riedlingsdorf",1,1691,342,20.22,186,11,208,41.27,74.87,566,23.41,177,1.72,13,2.43,17,28.92,203,84.13,636,24724,"31.6"
"10921","STATISTIK_AUSTRIA_GEM_20240101.10921","Rotenturm an der Pinka",1,1447,315,21.77,152,10.5,196,43.85,77.25,540,20.46,143,2.29,16,0.65,4,27.67,171,83.4,583,24379,"21.8"
"10922","STATISTIK_AUSTRIA_GEM_20240101.10922","Schachendorf",0,743,181,24.36,90,12.11,85,40.09,84.52,393,14.19,66,1.29,6,0.91,3,35.26,116,88.82,413,24600,"25.9"
"10923","STATISTIK_AUSTRIA_GEM_20240101.10923","Stadtschlaining",0,2050,466,22.73,254,12.39,255,43.52,70.85,717,26.48,268,2.67,27,1.06,9,32.24,275,83.4,844,24010,"22.5"
"10924","STATISTIK_AUSTRIA_GEM_20240101.10924","Unterkohlstätten",1,970,254,26.19,97,10,117,38.61,70.68,323,27.13,124,2.19,10,0,0,24.13,90,81.18,371,24174,"22.5"
"10925","STATISTIK_AUSTRIA_GEM_20240101.10925","Unterwart",0,1013,224,22.11,78,7.7,122,41.78,76.61,429,20.54,115,2.86,16,1.45,6,30.86,129,84.29,472,23282,"48.3"
"10926","STATISTIK_AUSTRIA_GEM_20240101.10926","Weiden bei Rechnitz",0,786,199,25.32,100,12.72,103,43.1,82.59,446,16.11,87,1.3,7,0.8,3,34.85,130,89.44,483,23144,"22.5"
"10927","STATISTIK_AUSTRIA_GEM_20240101.10927","Wiesfleck",0,1205,249,20.66,91,7.55,151,42.06,72.46,371,25.78,132,1.76,9,1.07,5,26.12,122,81.25,416,22986,"31.6"
"10928","STATISTIK_AUSTRIA_GEM_20240101.10928","Wolfau",1,1516,319,21.04,128,8.44,160,37.91,58.07,374,33.39,215,8.54,55,1.26,8,32.28,205,78.11,503,22852,"20.8"
"10929","STATISTIK_AUSTRIA_GEM_20240101.10929","Neustift an der Lafnitz",0,823,162,19.68,46,5.59,102,39.38,64.52,180,32.62,91,2.87,8,6.61,22,23.95,80,72.04,201,23001,"28.3"
"10930","STATISTIK_AUSTRIA_GEM_20240101.10930","Jabing",0,720,179,24.86,83,11.53,107,44.4,81.97,300,16.67,61,1.37,5,1.29,4,24.36,76,90.71,332,22348,"19"
"10931","STATISTIK_AUSTRIA_GEM_20240101.10931","Badersdorf",0,286,73,25.52,35,12.24,36,42.35,83.56,122,14.38,21,2.05,3,0.8,1,35.2,44,88.36,129,21674,"16.4"
"10932","STATISTIK_AUSTRIA_GEM_20240101.10932","Schandorf",0,328,89,27.13,70,21.34,44,51.16,84.75,150,14.69,26,0.56,1,0.79,1,29.92,38,87.57,155,26949,"16.4"
"20101","STATISTIK_AUSTRIA_GEM_20240101.20101","Klagenfurt am Wörthersee",41,105256,19666,18.68,11407,10.84,11898,44.09,24.67,5336,49.08,10617,24.77,5359,20.3,10898,48.37,26020,53.06,11478,29341,"202.9"
"20201","STATISTIK_AUSTRIA_GEM_20240101.20201","Villach",24,65749,12494,19,7290,11.09,7892,45.68,23.61,3111,50.63,6671,24.2,3189,15.03,4952,46.44,15346,48.73,6421,27212,"214.5"
"20302","STATISTIK_AUSTRIA_GEM_20240101.20302","Dellach",0,1185,262,22.11,175,14.77,146,40.78,23.39,105,62.36,280,14.25,64,2.77,13,29.79,140,66.82,300,22110,"48.5"
"20305","STATISTIK_AUSTRIA_GEM_20240101.20305","Hermagor-Pressegger See",7,6905,1506,21.81,997,14.44,889,44.45,33.57,1044,50.96,1585,15.24,474,5.37,162,35.65,1083,49.42,1537,25350,"71"
"20306","STATISTIK_AUSTRIA_GEM_20240101.20306","Kirchbach",1,2478,562,22.68,321,12.95,259,37.32,30.38,295,61.89,601,7.72,75,2.29,22,31.43,302,59.63,579,20462,"48.5"
"20307","STATISTIK_AUSTRIA_GEM_20240101.20307","Kötschach-Mauthen",1,3320,722,21.75,473,14.25,395,41.58,23.15,319,63.13,870,13.72,189,3.41,49,36.83,534,65.46,902,23895,"64.3"
"20316","STATISTIK_AUSTRIA_GEM_20240101.20316","St. Stefan im Gailtal",1,1551,400,25.79,263,16.96,190,42.32,40.43,304,55.32,416,4.26,32,0.79,5,33.91,215,69.02,519,23742,"48.5"
"20320","STATISTIK_AUSTRIA_GEM_20240101.20320","Gitschtal",0,1228,290,23.62,165,13.44,153,41.58,33.33,180,60.19,325,6.48,35,1.22,6,30.83,152,57.41,310,21500,"48.5"
"20321","STATISTIK_AUSTRIA_GEM_20240101.20321","Lesachtal",0,1274,261,20.49,154,12.09,98,30.25,15.04,88,60.68,355,24.27,142,2.67,12,33.84,156,59.66,349,18371,"48.5"
"20402","STATISTIK_AUSTRIA_GEM_20240101.20402","Ebenthal in Kärnten",4,8224,1629,19.81,889,10.81,1049,42.96,46.17,1254,47.86,1300,5.96,162,5.49,198,33.55,1213,73.01,1983,25287,"102.1"
"20403","STATISTIK_AUSTRIA_GEM_20240101.20403","Feistritz im Rosental",1,2502,522,20.86,351,14.03,320,43.78,52.61,564,41.23,442,6.16,66,2.62,29,34.03,376,77.33,829,25017,"61.3"
"20405","STATISTIK_AUSTRIA_GEM_20240101.20405","Ferlach",0,7513,1579,21.02,978,13.02,913,44.36,54.41,1635,39.03,1173,6.49,195,5.76,195,39.85,1368,71.98,2163,24719,"80.1"
"20409","STATISTIK_AUSTRIA_GEM_20240101.20409","Grafenstein",0,3088,565,18.3,290,9.39,382,41.39,48.09,554,46.35,534,5.56,64,1.63,21,29.57,382,74.91,863,26200,"83.1"
"20412","STATISTIK_AUSTRIA_GEM_20240101.20412","Keutschach am See",2,2418,587,24.28,295,12.2,298,42.75,45.51,466,46.39,475,8.11,83,3.19,35,37.66,418,70.8,725,26666,"143"
"20414","STATISTIK_AUSTRIA_GEM_20240101.20414","Köttmannsdorf",1,3186,652,20.46,378,11.86,434,43.93,49.68,623,45.22,567,5.1,64,2.33,31,27.72,369,72.09,904,26757,"90.2"
"20415","STATISTIK_AUSTRIA_GEM_20240101.20415","Krumpendorf am Wörthersee",8,3579,777,21.71,445,12.43,431,44.66,33.18,436,48.71,640,17.96,236,27.53,479,44.59,783,62.02,815,33679,"206.4"
"20416","STATISTIK_AUSTRIA_GEM_20240101.20416","Ludmannsdorf",0,1812,440,24.28,187,10.32,194,36.53,57.27,445,38.61,300,4.12,32,1.46,11,32.27,243,75.93,590,24402,"61.3"
"20417","STATISTIK_AUSTRIA_GEM_20240101.20417","Maria Rain",2,2732,504,18.45,278,10.18,312,39.59,42.7,427,51.8,518,5.4,54,5.02,58,31.95,370,79.8,798,28861,"103.2"
"20418","STATISTIK_AUSTRIA_GEM_20240101.20418","Maria Saal",3,4024,892,22.17,472,11.73,505,41.56,39.42,613,55.18,858,5.4,84,6.91,118,30.12,516,76.14,1184,28987,"108.6"
"20419","STATISTIK_AUSTRIA_GEM_20240101.20419","Maria Wörth",1,1661,397,23.9,231,13.91,198,47.48,29.89,272,54.4,495,15.6,142,16.85,139,48.68,405,62.86,572,29542,"174.9"
"20421","STATISTIK_AUSTRIA_GEM_20240101.20421","Moosburg",5,4667,960,20.57,595,12.75,561,43.25,49.97,832,44.8,746,5.23,87,2.69,50,32.62,608,73.15,1218,24740,"104.5"
"20424","STATISTIK_AUSTRIA_GEM_20240101.20424","Pörtschach am Wörther See",4,3002,693,23.08,397,13.22,373,45.6,32.52,425,47.05,615,20.05,262,19.39,275,43.15,621,57.84,756,28947,"325.7"
"20425","STATISTIK_AUSTRIA_GEM_20240101.20425","Poggersdorf",2,3353,663,19.77,308,9.19,411,40.77,37.96,492,58.1,753,3.94,51,1.22,17,28.37,396,73.77,956,25389,"86.6"
"20428","STATISTIK_AUSTRIA_GEM_20240101.20428","St. Margareten im Rosental",1,1087,235,21.62,123,11.32,110,35.03,43,212,52.54,259,4.46,22,0,0,32.83,152,75.05,370,22436,"41.6"
"20432","STATISTIK_AUSTRIA_GEM_20240101.20432","Schiefling am Wörthersee",1,2683,637,23.74,246,9.17,339,42.91,44.22,524,47.93,568,7.76,92,5.51,67,35.49,433,72.15,855,22446,"91.3"
"20435","STATISTIK_AUSTRIA_GEM_20240101.20435","Techelsberg am Wörther See",0,2212,507,22.92,231,10.44,263,41.22,44.75,456,47.11,480,7.75,79,9.39,85,31.57,286,87.34,890,24551,"104.5"
"20441","STATISTIK_AUSTRIA_GEM_20240101.20441","Zell",0,587,131,22.32,75,12.78,47,31.13,63.92,202,34.81,110,1.27,4,0.41,1,39.92,97,74.05,234,19568,"41.6"
"20442","STATISTIK_AUSTRIA_GEM_20240101.20442","Magdalensberg",0,3730,721,19.33,377,10.11,428,38.77,48.68,666,48.1,658,3.22,44,1.46,21,25.1,364,78.65,1076,26330,"81.2"
"20501","STATISTIK_AUSTRIA_GEM_20240101.20501","Althofen",4,4950,995,20.1,495,10,616,45.8,21.15,246,56.32,655,21.93,255,11.29,283,45.56,1144,53.83,626,24847,"76.4"
"20502","STATISTIK_AUSTRIA_GEM_20240101.20502","Brückl",4,2734,588,21.51,290,10.61,354,43.6,49.32,470,43.97,419,6.19,59,5.79,70,35.25,430,66.74,636,23894,"50.7"
"20503","STATISTIK_AUSTRIA_GEM_20240101.20503","Deutsch-Griffen",0,822,218,26.52,111,13.5,88,40.74,56.67,204,38.33,138,5,18,0.96,3,33.01,103,68.89,248,19073,"32.6"
"20504","STATISTIK_AUSTRIA_GEM_20240101.20504","Eberstein",0,1227,272,22.17,169,13.77,135,39.94,34.92,183,56.87,298,8.21,43,2.75,14,36.08,184,72.33,379,22721,"50.7"
"20505","STATISTIK_AUSTRIA_GEM_20240101.20505","Friesach",5,4852,1089,22.44,698,14.39,582,43.05,38.93,675,51.5,893,9.52,165,5.58,120,38.11,824,65.17,1130,22589,"42.7"
"20506","STATISTIK_AUSTRIA_GEM_20240101.20506","Glödnitz",1,835,206,24.67,97,11.62,86,38.57,57.2,306,37.57,201,5.05,27,2.12,8,43.31,165,82.24,440,22696,"32.6"
"20508","STATISTIK_AUSTRIA_GEM_20240101.20508","Gurk",2,1178,281,23.85,146,12.39,142,41.89,40.63,169,49.04,204,10.34,43,1.66,9,38.56,209,60.1,250,21777,"43.1"
"20509","STATISTIK_AUSTRIA_GEM_20240101.20509","Guttaring",1,1498,299,19.96,166,11.08,171,39.68,47.36,260,46.08,253,6.56,36,3.35,21,34.24,215,74.86,411,22763,"52.6"
"20511","STATISTIK_AUSTRIA_GEM_20240101.20511","Hüttenberg",3,1274,321,25.2,181,14.21,165,45.96,47.41,384,47.78,387,4.81,39,2.51,16,44.93,288,67.65,548,20643,"52.6"
"20512","STATISTIK_AUSTRIA_GEM_20240101.20512","Kappel am Krappfeld",0,1936,382,19.73,207,10.69,234,40.7,44.16,295,49.85,333,5.99,40,1.95,16,32.08,265,71.86,480,26080,"50.7"
"20513","STATISTIK_AUSTRIA_GEM_20240101.20513","Klein St. Paul",1,1785,378,21.18,205,11.48,210,42.77,35.54,236,54.82,364,9.64,64,9.14,74,41.68,338,56.33,374,22889,"50.7"
"20515","STATISTIK_AUSTRIA_GEM_20240101.20515","Liebenfels",0,3416,670,19.61,328,9.6,380,39.26,39.19,486,52.82,655,7.9,98,1.08,15,31.37,436,70.08,869,22546,"66"
"20518","STATISTIK_AUSTRIA_GEM_20240101.20518","Metnitz",0,1810,439,24.25,239,13.2,209,38.85,45.7,372,49.26,401,5.04,41,0.58,4,29.29,205,81.82,666,20910,"32.6"
"20519","STATISTIK_AUSTRIA_GEM_20240101.20519","Micheldorf",0,959,231,24.09,107,11.16,114,42.54,46.2,170,44.29,163,9.51,35,1.41,6,37.41,159,60.87,224,22166,"52.6"
"20520","STATISTIK_AUSTRIA_GEM_20240101.20520","Mölbling",1,1314,272,20.7,110,8.37,138,36.13,53.89,291,42.96,232,3.15,17,2.19,12,30.97,170,65.74,355,23986,"46.7"
"20523","STATISTIK_AUSTRIA_GEM_20240101.20523","St. Georgen am Längsee",1,3600,746,20.72,363,10.08,437,40.99,34.47,485,58.64,825,6.89,97,3.81,59,32.78,510,71.36,1004,27083,"93.8"
"20527","STATISTIK_AUSTRIA_GEM_20240101.20527","St. Veit an der Glan",4,12234,2578,21.07,1511,12.35,1449,44.87,27.78,841,49.32,1493,22.17,671,10.1,629,47.43,2965,48.27,1461,25493,"101.4"
"20530","STATISTIK_AUSTRIA_GEM_20240101.20530","Straßburg",1,1964,447,22.76,256,13.03,206,37.94,39.07,277,52.75,374,8.18,58,8.02,64,33.46,267,67.14,476,21112,"46.7"
"20531","STATISTIK_AUSTRIA_GEM_20240101.20531","Weitensfeld im Gurktal",1,1982,459,23.16,252,12.71,235,40.31,54.04,462,42.34,362,3.51,30,2.21,18,31.91,261,73.45,628,21688,"32.6"
"20534","STATISTIK_AUSTRIA_GEM_20240101.20534","Frauenstein",4,3580,728,20.34,404,11.28,464,41.99,44.9,620,50.54,698,4.56,63,2.86,41,25.12,363,77.99,1077,26803,"87.4"
"20601","STATISTIK_AUSTRIA_GEM_20240101.20601","Bad Kleinkirchheim",2,1657,418,25.23,234,14.12,205,46.7,23.44,260,50.86,564,25.16,279,15.51,134,49.14,430,43.01,477,23460,"217.9"
"20602","STATISTIK_AUSTRIA_GEM_20240101.20602","Baldramsdorf",0,1839,385,20.94,204,11.09,246,42.63,45.29,303,49.63,332,5.08,34,4.42,35,29.51,234,70.85,474,24345,"95.1"
"20603","STATISTIK_AUSTRIA_GEM_20240101.20603","Berg im Drautal",0,1224,288,23.53,129,10.54,143,38.96,22.49,114,64.89,329,12.62,64,1.79,9,31.41,158,62.13,315,20428,"61.9"
"20604","STATISTIK_AUSTRIA_GEM_20240101.20604","Dellach im Drautal",0,1626,360,22.14,206,12.67,191,41.34,18.47,109,66.27,391,15.25,90,1.73,12,34.67,242,57.8,341,21938,"61.9"
"20605","STATISTIK_AUSTRIA_GEM_20240101.20605","Großkirchheim",0,1307,271,20.73,137,10.48,113,31.22,9.52,57,49.42,296,41.07,246,2,11,35.64,196,72.29,433,20128,"66.6"
"20607","STATISTIK_AUSTRIA_GEM_20240101.20607","Flattach",0,1121,218,19.45,111,9.9,121,36.56,41.48,224,48.52,262,10,54,8.77,42,34.23,165,64.63,349,24433,"66.6"
"20608","STATISTIK_AUSTRIA_GEM_20240101.20608","Gmünd in Kärnten",0,2554,533,20.87,334,13.08,291,39.97,22.31,222,59.5,592,18.09,180,4.96,57,38.07,439,55.68,554,22907,"84.1"
"20609","STATISTIK_AUSTRIA_GEM_20240101.20609","Greifenburg",1,1702,362,21.27,202,11.87,191,38.66,17.13,118,72.71,501,10.16,70,3.38,25,36.05,270,57.62,397,22289,"67.6"
"20610","STATISTIK_AUSTRIA_GEM_20240101.20610","Heiligenblut am Großglockner",0,959,198,20.65,139,14.49,111,40.22,22.29,113,55.42,281,22.09,112,8.63,36,35.8,150,55.23,280,22168,"66.6"
"20611","STATISTIK_AUSTRIA_GEM_20240101.20611","Irschen",1,1912,424,22.18,186,9.73,226,39.3,24.63,183,64.33,478,11.04,82,2.46,19,28.13,218,66.89,497,22058,"76.2"
"20613","STATISTIK_AUSTRIA_GEM_20240101.20613","Kleblach-Lind",0,1161,231,19.9,123,10.59,120,36.47,36.93,154,58.75,245,4.32,18,2.06,9,27.69,121,69.78,291,21682,"44.1"
"20616","STATISTIK_AUSTRIA_GEM_20240101.20616","Lendorf",1,1779,358,20.12,154,8.66,216,40.75,18.08,113,67.68,423,14.24,89,4.05,28,26.98,187,63.68,398,22600,"95.1"
"20618","STATISTIK_AUSTRIA_GEM_20240101.20618","Mallnitz",0,771,225,29.18,116,15.05,114,49.35,31.46,134,45.77,195,22.3,95,1.91,7,38.17,142,48.12,205,24885,"66.6"
"20619","STATISTIK_AUSTRIA_GEM_20240101.20619","Malta",0,1867,414,22.17,189,10.12,219,39.82,25.67,200,57,444,17.2,134,1.93,16,34.82,288,66.75,520,21557,"66.6"
"20620","STATISTIK_AUSTRIA_GEM_20240101.20620","Millstatt am See",1,3464,855,24.68,472,13.63,483,48.69,26.49,399,54.58,822,18.79,283,16.94,279,41.06,682,59.36,894,24474,"209"
"20622","STATISTIK_AUSTRIA_GEM_20240101.20622","Mörtschach",0,816,169,20.71,54,6.62,70,31.39,26.75,103,60,231,13.25,51,1.01,3,29.63,88,74.03,285,19024,"66.6"
"20624","STATISTIK_AUSTRIA_GEM_20240101.20624","Mühldorf",1,1022,194,18.98,154,15.07,99,37.08,30.68,104,58.7,199,10.62,36,9.56,39,36.03,147,61.65,209,22664,"57.7"
"20625","STATISTIK_AUSTRIA_GEM_20240101.20625","Oberdrauburg",1,1198,254,21.2,129,10.77,137,40.65,32.88,146,55.86,248,11.26,50,4.27,21,36.02,179,53.38,237,22460,"61.9"
"20627","STATISTIK_AUSTRIA_GEM_20240101.20627","Obervellach",1,2154,417,19.36,308,14.3,228,37.13,34.03,294,52.55,454,13.43,116,8.54,80,36.02,340,61.69,533,22782,"57.7"
"20630","STATISTIK_AUSTRIA_GEM_20240101.20630","Radenthein",3,5742,1288,22.43,823,14.33,740,44.82,34.4,793,53.23,1227,12.23,282,4.89,132,39.89,1081,58.96,1359,24463,"88.3"
"20631","STATISTIK_AUSTRIA_GEM_20240101.20631","Rangersdorf",1,1700,343,20.18,144,8.47,161,33.82,18.44,123,72.56,484,9,60,5.84,40,33.67,232,64.77,432,20251,"66.6"
"20632","STATISTIK_AUSTRIA_GEM_20240101.20632","Rennweg am Katschberg",0,1650,337,20.42,189,11.45,181,38.19,13.04,99,70.75,537,15.81,120,2.03,15,37.99,283,49.01,372,22477,"84.1"
"20633","STATISTIK_AUSTRIA_GEM_20240101.20633","Sachsenburg",0,1333,223,16.73,146,10.95,151,39.02,32.97,152,60.09,277,6.94,32,2.28,13,31.87,182,61.82,285,24583,"44.1"
"20634","STATISTIK_AUSTRIA_GEM_20240101.20634","Seeboden am Millstätter See",6,6706,1481,22.08,939,14,822,43.47,26.83,675,60.49,1522,12.64,318,13.31,403,38.09,1155,59.9,1507,26087,"133.5"
"20635","STATISTIK_AUSTRIA_GEM_20240101.20635","Spittal an der Drau",7,15341,3403,22.18,1874,12.22,1893,45.31,20.23,725,57.05,2044,21.57,773,10.86,810,43.6,3261,54.28,1945,25168,"101.5"
"20636","STATISTIK_AUSTRIA_GEM_20240101.20636","Stall",0,1493,314,21.03,133,8.91,160,37.38,19.41,106,71.61,391,8.97,49,4.11,23,27.68,155,63.55,347,19788,"66.6"
"20637","STATISTIK_AUSTRIA_GEM_20240101.20637","Steinfeld",2,1996,444,22.24,258,12.93,227,40.61,26.25,173,62.22,410,11.38,75,2.96,25,34.71,294,61.76,407,21887,"67.6"
"20638","STATISTIK_AUSTRIA_GEM_20240101.20638","Trebesing",0,1143,240,21,121,10.59,110,33.33,19.4,77,69.27,275,11.08,44,1.67,7,26.13,110,61.71,245,20899,"84.1"
"20639","STATISTIK_AUSTRIA_GEM_20240101.20639","Weißensee",0,759,165,21.74,96,12.65,86,40.76,27.11,125,44.9,207,27.55,127,12.22,38,37.96,123,41.21,190,25371,"472"
"20640","STATISTIK_AUSTRIA_GEM_20240101.20640","Winklern",0,1185,222,18.73,159,13.42,126,40.13,25.45,113,62.61,278,11.94,53,5.56,29,39.39,208,55.18,245,21787,"66.6"
"20642","STATISTIK_AUSTRIA_GEM_20240101.20642","Krems in Kärnten",2,1603,356,22.21,202,12.6,165,35.95,25.31,201,68.89,547,5.54,44,0.93,6,33.33,217,74.43,591,20376,"84.1"
"20643","STATISTIK_AUSTRIA_GEM_20240101.20643","Lurnfeld",0,2676,564,21.08,329,12.29,335,43,27.35,262,63.26,606,9.39,90,9.07,103,31.73,363,65.45,627,24314,"70.5"
"20644","STATISTIK_AUSTRIA_GEM_20240101.20644","Reißeck",0,2085,483,23.17,265,12.71,283,45.5,33.2,321,57.7,558,9,87,6.24,57,33.19,304,70.22,679,24510,"57.7"
"20701","STATISTIK_AUSTRIA_GEM_20240101.20701","Afritz am See",0,1480,297,20.07,232,15.68,169,42.68,31.41,174,57.4,318,11.01,61,2.86,17,34.56,206,56.32,312,22747,"61.7"
"20702","STATISTIK_AUSTRIA_GEM_20240101.20702","Arnoldstein",3,7157,1457,20.36,738,10.31,877,42.31,25.25,574,61.42,1396,13.07,297,4.69,150,35.76,1144,57.28,1302,25169,"85.2"
"20703","STATISTIK_AUSTRIA_GEM_20240101.20703","Arriach",1,1333,310,23.26,166,12.45,169,42.46,25.24,155,59.28,364,15.47,95,2.38,13,30.29,166,77.2,474,21765,"42.8"
"20705","STATISTIK_AUSTRIA_GEM_20240101.20705","Bad Bleiberg",1,2141,536,25.04,291,13.59,317,49.76,35.21,325,56.23,519,8.45,78,3.2,34,40.28,429,58.5,540,25237,"65"
"20707","STATISTIK_AUSTRIA_GEM_20240101.20707","Feistritz an der Gail",0,643,116,18.04,65,10.11,54,29.03,19.49,46,72.03,170,8.47,20,1.12,3,30.86,83,54.66,129,23842,"65"
"20708","STATISTIK_AUSTRIA_GEM_20240101.20708","Feld am See",0,1042,228,21.88,135,12.96,153,48.42,23.65,118,62.53,312,13.83,69,1.7,8,34.46,163,57.52,287,24474,"61.7"
"20710","STATISTIK_AUSTRIA_GEM_20240101.20710","Ferndorf",0,2013,480,23.85,249,12.37,284,46.79,27.99,220,62.85,494,9.16,72,1.39,13,36.5,342,65.78,517,22420,"61.7"
"20711","STATISTIK_AUSTRIA_GEM_20240101.20711","Finkenstein am Faaker See",8,9466,1903,20.1,943,9.96,1154,42.06,33.16,1274,57.16,2196,9.63,370,7.65,321,35.06,1480,65.93,2533,24990,"136.9"
"20712","STATISTIK_AUSTRIA_GEM_20240101.20712","Fresach",1,1239,287,23.16,139,11.22,151,40.81,32.54,165,48.52,246,18.93,96,2.89,14,29.01,141,75.54,383,23515,"61.7"
"20713","STATISTIK_AUSTRIA_GEM_20240101.20713","Hohenthurn",0,872,183,20.99,91,10.44,106,43.62,30.52,105,59.88,206,9.59,33,2.31,8,29.97,104,63.37,218,25623,"62.4"
"20719","STATISTIK_AUSTRIA_GEM_20240101.20719","Nötsch im Gailtal",0,2340,560,23.93,268,11.45,307,44.43,38.15,346,56.34,511,5.4,49,1.77,18,35.19,361,64.61,586,25910,"65"
"20720","STATISTIK_AUSTRIA_GEM_20240101.20720","Paternion",3,5778,1254,21.7,711,12.31,749,43.45,26.74,543,58.64,1191,14.57,296,3.8,96,34.03,863,63.47,1289,23573,"61.7"
"20721","STATISTIK_AUSTRIA_GEM_20240101.20721","Rosegg",1,1910,415,21.73,174,9.11,254,43.42,51.98,380,41.72,305,6.29,46,6.34,54,31.42,268,71.27,521,23744,"75.1"
"20722","STATISTIK_AUSTRIA_GEM_20240101.20722","St. Jakob im Rosental",2,4357,972,22.31,530,12.16,548,44.12,44.13,771,49.4,863,6.47,113,1.1,22,37.34,746,69.2,1209,23994,"75.1"
"20723","STATISTIK_AUSTRIA_GEM_20240101.20723","Stockenboi",2,1556,331,21.27,181,11.63,177,39.25,38.07,244,55.38,355,6.55,42,0.31,2,32.66,209,70.36,451,20976,"61.7"
"20724","STATISTIK_AUSTRIA_GEM_20240101.20724","Treffen am Ossiacher See",3,4563,967,21.19,728,15.95,581,46.52,41.62,862,46.79,969,11.35,235,10.39,199,36.14,700,63.69,1319,25936,"88.8"
"20725","STATISTIK_AUSTRIA_GEM_20240101.20725","Velden am Wörther See",2,9183,2123,23.12,1246,13.57,1118,43.93,34.99,1405,49.27,1978,15.72,631,11.78,499,40.82,1741,62.71,2518,25588,"114.6"
"20726","STATISTIK_AUSTRIA_GEM_20240101.20726","Weißenstein",1,2921,631,21.6,358,12.26,391,44.43,42.5,490,50.22,579,6.94,80,3.27,41,31.13,391,65.31,753,26665,"61.7"
"20727","STATISTIK_AUSTRIA_GEM_20240101.20727","Wernberg",1,5662,1155,20.4,589,10.4,716,42.54,45.02,949,48.86,1030,6.12,129,3.59,84,28.85,677,76.19,1606,26746,"121.3"
"20801","STATISTIK_AUSTRIA_GEM_20240101.20801","Bleiburg",2,3983,819,20.56,424,10.65,382,34.48,51.19,775,42.34,641,6.47,98,2.32,39,35.87,608,70.08,1061,21846,"38.4"
"20802","STATISTIK_AUSTRIA_GEM_20240101.20802","Diex",0,788,159,20.18,78,9.9,70,33.18,66.26,269,29.56,120,4.19,17,0.67,2,35.86,109,81.53,331,21250,"55.6"
"20803","STATISTIK_AUSTRIA_GEM_20240101.20803","Eberndorf",2,5989,1305,21.79,683,11.4,693,40.57,46.74,1147,48.33,1186,4.93,121,2.77,72,35.47,926,69.27,1700,23279,"53.6"
"20804","STATISTIK_AUSTRIA_GEM_20240101.20804","Eisenkappel-Vellach",1,2218,543,24.48,312,14.07,226,39.79,51,485,40.27,383,8.73,83,3.59,36,44.19,445,65.93,627,21372,"38.9"
"20805","STATISTIK_AUSTRIA_GEM_20240101.20805","Feistritz ob Bleiburg",0,2241,442,19.72,185,8.26,233,35.46,51.03,472,43.57,403,5.41,50,0.65,6,29.94,279,71.57,662,23400,"36"
"20806","STATISTIK_AUSTRIA_GEM_20240101.20806","Gallizien",0,1791,403,22.5,181,10.11,194,36.26,66.14,504,30.84,235,3.02,23,2.34,17,30,219,80.31,612,23267,"41.6"
"20807","STATISTIK_AUSTRIA_GEM_20240101.20807","Globasnitz",0,1576,358,22.72,142,9.01,169,37.56,53.95,348,43.41,280,2.48,16,1.7,11,32.15,209,75.97,490,21414,"38.9"
"20808","STATISTIK_AUSTRIA_GEM_20240101.20808","Griffen",1,3391,705,20.79,352,10.38,370,37.99,49.03,631,45.07,580,5.83,75,4.94,71,36.01,520,67.75,872,20925,"55.6"
"20810","STATISTIK_AUSTRIA_GEM_20240101.20810","Neuhaus",0,1020,248,24.31,163,15.98,109,37.59,61.52,251,36.03,147,2.45,10,0.27,1,25.54,94,82.84,338,19884,"30"
"20812","STATISTIK_AUSTRIA_GEM_20240101.20812","Ruden",0,1499,328,21.88,153,10.21,152,35.35,63.25,382,34.27,207,2.48,15,1.31,8,31.48,192,74.67,451,21908,"30"
"20813","STATISTIK_AUSTRIA_GEM_20240101.20813","St. Kanzian am Klopeiner See",3,4636,1006,21.7,500,10.79,534,41.52,35.97,810,52.53,1183,11.41,257,5.44,111,37.28,769,60.12,1354,23735,"76.9"
"20815","STATISTIK_AUSTRIA_GEM_20240101.20815","Sittersdorf",0,1947,500,25.68,206,10.58,224,40.43,60.13,546,36.67,333,3.19,29,1.49,13,37.13,326,72.14,655,21407,"38.9"
"20817","STATISTIK_AUSTRIA_GEM_20240101.20817","Völkermarkt",7,10902,2336,21.43,1182,10.84,1276,40.71,37.03,1446,51.47,2010,11.47,448,4.72,228,36.65,1777,64.92,2535,24144,"60.5"
"20901","STATISTIK_AUSTRIA_GEM_20240101.20901","Bad St. Leonhard im Lavanttal",2,4244,895,21.09,524,12.35,499,40.64,40.95,658,52.89,850,6.1,98,2.7,45,32,536,68.82,1106,22279,"58.1"
"20905","STATISTIK_AUSTRIA_GEM_20240101.20905","Frantschach-St. Gertraud",0,2394,503,21.01,335,13.99,308,45.36,49.71,429,39.4,340,10.66,92,11.72,118,36.3,367,59.33,512,21510,"58.1"
"20909","STATISTIK_AUSTRIA_GEM_20240101.20909","Lavamünd",0,2757,654,23.72,324,11.75,335,41.56,26.84,299,68.49,763,4.58,51,1.71,21,37.16,460,59.87,667,22075,"24.7"
"20911","STATISTIK_AUSTRIA_GEM_20240101.20911","Preitenegg",0,891,218,24.47,109,12.23,98,39.04,71.05,297,27.03,113,1.91,8,0.28,1,36.74,133,83.97,351,20981,"38.5"
"20912","STATISTIK_AUSTRIA_GEM_20240101.20912","Reichenfels",0,1700,416,24.47,183,10.76,219,43.2,43.63,298,51.54,352,4.83,33,3.37,22,27.94,183,73.79,504,21834,"38.5"
"20913","STATISTIK_AUSTRIA_GEM_20240101.20913","St. Andrä",1,9840,2170,22.05,1118,11.36,1171,41.09,28.19,984,66.99,2338,4.79,167,3.1,125,31.85,1287,69.28,2418,23389,"65.3"
"20914","STATISTIK_AUSTRIA_GEM_20240101.20914","St. Georgen im Lavanttal",0,1915,403,21.04,163,8.51,212,37.39,49.19,335,47.58,324,3.23,22,0.52,4,30.7,237,69.9,476,21470,"40.9"
"20918","STATISTIK_AUSTRIA_GEM_20240101.20918","St. Paul im Lavanttal",0,3144,692,22.01,393,12.5,387,42.07,46.82,516,44.01,485,8.62,95,2,26,34.15,445,66.06,728,23180,"40.9"
"20923","STATISTIK_AUSTRIA_GEM_20240101.20923","Wolfsberg",9,24961,5284,21.17,2872,11.51,3070,43.18,42.16,3406,45.86,3705,11.72,947,7.85,883,37.93,4281,64.41,5204,25132,"94.2"
"21001","STATISTIK_AUSTRIA_GEM_20240101.21001","Albeck",2,965,251,26.01,111,11.5,108,41.06,42.83,260,50.25,305,6.92,42,2,9,43.08,196,78.42,476,23446,"104.2"
"21002","STATISTIK_AUSTRIA_GEM_20240101.21002","Feldkirchen in Kärnten",10,14528,2945,20.27,1659,11.42,1683,42.29,36.75,1799,50.15,2455,13.03,638,6.58,429,39.75,2597,63.21,3094,23818,"88.9"
"21003","STATISTIK_AUSTRIA_GEM_20240101.21003","Glanegg",1,1780,438,24.61,200,11.24,174,35.95,65.18,425,30.83,201,3.68,24,0.93,6,28.02,183,71.93,469,23166,"45.9"
"21004","STATISTIK_AUSTRIA_GEM_20240101.21004","Gnesau",0,1034,207,20.02,113,10.93,107,35.55,28.38,130,63.76,292,7.86,36,1.4,6,33.26,143,69.87,320,22197,"64.7"
"21005","STATISTIK_AUSTRIA_GEM_20240101.21005","Himmelberg",0,2329,531,22.8,242,10.39,292,42.01,35.99,343,56.35,537,7.66,73,1.78,17,30.83,295,73.24,698,22147,"64.7"
"21006","STATISTIK_AUSTRIA_GEM_20240101.21006","Ossiach",0,724,150,20.72,104,14.36,91,44.83,33.93,151,50.79,226,15.28,68,10.06,36,45.63,167,55.51,247,29192,"255.3"
"21007","STATISTIK_AUSTRIA_GEM_20240101.21007","Reichenau",1,1695,412,24.31,203,11.98,198,40.74,48.42,567,39.88,467,11.53,135,2.52,19,37.65,285,69.09,809,21590,"105.5"
"21008","STATISTIK_AUSTRIA_GEM_20240101.21008","St. Urban",2,1639,351,21.42,150,9.15,165,40.15,42.16,242,46.34,266,10.98,63,5.54,34,35.91,223,67.6,388,22587,"61.9"
"21009","STATISTIK_AUSTRIA_GEM_20240101.21009","Steindorf am Ossiacher See",2,3844,864,22.48,531,13.81,454,43.24,33.04,534,54.64,883,11.88,192,11.6,202,40.83,717,60.27,974,26212,"115.5"
"21010","STATISTIK_AUSTRIA_GEM_20240101.21010","Steuerberg",0,1573,360,22.89,146,9.28,163,35.21,42.45,256,51.91,313,5.64,34,1.59,10,29.21,184,68.33,412,20703,"61.9"
"30101","STATISTIK_AUSTRIA_GEM_20240101.30101","Krems an der Donau",11,25473,4900,19.24,3013,11.83,2968,46.15,33.71,2103,40.54,2529,23.79,1484,21.01,2572,45.97,5632,54.18,3380,29185,"252.8"
"30201","STATISTIK_AUSTRIA_GEM_20240101.30201","St. Pölten",13,59767,10203,17.07,5996,10.03,6877,44.2,43.58,5901,40.09,5429,14.95,2024,13.92,3776,41.78,11353,62.25,8430,28802,"186.4"
"30301","STATISTIK_AUSTRIA_GEM_20240101.30301","Waidhofen an der Ybbs",3,11062,2121,19.17,1286,11.63,1244,41.07,31.12,1027,49.7,1640,18.94,625,17.03,807,38.12,1809,51.85,1711,27252,"98.3"
"30401","STATISTIK_AUSTRIA_GEM_20240101.30401","Wiener Neustadt",6,49156,7609,15.48,4170,8.48,5285,41.32,29.34,3048,47.31,4914,22.1,2296,14.86,3270,41.2,9079,61.14,6351,28158,"321"
"30501","STATISTIK_AUSTRIA_GEM_20240101.30501","Allhartsberg",0,2218,396,17.85,175,7.89,232,35.53,23.85,161,68,459,8.15,55,8.98,74,25.73,212,66.07,446,23511,"54.9"
"30502","STATISTIK_AUSTRIA_GEM_20240101.30502","Amstetten",3,24008,4485,18.68,2375,9.89,2848,44.11,25.11,1600,59.75,3807,14.53,926,11.2,1207,39.54,4265,49.64,3163,28029,"121.1"
"30503","STATISTIK_AUSTRIA_GEM_20240101.30503","Ardagger",1,3604,670,18.59,278,7.71,371,35.81,29.14,313,66.01,709,4.84,52,4.58,60,24.92,327,56.05,602,24614,"50.7"
"30504","STATISTIK_AUSTRIA_GEM_20240101.30504","Aschbach-Markt",2,3796,675,17.78,328,8.64,424,38.51,29.17,325,64,713,6.82,76,7.02,100,25.47,363,60.95,679,25035,"60.8"
"30506","STATISTIK_AUSTRIA_GEM_20240101.30506","Behamberg",0,3444,618,17.94,326,9.47,462,44.42,36.01,394,58.41,639,5.58,61,7.97,111,26.18,365,54.02,591,25830,"107.9"
"30507","STATISTIK_AUSTRIA_GEM_20240101.30507","Biberbach",0,2348,430,18.31,181,7.71,259,37.59,29.64,195,63.37,417,6.99,46,7.54,64,23.88,203,60.18,396,23455,"71.4"
"30508","STATISTIK_AUSTRIA_GEM_20240101.30508","Ennsdorf",1,3303,512,15.5,267,8.08,362,38.68,35.44,353,56.83,566,7.73,77,6.86,97,34.16,484,59.74,595,25282,"163.4"
"30509","STATISTIK_AUSTRIA_GEM_20240101.30509","Ernsthofen",2,2315,446,19.27,205,8.86,299,43.78,31.98,244,62.78,479,5.24,40,15.19,146,30.35,292,61.99,473,27971,"143.4"
"30510","STATISTIK_AUSTRIA_GEM_20240101.30510","Ertl",0,1246,218,17.5,79,6.34,121,34.47,33.68,131,59.64,232,6.68,26,15.59,70,26,117,55.53,216,20637,"53.1"
"30511","STATISTIK_AUSTRIA_GEM_20240101.30511","Euratsfeld",1,2805,478,17.04,178,6.35,259,32.33,28.62,239,67.19,561,4.19,35,6.04,57,20.02,189,56.41,471,23845,"63.4"
"30512","STATISTIK_AUSTRIA_GEM_20240101.30512","Ferschnitz",0,1865,323,17.32,139,7.45,197,36.41,33.71,208,61.1,377,5.19,32,6.27,44,26.5,186,65.32,403,25048,"58.7"
"30514","STATISTIK_AUSTRIA_GEM_20240101.30514","Haag",0,5851,1092,18.66,586,10.02,681,41.52,32.04,537,59.55,998,8.35,140,9.1,211,32.49,756,54.47,913,25113,"142.7"
"30515","STATISTIK_AUSTRIA_GEM_20240101.30515","Haidershofen",3,3721,713,19.16,351,9.43,494,43.76,40.15,471,52.26,613,7.59,89,8.84,132,26.2,392,62.15,729,25943,"95.8"
"30516","STATISTIK_AUSTRIA_GEM_20240101.30516","Hollenstein an der Ybbs",1,1685,356,21.13,183,10.86,210,43.39,31.61,214,61.74,418,6.65,45,9.27,65,34.8,245,63.66,431,24247,"56.5"
"30517","STATISTIK_AUSTRIA_GEM_20240101.30517","Kematen an der Ybbs",0,2698,538,19.94,253,9.38,338,43.95,33.03,254,55.92,430,11.05,85,15.99,193,37.57,455,49.15,378,24727,"71.4"
"30520","STATISTIK_AUSTRIA_GEM_20240101.30520","Neuhofen an der Ybbs",0,3086,518,16.79,211,6.84,285,32.24,27.78,250,66.56,599,5.67,51,7.85,83,21.8,232,65.22,587,25062,"73.5"
"30521","STATISTIK_AUSTRIA_GEM_20240101.30521","Neustadtl an der Donau",1,2167,397,18.32,180,8.31,240,38.03,38.26,277,56.63,410,5.11,37,3.92,29,23.11,171,67.54,489,23004,"52.6"
"30522","STATISTIK_AUSTRIA_GEM_20240101.30522","Oed-Oehling",0,2160,358,16.57,139,6.44,250,39,42.04,264,51.27,322,6.69,42,8.16,68,27.1,226,66.56,418,28141,"62.8"
"30524","STATISTIK_AUSTRIA_GEM_20240101.30524","Opponitz",0,880,190,21.59,78,8.86,96,41.74,16.94,52,64.17,197,18.89,58,9.21,28,29.32,90,62.21,191,22950,"51.8"
"30526","STATISTIK_AUSTRIA_GEM_20240101.30526","St. Georgen am Reith",0,529,105,19.85,61,11.53,57,36.77,37.73,83,55.45,122,6.82,15,3.68,7,25.26,48,76.82,169,21316,"51.8"
"30527","STATISTIK_AUSTRIA_GEM_20240101.30527","St. Georgen am Ybbsfelde",0,2807,476,16.96,255,9.08,291,35.49,30.5,287,65.46,616,4.04,38,6.6,72,26.64,292,58.55,551,25180,"70.7"
"30529","STATISTIK_AUSTRIA_GEM_20240101.30529","St. Pantaleon-Erla",0,2707,572,21.13,201,7.43,349,42.98,37.85,352,56.34,524,5.81,54,5.15,56,26.81,292,67.74,630,26349,"143.6"
"30530","STATISTIK_AUSTRIA_GEM_20240101.30530","St. Peter in der Au",1,5128,902,17.59,545,10.63,550,37.96,28.53,426,64.7,966,6.7,100,9.56,181,27.06,513,61.02,911,23592,"75.9"
"30531","STATISTIK_AUSTRIA_GEM_20240101.30531","St. Valentin",2,9356,1830,19.56,996,10.65,1271,46.88,34.31,948,55.37,1530,10.06,278,13.28,579,38.36,1678,50.96,1408,27055,"178.8"
"30532","STATISTIK_AUSTRIA_GEM_20240101.30532","Seitenstetten",0,3355,610,18.18,282,8.41,363,37.85,36.67,385,58.48,614,4.86,51,8.67,112,28.69,371,71.62,752,24887,"85"
"30533","STATISTIK_AUSTRIA_GEM_20240101.30533","Sonntagberg",1,3661,701,19.15,445,12.16,503,47.1,35.46,401,53.49,605,10.79,122,6.42,107,37.72,631,56.59,640,25394,"63.5"
"30534","STATISTIK_AUSTRIA_GEM_20240101.30534","Strengberg",0,2215,401,18.1,174,7.86,242,38.84,27.98,190,65.68,446,6.33,43,7.95,62,26.34,206,52.87,359,23223,"76.4"
"30536","STATISTIK_AUSTRIA_GEM_20240101.30536","Viehdorf",0,1368,257,18.79,143,10.45,142,36.13,33,133,61.29,247,5.71,23,4.82,24,25.1,125,68.73,277,24150,"52.6"
"30538","STATISTIK_AUSTRIA_GEM_20240101.30538","Wallsee-Sindelburg",0,2225,434,19.51,249,11.19,247,40.43,30.34,206,62,421,7.66,52,13.83,109,26.32,209,62.3,423,25059,"69.8"
"30539","STATISTIK_AUSTRIA_GEM_20240101.30539","Weistrach",2,2455,416,16.95,192,7.82,288,39.94,25.29,175,64.88,449,9.83,68,5.41,51,28.21,266,57.23,396,22957,"89.4"
"30541","STATISTIK_AUSTRIA_GEM_20240101.30541","Winklarn",0,1861,355,19.08,144,7.74,235,42.88,39.54,240,54.37,330,6.1,37,8.11,58,27.54,198,71,431,26532,"111.5"
"30542","STATISTIK_AUSTRIA_GEM_20240101.30542","Wolfsbach",3,2239,399,17.82,161,7.19,225,35.66,26.19,170,66.41,431,7.4,48,7.28,53,19.07,139,70.72,459,23822,"51.3"
"30543","STATISTIK_AUSTRIA_GEM_20240101.30543","Ybbsitz",0,3364,689,20.48,328,9.75,374,39.87,37.44,453,53.55,648,8.84,107,8.41,108,31.91,410,54.3,657,23956,"62.1"
"30544","STATISTIK_AUSTRIA_GEM_20240101.30544","Zeillern",1,1933,312,16.14,154,7.97,204,36.82,25.65,139,67.16,364,7.2,39,6.51,46,26.12,186,65.68,356,24976,"75"
"30601","STATISTIK_AUSTRIA_GEM_20240101.30601","Alland",1,2680,548,20.45,264,9.85,319,41.86,61.72,711,34.29,395,3.99,46,7.15,78,31.69,347,75.43,869,28243,"243.3"
"30602","STATISTIK_AUSTRIA_GEM_20240101.30602","Altenmarkt an der Triesting",1,2154,417,19.36,227,10.54,241,42.43,40.8,377,55.52,513,3.68,34,3.55,28,29.62,234,76.52,707,25622,"116.2"
"30603","STATISTIK_AUSTRIA_GEM_20240101.30603","Bad Vöslau",4,12478,2338,18.74,1570,12.58,1508,43.99,49.77,1699,39.4,1345,10.4,355,19.88,1112,38.5,2157,67.63,2309,29558,"489.2"
"30604","STATISTIK_AUSTRIA_GEM_20240101.30604","Baden",10,25931,5113,19.72,3831,14.77,3097,45.28,31.29,1893,45.32,2742,22.23,1345,26.93,3454,45.58,5876,60.02,3631,32394,"688.5"
"30605","STATISTIK_AUSTRIA_GEM_20240101.30605","Berndorf",2,8919,1692,18.97,1002,11.23,1121,45.79,43.64,1184,43.35,1176,12.86,349,7.63,317,40.52,1685,64.69,1755,26978,"279.7"
"30607","STATISTIK_AUSTRIA_GEM_20240101.30607","Ebreichsdorf",2,12003,2111,17.59,1010,8.41,1507,43.04,64.53,2916,28.39,1283,7.04,318,16.2,840,32.6,1695,79.4,3588,27808,"365.4"
"30608","STATISTIK_AUSTRIA_GEM_20240101.30608","Enzesfeld-Lindabrunn",5,4315,817,18.93,516,11.96,587,46.96,62.3,1061,30.01,511,7.69,131,15.83,326,38.57,795,69.17,1178,28026,"204.1"
"30609","STATISTIK_AUSTRIA_GEM_20240101.30609","Furth an der Triesting",1,866,170,19.63,78,9.01,101,40.08,57.56,217,39.79,150,2.65,10,8.28,28,29.03,99,77.45,292,24184,"116.2"
"30612","STATISTIK_AUSTRIA_GEM_20240101.30612","Günselsdorf",1,1734,363,20.93,158,9.11,237,47.49,70.48,370,21.14,111,8,42,6.18,52,39.31,331,76.38,401,25511,"201.6"
"30613","STATISTIK_AUSTRIA_GEM_20240101.30613","Heiligenkreuz",0,1597,294,18.41,180,11.27,183,42.66,54.76,345,40.32,254,4.92,31,8.9,54,29.44,179,80.32,506,31067,"385.7"
"30614","STATISTIK_AUSTRIA_GEM_20240101.30614","Hernstein",1,1571,336,21.39,183,11.65,235,48.35,60.66,461,37.76,287,1.58,12,2.64,18,29.68,203,80.53,612,28833,"179.8"
"30615","STATISTIK_AUSTRIA_GEM_20240101.30615","Hirtenberg",1,2614,394,15.07,210,8.03,278,44.13,51.94,294,35.69,202,12.37,70,7.03,73,39.44,411,59.89,339,25246,"204.1"
"30616","STATISTIK_AUSTRIA_GEM_20240101.30616","Klausen-Leopoldsdorf",0,1672,293,17.52,145,8.67,195,41.23,63.76,424,32.33,215,3.91,26,5.08,39,39.87,307,72.63,483,26480,"180.2"
"30618","STATISTIK_AUSTRIA_GEM_20240101.30618","Kottingbrunn",2,7451,1467,19.69,811,10.88,1046,46.24,60.11,1679,32.4,905,7.41,207,13.3,445,32.62,1091,81.78,2284,29005,"368.7"
"30620","STATISTIK_AUSTRIA_GEM_20240101.30620","Leobersdorf",3,5344,905,16.93,464,8.68,662,44.82,55.28,769,31.42,437,13.16,183,20.82,532,41.82,1069,63.19,879,27015,"204.1"
"30621","STATISTIK_AUSTRIA_GEM_20240101.30621","Mitterndorf an der Fischa",1,3125,391,12.51,175,5.6,351,38.96,53.87,515,39.12,374,7.01,67,9.39,121,30.08,388,83.58,799,27115,"214.7"
"30623","STATISTIK_AUSTRIA_GEM_20240101.30623","Oberwaltersdorf",3,5290,932,17.62,395,7.47,642,41.93,48.47,888,43.78,802,7.75,142,23.43,536,32.65,749,83.79,1535,31555,"579.3"
"30625","STATISTIK_AUSTRIA_GEM_20240101.30625","Pfaffstätten",2,3502,632,18.05,364,10.39,446,43.13,46.78,574,45.4,557,7.42,91,23.77,357,31.65,477,76.94,944,30741,"554"
"30626","STATISTIK_AUSTRIA_GEM_20240101.30626","Pottendorf",2,7770,1296,16.68,739,9.51,889,41.02,56.3,1532,38.77,1055,4.81,131,15.56,508,33.58,1100,75.41,2052,26749,"309.4"
"30627","STATISTIK_AUSTRIA_GEM_20240101.30627","Pottenstein",0,2983,572,19.18,322,10.79,378,44.79,53.27,489,37.25,342,9.37,86,11.85,165,38.34,536,62.64,575,26705,"279.7"
"30629","STATISTIK_AUSTRIA_GEM_20240101.30629","Reisenberg",0,1749,364,20.81,158,9.03,235,45.81,69.42,647,27.36,255,3.22,30,4.38,34,34.02,265,87.55,816,28318,"123.8"
"30631","STATISTIK_AUSTRIA_GEM_20240101.30631","Schönau an der Triesting",1,2141,403,18.82,175,8.17,279,43.46,66.45,503,28.27,214,5.28,40,7.66,73,32.63,311,77.81,589,27625,"201.6"
"30633","STATISTIK_AUSTRIA_GEM_20240101.30633","Seibersdorf",1,1614,329,20.38,149,9.23,213,43.92,63.9,547,33.06,283,3.04,26,2.55,17,27.1,181,76.29,653,28293,"121.4"
"30635","STATISTIK_AUSTRIA_GEM_20240101.30635","Sooß",0,1077,208,19.31,120,11.14,151,48.4,49.42,212,43.12,185,7.46,32,12.92,62,35.82,173,56.41,242,31857,"489.2"
"30636","STATISTIK_AUSTRIA_GEM_20240101.30636","Tattendorf",1,1456,250,17.17,150,10.3,187,44.95,53.16,328,43.27,267,3.57,22,14.06,90,34.48,221,76.18,470,28663,"201.6"
"30637","STATISTIK_AUSTRIA_GEM_20240101.30637","Teesdorf",0,1899,334,17.59,144,7.58,249,44.54,26.28,174,68.28,452,5.44,36,21.59,187,35.91,311,77.04,510,27718,"201.6"
"30639","STATISTIK_AUSTRIA_GEM_20240101.30639","Traiskirchen",1,18925,3261,17.23,1761,9.31,2314,43.03,46.25,2704,41.39,2420,11.82,691,21.27,1758,34.57,2865,73.94,4323,27563,"329.8"
"30641","STATISTIK_AUSTRIA_GEM_20240101.30641","Trumau",1,3724,620,16.65,288,7.73,455,43.01,62.06,674,31.31,340,6.54,71,10.74,176,35.49,582,79.93,868,28158,"306"
"30645","STATISTIK_AUSTRIA_GEM_20240101.30645","Weissenbach an der Triesting",0,1682,330,19.62,188,11.18,196,40.58,54.19,343,37.44,237,8.37,53,5.18,40,37.63,292,63.35,401,27484,"116.2"
"30646","STATISTIK_AUSTRIA_GEM_20240101.30646","Blumau-Neurißhof",0,1950,345,17.69,155,7.95,249,46.37,39.62,229,51.21,296,9.17,53,9.61,92,42.53,407,75.61,437,26981,"201.6"
"30701","STATISTIK_AUSTRIA_GEM_20240101.30701","Au am Leithaberge",0,950,189,19.89,111,11.68,109,38.79,73.52,386,24.76,130,1.71,9,0.78,3,28.87,112,86.86,456,25612,"118.2"
"30702","STATISTIK_AUSTRIA_GEM_20240101.30702","Bad Deutsch-Altenburg",1,1993,374,18.77,217,10.89,258,45.58,63.59,468,28.13,207,8.15,60,7.91,74,40.15,377,75.95,559,28191,"184.7"
"30703","STATISTIK_AUSTRIA_GEM_20240101.30703","Berg",2,974,162,16.63,102,10.47,107,37.68,55.33,275,39.84,198,4.83,24,5.97,25,31.74,133,81.89,407,28138,"207.8"
"30704","STATISTIK_AUSTRIA_GEM_20240101.30704","Bruck an der Leitha",4,8687,1566,18.03,929,10.69,1015,42.72,56.9,1657,31.97,931,10.82,315,12.67,481,36.81,1403,74.73,2176,29585,"342.3"
"30706","STATISTIK_AUSTRIA_GEM_20240101.30706","Enzersdorf an der Fischa",0,3664,663,18.09,333,9.09,484,44.81,68.77,1123,28.84,471,2.33,38,7.48,115,30.92,478,85.85,1402,31224,"291.4"
"30708","STATISTIK_AUSTRIA_GEM_20240101.30708","Göttlesbrunn-Arbesthal",0,1489,309,20.75,136,9.13,194,42.92,63.74,450,33.43,236,2.83,20,3.21,19,25.84,154,75.92,536,28915,"183"
"30709","STATISTIK_AUSTRIA_GEM_20240101.30709","Götzendorf an der Leitha",1,2227,409,18.37,209,9.38,278,42.51,64.02,596,30.83,287,5.16,48,9.25,86,30.33,283,85.07,792,28617,"248.3"
"30710","STATISTIK_AUSTRIA_GEM_20240101.30710","Hainburg a.d. Donau",6,7038,1251,17.77,730,10.37,717,38.22,56.81,1297,32.5,742,10.34,236,13.88,424,38.09,1166,75.03,1713,29123,"244.8"
"30711","STATISTIK_AUSTRIA_GEM_20240101.30711","Haslau-Maria Ellend",0,2027,362,17.86,151,7.45,244,40.2,53.5,512,43.26,414,3.24,31,20,164,26.52,218,89.03,852,29500,"256.7"
"30712","STATISTIK_AUSTRIA_GEM_20240101.30712","Höflein",1,1232,253,20.54,110,8.93,158,43.05,64.92,383,32.71,193,2.37,14,0.97,5,29.9,154,74.41,439,28898,"121.7"
"30713","STATISTIK_AUSTRIA_GEM_20240101.30713","Hof am Leithaberge",2,1678,309,18.41,164,9.77,222,44.31,67.15,513,29.97,229,2.88,22,5.34,37,29.31,204,81.41,622,28867,"118.2"
"30715","STATISTIK_AUSTRIA_GEM_20240101.30715","Hundsheim",0,668,126,18.86,78,11.68,81,40.7,68.71,213,28.71,89,2.58,8,0,0,31.83,92,87.42,271,28475,"105.9"
"30716","STATISTIK_AUSTRIA_GEM_20240101.30716","Mannersdorf am Leithagebirge",0,4274,792,18.53,385,9.01,549,45.19,59.41,972,32.52,532,8.01,131,4.57,86,35.46,667,71.94,1177,27667,"211.1"
"30718","STATISTIK_AUSTRIA_GEM_20240101.30718","Petronell-Carnuntum",0,1260,263,20.87,143,11.35,181,47.26,74.09,466,21.78,137,3.97,25,0.34,2,33.79,197,77.74,489,27901,"184.7"
"30719","STATISTIK_AUSTRIA_GEM_20240101.30719","Prellenkirchen",1,1705,326,19.12,191,11.2,214,42.21,77.61,655,21.21,179,1.18,10,2.65,19,29.64,214,86.14,727,27837,"105.9"
"30721","STATISTIK_AUSTRIA_GEM_20240101.30721","Rohrau",2,1666,297,17.83,149,8.94,190,38.62,73.14,569,24.81,193,2.06,16,0.63,4,23.79,152,90.23,702,27952,"73"
"30722","STATISTIK_AUSTRIA_GEM_20240101.30722","Scharndorf",1,1239,258,20.82,144,11.62,164,44.32,75,495,23.18,153,1.82,12,1.75,9,28.43,147,88.64,585,30391,"121.7"
"30724","STATISTIK_AUSTRIA_GEM_20240101.30724","Sommerein",0,2265,414,18.28,193,8.52,295,43.83,50,477,46.75,446,3.25,31,5.39,51,29.49,279,89.1,850,27608,"163.7"
"30726","STATISTIK_AUSTRIA_GEM_20240101.30726","Trautmannsdorf an der Leitha",1,2929,599,20.45,331,11.3,387,43.88,64.54,881,31.28,427,4.18,57,3.26,41,31.53,403,82.27,1123,28919,"272.1"
"30728","STATISTIK_AUSTRIA_GEM_20240101.30728","Wolfsthal",0,1256,195,15.53,87,6.93,102,30.72,58.33,294,40.28,203,1.39,7,4.7,21,26.34,118,72.62,366,26335,"159.2"
"30729","STATISTIK_AUSTRIA_GEM_20240101.30729","Ebergassing",2,4372,733,16.77,334,7.64,553,44.52,57.82,728,34.15,430,7.86,99,14.29,275,35.83,693,74.34,936,27551,"285.3"
"30730","STATISTIK_AUSTRIA_GEM_20240101.30730","Fischamend",1,5736,934,16.28,557,9.71,687,43.87,49.77,742,32.66,487,17.51,261,11.7,316,41.35,1118,69.89,1042,28847,"445.5"
"30731","STATISTIK_AUSTRIA_GEM_20240101.30731","Gramatneusiedl",0,3700,551,14.89,240,6.49,401,38.15,40.7,444,51.79,565,7.42,81,18.68,280,29.35,440,79.93,872,27967,"330.6"
"30732","STATISTIK_AUSTRIA_GEM_20240101.30732","Himberg",1,8324,1354,16.27,849,10.2,1032,44.54,62.71,2085,26.77,890,10.44,347,21.51,775,35.76,1291,78.68,2616,28921,"496.2"
"30733","STATISTIK_AUSTRIA_GEM_20240101.30733","Klein-Neusiedl",1,921,147,15.96,95,10.31,124,45.76,41.52,142,51.46,176,7.02,24,12.39,58,41.15,193,61.7,211,28380,"291.4"
"30734","STATISTIK_AUSTRIA_GEM_20240101.30734","Lanzendorf",1,1949,334,17.14,157,8.06,235,42.57,55.71,395,35.54,252,8.74,62,22.99,183,31.16,249,80.68,572,28253,"463.8"
"30735","STATISTIK_AUSTRIA_GEM_20240101.30735","Leopoldsdorf",4,5613,957,17.05,479,8.53,670,42.16,56.05,1162,36.47,756,7.48,155,29.94,721,33.68,812,85.91,1781,32693,"661.3"
"30736","STATISTIK_AUSTRIA_GEM_20240101.30736","Maria-Lanzendorf",0,2264,451,19.92,278,12.28,284,45.88,52.72,417,38.81,307,8.47,67,18.75,183,35.99,352,77.37,612,29082,"463.8"
"30737","STATISTIK_AUSTRIA_GEM_20240101.30737","Moosbrunn",0,1808,373,20.63,167,9.24,238,44.65,56.83,420,37.08,274,6.09,45,9.56,78,34.27,280,82.27,608,29869,"264.2"
"30738","STATISTIK_AUSTRIA_GEM_20240101.30738","Rauchenwarth",0,803,122,15.19,59,7.35,96,41.56,53.11,188,44.07,156,2.82,10,8.5,30,34.55,123,74.29,263,28761,"271.3"
"30739","STATISTIK_AUSTRIA_GEM_20240101.30739","Schwadorf",0,2405,374,15.55,176,7.32,277,42.23,66.81,479,24.27,174,8.93,64,4.93,49,35.67,356,73.22,525,28009,"381.9"
"30740","STATISTIK_AUSTRIA_GEM_20240101.30740","Schwechat",2,21243,3158,14.87,1774,8.35,2529,43.45,46.9,1847,32.63,1285,18.28,720,17.3,1724,40.72,4062,59.7,2351,28658,"348.9"
"30741","STATISTIK_AUSTRIA_GEM_20240101.30741","Zwölfaxing",2,1679,308,18.34,162,9.65,227,45.4,32.92,213,47.6,308,19.17,124,18.82,134,31.04,221,80.68,522,30419,"348.9"
"30801","STATISTIK_AUSTRIA_GEM_20240101.30801","Aderklaa",0,236,40,16.95,17,7.2,16,29.09,73.47,72,24.49,24,2.04,2,0,0,26.03,19,51.02,50,26377,"179.9"
"30802","STATISTIK_AUSTRIA_GEM_20240101.30802","Andlersdorf",0,159,36,22.64,12,7.55,24,48.98,65.33,49,34.67,26,0,0,0,0,24.19,15,92,69,29064,"143.5"
"30803","STATISTIK_AUSTRIA_GEM_20240101.30803","Angern an der March",2,3526,723,20.5,361,10.24,491,46.32,75.9,1228,20.77,336,3.34,54,6.13,95,32.67,507,88.57,1433,28203,"47.4"
"30804","STATISTIK_AUSTRIA_GEM_20240101.30804","Auersthal",1,2020,392,19.41,194,9.6,231,39.69,62.07,607,35.38,346,2.56,25,6.65,57,32.91,282,84.56,827,30659,"107.9"
"30805","STATISTIK_AUSTRIA_GEM_20240101.30805","Bad Pirawarth",1,1743,363,20.83,162,9.29,225,43.69,69.68,609,26.66,233,3.66,32,3.44,26,32.23,244,85.47,747,29361,"118.5"
"30808","STATISTIK_AUSTRIA_GEM_20240101.30808","Deutsch-Wagram",7,9257,1577,17.04,836,9.03,1141,42.85,59.89,1889,31.74,1001,8.18,258,18.04,720,34.33,1373,83.04,2619,31716,"351.7"
"30810","STATISTIK_AUSTRIA_GEM_20240101.30810","Drösing",0,1119,264,23.59,134,11.97,167,50.45,87.19,565,11.88,77,0.93,6,2.95,16,38.05,207,90.74,588,28493,"34"
"30811","STATISTIK_AUSTRIA_GEM_20240101.30811","Dürnkrut",0,2224,461,20.73,237,10.66,334,50.23,77.77,836,18.33,197,3.63,39,5.69,60,36.71,388,84,903,29375,"49.4"
"30812","STATISTIK_AUSTRIA_GEM_20240101.30812","Ebenthal",1,883,183,20.72,80,9.06,109,42.75,78.08,374,20.46,98,1.46,7,2.26,9,36.25,145,91.65,439,28261,"49.4"
"30813","STATISTIK_AUSTRIA_GEM_20240101.30813","Eckartsau",1,1370,265,19.34,149,10.88,167,43.95,78.7,510,19.75,128,1.54,10,0.83,5,36.17,217,86.57,561,27398,"82.5"
"30814","STATISTIK_AUSTRIA_GEM_20240101.30814","Engelhartstetten",1,2208,448,20.29,213,9.65,284,44.65,75.82,790,21.88,228,2.3,24,0.32,3,33.19,312,85.8,894,26999,"82.5"
"30817","STATISTIK_AUSTRIA_GEM_20240101.30817","Gänserndorf",2,12285,2016,16.41,1108,9.02,1381,40.75,54.88,2088,37,1408,7.7,293,20.87,1099,35.92,1893,80.34,3057,30653,"314.8"
"30819","STATISTIK_AUSTRIA_GEM_20240101.30819","Glinzendorf",0,360,56,15.56,24,6.67,43,38.74,61.22,90,35.37,52,3.4,5,8.73,11,16.67,21,87.76,129,27997,"281.7"
"30821","STATISTIK_AUSTRIA_GEM_20240101.30821","Groß-Enzersdorf",5,12088,2066,17.09,1135,9.39,1483,41.63,59.68,3053,33.37,1707,6.86,351,17.77,905,30.81,1572,86.4,4420,30359,"424.2"
"30822","STATISTIK_AUSTRIA_GEM_20240101.30822","Großhofen",0,100,16,16,10,10,7,24.14,73.33,33,20,9,6.67,3,0,0,31.71,13,73.33,33,28735,"179.9"
"30824","STATISTIK_AUSTRIA_GEM_20240101.30824","Groß-Schweinbarth",0,1387,276,19.9,118,8.51,196,47.69,76.02,504,21.27,141,2.71,18,1.42,8,27.3,154,88.54,587,29397,"118.5"
"30825","STATISTIK_AUSTRIA_GEM_20240101.30825","Haringsee",1,1159,251,21.66,114,9.84,137,40.29,77.2,464,21.3,128,1.5,9,1.4,7,32.47,163,81.53,490,29080,"82.5"
"30826","STATISTIK_AUSTRIA_GEM_20240101.30826","Hauskirchen",1,1278,322,25.2,129,10.09,192,50.79,84.53,661,15.22,119,0.26,2,1.51,9,34.96,208,94.5,739,28758,"36.9"
"30827","STATISTIK_AUSTRIA_GEM_20240101.30827","Hohenau an der March",1,2746,601,21.89,333,12.13,398,50.7,85.26,1220,12.86,184,1.89,27,1.28,17,39.95,531,89.17,1276,29317,"34"
"30828","STATISTIK_AUSTRIA_GEM_20240101.30828","Hohenruppersdorf",0,962,200,20.79,91,9.46,136,46.1,64.07,346,34.81,188,1.11,6,0.48,2,28.64,120,84.63,457,26359,"43.2"
"30829","STATISTIK_AUSTRIA_GEM_20240101.30829","Jedenspeigen",0,1112,254,22.84,147,13.22,182,50.7,81.31,496,18.2,111,0.49,3,0.6,3,28.91,146,92.13,562,28211,"34"
"30830","STATISTIK_AUSTRIA_GEM_20240101.30830","Lassee",0,3010,524,17.41,269,8.94,359,41.17,73.98,1120,22.92,347,3.04,46,3.31,44,34.16,455,81.37,1232,27050,"155.6"
"30831","STATISTIK_AUSTRIA_GEM_20240101.30831","Leopoldsdorf im Marchfeld",1,3027,549,18.14,288,9.51,373,42.78,52.07,592,44.85,510,2.9,33,12.97,163,31.75,400,81,921,29714,"208.4"
"30834","STATISTIK_AUSTRIA_GEM_20240101.30834","Mannsdorf an der Donau",0,341,75,21.99,39,11.44,38,38.38,63.69,114,34.64,62,1.68,3,0.71,1,30,42,72.07,129,29252,"82.5"
"30835","STATISTIK_AUSTRIA_GEM_20240101.30835","Marchegg",0,3113,571,18.34,318,10.22,387,43.24,73.47,1130,24.12,371,2.41,37,5.59,77,35.32,487,79.97,1230,27929,"92.7"
"30836","STATISTIK_AUSTRIA_GEM_20240101.30836","Markgrafneusiedl",0,921,178,19.33,82,8.9,121,44.81,62.69,252,28.86,116,8.46,34,3.35,14,36.1,152,78.11,314,27640,"179.9"
"30838","STATISTIK_AUSTRIA_GEM_20240101.30838","Matzen-Raggendorf",1,3006,549,18.26,263,8.75,363,42.31,68.54,915,28.84,385,2.55,34,7.33,94,32.84,422,86.89,1160,30542,"89.3"
"30841","STATISTIK_AUSTRIA_GEM_20240101.30841","Neusiedl an der Zaya",0,1207,288,23.86,127,10.52,190,51.77,80.29,558,18.42,128,1.29,9,4.84,28,37.11,216,84.6,588,31292,"36.9"
"30842","STATISTIK_AUSTRIA_GEM_20240101.30842","Obersiebenbrunn",0,1753,328,18.71,152,8.67,239,45.27,68.52,518,26.59,201,4.89,37,7.86,58,30,222,79.63,602,27878,"179.9"
"30844","STATISTIK_AUSTRIA_GEM_20240101.30844","Orth an der Donau",1,2235,431,19.28,287,12.84,243,40.77,63.88,557,28.9,252,7.22,63,8.49,81,37.02,355,76.03,663,28138,"143.5"
"30845","STATISTIK_AUSTRIA_GEM_20240101.30845","Palterndorf-Dobermannsdorf",2,1331,286,21.49,145,10.89,172,43.65,85.39,631,13.8,102,0.81,6,0.34,2,34.47,203,91.88,679,27283,"36.9"
"30846","STATISTIK_AUSTRIA_GEM_20240101.30846","Parbasdorf",0,177,29,16.38,18,10.17,13,26.53,51.47,35,48.53,33,0,0,5.08,3,25.42,15,83.82,57,27535,"179.9"
"30848","STATISTIK_AUSTRIA_GEM_20240101.30848","Prottes",1,1443,282,19.54,154,10.67,205,46.07,73.17,521,25,178,1.83,13,5.65,36,31.82,203,84.27,600,30871,"99.1"
"30849","STATISTIK_AUSTRIA_GEM_20240101.30849","Raasdorf",0,725,114,15.72,49,6.76,72,38.92,61.15,192,34.39,108,3.82,12,6.64,16,25.21,61,72.29,227,28454,"281.7"
"30850","STATISTIK_AUSTRIA_GEM_20240101.30850","Ringelsdorf-Niederabsdorf",1,1286,341,26.52,124,9.64,197,51.98,88.72,700,10.65,84,0.63,5,0.33,2,36.36,220,91.38,721,28245,"34"
"30852","STATISTIK_AUSTRIA_GEM_20240101.30852","Schönkirchen-Reyersdorf",0,2020,431,21.34,184,9.11,271,44.72,74.97,698,22.66,211,2.36,22,4.96,41,28.05,232,88.4,823,31330,"192.9"
"30854","STATISTIK_AUSTRIA_GEM_20240101.30854","Spannberg",1,984,210,21.34,90,9.15,142,46.41,80.67,434,18.59,100,0.74,4,0.95,4,28.44,120,90.52,487,27929,"43.2"
"30856","STATISTIK_AUSTRIA_GEM_20240101.30856","Strasshof an der Nordbahn",6,12202,1884,15.44,965,7.91,1377,39.53,60.14,3001,35.93,1793,3.89,194,20.18,956,28.69,1361,88.96,4439,30009,"344.9"
"30857","STATISTIK_AUSTRIA_GEM_20240101.30857","Sulz im Weinviertel",1,1257,276,21.96,121,9.63,161,43.63,81.24,628,17.98,139,0.78,6,0.35,2,34.09,194,93.79,725,27598,"43.2"
"30858","STATISTIK_AUSTRIA_GEM_20240101.30858","Untersiebenbrunn",1,1795,353,19.67,155,8.64,242,45.57,68.05,507,28.99,216,2.68,20,2.72,21,32.21,249,84.56,630,28024,"179.9"
"30859","STATISTIK_AUSTRIA_GEM_20240101.30859","Velm-Götzendorf",0,785,189,24.08,85,10.83,130,52.63,80.29,383,18.03,86,1.68,8,0,0,30.85,112,89.31,426,27192,"49.4"
"30860","STATISTIK_AUSTRIA_GEM_20240101.30860","Weikendorf",0,2068,457,22.1,204,9.86,271,43.99,80.32,763,18.32,174,1.26,12,0.38,3,26.51,219,88.84,844,31905,"132.4"
"30863","STATISTIK_AUSTRIA_GEM_20240101.30863","Zistersdorf",5,5487,1159,21.12,703,12.81,743,47.03,75.63,1977,21.54,563,2.83,74,5.7,138,34.9,852,86.27,2255,27661,"55.1"
"30865","STATISTIK_AUSTRIA_GEM_20240101.30865","Weiden an der March",0,997,216,21.66,106,10.63,111,39.5,66.93,417,31.46,196,1.61,10,2.02,8,32.24,128,79.29,494,28898,"132.4"
"30902","STATISTIK_AUSTRIA_GEM_20240101.30902","Amaliendorf-Aalfang",0,1095,216,19.73,136,12.42,146,44.38,51.87,333,41.9,269,6.23,40,1.19,6,34.71,176,77.41,497,24650,"28.6"
"30903","STATISTIK_AUSTRIA_GEM_20240101.30903","Brand-Nagelberg",0,1427,346,24.25,203,14.23,214,49.54,55.6,447,39.05,314,5.35,43,1.95,14,39.83,286,68.78,553,23465,"28.6"
"30904","STATISTIK_AUSTRIA_GEM_20240101.30904","Eggern",0,662,127,19.18,86,12.99,65,35.52,75.47,320,23.35,99,1.18,5,0.32,1,41.64,132,77.59,329,20798,"28.6"
"30906","STATISTIK_AUSTRIA_GEM_20240101.30906","Eisgarn",3,702,154,21.94,93,13.25,81,39.13,72.63,276,26.84,102,0.53,2,2.42,7,32.07,93,74.21,282,22836,"28.6"
"30908","STATISTIK_AUSTRIA_GEM_20240101.30908","Gmünd",5,5140,1144,22.26,714,13.89,687,49.6,46.5,962,43.35,897,10.05,208,7.74,207,47.46,1272,52.92,1095,27633,"63.9"
"30909","STATISTIK_AUSTRIA_GEM_20240101.30909","Großdietmanns",1,2157,466,21.6,238,11.03,295,44.97,61.33,620,37.49,379,1.19,12,5.49,52,30.74,292,67.66,684,24403,"21.4"
"30910","STATISTIK_AUSTRIA_GEM_20240101.30910","Bad Großpertholz",0,1279,311,24.32,155,12.12,171,46.72,52.98,418,40.56,320,6.46,51,3.1,18,38.97,228,67.93,536,22900,"17"
"30912","STATISTIK_AUSTRIA_GEM_20240101.30912","Großschönau",0,1206,260,21.56,105,8.71,136,38.42,66.74,311,31.33,146,1.93,9,0.45,2,26.13,116,60.52,282,21995,"33"
"30913","STATISTIK_AUSTRIA_GEM_20240101.30913","Moorbad Harbach",1,680,157,23.09,72,10.59,84,40.78,61.29,228,32.8,122,5.65,21,3.16,9,30.45,88,64.25,239,22764,"17"
"30915","STATISTIK_AUSTRIA_GEM_20240101.30915","Haugschlag",0,474,105,22.15,67,14.14,66,47.83,66.29,232,32,112,1.71,6,0.9,2,37.84,84,76.57,268,23121,"28.6"
"30916","STATISTIK_AUSTRIA_GEM_20240101.30916","Heidenreichstein",2,3755,842,22.42,568,15.13,480,44.94,55.17,1078,38.79,758,6.04,118,5.73,103,40.31,726,71.75,1402,24188,"28.6"
"30917","STATISTIK_AUSTRIA_GEM_20240101.30917","Hirschbach",0,573,117,20.42,62,10.82,76,41.76,61.84,222,37.33,134,0.84,3,5.58,14,28.29,71,66.85,240,25279,"18.1"
"30920","STATISTIK_AUSTRIA_GEM_20240101.30920","Hoheneich",1,1344,315,23.44,195,14.51,213,50.35,35.63,259,57.5,418,6.88,50,5.21,35,34.97,235,70.84,515,26597,"21.4"
"30921","STATISTIK_AUSTRIA_GEM_20240101.30921","Kirchberg am Walde",1,1254,268,21.37,155,12.36,145,40.39,59.97,361,38.04,229,1.99,12,1.89,10,32.64,173,66.28,399,21241,"18.1"
"30925","STATISTIK_AUSTRIA_GEM_20240101.30925","Litschau",4,2093,571,27.28,323,15.43,287,49.31,66.02,919,31.32,436,2.59,36,4.01,41,42.26,434,70.76,985,24756,"28.6"
"30929","STATISTIK_AUSTRIA_GEM_20240101.30929","Reingers",0,606,129,21.29,71,11.72,65,39.88,70.39,233,26.89,89,2.72,9,1.07,3,40.21,113,58.61,194,20995,"28.6"
"30932","STATISTIK_AUSTRIA_GEM_20240101.30932","St. Martin",2,1061,225,21.21,96,9.05,123,40.33,72.98,370,24.26,123,2.76,14,0.5,2,31.11,126,87.57,444,20827,"12.6"
"30935","STATISTIK_AUSTRIA_GEM_20240101.30935","Schrems",2,5272,1184,22.46,695,13.18,735,47.85,63.87,1522,31.31,746,4.83,115,6.27,153,37.29,912,70.88,1689,24395,"28.6"
"30939","STATISTIK_AUSTRIA_GEM_20240101.30939","Unserfrau-Altweitra",1,997,191,19.16,109,10.93,109,38.79,9.77,46,78.34,369,11.89,56,0,0,29.04,115,66.45,313,20545,"33"
"30940","STATISTIK_AUSTRIA_GEM_20240101.30940","Waldenstein",0,1176,201,17.09,102,8.67,117,33.91,58.57,335,40.73,233,0.7,4,0.41,2,30.04,146,77.8,445,22173,"21.4"
"30942","STATISTIK_AUSTRIA_GEM_20240101.30942","Weitra",1,2563,531,20.72,397,15.49,304,42.58,53.59,642,39.98,479,6.34,76,5.96,68,38.41,439,62.27,746,25169,"33"
"31001","STATISTIK_AUSTRIA_GEM_20240101.31001","Alberndorf im Pulkautal",0,707,178,25.18,82,11.6,100,46.73,67.7,285,30.88,130,1.43,6,6.65,22,35.14,117,88.84,374,26582,"29.1"
"31008","STATISTIK_AUSTRIA_GEM_20240101.31008","Göllersdorf",4,3214,664,20.66,300,9.33,423,45.58,66.78,971,30.74,447,2.48,36,3.38,44,28.91,377,83.98,1221,26308,"97.2"
"31009","STATISTIK_AUSTRIA_GEM_20240101.31009","Grabern",0,1732,317,18.3,135,7.79,209,39.96,71.08,558,27.26,214,1.66,13,0.43,3,25,173,93.63,735,25173,"56.1"
"31014","STATISTIK_AUSTRIA_GEM_20240101.31014","Guntersdorf",0,1157,228,19.71,110,9.51,149,43.44,64.81,385,32.66,194,2.53,15,1.56,8,31.78,164,84.18,500,26357,"56.1"
"31015","STATISTIK_AUSTRIA_GEM_20240101.31015","Hadres",0,1699,407,23.96,185,10.89,224,44.62,80.93,857,17.85,189,1.23,13,1.02,8,36.09,284,92.63,981,24768,"29.1"
"31016","STATISTIK_AUSTRIA_GEM_20240101.31016","Hardegg",4,1305,316,24.21,178,13.64,187,49.21,78.66,741,20.17,190,1.17,11,1,6,37.06,222,81.95,772,23747,"24.7"
"31018","STATISTIK_AUSTRIA_GEM_20240101.31018","Haugsdorf",1,1591,354,22.25,208,13.07,212,45.01,77.07,699,21.83,198,1.1,10,2.64,19,34.53,250,84.79,769,24232,"29.1"
"31019","STATISTIK_AUSTRIA_GEM_20240101.31019","Heldenberg",1,1478,285,19.28,108,7.31,187,41.19,68.55,473,29.71,205,1.74,12,1.5,9,23.13,139,87.25,602,27191,"56.2"
"31021","STATISTIK_AUSTRIA_GEM_20240101.31021","Hohenwarth-Mühlbach a.M.",2,1345,316,23.49,156,11.6,199,48.54,72.34,570,25.25,199,2.28,18,0.7,4,29.65,169,86.17,679,24257,"69.5"
"31022","STATISTIK_AUSTRIA_GEM_20240101.31022","Hollabrunn",5,12514,2494,19.93,1264,10.1,1483,43.76,48.37,2459,43.31,2202,8.22,418,10.24,577,39.19,2210,71.97,3659,29180,"184"
"31025","STATISTIK_AUSTRIA_GEM_20240101.31025","Mailberg",0,560,133,23.75,81,14.46,79,51.97,71.88,276,27.08,104,1.04,4,0.71,2,44.88,127,90.36,347,24020,"29.1"
"31026","STATISTIK_AUSTRIA_GEM_20240101.31026","Maissau",0,1965,425,21.63,251,12.77,278,46.96,70.48,771,26.33,288,3.2,35,2.14,19,33.85,303,83.73,916,27468,"50.7"
"31028","STATISTIK_AUSTRIA_GEM_20240101.31028","Nappersdorf-Kammersdorf",0,1191,296,24.85,149,12.51,177,49.72,78.02,568,21.7,158,0.27,2,0.18,1,33.82,186,87.5,637,24818,"50.1"
"31033","STATISTIK_AUSTRIA_GEM_20240101.31033","Pernersdorf",1,1067,222,20.81,120,11.25,137,45.82,82.51,552,17.19,115,0.3,2,1.5,7,34.4,161,88.19,590,25627,"29.1"
"31035","STATISTIK_AUSTRIA_GEM_20240101.31035","Pulkau",0,1460,319,21.85,208,14.25,201,46.74,70.33,621,26.95,238,2.72,24,3.05,21,38.44,266,87.88,776,26006,"32.9"
"31036","STATISTIK_AUSTRIA_GEM_20240101.31036","Ravelsbach",1,1668,343,20.56,209,12.53,220,45.36,67.6,553,30.07,246,2.32,19,0.52,4,37.37,290,83.25,681,25189,"50.7"
"31037","STATISTIK_AUSTRIA_GEM_20240101.31037","Retz",1,4189,909,21.7,600,14.32,519,46.63,68.88,1401,26.6,541,4.52,92,8.09,155,41.36,797,77.34,1573,25015,"103"
"31038","STATISTIK_AUSTRIA_GEM_20240101.31038","Retzbach",0,995,226,22.71,128,12.86,123,43.77,75.35,532,23.8,168,0.85,6,0.43,2,38.89,182,86.54,611,24442,"24.7"
"31041","STATISTIK_AUSTRIA_GEM_20240101.31041","Schrattenthal",0,874,181,20.71,119,13.62,105,40.08,71.43,365,26.81,137,1.76,9,2.75,11,34.5,138,83.17,425,24031,"24.7"
"31042","STATISTIK_AUSTRIA_GEM_20240101.31042","Seefeld-Kadolz",0,940,258,27.45,129,13.72,154,56.41,86.96,567,12.27,80,0.77,5,0.21,1,39.53,185,89.88,586,25244,"29.1"
"31043","STATISTIK_AUSTRIA_GEM_20240101.31043","Sitzendorf an der Schmida",1,2205,453,20.54,274,12.43,301,47.33,58.62,687,38.48,451,2.9,34,1.66,16,33.99,329,89.59,1050,24730,"56.1"
"31051","STATISTIK_AUSTRIA_GEM_20240101.31051","Wullersdorf",2,2441,466,19.09,248,10.16,287,40.65,73.6,962,24.64,322,1.68,22,0.38,4,32.1,337,85.54,1118,25602,"50.1"
"31052","STATISTIK_AUSTRIA_GEM_20240101.31052","Zellerndorf",4,2389,551,23.06,258,10.8,348,47.93,78.93,1079,18.95,259,2.12,29,1.78,19,31.06,333,84.27,1152,25914,"29.1"
"31053","STATISTIK_AUSTRIA_GEM_20240101.31053","Ziersdorf",0,3349,723,21.59,352,10.51,440,43.69,68.96,1184,29.06,499,1.92,33,2.56,38,32.01,475,78.68,1351,26521,"71.5"
"31101","STATISTIK_AUSTRIA_GEM_20240101.31101","Altenburg",1,822,178,21.65,73,8.88,91,39.22,71.07,280,28.43,112,0.51,2,1.21,4,30.51,101,85.53,337,25465,"37.2"
"31102","STATISTIK_AUSTRIA_GEM_20240101.31102","Brunn an der Wild",0,862,180,20.88,78,9.05,101,39.76,64.92,285,33.94,149,1.14,5,0,0,29.5,100,78.36,344,22449,"21"
"31103","STATISTIK_AUSTRIA_GEM_20240101.31103","Burgschleinitz-Kühnring",0,1304,302,23.16,115,8.82,155,40.05,69.6,499,28.73,206,1.53,11,0.89,5,31.08,175,81.59,585,24569,"32.9"
"31104","STATISTIK_AUSTRIA_GEM_20240101.31104","Drosendorf-Zissersdorf",2,1134,259,22.84,173,15.26,125,38.34,75.25,596,22.35,177,2.27,18,2.4,13,40.92,223,80.68,639,26319,"21.7"
"31105","STATISTIK_AUSTRIA_GEM_20240101.31105","Eggenburg",2,3509,751,21.4,497,14.16,473,48.56,54.4,840,37.63,581,7.97,123,11.94,199,40.06,669,69.75,1077,28291,"61.1"
"31106","STATISTIK_AUSTRIA_GEM_20240101.31106","Gars am Kamp",0,3473,822,23.67,471,13.56,461,46.71,60.84,1047,32.25,555,6.91,119,13.64,228,41.28,691,73.39,1263,26881,"69.9"
"31107","STATISTIK_AUSTRIA_GEM_20240101.31107","Geras",0,1253,268,21.39,154,12.29,152,41.64,75.65,609,22.86,184,1.49,12,2.68,15,37.32,209,76.02,612,23517,"21.7"
"31109","STATISTIK_AUSTRIA_GEM_20240101.31109","Horn",7,6492,1326,20.43,821,12.65,795,45.48,44.68,958,44.17,947,10.87,233,22.25,685,43.31,1337,65.3,1400,28818,"81.9"
"31110","STATISTIK_AUSTRIA_GEM_20240101.31110","Irnfritz-Messern",1,1419,283,19.94,138,9.73,152,36.98,70.12,481,28.43,195,1.46,10,2.11,12,29.82,170,76.68,526,22493,"21.7"
"31111","STATISTIK_AUSTRIA_GEM_20240101.31111","Japons",0,696,139,19.97,88,12.64,81,39.13,72.86,255,26.86,94,0.29,1,0.67,2,32.32,96,72.86,255,23283,"21.7"
"31113","STATISTIK_AUSTRIA_GEM_20240101.31113","Langau",0,676,142,21.01,112,16.57,86,44.79,79.24,313,19.49,77,1.27,5,1.27,4,40.81,131,75.19,297,22821,"21.7"
"31114","STATISTIK_AUSTRIA_GEM_20240101.31114","Meiseldorf",1,841,194,23.07,93,11.06,89,36.93,77.23,373,21.53,104,1.24,6,0.28,1,33.98,123,90.27,436,26084,"32.9"
"31117","STATISTIK_AUSTRIA_GEM_20240101.31117","Pernegg",0,693,139,20.06,79,11.4,77,38.69,72.9,269,25.75,95,1.36,5,0,0,29.75,83,73.17,270,22739,"21.7"
"31119","STATISTIK_AUSTRIA_GEM_20240101.31119","Röhrenbach",0,482,116,24.07,60,12.45,58,38.93,74.81,193,22.87,59,1.94,5,0.54,1,20.97,39,77.13,199,20572,"21"
"31120","STATISTIK_AUSTRIA_GEM_20240101.31120","Röschitz",0,1134,238,20.99,132,11.64,153,46.08,68.98,427,28.92,179,1.78,11,4.61,22,31.32,150,86.27,534,26630,"32.9"
"31121","STATISTIK_AUSTRIA_GEM_20240101.31121","Rosenburg-Mold",1,863,162,18.77,104,12.05,100,42.55,59.96,289,34.44,166,5.39,26,3.39,13,37.76,145,75.31,363,25248,"32.9"
"31123","STATISTIK_AUSTRIA_GEM_20240101.31123","St. Bernhard-Frauenhofen",1,1279,285,22.28,118,9.23,165,42.2,53.38,308,44.02,254,2.6,15,0.98,5,25.2,129,75.39,435,25316,"37.2"
"31124","STATISTIK_AUSTRIA_GEM_20240101.31124","Sigmundsherberg",0,1698,372,21.91,188,11.07,214,42.46,68.14,556,28.19,230,3.68,30,2.37,18,33.99,259,78.31,639,26928,"32.9"
"31129","STATISTIK_AUSTRIA_GEM_20240101.31129","Weitersfeld",0,1525,381,24.98,196,12.85,183,41.5,72.89,613,25.68,216,1.43,12,1.06,7,34.99,232,73.25,616,24662,"24.7"
"31130","STATISTIK_AUSTRIA_GEM_20240101.31130","Straning-Grafenberg",0,692,165,23.84,87,12.57,98,47.34,81.29,365,17.82,80,0.89,4,0.33,1,33.33,103,88.86,399,26556,"32.9"
"31201","STATISTIK_AUSTRIA_GEM_20240101.31201","Bisamberg",1,4875,904,18.54,603,12.37,599,42.09,47.54,948,42.63,850,9.68,193,23.87,516,33.98,737,83.15,1658,35838,"587.3"
"31202","STATISTIK_AUSTRIA_GEM_20240101.31202","Enzersfeld im Weinviertel",0,1867,344,18.43,204,10.93,267,47.51,55.21,493,40.43,361,4.37,39,4.96,40,30.28,245,83.09,742,29162,"341.8"
"31203","STATISTIK_AUSTRIA_GEM_20240101.31203","Ernstbrunn",1,3316,677,20.42,357,10.77,412,42.56,69.4,1168,26.44,445,4.16,70,1.95,28,33.29,481,85.8,1444,26636,"109.6"
"31204","STATISTIK_AUSTRIA_GEM_20240101.31204","Großmugl",0,1613,322,19.96,156,9.67,184,39.07,68.66,585,29.58,252,1.76,15,3.76,26,30.35,210,83.92,715,26400,"98.2"
"31205","STATISTIK_AUSTRIA_GEM_20240101.31205","Großrußbach",2,2305,414,17.96,228,9.89,290,43.41,73.05,824,22.87,258,4.08,46,3.44,33,30.94,298,88.92,1003,29585,"157.2"
"31206","STATISTIK_AUSTRIA_GEM_20240101.31206","Hagenbrunn",1,2411,431,17.88,199,8.25,313,42.76,62.82,774,31.25,385,5.84,72,20.69,210,28.49,294,79.06,974,32539,"550.7"
"31207","STATISTIK_AUSTRIA_GEM_20240101.31207","Harmannsdorf",3,4142,832,20.09,429,10.36,561,44.74,69.36,1458,28.21,593,2.43,51,4.14,74,30.34,544,89.58,1883,28912,"278.5"
"31208","STATISTIK_AUSTRIA_GEM_20240101.31208","Hausleiten",1,3843,715,18.61,303,7.88,478,41.6,49.85,838,47.17,793,2.91,49,11,176,27.72,444,84.3,1417,28309,"153.5"
"31213","STATISTIK_AUSTRIA_GEM_20240101.31213","Korneuburg",6,13805,2434,17.63,1290,9.34,1663,44.82,43.62,1336,40.42,1238,14.14,433,24.17,1594,42.66,2825,65.49,2006,31026,"543.4"
"31214","STATISTIK_AUSTRIA_GEM_20240101.31214","Langenzersdorf",6,8194,1630,19.89,1100,13.42,1095,46.36,56.27,1943,34.72,1199,8.89,307,23.73,894,36.55,1379,77.9,2690,35495,"506.4"
"31215","STATISTIK_AUSTRIA_GEM_20240101.31215","Leitzersdorf",0,1147,246,21.45,107,9.33,169,46.3,64.42,391,33.61,204,1.98,12,0,0,28.2,141,83.86,509,27793,"163.1"
"31216","STATISTIK_AUSTRIA_GEM_20240101.31216","Leobendorf",6,5265,1094,20.78,526,9.99,687,44.27,65.22,1519,30.4,708,4.34,101,9.75,224,32.16,740,85.53,1992,31457,"514.4"
"31224","STATISTIK_AUSTRIA_GEM_20240101.31224","Rußbach",0,1371,269,19.62,137,9.99,159,38.13,74.85,497,24.1,160,1.05,7,0.18,1,25.32,140,86.14,572,26008,"79.7"
"31226","STATISTIK_AUSTRIA_GEM_20240101.31226","Sierndorf",1,3985,798,20.03,373,9.36,520,43.41,68.96,1242,26.71,481,4.16,75,1.63,26,26.5,428,88.12,1587,28735,"172.5"
"31227","STATISTIK_AUSTRIA_GEM_20240101.31227","Spillern",4,2644,455,17.21,210,7.94,342,44.24,51.55,432,39.62,332,8.71,73,11.02,131,34.57,411,75.66,634,29906,"402"
"31228","STATISTIK_AUSTRIA_GEM_20240101.31228","Stetteldorf am Wagram",0,1065,238,22.35,85,7.98,120,38.46,65.43,335,32.42,166,2.15,11,4.23,19,30.96,139,87.7,449,26290,"70.6"
"31229","STATISTIK_AUSTRIA_GEM_20240101.31229","Stetten",1,1388,250,18.01,127,9.15,182,43.96,58.76,379,35.81,231,5.43,35,12.07,74,32.31,199,78.91,509,27935,"454.9"
"31230","STATISTIK_AUSTRIA_GEM_20240101.31230","Stockerau",11,17210,3219,18.7,1830,10.63,2178,46,46.44,2324,41.25,2064,11.91,596,20.51,1676,41.7,3414,70.06,3506,29519,"316.9"
"31234","STATISTIK_AUSTRIA_GEM_20240101.31234","Niederhollabrunn",0,1509,297,19.68,146,9.68,197,43.39,69.23,585,27.57,233,3.2,27,0.32,2,26.75,168,86.98,735,28252,"163.1"
"31235","STATISTIK_AUSTRIA_GEM_20240101.31235","Gerasdorf bei Wien",9,12158,2188,18,1256,10.33,1561,44.37,54.84,3068,37.47,2096,7.65,428,18.51,936,31.58,1601,87.06,4870,30993,"655.2"
"31301","STATISTIK_AUSTRIA_GEM_20240101.31301","Aggsbach",3,615,145,23.58,89,14.47,94,49.47,58.42,222,36.32,138,5.26,20,0.35,1,34.49,99,70.26,267,28709,"82.3"
"31302","STATISTIK_AUSTRIA_GEM_20240101.31302","Albrechtsberg an der Großen Krems",0,989,217,21.94,103,10.41,112,37.46,43.78,211,51.24,247,4.98,24,2.23,9,27.97,113,69.29,334,21711,"18.6"
"31303","STATISTIK_AUSTRIA_GEM_20240101.31303","Bergern im Dunkelsteinerwald",0,1309,288,22,133,10.16,191,47.16,58.63,360,39.09,240,2.28,14,3.84,21,26.87,147,77.52,476,24967,"71.3"
"31304","STATISTIK_AUSTRIA_GEM_20240101.31304","Dürnstein",0,816,198,24.26,117,14.34,109,46.19,22.2,99,67.94,303,9.87,44,8.31,30,34.79,127,54.04,241,26544,"252.8"
"31308","STATISTIK_AUSTRIA_GEM_20240101.31308","Grafenegg",0,3308,684,20.68,265,8.01,465,46.31,58.55,863,38.13,562,3.32,49,4.57,65,29.85,425,72.46,1068,26730,"89.6"
"31309","STATISTIK_AUSTRIA_GEM_20240101.31309","Furth bei Göttweig",3,3003,615,20.48,302,10.06,383,44.23,45.5,556,48.53,593,5.89,72,20.09,264,34.3,451,74.71,913,29219,"144.8"
"31310","STATISTIK_AUSTRIA_GEM_20240101.31310","Gedersdorf",0,2132,494,23.17,212,9.94,303,45.16,60.8,560,35.72,329,3.47,32,4.69,41,24.89,218,74.27,684,25702,"90.6"
"31311","STATISTIK_AUSTRIA_GEM_20240101.31311","Gföhl",0,3848,770,20.01,416,10.81,485,43.26,53.2,907,38.89,663,7.92,135,6.05,102,35.22,596,72.08,1229,24131,"74.5"
"31315","STATISTIK_AUSTRIA_GEM_20240101.31315","Hadersdorf-Kammern",1,1975,420,21.27,222,11.24,268,46.29,52.73,405,40.49,311,6.77,52,9.19,86,37.71,353,73.44,564,27655,"111.8"
"31319","STATISTIK_AUSTRIA_GEM_20240101.31319","Jaidhof",0,1225,220,17.96,95,7.76,110,31.52,61.24,316,36.63,189,2.13,11,2.75,13,29.75,141,78.1,403,20106,"43.7"
"31321","STATISTIK_AUSTRIA_GEM_20240101.31321","Krumau am Kamp",0,722,185,25.62,110,15.24,95,43.98,76.23,420,21.6,119,2.18,12,1.53,5,37.73,123,80.76,445,24550,"43.7"
"31322","STATISTIK_AUSTRIA_GEM_20240101.31322","Langenlois",6,7477,1428,19.1,892,11.93,925,42.92,54.63,1669,38.33,1171,7.04,215,10.12,336,35.13,1168,70.51,2154,25568,"80.9"
"31323","STATISTIK_AUSTRIA_GEM_20240101.31323","Lengenfeld",0,1393,303,21.75,136,9.76,172,40.38,57.23,380,36.75,244,6.02,40,2.79,16,26.91,155,73.04,485,24209,"74.5"
"31324","STATISTIK_AUSTRIA_GEM_20240101.31324","Lichtenau im Waldviertel",0,2028,408,20.12,204,10.06,212,36.81,68.53,651,27.89,265,3.58,34,0.12,1,32.1,261,75.58,718,20070,"34.3"
"31326","STATISTIK_AUSTRIA_GEM_20240101.31326","Maria Laach am Jauerling",0,888,185,20.83,104,11.71,93,34.96,53.73,209,42.16,164,4.11,16,1.43,5,29.83,105,74.29,289,21675,"40.4"
"31327","STATISTIK_AUSTRIA_GEM_20240101.31327","Mautern an der Donau",2,3375,729,21.6,489,14.49,449,46.97,36.05,394,51.24,560,12.53,137,31.6,517,40.87,669,62.49,683,29100,"144.8"
"31330","STATISTIK_AUSTRIA_GEM_20240101.31330","Mühldorf",1,1225,288,23.51,154,12.57,146,39.67,58.79,378,37.17,239,4.04,26,2.64,14,32.52,174,74.03,476,23687,"71.3"
"31333","STATISTIK_AUSTRIA_GEM_20240101.31333","Paudorf",3,2714,579,21.33,277,10.21,352,44.06,55.09,611,40.85,453,3.97,44,8.59,100,32.36,377,73.67,817,25703,"121.9"
"31336","STATISTIK_AUSTRIA_GEM_20240101.31336","Rastenfeld",0,1573,329,20.92,148,9.41,179,40.41,54.73,440,41.29,332,3.98,32,3.98,27,34.85,237,72.14,580,24578,"34.3"
"31337","STATISTIK_AUSTRIA_GEM_20240101.31337","Rohrendorf bei Krems",1,2107,358,16.99,205,9.73,241,38.62,55.92,496,41.38,367,2.71,24,10.34,86,27.22,227,63.02,559,27345,"144.3"
"31338","STATISTIK_AUSTRIA_GEM_20240101.31338","Rossatz-Arnsdorf",2,1046,225,21.51,159,15.2,136,44.16,54.31,309,38.84,221,6.85,39,2.83,13,34.13,157,73.46,418,28055,"71.3"
"31340","STATISTIK_AUSTRIA_GEM_20240101.31340","St. Leonhard am Hornerwald",0,1118,244,21.82,113,10.11,124,38.04,72.87,454,23.76,148,3.37,21,1.83,8,29,127,80.74,503,21377,"43.7"
"31343","STATISTIK_AUSTRIA_GEM_20240101.31343","Senftenberg",0,1917,397,20.71,246,12.83,261,46.52,44.2,389,50.11,441,5.68,50,9.68,87,38.08,345,65.23,574,27472,"101.9"
"31344","STATISTIK_AUSTRIA_GEM_20240101.31344","Spitz",1,1526,336,22.02,217,14.22,205,44.76,34.96,244,53.44,373,11.46,80,5.92,40,34.66,235,60.17,420,26185,"101.9"
"31346","STATISTIK_AUSTRIA_GEM_20240101.31346","Straß im Straßertale",0,1764,337,19.1,183,10.37,217,41.65,48.64,393,49.38,399,1.98,16,3.29,24,29.23,214,81.44,658,25716,"111.8"
"31347","STATISTIK_AUSTRIA_GEM_20240101.31347","Stratzing",0,883,195,22.08,94,10.65,121,44.81,57.27,193,36.8,124,5.93,20,13.39,49,25.68,94,79.23,267,30585,"127"
"31350","STATISTIK_AUSTRIA_GEM_20240101.31350","Weinzierl am Walde",0,1218,259,21.26,147,12.07,131,36.49,62.96,340,33.33,180,3.7,20,0.65,3,27.65,128,70.37,380,20352,"18.6"
"31351","STATISTIK_AUSTRIA_GEM_20240101.31351","Weißenkirchen in der Wachau",1,1359,331,24.36,179,13.17,181,44.04,32.98,217,61.09,402,5.93,39,8.14,49,33.44,202,60.64,399,24959,"230.6"
"31355","STATISTIK_AUSTRIA_GEM_20240101.31355","Schönberg am Kamp",0,1836,428,23.31,249,13.56,241,44.88,63.33,696,32.85,361,3.73,41,1.04,9,38.2,332,81.16,892,25811,"74.6"
"31356","STATISTIK_AUSTRIA_GEM_20240101.31356","Droß",2,1034,204,19.73,76,7.35,118,38.06,54.46,220,40.35,163,5.2,21,8.38,32,20.16,77,87.38,353,26160,"85.4"
"31401","STATISTIK_AUSTRIA_GEM_20240101.31401","Annaberg",0,479,114,23.8,75,15.66,52,40,36.13,155,56.64,243,7.23,31,1.78,4,42.98,98,68.3,293,24508,"47"
"31402","STATISTIK_AUSTRIA_GEM_20240101.31402","Eschenau",1,1286,233,18.12,136,10.58,161,44.48,34.86,167,56.78,272,8.35,40,6.4,33,30.75,159,81.42,390,24217,"78"
"31403","STATISTIK_AUSTRIA_GEM_20240101.31403","Hainfeld",0,3755,755,20.11,515,13.72,468,45.79,44.29,520,47.53,558,8.09,95,10.56,175,39.85,671,62.61,735,25352,"112.2"
"31404","STATISTIK_AUSTRIA_GEM_20240101.31404","Hohenberg",3,1396,281,20.13,222,15.9,206,52.55,57.83,395,35.14,240,7.03,48,4.56,31,42.58,290,71.3,487,25475,"63.3"
"31405","STATISTIK_AUSTRIA_GEM_20240101.31405","Kaumberg",1,1073,231,21.53,103,9.6,150,48.08,63.16,324,32.55,167,4.29,22,0.68,3,33.85,153,79.53,408,26061,"112.2"
"31406","STATISTIK_AUSTRIA_GEM_20240101.31406","Kleinzell",3,854,176,20.61,97,11.36,98,41.35,47.58,197,45.89,190,6.52,27,4.03,14,35.33,124,71.26,295,24337,"66.5"
"31407","STATISTIK_AUSTRIA_GEM_20240101.31407","Lilienfeld",0,2618,542,20.7,297,11.34,299,42.05,37.65,346,48.53,446,13.38,123,13.54,168,43.05,539,59.3,545,29083,"93.4"
"31408","STATISTIK_AUSTRIA_GEM_20240101.31408","Mitterbach am Erlaufsee",0,472,104,22.03,81,17.16,56,45.16,49.57,171,44.35,153,6.09,21,4,9,41.23,94,66.67,230,29141,"47"
"31409","STATISTIK_AUSTRIA_GEM_20240101.31409","Ramsau",0,802,141,17.58,105,13.09,106,46.09,52.15,194,41.67,155,6.18,23,6.91,25,36.61,134,71.51,266,22863,"66.5"
"31410","STATISTIK_AUSTRIA_GEM_20240101.31410","Rohrbach an der Gölsen",0,1531,312,20.38,138,9.01,193,43.76,60.67,361,31.26,186,8.07,48,13.89,91,33.54,220,78.32,466,26055,"107.9"
"31411","STATISTIK_AUSTRIA_GEM_20240101.31411","St. Aegyd am Neuwalde",1,1791,400,22.33,313,17.48,255,51,51.51,512,40.64,404,7.85,78,3.31,29,43.05,378,61.07,607,24400,"63.3"
"31412","STATISTIK_AUSTRIA_GEM_20240101.31412","St. Veit an der Gölsen",4,3848,768,19.96,386,10.03,498,44.03,55.81,788,39.59,559,4.6,65,8.61,142,32.93,544,71.18,1005,25235,"93.3"
"31413","STATISTIK_AUSTRIA_GEM_20240101.31413","Traisen",2,3385,669,19.76,380,11.23,439,46.9,47.14,421,39.53,353,12.65,113,13.96,228,43.09,705,54.42,486,25643,"78"
"31414","STATISTIK_AUSTRIA_GEM_20240101.31414","Türnitz",4,1845,421,22.82,269,14.58,243,45.34,56.99,538,37.82,357,5.19,49,5.06,39,33.33,257,68.01,642,25691,"47"
"31502","STATISTIK_AUSTRIA_GEM_20240101.31502","Artstetten-Pöbring",1,1263,217,17.18,111,8.79,125,33.33,48.62,229,50.11,236,1.27,6,0.96,4,18.9,79,82.59,389,21462,"42.6"
"31503","STATISTIK_AUSTRIA_GEM_20240101.31503","Bergland",1,1901,338,17.78,167,8.78,204,36.76,33.03,220,61.86,412,5.11,34,1.17,8,22.73,155,64.41,429,23970,"70.6"
"31504","STATISTIK_AUSTRIA_GEM_20240101.31504","Bischofstetten",0,1196,238,19.9,114,9.53,153,43.22,52.04,217,45.56,190,2.4,10,4.07,20,31.17,154,65.95,275,24950,"45.5"
"31505","STATISTIK_AUSTRIA_GEM_20240101.31505","Blindenmarkt",0,2795,502,17.96,216,7.73,310,39.19,42.7,395,51.78,479,5.41,50,9.51,107,30.97,349,66.49,615,26552,"65.4"
"31506","STATISTIK_AUSTRIA_GEM_20240101.31506","Dorfstetten",0,547,108,19.74,36,6.58,56,34.57,47.27,104,48.64,107,4.09,9,2.04,4,24.75,49,63.64,140,19847,"42.6"
"31507","STATISTIK_AUSTRIA_GEM_20240101.31507","Dunkelsteinerwald",2,2408,511,21.22,201,8.35,284,39.5,56.44,600,39.32,418,4.23,45,3.85,37,27.83,268,77.05,819,24599,"57.9"
"31508","STATISTIK_AUSTRIA_GEM_20240101.31508","Erlauf",1,1119,204,18.23,114,10.19,133,38.78,49.87,188,44.83,169,5.04,19,4.29,20,28.69,134,67.11,253,24512,"58.6"
"31509","STATISTIK_AUSTRIA_GEM_20240101.31509","Golling an der Erlauf",1,1475,279,18.92,146,9.9,204,47.33,59.48,254,31.15,133,9.37,40,9.52,67,38.84,275,69.79,298,24104,"58.6"
"31511","STATISTIK_AUSTRIA_GEM_20240101.31511","Hofamt Priel",0,1714,363,21.18,152,8.87,229,43.7,50.36,352,44.21,309,5.44,38,1.6,11,26.02,179,69.38,485,25710,"52"
"31513","STATISTIK_AUSTRIA_GEM_20240101.31513","Hürm",0,2011,326,16.21,146,7.26,223,36.74,43.34,332,53.39,409,3.26,25,3.9,29,21.94,163,76.11,583,24461,"48.5"
"31514","STATISTIK_AUSTRIA_GEM_20240101.31514","Kilb",0,2595,526,20.27,225,8.67,312,41.6,45.01,442,50.2,493,4.79,47,3.84,40,31.45,334,67.92,667,25050,"45.5"
"31515","STATISTIK_AUSTRIA_GEM_20240101.31515","Kirnberg an der Mank",0,1114,213,19.12,91,8.17,118,37.11,32.1,113,64.77,228,3.13,11,1.91,8,28.23,118,59.66,210,22002,"34.6"
"31516","STATISTIK_AUSTRIA_GEM_20240101.31516","Klein-Pöchlarn",0,1053,211,20.04,117,11.11,127,42.33,46.63,187,46.63,187,6.73,27,6.02,30,39.96,199,62.84,252,26598,"63.3"
"31517","STATISTIK_AUSTRIA_GEM_20240101.31517","Krummnußbaum",5,1724,327,18.97,136,7.89,206,42.3,51.02,300,43.54,256,5.44,32,9.5,66,30.65,213,72.96,429,27783,"58.6"
"31519","STATISTIK_AUSTRIA_GEM_20240101.31519","Leiben",0,1321,285,21.57,120,9.08,153,42.03,50.96,265,42.69,222,6.35,33,3.04,18,38.66,230,63.08,328,25216,"40.9"
"31520","STATISTIK_AUSTRIA_GEM_20240101.31520","Loosdorf",3,3872,781,20.17,325,8.39,494,43.95,54.7,693,38.52,488,6.79,86,3.68,64,35.84,624,66.22,839,26557,"83.6"
"31521","STATISTIK_AUSTRIA_GEM_20240101.31521","Mank",0,3346,595,17.78,366,10.94,331,36.41,42.4,421,52.97,526,4.63,46,7.89,99,31.58,397,69.79,693,23382,"67.7"
"31522","STATISTIK_AUSTRIA_GEM_20240101.31522","Marbach an der Donau",2,1690,331,19.59,160,9.47,217,42.8,47.41,330,45.98,320,6.61,46,2.7,20,31.9,237,68.39,476,25761,"48.7"
"31523","STATISTIK_AUSTRIA_GEM_20240101.31523","Maria Taferl",0,953,194,20.36,66,6.93,96,35.82,47.01,165,47.29,166,5.41,19,1.59,6,30.89,118,68.38,240,24193,"42.6"
"31524","STATISTIK_AUSTRIA_GEM_20240101.31524","Melk",3,5725,1110,19.39,664,11.6,674,44.11,36.86,616,47.76,798,15.02,251,16.81,441,41.35,1090,59.07,987,29904,"116.9"
"31525","STATISTIK_AUSTRIA_GEM_20240101.31525","Münichreith-Laimbach",0,1610,334,20.75,149,9.25,176,36.51,48.76,296,46.62,283,4.61,28,3.09,20,28.28,183,59.14,359,22071,"42.6"
"31527","STATISTIK_AUSTRIA_GEM_20240101.31527","Neumarkt an der Ybbs",1,2168,391,18.04,177,8.16,261,43.14,48.16,353,48.29,354,3.41,25,4.19,38,33.44,304,62.07,455,27232,"58.6"
"31528","STATISTIK_AUSTRIA_GEM_20240101.31528","Nöchling",0,1017,187,18.39,67,6.59,117,41.79,38.6,127,55.93,184,5.47,18,4.27,17,31.16,124,57.14,188,22373,"52"
"31530","STATISTIK_AUSTRIA_GEM_20240101.31530","Persenbeug-Gottsdorf",1,2152,459,21.33,190,8.83,286,45.18,53.49,467,42.5,371,4.01,35,13.02,131,37.9,382,69.07,603,27212,"62.1"
"31531","STATISTIK_AUSTRIA_GEM_20240101.31531","Petzenkirchen",0,1597,281,17.6,147,9.2,177,38.56,42.8,217,49.9,253,7.3,37,9.44,68,34.44,248,61.14,310,26965,"70.6"
"31533","STATISTIK_AUSTRIA_GEM_20240101.31533","Pöchlarn",2,3969,740,18.64,516,13,485,43.3,29.67,373,57.04,717,13.05,164,10.88,198,37.53,685,57.6,724,25922,"58.6"
"31534","STATISTIK_AUSTRIA_GEM_20240101.31534","Pöggstall",0,2384,511,21.43,290,12.16,284,41.95,57.53,596,39,404,3.47,36,1.78,17,33.19,318,68.53,710,23119,"42.6"
"31535","STATISTIK_AUSTRIA_GEM_20240101.31535","Raxendorf",0,1010,219,21.68,80,7.92,101,34.35,57.21,238,39.66,165,3.13,13,0.78,3,27.91,108,68.99,287,20371,"42.6"
"31537","STATISTIK_AUSTRIA_GEM_20240101.31537","Ruprechtshofen",0,2332,421,18.05,210,9.01,254,37.3,34.62,251,59.86,434,5.52,40,12.26,108,26.98,238,68,493,23496,"47.4"
"31539","STATISTIK_AUSTRIA_GEM_20240101.31539","St. Leonhard am Forst",2,3109,587,18.88,290,9.33,362,40.27,41.97,452,53.85,580,4.09,44,9.33,109,27.76,327,70.19,756,23665,"60"
"31540","STATISTIK_AUSTRIA_GEM_20240101.31540","St. Martin-Karlsbach",0,1634,360,22.03,128,7.83,219,42.86,46.94,261,48.56,270,4.5,25,2.78,17,21.24,130,68.35,380,26049,"58.6"
"31541","STATISTIK_AUSTRIA_GEM_20240101.31541","St. Oswald",0,1140,206,18.07,93,8.16,90,29.03,44.34,145,51.99,170,3.67,12,1.4,5,22.19,79,64.83,212,19355,"42.6"
"31542","STATISTIK_AUSTRIA_GEM_20240101.31542","Schönbühel-Aggsbach",1,939,232,24.71,100,10.65,117,43.17,54.62,254,39.14,182,6.02,28,11.61,52,39.87,179,70.75,329,27067,"57.9"
"31543","STATISTIK_AUSTRIA_GEM_20240101.31543","Schollach",1,1082,207,19.13,71,6.56,115,35.83,54.88,242,44.67,197,0.45,2,1.49,6,22.52,91,81.63,360,26193,"44.4"
"31546","STATISTIK_AUSTRIA_GEM_20240101.31546","Weiten",2,1092,231,21.15,106,9.71,126,39.01,47.17,208,46.71,206,6.12,27,3.22,14,28.67,125,65.53,289,23117,"42.6"
"31549","STATISTIK_AUSTRIA_GEM_20240101.31549","Ybbs an der Donau",1,5648,1064,18.84,656,11.61,630,41.78,33.74,632,54.56,1022,11.32,212,9.13,215,36.22,857,61.67,1155,27674,"58.6"
"31550","STATISTIK_AUSTRIA_GEM_20240101.31550","Zelking-Matzleinsdorf",2,1198,229,19.12,129,10.77,150,39.89,46.06,228,49.49,245,4.44,22,0.42,2,26,124,76.16,377,23479,"58.6"
"31551","STATISTIK_AUSTRIA_GEM_20240101.31551","Texingtal",0,1669,298,17.86,149,8.93,176,36.97,29.72,159,65.42,350,4.86,26,5.63,34,26.61,161,63.55,340,21922,"34.6"
"31552","STATISTIK_AUSTRIA_GEM_20240101.31552","Yspertal",0,2003,394,19.67,222,11.08,202,36.2,51.46,389,45.37,343,3.17,24,1.2,9,29.71,224,62.83,475,23282,"33.3"
"31553","STATISTIK_AUSTRIA_GEM_20240101.31553","Emmersdorf an der Donau",4,1776,371,20.89,171,9.63,222,41.26,56.6,399,39.15,276,4.26,30,6.47,45,26.04,182,73.05,515,27785,"97"
"31601","STATISTIK_AUSTRIA_GEM_20240101.31601","Altlichtenwarth",0,758,196,25.86,86,11.35,119,50.42,88.12,445,11.68,59,0.2,1,0,0,30.55,106,92.08,465,25013,"41.2"
"31603","STATISTIK_AUSTRIA_GEM_20240101.31603","Asparn an der Zaya",1,1936,372,19.21,192,9.92,229,40.53,75.59,734,22.86,222,1.54,15,0.25,2,30.39,248,88.16,856,26089,"57.7"
"31604","STATISTIK_AUSTRIA_GEM_20240101.31604","Bernhardsthal",2,1585,438,27.63,207,13.06,250,52.74,84.55,985,14.76,172,0.69,8,0,0,40.23,321,91.07,1061,27846,"41.2"
"31605","STATISTIK_AUSTRIA_GEM_20240101.31605","Bockfließ",2,1288,320,24.84,161,12.5,191,50.53,72.57,529,24.83,181,2.61,19,3.12,18,33.04,191,86.42,630,29198,"175.7"
"31606","STATISTIK_AUSTRIA_GEM_20240101.31606","Drasenhofen",1,1117,247,22.11,158,14.15,137,43.91,86.15,678,13.09,103,0.76,6,0,0,35.44,174,88.82,699,25809,"25.2"
"31608","STATISTIK_AUSTRIA_GEM_20240101.31608","Falkenstein",0,559,125,22.36,72,12.88,79,48.17,65.26,201,31.49,97,3.25,10,2.97,7,30.08,71,85.06,262,28821,"25.2"
"31609","STATISTIK_AUSTRIA_GEM_20240101.31609","Fallbach",0,794,170,21.41,97,12.22,113,45.93,76.22,359,22.72,107,1.06,5,0.87,3,27.91,96,87.9,414,24176,"20.4"
"31611","STATISTIK_AUSTRIA_GEM_20240101.31611","Gaubitsch",0,934,194,20.77,56,6,108,39.42,73.25,334,25.44,116,1.32,6,0.27,1,25.53,96,88.82,405,25451,"20.4"
"31612","STATISTIK_AUSTRIA_GEM_20240101.31612","Gaweinstal",1,4124,832,20.17,398,9.65,560,45.6,70.35,1400,24.97,497,4.67,93,5.39,99,33.21,610,87.29,1737,28308,"132.6"
"31613","STATISTIK_AUSTRIA_GEM_20240101.31613","Gnadendorf",0,1162,270,23.24,136,11.7,184,49.73,69.9,504,28.85,208,1.25,9,1.16,6,28.63,148,82.94,598,25472,"20.4"
"31614","STATISTIK_AUSTRIA_GEM_20240101.31614","Großebersdorf",3,2316,527,22.75,272,11.74,356,50.86,71.75,927,25.54,330,2.71,35,5.75,61,33.77,359,90.56,1170,29493,"175.7"
"31615","STATISTIK_AUSTRIA_GEM_20240101.31615","Großengersdorf",0,1549,320,20.66,137,8.84,177,39.25,71.67,554,27.3,211,1.03,8,0.31,2,30.27,194,90.04,696,25231,"175.7"
"31616","STATISTIK_AUSTRIA_GEM_20240101.31616","Großharras",0,1066,272,25.52,113,10.6,150,48.54,87.67,633,11.63,84,0.69,5,1.85,9,36.07,176,92.38,667,24309,"13.6"
"31617","STATISTIK_AUSTRIA_GEM_20240101.31617","Großkrut",1,1691,359,21.23,162,9.58,229,45.53,80.54,807,19.06,191,0.4,4,1.41,11,35.55,278,94.11,943,26755,"41.2"
"31620","STATISTIK_AUSTRIA_GEM_20240101.31620","Hausbrunn",0,898,216,24.05,94,10.47,140,52.83,81.59,523,17.32,111,0.94,6,2.32,10,38.89,168,94.54,606,27631,"41.2"
"31621","STATISTIK_AUSTRIA_GEM_20240101.31621","Herrnbaumgarten",2,926,216,23.33,108,11.66,121,42.16,75.85,446,22.79,134,1.36,8,0.25,1,30,120,86.05,506,25466,"21.1"
"31622","STATISTIK_AUSTRIA_GEM_20240101.31622","Hochleithen",0,1091,253,23.19,117,10.72,181,50.99,66.2,425,33.18,213,0.62,4,2.17,11,30.18,153,92.06,591,27939,"156"
"31627","STATISTIK_AUSTRIA_GEM_20240101.31627","Kreuttal",1,1467,340,23.18,169,11.52,216,47.58,75.49,616,22.18,181,2.33,19,1.03,7,33.63,229,87.99,718,28990,"148.2"
"31628","STATISTIK_AUSTRIA_GEM_20240101.31628","Kreuzstetten",1,1696,367,21.64,167,9.85,244,47.66,72.57,627,26.27,227,1.16,10,1.61,12,31.96,240,88.43,764,28388,"148.2"
"31629","STATISTIK_AUSTRIA_GEM_20240101.31629","Laa an der Thaya",4,6280,1265,20.14,734,11.69,748,42.24,47.54,1361,46.77,1339,5.66,162,10.82,313,38.52,1117,83.41,2388,26492,"65"
"31630","STATISTIK_AUSTRIA_GEM_20240101.31630","Ladendorf",4,2321,467,20.12,233,10.04,322,45.48,60.09,765,38.65,492,1.26,16,1.39,14,29.92,301,89.95,1145,26645,"82.5"
"31633","STATISTIK_AUSTRIA_GEM_20240101.31633","Mistelbach",12,12044,2489,20.67,1315,10.92,1460,44.42,63.91,3106,28.99,1409,7,340,14.79,833,41.11,2325,80.6,3917,29328,"142.3"
"31634","STATISTIK_AUSTRIA_GEM_20240101.31634","Neudorf im Weinviertel",1,1348,297,22.03,104,7.72,167,42.17,70.15,503,29.15,209,0.7,5,0.34,2,32.83,195,85.22,611,25713,"25.2"
"31636","STATISTIK_AUSTRIA_GEM_20240101.31636","Niederleis",1,927,200,21.57,72,7.77,129,45.91,71.74,358,26.45,132,1.6,8,0.25,1,28.86,114,87.98,439,26571,"53.6"
"31642","STATISTIK_AUSTRIA_GEM_20240101.31642","Pillichsdorf",1,1249,282,22.58,106,8.49,167,44.65,67.56,402,29.41,175,3.03,18,5.58,30,29.89,162,82.69,492,29318,"338.4"
"31644","STATISTIK_AUSTRIA_GEM_20240101.31644","Poysdorf",3,5600,1195,21.34,673,12.02,694,44.01,73.32,2185,24.19,721,2.42,72,2.83,67,33.29,788,83.62,2492,25696,"31.7"
"31645","STATISTIK_AUSTRIA_GEM_20240101.31645","Rabensburg",1,1061,277,26.11,144,13.57,163,52.75,88.96,588,9.83,65,1.21,8,0.39,2,39.73,203,94.55,625,28976,"41.2"
"31646","STATISTIK_AUSTRIA_GEM_20240101.31646","Schrattenberg",1,842,208,24.7,106,12.59,115,45.63,72.84,397,26.06,142,1.1,6,0.53,2,33.07,125,84.95,463,24314,"18.1"
"31649","STATISTIK_AUSTRIA_GEM_20240101.31649","Staatz",0,1923,478,24.86,199,10.35,275,46.69,84.45,907,15.18,163,0.37,4,0.94,8,31.54,270,88.45,950,25446,"20.4"
"31650","STATISTIK_AUSTRIA_GEM_20240101.31650","Stronsdorf",0,1535,349,22.74,148,9.64,203,42.65,74.02,661,24.97,223,1.01,9,0.3,2,29.93,202,92.5,826,24130,"20.4"
"31651","STATISTIK_AUSTRIA_GEM_20240101.31651","Ulrichskirchen-Schleinbach",1,2653,523,19.71,315,11.87,367,46.22,67.01,902,30.31,408,2.67,36,4.42,54,35.51,435,89.52,1205,29658,"156"
"31652","STATISTIK_AUSTRIA_GEM_20240101.31652","Unterstinkenbrunn",1,560,113,20.18,67,11.96,64,39.75,71.43,205,27.87,80,0.7,2,0,0,31.82,77,90.24,259,24007,"20.4"
"31653","STATISTIK_AUSTRIA_GEM_20240101.31653","Wildendürnbach",0,1526,333,21.82,146,9.57,169,37.56,68.58,585,30.6,261,0.82,7,1.25,8,31.15,200,85.35,728,23614,"25.2"
"31654","STATISTIK_AUSTRIA_GEM_20240101.31654","Wilfersdorf",1,2087,466,22.33,196,9.39,297,46.55,75.69,822,23.57,256,0.74,8,3.46,32,30.74,284,87.85,954,28529,"97.7"
"31655","STATISTIK_AUSTRIA_GEM_20240101.31655","Wolkersdorf im Weinviertel",6,7544,1464,19.41,813,10.78,893,42.75,52.18,1499,39.37,1131,8.18,235,19.07,647,37.65,1280,76.61,2201,30878,"338.4"
"31658","STATISTIK_AUSTRIA_GEM_20240101.31658","Ottenthal",0,529,137,25.9,60,11.34,59,38.82,72.26,211,26.03,76,1.71,5,2.71,6,31.98,71,90.07,263,24670,"25.2"
"31701","STATISTIK_AUSTRIA_GEM_20240101.31701","Achau",1,1727,273,15.81,109,6.31,199,42.43,25,132,64.96,343,9.47,50,20.22,150,35.89,267,69.89,369,27776,"439"
"31702","STATISTIK_AUSTRIA_GEM_20240101.31702","Biedermannsdorf",8,3137,669,21.33,398,12.69,448,48.28,30.06,285,54.22,514,14.87,141,38.21,572,38.17,573,72.15,684,37030,"657.6"
"31703","STATISTIK_AUSTRIA_GEM_20240101.31703","Breitenfurt bei Wien",5,5998,1206,20.11,997,16.62,847,47.83,59.22,1661,35.51,996,4.99,140,12.05,320,33.7,896,88.88,2493,35220,"495.9"
"31704","STATISTIK_AUSTRIA_GEM_20240101.31704","Brunn am Gebirge",7,12310,1956,15.89,1300,10.56,1443,41.51,35.1,1220,44.19,1536,20.28,705,31.43,1760,37.35,2110,68.58,2384,33797,"794.5"
"31706","STATISTIK_AUSTRIA_GEM_20240101.31706","Gaaden",1,1595,352,22.07,178,11.16,221,44.56,64.79,460,31.41,223,3.8,27,16.5,115,27.4,191,81.13,576,36219,"436.8"
"31707","STATISTIK_AUSTRIA_GEM_20240101.31707","Gießhübl",3,2433,383,15.74,268,11.02,265,36.2,34.35,304,36.61,324,29.04,257,39.14,391,26.5,265,77.29,684,40064,"867.2"
"31709","STATISTIK_AUSTRIA_GEM_20240101.31709","Gumpoldskirchen",1,4022,685,17.03,406,10.09,480,41.7,25.68,322,59.81,750,14.27,179,29.8,568,38.78,741,64.67,811,31940,"601"
"31710","STATISTIK_AUSTRIA_GEM_20240101.31710","Guntramsdorf",5,9450,1774,18.77,1038,10.98,1260,47.17,50.02,1438,37.84,1088,12.07,347,24.47,1083,39.2,1739,67.48,1940,31440,"601"
"31711","STATISTIK_AUSTRIA_GEM_20240101.31711","Hennersdorf",0,1526,350,22.94,185,12.12,221,48.04,48.41,305,43.81,276,7.46,47,21.33,154,35.5,257,80.79,509,32047,"657.6"
"31712","STATISTIK_AUSTRIA_GEM_20240101.31712","Hinterbrühl",1,3895,678,17.41,525,13.48,459,42.07,41.84,638,44.92,685,13.11,200,26.73,441,33.86,560,75.67,1154,39439,"867.2"
"31713","STATISTIK_AUSTRIA_GEM_20240101.31713","Kaltenleutgeben",1,3299,588,17.82,354,10.73,419,43.11,47.92,483,38.19,385,13.29,134,25.28,389,37.01,571,76.69,773,33476,"348.6"
"31714","STATISTIK_AUSTRIA_GEM_20240101.31714","Laab im Walde",1,1093,250,22.87,180,16.47,147,45.51,46.81,220,48.51,228,4.68,22,25.41,123,32.78,159,87.23,410,40452,"495.9"
"31715","STATISTIK_AUSTRIA_GEM_20240101.31715","Laxenburg",1,3091,574,18.57,449,14.53,375,44.33,33.6,297,50.68,448,15.5,137,29.96,412,37.64,519,72.74,643,36008,"657.6"
"31716","STATISTIK_AUSTRIA_GEM_20240101.31716","Maria Enzersdorf",3,8802,1344,15.27,1425,16.19,1037,42.85,42.65,993,37.63,876,19.37,451,34.69,1409,39.54,1608,73.58,1713,37569,"867.2"
"31717","STATISTIK_AUSTRIA_GEM_20240101.31717","Mödling",7,20662,3586,17.36,2642,12.79,2316,42.47,27.45,1097,45.42,1815,25.98,1038,30.27,3104,45.77,4695,56.58,2261,33721,"773.2"
"31718","STATISTIK_AUSTRIA_GEM_20240101.31718","Münchendorf",0,3242,578,17.83,295,9.1,424,44.21,57.84,900,37.98,591,4.18,65,26.81,386,33.66,486,84.38,1313,34356,"439"
"31719","STATISTIK_AUSTRIA_GEM_20240101.31719","Perchtoldsdorf",6,14960,2656,17.75,2280,15.24,1812,42.83,34.29,1774,48.09,2488,17.28,894,23.37,1586,37.13,2527,75.05,3883,36451,"890.6"
"31723","STATISTIK_AUSTRIA_GEM_20240101.31723","Vösendorf",3,7706,1236,16.04,675,8.76,945,44.55,30.49,582,49.66,948,19.28,368,31.04,1126,40.89,1483,68.41,1306,28952,"657.6"
"31725","STATISTIK_AUSTRIA_GEM_20240101.31725","Wiener Neudorf",4,9647,1761,18.25,1214,12.58,1253,46.65,41.7,867,41.75,868,14.14,294,42.24,1985,41.86,1974,64.5,1341,30841,"657.6"
"31726","STATISTIK_AUSTRIA_GEM_20240101.31726","Wienerwald",1,2930,581,19.83,294,10.03,385,44.15,59.2,743,33.07,415,7.57,95,16.21,199,30.76,379,81.59,1024,30185,"348.6"
"31801","STATISTIK_AUSTRIA_GEM_20240101.31801","Altendorf",0,357,79,22.13,23,6.44,45,41.67,36.91,55,57.05,85,6.04,9,0,0,29.45,43,80.54,120,27177,"58.3"
"31802","STATISTIK_AUSTRIA_GEM_20240101.31802","Aspang-Markt",1,1804,383,21.23,205,11.36,201,41.19,33.98,247,54.61,397,11.42,83,7.25,65,45,405,59.83,435,29920,"68.9"
"31803","STATISTIK_AUSTRIA_GEM_20240101.31803","Aspangberg-St. Peter",0,1850,414,22.38,197,10.65,207,39.58,53.28,479,42.83,385,3.89,35,4.37,31,31.23,223,61.4,552,25097,"68.9"
"31804","STATISTIK_AUSTRIA_GEM_20240101.31804","Breitenau",0,1558,273,17.52,128,8.22,198,41.42,60.36,370,34.91,214,4.73,29,8.45,61,32.96,238,77.81,477,25407,"101"
"31805","STATISTIK_AUSTRIA_GEM_20240101.31805","Breitenstein",0,272,62,22.79,42,15.44,48,55.17,35.76,113,49.05,155,15.19,48,6.11,8,36.64,48,80.7,255,22777,"86.4"
"31806","STATISTIK_AUSTRIA_GEM_20240101.31806","Buchbach",0,354,64,18.08,50,14.12,53,50.48,72.78,131,23.89,43,3.33,6,2.07,3,26.21,38,87.22,157,29773,"89.1"
"31807","STATISTIK_AUSTRIA_GEM_20240101.31807","Edlitz",0,905,205,22.65,98,10.83,108,44.08,43.17,139,50.62,163,6.21,20,6.67,27,39.95,163,49.69,160,26099,"68.9"
"31808","STATISTIK_AUSTRIA_GEM_20240101.31808","Enzenreith",1,1942,388,19.98,221,11.38,273,46.59,49.24,453,47.72,439,3.04,28,4.99,43,31.32,270,73.04,672,28207,"96.4"
"31809","STATISTIK_AUSTRIA_GEM_20240101.31809","Feistritz am Wechsel",0,1029,216,20.99,125,12.15,125,41.39,49.49,242,46.83,229,3.68,18,1.89,8,30.35,129,66.26,324,23127,"58.3"
"31810","STATISTIK_AUSTRIA_GEM_20240101.31810","Gloggnitz",4,5834,1204,20.64,809,13.87,774,48.13,46.24,990,40.31,863,13.26,284,10.54,302,43.3,1243,63.43,1358,26141,"89.1"
"31811","STATISTIK_AUSTRIA_GEM_20240101.31811","Grafenbach-St. Valentin",1,2322,470,20.24,256,11.02,333,49.63,58.75,537,37.2,340,3.94,36,3.08,33,38.08,409,73.41,671,26196,"96.4"
"31812","STATISTIK_AUSTRIA_GEM_20240101.31812","Grimmenstein",0,1335,270,20.22,159,11.91,163,45.03,49.04,256,44.83,234,5.75,30,8.36,51,41.9,256,60.34,315,29922,"79.4"
"31813","STATISTIK_AUSTRIA_GEM_20240101.31813","Grünbach am Schneeberg",1,1636,343,20.97,198,12.1,217,49.32,50.13,375,43.58,326,6.28,47,3.97,29,39.7,291,70.59,528,26399,"85.7"
"31814","STATISTIK_AUSTRIA_GEM_20240101.31814","Kirchberg am Wechsel",1,2519,481,19.09,308,12.23,266,38.05,53.52,570,41.03,437,5.35,57,2.47,26,33.97,358,67.14,715,25479,"79.4"
"31815","STATISTIK_AUSTRIA_GEM_20240101.31815","Mönichkirchen",0,622,141,22.67,77,12.38,82,46.59,60.52,233,31.95,123,7.53,29,3.98,10,34.92,88,74.29,286,23555,"58.3"
"31817","STATISTIK_AUSTRIA_GEM_20240101.31817","Natschbach-Loipersbach",1,1742,378,21.7,166,9.53,231,44.77,66.33,465,29.24,205,4.28,30,9.16,69,31.34,236,84.59,593,28415,"118.2"
"31818","STATISTIK_AUSTRIA_GEM_20240101.31818","Neunkirchen",4,12940,2242,17.33,1268,9.8,1434,41.31,44.06,1683,40.55,1549,14.95,571,12.65,745,41.06,2424,63.59,2429,27091,"178.7"
"31820","STATISTIK_AUSTRIA_GEM_20240101.31820","Otterthal",0,537,115,21.42,42,7.82,58,36.25,52.56,123,42.31,99,5.13,12,4.13,9,28.44,62,68.38,160,24440,"53"
"31821","STATISTIK_AUSTRIA_GEM_20240101.31821","Payerbach",1,2103,481,22.87,273,12.98,287,50.53,44.98,466,45.56,472,9.46,98,10.95,113,45.46,471,68.24,707,27051,"86.4"
"31823","STATISTIK_AUSTRIA_GEM_20240101.31823","Pitten",1,2967,568,19.14,324,10.92,377,45.42,60.37,678,33.75,379,5.88,66,8.1,110,39.25,535,77.65,872,28372,"101"
"31825","STATISTIK_AUSTRIA_GEM_20240101.31825","Prigglitz",1,435,99,22.76,43,9.89,50,40.32,59.09,156,34.85,92,6.06,16,0.55,1,37.91,69,71.97,190,24026,"89.1"
"31826","STATISTIK_AUSTRIA_GEM_20240101.31826","Puchberg am Schneeberg",1,2701,587,21.73,432,15.99,361,47.94,47.78,667,45.42,634,6.73,94,4.95,65,42.07,554,67.62,944,26866,"85.7"
"31827","STATISTIK_AUSTRIA_GEM_20240101.31827","Raach am Hochgebirge",0,323,69,21.36,31,9.6,45,49.45,54.44,98,42.22,76,3.33,6,1.42,2,43.66,62,78.33,141,22762,"53"
"31829","STATISTIK_AUSTRIA_GEM_20240101.31829","Reichenau an der Rax",0,2473,564,22.81,448,18.12,350,50.72,52.6,808,38.61,593,8.79,135,12.88,166,45.51,588,70.44,1082,27727,"95.4"
"31830","STATISTIK_AUSTRIA_GEM_20240101.31830","St. Corona am Wechsel",0,396,67,16.92,47,11.87,48,41.74,40.84,78,49.21,94,9.95,19,2.27,3,21.05,28,82.2,157,22041,"58.3"
"31831","STATISTIK_AUSTRIA_GEM_20240101.31831","St. Egyden am Steinfeld",2,2308,392,16.98,190,8.23,266,40.67,60.52,561,35.28,327,4.21,39,5.58,53,31.3,298,79.94,741,27506,"118.5"
"31832","STATISTIK_AUSTRIA_GEM_20240101.31832","Scheiblingkirchen-Thernberg",0,1956,406,20.76,233,11.91,221,39.39,58.63,469,37.63,301,3.75,30,4.58,32,24.79,174,83.38,667,26234,"62.7"
"31833","STATISTIK_AUSTRIA_GEM_20240101.31833","Schottwien",0,669,124,18.54,60,8.97,97,53.3,32.73,91,49.28,137,17.63,49,15.71,52,44.44,148,57.19,159,24786,"53"
"31834","STATISTIK_AUSTRIA_GEM_20240101.31834","Schrattenbach",0,387,78,20.16,46,11.89,45,40.54,59.9,115,36.98,71,3.13,6,0.58,1,37.36,65,84.9,163,25801,"85.7"
"31835","STATISTIK_AUSTRIA_GEM_20240101.31835","Schwarzau am Steinfeld",1,2187,386,17.65,171,7.82,259,43.17,62.62,506,32.55,263,4.83,39,10.85,96,31.98,283,76.98,622,27976,"101"
"31836","STATISTIK_AUSTRIA_GEM_20240101.31836","Schwarzau im Gebirge",0,620,117,18.87,82,13.23,70,45.16,60.44,249,34.95,144,4.37,18,3.47,10,46.9,136,71.84,296,22598,"53"
"31837","STATISTIK_AUSTRIA_GEM_20240101.31837","Seebenstein",1,1490,289,19.4,141,9.46,208,47.93,71.7,484,24.15,163,4,27,7.33,53,39.78,288,73.04,493,28207,"101"
"31838","STATISTIK_AUSTRIA_GEM_20240101.31838","Semmering",0,615,135,21.95,92,14.96,56,51.85,27.95,90,39.75,128,30.12,97,13.96,37,56.93,152,49.69,160,27770,"64.6"
"31839","STATISTIK_AUSTRIA_GEM_20240101.31839","Ternitz",13,14697,2880,19.6,1801,12.25,1987,47.21,45.82,2478,46.58,2519,7.51,406,4.1,287,40.23,2821,73.06,3951,26705,"116.5"
"31840","STATISTIK_AUSTRIA_GEM_20240101.31840","Thomasberg",0,1233,230,18.65,138,11.19,125,35.92,57.92,267,37.53,173,4.56,21,2.2,11,34.46,173,70.28,324,23034,"58.3"
"31841","STATISTIK_AUSTRIA_GEM_20240101.31841","Trattenbach",0,514,139,27.04,38,7.39,72,47.06,55.14,134,39.51,96,5.35,13,1.73,4,37.93,88,59.67,145,23060,"53"
"31842","STATISTIK_AUSTRIA_GEM_20240101.31842","Bürg-Vöstenhof",0,158,31,19.62,29,18.35,22,43.14,72.63,69,26.32,25,1.05,1,1.72,1,25,15,91.58,87,28417,"89.1"
"31843","STATISTIK_AUSTRIA_GEM_20240101.31843","Warth",0,1570,326,20.76,184,11.72,213,46.1,40.64,306,54.18,408,5.18,39,1.38,9,30.12,197,62.02,467,25484,"58.3"
"31844","STATISTIK_AUSTRIA_GEM_20240101.31844","Wartmannstetten",2,1616,336,20.79,168,10.4,225,45.09,59.3,421,37.89,269,2.82,20,3.82,26,28.49,194,79.58,565,27880,"96.4"
"31845","STATISTIK_AUSTRIA_GEM_20240101.31845","Willendorf",0,993,211,21.25,96,9.67,135,43.97,55.08,271,40.65,200,4.27,21,8,34,27.4,117,80.49,396,30968,"85.7"
"31846","STATISTIK_AUSTRIA_GEM_20240101.31846","Wimpassing im Schwarzatale",2,1637,299,18.27,165,10.08,194,42.73,19.21,92,55.95,268,23.8,114,9.9,76,41.43,319,54.91,263,24944,"96.4"
"31847","STATISTIK_AUSTRIA_GEM_20240101.31847","Würflach",0,1657,338,20.4,194,11.71,217,44.11,63.17,463,33.83,248,3,22,3.81,28,32.65,240,81.17,595,28655,"118.5"
"31848","STATISTIK_AUSTRIA_GEM_20240101.31848","Zöbern",0,1351,322,23.83,129,9.55,170,42.29,59.45,327,38,209,2.55,14,5.9,32,29.83,162,68.18,375,24611,"68.9"
"31849","STATISTIK_AUSTRIA_GEM_20240101.31849","Höflein an der Hohen Wand",1,886,199,22.46,108,12.19,135,50.75,59.12,243,36.98,152,3.65,15,12.95,58,42.35,191,72.75,299,26755,"85.7"
"31901","STATISTIK_AUSTRIA_GEM_20240101.31901","Altlengbach",0,3265,597,18.28,312,9.56,378,41.31,60.59,784,33.08,428,6.34,82,9.97,143,36.55,526,74.5,964,28007,"120.1"
"31902","STATISTIK_AUSTRIA_GEM_20240101.31902","Asperhofen",0,2361,419,17.75,191,8.09,285,40.95,49.73,466,46.96,440,3.31,31,3.48,33,27.55,262,75.99,712,26502,"117.5"
"31903","STATISTIK_AUSTRIA_GEM_20240101.31903","Böheimkirchen",0,5294,959,18.11,476,8.99,597,40.39,61.53,1126,32.57,596,5.9,108,8.74,204,36.99,864,69.89,1279,27100,"106.8"
"31904","STATISTIK_AUSTRIA_GEM_20240101.31904","Brand-Laaben",0,1258,284,22.58,112,8.9,152,41.87,49.12,307,47.04,294,3.84,24,5.46,30,35.64,196,77.76,486,25201,"69.8"
"31905","STATISTIK_AUSTRIA_GEM_20240101.31905","Eichgraben",3,4794,821,17.13,601,12.54,580,41.82,52.24,1249,40.65,972,7.11,170,10.4,211,31.61,642,86.45,2067,32405,"196.6"
"31906","STATISTIK_AUSTRIA_GEM_20240101.31906","Frankenfels",0,1862,355,19.07,206,11.06,232,41.95,45.93,305,47.29,314,6.78,45,4.81,35,28.3,206,63.25,420,23795,"41.3"
"31907","STATISTIK_AUSTRIA_GEM_20240101.31907","Gerersdorf",0,1082,176,16.27,124,11.46,118,38.69,49.34,186,46.68,176,3.98,15,4.17,18,31.71,137,74.01,279,27236,"100.5"
"31909","STATISTIK_AUSTRIA_GEM_20240101.31909","Hofstetten-Grünau",2,2693,531,19.72,213,7.91,307,39.16,52.99,478,42.79,386,4.21,38,7.01,73,28.27,296,74.28,670,23469,"99.7"
"31910","STATISTIK_AUSTRIA_GEM_20240101.31910","Hafnerbach",3,1668,347,20.8,150,8.99,232,45.05,56.26,355,40.1,253,3.65,23,4.37,30,27.14,187,70.21,443,27601,"78.1"
"31911","STATISTIK_AUSTRIA_GEM_20240101.31911","Haunoldstein",0,1207,214,17.73,81,6.71,134,36.31,50.12,215,41.96,180,7.93,34,4.55,23,29.33,149,79.49,341,26269,"78.1"
"31912","STATISTIK_AUSTRIA_GEM_20240101.31912","Herzogenburg",4,7990,1562,19.55,918,11.49,970,43.3,60.02,1692,33.91,956,5.92,167,6.43,225,36.49,1277,68.61,1934,26628,"97.4"
"31913","STATISTIK_AUSTRIA_GEM_20240101.31913","Inzersdorf-Getzersdorf",0,1696,292,17.22,140,8.25,188,37.98,50.99,309,45.38,275,3.63,22,10.33,69,26.71,180,71.78,435,26507,"84"
"31915","STATISTIK_AUSTRIA_GEM_20240101.31915","Kapelln",0,1343,261,19.43,117,8.71,164,40.8,60.29,337,36.31,203,3.4,19,6.89,37,27.93,150,82.47,461,25446,"62.9"
"31916","STATISTIK_AUSTRIA_GEM_20240101.31916","Karlstetten",0,2250,462,20.53,212,9.42,274,40.77,54.36,474,40.83,356,4.82,42,4.69,43,26.77,246,76.38,666,27179,"93.7"
"31917","STATISTIK_AUSTRIA_GEM_20240101.31917","Kasten bei Böheimkirchen",1,1441,242,16.79,128,8.88,144,35.47,58.98,335,35.21,200,5.81,33,3.05,17,29.39,164,74.65,424,26304,"69.8"
"31918","STATISTIK_AUSTRIA_GEM_20240101.31918","Kirchberg an der Pielach",1,3117,584,18.74,355,11.39,386,42.65,51.08,590,42.51,491,6.41,74,9.95,131,34.17,451,67.1,775,24423,"73.2"
"31919","STATISTIK_AUSTRIA_GEM_20240101.31919","Kirchstetten",1,2292,446,19.46,292,12.74,269,42.83,56.43,483,39.95,342,3.62,31,6.08,55,31.84,292,77.69,665,26866,"99.3"
"31920","STATISTIK_AUSTRIA_GEM_20240101.31920","Loich",0,536,100,18.66,74,13.81,72,42.35,53.91,131,41.56,101,4.53,11,3.85,8,27.4,57,70.78,172,21725,"41.3"
"31921","STATISTIK_AUSTRIA_GEM_20240101.31921","Maria Anzbach",1,3236,618,19.1,416,12.86,397,42.37,56.86,837,38.11,561,4.96,73,11.86,161,30.43,415,81.39,1198,32113,"166"
"31922","STATISTIK_AUSTRIA_GEM_20240101.31922","Markersdorf-Haindorf",1,2038,432,21.2,165,8.1,265,42.74,53.59,396,39.38,291,6.9,51,9.48,79,26.59,222,72.94,539,25411,"84.6"
"31923","STATISTIK_AUSTRIA_GEM_20240101.31923","Michelbach",0,852,152,17.84,88,10.33,119,47.6,56.36,195,38.15,132,5.49,19,2.25,8,32.3,115,71.97,249,22092,"69.8"
"31925","STATISTIK_AUSTRIA_GEM_20240101.31925","Neidling",1,1526,302,19.79,162,10.62,191,40.99,47.67,286,48.83,293,3.5,21,6.11,38,26.76,167,77.67,466,27817,"78.1"
"31926","STATISTIK_AUSTRIA_GEM_20240101.31926","Neulengbach",5,8675,1717,19.79,870,10.03,980,41.02,46.45,1629,48.08,1686,5.45,191,10.12,361,33.61,1201,78.59,2756,28377,"204.8"
"31927","STATISTIK_AUSTRIA_GEM_20240101.31927","Neustift-Innermanzing",1,1579,303,19.19,160,10.13,210,45.65,56.3,384,38.12,260,5.57,38,9.78,66,32.3,218,79.77,544,27573,"190.2"
"31928","STATISTIK_AUSTRIA_GEM_20240101.31928","Nußdorf ob der Traisen",1,1905,376,19.74,163,8.56,244,42.96,53.82,416,43.08,333,3.1,24,6.18,51,30.79,254,72.19,558,26495,"102.3"
"31929","STATISTIK_AUSTRIA_GEM_20240101.31929","Ober-Grafendorf",0,4990,1000,20.04,530,10.62,690,47.23,50.14,713,43.6,620,5.84,83,10.66,243,36.97,844,67.58,961,27603,"114.3"
"31930","STATISTIK_AUSTRIA_GEM_20240101.31930","Obritzberg-Rust",2,2387,457,19.15,234,9.8,263,37.79,68.08,593,29.28,255,2.64,23,3.97,37,26.61,248,76.81,669,26161,"71.8"
"31932","STATISTIK_AUSTRIA_GEM_20240101.31932","Prinzersdorf",2,1740,309,17.76,138,7.93,209,43.18,53.39,307,39.48,227,7.13,41,13.32,102,35.68,274,69.22,398,30260,"118.1"
"31934","STATISTIK_AUSTRIA_GEM_20240101.31934","Pyhra",0,3615,671,18.56,342,9.46,399,38.66,31.07,412,62.37,827,6.56,87,7.29,111,33.11,505,68.78,912,26340,"121.7"
"31935","STATISTIK_AUSTRIA_GEM_20240101.31935","Rabenstein an der Pielach",4,2488,485,19.49,221,8.88,297,42.01,52.77,467,40.56,359,6.67,59,12.42,133,36.96,397,69.38,614,25058,"64.8"
"31938","STATISTIK_AUSTRIA_GEM_20240101.31938","St. Margarethen an der Sierning",1,1053,211,20.04,97,9.21,128,39.26,46.46,184,48.48,192,5.05,20,10.74,45,24.76,104,75.51,299,27940,"54.1"
"31939","STATISTIK_AUSTRIA_GEM_20240101.31939","Schwarzenbach an der Pielach",0,339,68,20.06,49,14.45,44,42.72,61.85,107,34.1,59,4.05,7,0.75,1,32.85,45,75.72,131,22443,"41.3"
"31940","STATISTIK_AUSTRIA_GEM_20240101.31940","Statzendorf",0,1402,273,19.47,107,7.63,182,43.44,49.31,250,43.59,221,7.1,36,5.5,34,32.63,202,71.01,360,26075,"71.8"
"31941","STATISTIK_AUSTRIA_GEM_20240101.31941","Stössing",0,852,176,20.66,76,8.92,97,40.25,60.77,237,35.9,140,3.33,13,3.15,11,32.66,114,81.03,316,22747,"69.8"
"31943","STATISTIK_AUSTRIA_GEM_20240101.31943","Traismauer",3,6481,1207,18.62,597,9.21,780,42.53,53.5,1163,41.17,895,5.29,115,9.17,267,36.51,1066,71.94,1564,26422,"102.3"
"31945","STATISTIK_AUSTRIA_GEM_20240101.31945","Weinburg",0,1409,232,16.47,120,8.52,167,39.86,52.4,251,41.13,197,6.47,31,1.88,11,30.83,181,69.31,332,26116,"99.7"
"31946","STATISTIK_AUSTRIA_GEM_20240101.31946","Perschling",0,1564,289,18.48,132,8.44,174,38.41,53.55,332,43.39,269,3.06,19,3.29,20,26.07,159,77.26,479,26066,"66.3"
"31947","STATISTIK_AUSTRIA_GEM_20240101.31947","Wilhelmsburg",3,6557,1323,20.18,832,12.69,854,46.01,50.03,959,39.12,750,10.64,204,11.43,338,38.03,1126,65.52,1256,25903,"99.7"
"31948","STATISTIK_AUSTRIA_GEM_20240101.31948","Wölbling",0,2436,556,22.82,213,8.74,306,42.92,70.61,668,25.79,244,3.49,33,7.22,75,33.37,347,80.13,758,25958,"71.8"
"31949","STATISTIK_AUSTRIA_GEM_20240101.31949","Gablitz",4,5172,957,18.5,730,14.11,660,44.9,52.63,1151,39.46,863,7.86,172,16.03,351,32.76,720,81.89,1791,33165,"459.5"
"31950","STATISTIK_AUSTRIA_GEM_20240101.31950","Mauerbach",5,3665,759,20.71,509,13.89,505,46.37,54.03,892,39.13,646,6.78,112,25.93,417,32.34,522,85.95,1419,36638,"423.8"
"31951","STATISTIK_AUSTRIA_GEM_20240101.31951","Pressbaum",3,7932,1325,16.7,912,11.5,914,40.21,35.63,1179,54.06,1789,10.15,336,18.21,608,32.17,1077,67.06,2219,32310,"321.4"
"31952","STATISTIK_AUSTRIA_GEM_20240101.31952","Purkersdorf",2,9970,1766,17.71,1121,11.24,1099,40.3,37.94,908,40.03,958,21.44,513,29.85,1350,39.17,1775,68.58,1641,32953,"378.6"
"31953","STATISTIK_AUSTRIA_GEM_20240101.31953","Tullnerbach",1,2938,578,19.67,350,11.91,382,44.06,45.39,517,43.11,491,11.5,131,21.94,274,31.6,396,76.12,867,36331,"366.2"
"31954","STATISTIK_AUSTRIA_GEM_20240101.31954","Wolfsgraben",1,1805,352,19.5,176,9.75,211,40.73,44.21,378,52.28,447,3.51,30,6.05,46,31.89,243,87.6,749,33188,"251.7"
"32001","STATISTIK_AUSTRIA_GEM_20240101.32001","Gaming",2,2879,630,21.88,419,14.55,424,48.46,36.32,498,54.34,745,9.26,127,5.55,72,33.77,441,60.69,832,24478,"60.4"
"32002","STATISTIK_AUSTRIA_GEM_20240101.32002","Göstling an der Ybbs",1,2040,418,20.49,258,12.65,234,39.8,38.37,320,50.12,418,11.39,95,7.33,60,32.73,270,61.51,513,24407,"58.9"
"32003","STATISTIK_AUSTRIA_GEM_20240101.32003","Gresten",0,1985,415,20.91,188,9.47,228,40.86,41.31,283,50.07,343,8.47,58,8.57,78,38.82,354,59.85,410,26591,"62.1"
"32004","STATISTIK_AUSTRIA_GEM_20240101.32004","Gresten-Land",0,1493,275,18.42,116,7.77,152,35.93,26.48,130,53.16,261,20.37,100,1.36,7,22.01,114,62.93,309,21321,"62.1"
"32005","STATISTIK_AUSTRIA_GEM_20240101.32005","Lunz am See",1,1758,383,21.79,249,14.16,242,47.54,48.47,411,45.4,385,6.13,52,4.03,31,35.06,271,65.21,553,24802,"58.9"
"32006","STATISTIK_AUSTRIA_GEM_20240101.32006","Oberndorf an der Melk",0,3015,514,17.05,270,8.96,283,33.14,30.99,269,64.98,564,4.03,35,5.13,54,25.1,264,61.29,532,22299,"51.5"
"32007","STATISTIK_AUSTRIA_GEM_20240101.32007","Puchenstuben",0,271,83,30.63,27,9.96,28,45.16,52.6,101,35.94,69,11.46,22,2.94,3,42.86,45,61.98,119,23254,"28.6"
"32008","STATISTIK_AUSTRIA_GEM_20240101.32008","Purgstall an der Erlauf",2,5359,957,17.86,538,10.04,575,38.36,38.25,705,55.89,1030,5.81,107,9.75,195,29.32,587,57.08,1052,23775,"84.8"
"32009","STATISTIK_AUSTRIA_GEM_20240101.32009","Randegg",0,1826,324,17.74,183,10.02,194,36.47,17.05,103,74.34,449,8.61,52,4.31,29,26.07,176,51.66,312,22567,"51.3"
"32010","STATISTIK_AUSTRIA_GEM_20240101.32010","Reinsberg",0,1040,190,18.27,72,6.92,100,33.11,40.74,132,53.09,172,6.17,20,3.51,12,18.13,62,66.05,214,20649,"62.1"
"32011","STATISTIK_AUSTRIA_GEM_20240101.32011","St. Anton an der Jeßnitz",0,1132,196,17.31,137,12.1,122,37.54,58.15,232,37.59,150,4.26,17,1.49,6,25.99,105,65.66,262,21733,"41.3"
"32012","STATISTIK_AUSTRIA_GEM_20240101.32012","St. Georgen an der Leys",0,1310,272,20.76,102,7.79,142,36.32,49.23,192,46.67,182,4.1,16,1.51,6,18.59,74,86.92,339,20795,"41.3"
"32013","STATISTIK_AUSTRIA_GEM_20240101.32013","Scheibbs",5,4198,840,20.01,575,13.7,481,42.72,23.41,327,64.78,905,11.67,163,12.65,229,39.71,722,58.98,824,27795,"103.2"
"32014","STATISTIK_AUSTRIA_GEM_20240101.32014","Steinakirchen am Forst",0,2292,420,18.32,204,8.9,236,36.36,33.02,242,61.12,448,5.73,42,5.85,51,28.15,246,57.44,421,24238,"61.5"
"32015","STATISTIK_AUSTRIA_GEM_20240101.32015","Wang",0,1370,240,17.52,104,7.59,131,34.03,31.91,127,63.57,253,4.52,18,3.56,16,23.16,104,76.13,303,22061,"61.5"
"32016","STATISTIK_AUSTRIA_GEM_20240101.32016","Wieselburg",0,4850,742,15.3,368,7.59,519,41.52,39.98,445,44.74,498,14.65,163,12.67,296,45.37,1063,56.69,631,27723,"141.7"
"32017","STATISTIK_AUSTRIA_GEM_20240101.32017","Wieselburg-Land",0,3391,598,17.63,304,8.96,394,39.09,37.5,414,57.61,636,4.89,54,7.54,101,28.09,377,66.3,732,25724,"77.2"
"32018","STATISTIK_AUSTRIA_GEM_20240101.32018","Wolfpassing",1,1767,256,14.49,133,7.53,157,31.21,33.15,184,63.06,350,3.78,21,3.42,22,23.91,154,71.17,395,23535,"61.5"
"32101","STATISTIK_AUSTRIA_GEM_20240101.32101","Absdorf",0,2503,414,16.54,183,7.31,310,43.72,51.7,442,41.75,357,6.55,56,11.42,125,35.43,388,78.48,671,27382,"180.8"
"32104","STATISTIK_AUSTRIA_GEM_20240101.32104","Atzenbrugg",2,3493,634,18.15,288,8.25,427,41.66,61.68,837,34.05,462,4.27,58,6.26,90,30.09,433,82.24,1116,28175,"107.3"
"32106","STATISTIK_AUSTRIA_GEM_20240101.32106","Fels am Wagram",0,2547,461,18.1,205,8.05,305,41.11,63.82,711,32.94,367,3.23,36,4.11,44,32.09,344,88.51,986,27065,"137.6"
"32107","STATISTIK_AUSTRIA_GEM_20240101.32107","Grafenwörth",1,3329,647,19.44,440,13.22,420,43.93,65.17,975,32.22,482,2.54,38,3.53,48,30.25,412,81.22,1215,25341,"97.3"
"32109","STATISTIK_AUSTRIA_GEM_20240101.32109","Großriedenthal",0,975,219,22.46,86,8.82,116,39.73,66.16,305,32.1,148,1.74,8,3.27,13,28.75,115,82.86,382,24806,"56.2"
"32110","STATISTIK_AUSTRIA_GEM_20240101.32110","Großweikersdorf",4,3366,642,19.07,368,10.93,442,44.51,61.31,892,33.26,484,5.43,79,4.91,74,34.04,514,78.97,1149,28917,"111.8"
"32112","STATISTIK_AUSTRIA_GEM_20240101.32112","Judenau-Baumgarten",2,2378,411,17.28,210,8.83,296,41.69,60.52,604,34.57,345,4.91,49,6.42,63,27.89,275,83.97,838,27774,"287.4"
"32114","STATISTIK_AUSTRIA_GEM_20240101.32114","Kirchberg am Wagram",2,3840,703,18.31,374,9.74,496,43.36,65.31,1077,32.32,533,2.37,39,8.17,133,31.29,510,82.11,1354,26802,"82.9"
"32115","STATISTIK_AUSTRIA_GEM_20240101.32115","Königsbrunn am Wagram",0,1438,277,19.26,122,8.48,171,39.31,65.84,426,31.38,203,2.78,18,1.9,11,26.46,154,81.92,530,26776,"82.9"
"32116","STATISTIK_AUSTRIA_GEM_20240101.32116","Königstetten",1,2521,452,17.93,195,7.74,302,40.43,52.04,561,38.4,414,9.55,103,16.65,177,30.4,325,80.71,870,32574,"295.3"
"32119","STATISTIK_AUSTRIA_GEM_20240101.32119","Langenrohr",0,2554,464,18.17,198,7.75,351,44.83,53.99,548,41.67,423,4.33,44,12.71,137,29.46,319,72.61,737,26449,"188.5"
"32120","STATISTIK_AUSTRIA_GEM_20240101.32120","Michelhausen",0,4373,637,14.57,277,6.33,533,43.62,53.58,756,42.31,597,4.11,58,6.71,117,30.66,536,72.43,1022,27009,"188.5"
"32131","STATISTIK_AUSTRIA_GEM_20240101.32131","Sieghartskirchen",4,7813,1474,18.87,799,10.23,1059,44.85,55.82,1938,40.78,1416,3.4,118,7.69,258,30.53,1025,81.45,2828,28768,"182.9"
"32132","STATISTIK_AUSTRIA_GEM_20240101.32132","Sitzenberg-Reidling",1,2458,475,19.32,264,10.74,312,44.19,54.46,531,42.67,416,2.87,28,5.53,56,32.51,330,78.77,768,26624,"132.2"
"32134","STATISTIK_AUSTRIA_GEM_20240101.32134","Tulbing",2,3299,657,19.92,410,12.43,457,46.4,73.15,1125,23.99,369,2.86,44,4.94,73,33.45,496,87.78,1350,32224,"277.5"
"32135","STATISTIK_AUSTRIA_GEM_20240101.32135","Tulln an der Donau",14,16951,3228,19.04,1729,10.2,2103,44.81,56.01,3182,31.6,1795,11.97,680,24.34,1933,40.4,3212,72.86,4139,29715,"294.1"
"32139","STATISTIK_AUSTRIA_GEM_20240101.32139","Würmla",1,1641,298,18.16,156,9.51,201,41.79,64.39,434,33.09,223,2.52,17,6.56,44,29.02,195,82.05,553,26614,"105"
"32140","STATISTIK_AUSTRIA_GEM_20240101.32140","Zeiselmauer-Wolfpassing",2,2299,434,18.88,296,12.88,297,44.73,68.19,853,26.46,331,5.36,67,8.25,85,34.62,358,88.65,1109,33386,"272.9"
"32141","STATISTIK_AUSTRIA_GEM_20240101.32141","Zwentendorf an der Donau",2,4190,806,19.24,369,8.81,503,41.16,58.02,915,36.78,580,5.2,82,5.86,106,33.02,601,74.83,1180,27375,"125.1"
"32142","STATISTIK_AUSTRIA_GEM_20240101.32142","St. Andrä-Wördern",4,7956,1647,20.7,942,11.84,1074,46.23,50.42,2093,39.34,1633,10.24,425,14.53,531,36.27,1329,86.2,3578,32400,"332.7"
"32143","STATISTIK_AUSTRIA_GEM_20240101.32143","Muckendorf-Wipfing",0,1688,354,20.97,187,11.08,249,48.63,56.01,489,38.83,339,5.15,45,10.28,81,34.26,270,90.61,791,29442,"199.1"
"32144","STATISTIK_AUSTRIA_GEM_20240101.32144","Klosterneuburg",20,28152,4869,17.3,3805,13.52,3085,39.76,39.91,4549,43.71,4982,16.16,1842,20.33,2592,38.62,4934,79.3,9038,36655,"643.3"
"32202","STATISTIK_AUSTRIA_GEM_20240101.32202","Dietmanns",0,1024,241,23.54,143,13.96,153,50,80.68,430,17.07,91,2.25,12,6.08,32,40.49,213,86.49,461,24873,"21.2"
"32203","STATISTIK_AUSTRIA_GEM_20240101.32203","Dobersberg",1,1531,333,21.75,178,11.63,169,37.31,66.46,535,31.93,257,1.61,13,1.39,9,32.05,208,76.77,618,22410,"22.7"
"32206","STATISTIK_AUSTRIA_GEM_20240101.32206","Gastern",0,1152,268,23.26,129,11.2,145,41.19,74.43,457,23.62,145,1.95,12,1.61,8,31.39,156,71.66,440,21485,"22.7"
"32207","STATISTIK_AUSTRIA_GEM_20240101.32207","Groß-Siegharts",4,2583,609,23.58,342,13.24,334,46.07,69.25,919,26.22,348,4.52,60,8.28,109,44.07,583,70.08,930,24475,"21.2"
"32209","STATISTIK_AUSTRIA_GEM_20240101.32209","Karlstein an der Thaya",4,1449,320,22.08,179,12.35,168,41.08,70.23,571,26.2,213,3.57,29,4.02,26,37.23,242,79.34,645,24750,"22.7"
"32210","STATISTIK_AUSTRIA_GEM_20240101.32210","Kautzen",1,1074,277,25.79,142,13.22,121,38.91,76.28,508,22.82,152,0.9,6,3.52,17,36.14,176,75.53,503,22776,"22.7"
"32212","STATISTIK_AUSTRIA_GEM_20240101.32212","Ludweis-Aigen",0,882,180,20.41,126,14.29,106,41.09,73.27,381,25,130,1.73,9,0,0,34.2,132,73.46,382,22993,"21.2"
"32214","STATISTIK_AUSTRIA_GEM_20240101.32214","Pfaffenschlag bei Waidhofen a.d.Thaya",1,904,184,20.35,94,10.4,91,34.6,68.9,319,29.37,136,1.73,8,0.26,1,34.18,134,70.19,325,21157,"22.7"
"32216","STATISTIK_AUSTRIA_GEM_20240101.32216","Raabs an der Thaya",2,2623,627,23.9,440,16.77,340,46.51,73.59,1332,24.36,441,2.04,37,6.53,77,37.62,445,76.57,1386,23437,"22.7"
"32217","STATISTIK_AUSTRIA_GEM_20240101.32217","Thaya",0,1472,298,20.24,147,9.99,181,42.19,66.67,486,31,226,2.33,17,3.33,21,32.38,204,73.53,536,21160,"22.7"
"32219","STATISTIK_AUSTRIA_GEM_20240101.32219","Vitis",2,2693,520,19.31,280,10.4,298,37.77,62.53,891,34.81,496,2.67,38,2.74,32,33.13,388,78.88,1124,22498,"25.5"
"32220","STATISTIK_AUSTRIA_GEM_20240101.32220","Waidhofen an der Thaya",1,5236,1143,21.83,663,12.66,603,42.55,50.42,1147,40.79,928,8.66,197,18.01,448,42.17,1051,71.12,1618,27696,"61.5"
"32221","STATISTIK_AUSTRIA_GEM_20240101.32221","Waidhofen an der Thaya-Land",0,1287,216,16.78,99,7.69,123,31.87,68.52,357,30.52,159,0.96,5,0.81,4,23.28,115,77.93,406,22057,"21.9"
"32222","STATISTIK_AUSTRIA_GEM_20240101.32222","Waldkirchen an der Thaya",0,484,142,29.34,74,15.29,62,43.66,82.41,267,15.74,51,1.85,6,0,0,42.56,103,63.58,206,20603,"22.7"
"32223","STATISTIK_AUSTRIA_GEM_20240101.32223","Windigsteig",2,956,200,20.92,98,10.25,115,41.37,71.74,358,27.25,136,1,5,0.76,3,31.41,125,76.95,384,22895,"21.2"
"32301","STATISTIK_AUSTRIA_GEM_20240101.32301","Bad Fischau-Brunn",1,3532,681,19.28,379,10.73,468,46.11,59.43,939,37.09,586,3.48,55,6.46,102,35.71,566,76.52,1209,31652,"276.8"
"32302","STATISTIK_AUSTRIA_GEM_20240101.32302","Bad Schönau",0,738,165,22.36,105,14.23,82,40,45.79,136,44.11,131,9.76,29,2.52,7,28.32,79,64.65,192,22715,"50.6"
"32304","STATISTIK_AUSTRIA_GEM_20240101.32304","Ebenfurth",2,3255,469,14.41,307,9.43,377,42.99,61.58,731,30.83,366,7.5,89,10.55,150,37.87,543,77.17,916,26185,"273.8"
"32305","STATISTIK_AUSTRIA_GEM_20240101.32305","Eggendorf",4,5096,942,18.49,623,12.23,758,50.37,79.94,1865,17.06,398,2.91,68,6.12,141,35.65,822,90.78,2118,27692,"208.1"
"32306","STATISTIK_AUSTRIA_GEM_20240101.32306","Bad Erlach",2,3312,580,17.51,374,11.29,398,43.5,58.26,596,34.8,356,6.84,70,12.3,180,36.52,535,72.04,737,27088,"176.8"
"32307","STATISTIK_AUSTRIA_GEM_20240101.32307","Felixdorf",4,4575,784,17.14,488,10.67,572,44.1,62.22,929,31.82,475,5.76,86,6.55,135,36.87,764,79.3,1184,27448,"203.1"
"32308","STATISTIK_AUSTRIA_GEM_20240101.32308","Gutenstein",0,1256,244,19.43,232,18.47,159,48.33,50.39,321,40.97,261,8.63,55,4.76,25,38,201,65.78,419,24381,"73.7"
"32309","STATISTIK_AUSTRIA_GEM_20240101.32309","Hochneukirchen-Gschaidt",1,1639,335,20.44,158,9.64,188,37.98,53.28,341,42.34,271,4.38,28,0.61,4,27.96,184,65.16,417,21800,"50.6"
"32310","STATISTIK_AUSTRIA_GEM_20240101.32310","Hochwolkersdorf",0,982,210,21.38,103,10.49,128,43.1,64.58,299,33.26,154,2.16,10,2.09,9,31.32,135,72.35,335,25727,"63.1"
"32311","STATISTIK_AUSTRIA_GEM_20240101.32311","Hohe Wand",1,1457,319,21.89,122,8.37,187,42.5,31.22,236,63.23,478,5.56,42,2.09,13,29.1,181,74.21,561,28504,"125.3"
"32312","STATISTIK_AUSTRIA_GEM_20240101.32312","Hollenthon",0,1014,240,23.67,79,7.79,119,40.89,52.69,225,44.5,190,2.81,12,0.74,3,30.86,125,75.64,323,22631,"35"
"32313","STATISTIK_AUSTRIA_GEM_20240101.32313","Katzelsdorf",3,3162,661,20.9,340,10.75,415,42.17,60.28,789,34.53,452,5.19,68,17.6,239,27.11,369,84.34,1104,31920,"240.6"
"32314","STATISTIK_AUSTRIA_GEM_20240101.32314","Kirchschlag in der Buckligen Welt",3,2767,606,21.9,342,12.36,314,38.96,49.87,558,41.82,468,8.31,93,8.53,99,32.44,377,62.82,703,24785,"50.6"
"32315","STATISTIK_AUSTRIA_GEM_20240101.32315","Krumbach",0,2398,445,18.56,236,9.84,232,35.05,47.31,457,48.24,466,4.45,43,2.6,26,35.38,357,60.14,581,24631,"68.9"
"32316","STATISTIK_AUSTRIA_GEM_20240101.32316","Lanzenkirchen",3,4431,789,17.81,370,8.35,531,41.81,64.11,1070,29.78,497,6.11,102,12.53,233,31.94,595,80.41,1342,28113,"227.2"
"32317","STATISTIK_AUSTRIA_GEM_20240101.32317","Lichtenegg",0,1056,186,17.61,109,10.32,125,39.81,56.44,254,40.44,182,3.11,14,0.26,1,26.14,103,74,333,21304,"35"
"32318","STATISTIK_AUSTRIA_GEM_20240101.32318","Lichtenwörth",2,2947,559,18.97,312,10.59,404,47.14,64.01,754,32.34,381,3.57,42,7.45,100,36.45,491,78.35,923,26857,"169.1"
"32319","STATISTIK_AUSTRIA_GEM_20240101.32319","Markt Piesting",0,3114,616,19.78,271,8.7,369,41.51,34.16,399,55.31,646,10.45,122,17.66,246,35.72,499,70.46,823,28948,"165.8"
"32320","STATISTIK_AUSTRIA_GEM_20240101.32320","Matzendorf-Hölles",1,2148,378,17.6,266,12.38,308,47.02,72.94,698,23.72,227,3.34,32,1.1,10,28.59,261,85.27,816,29228,"143"
"32321","STATISTIK_AUSTRIA_GEM_20240101.32321","Miesenbach",0,641,140,21.84,73,11.39,78,41.49,58.54,192,38.72,127,2.74,9,1.84,5,33.09,90,77.13,253,23491,"73.7"
"32322","STATISTIK_AUSTRIA_GEM_20240101.32322","Muggendorf",0,499,99,19.84,54,10.82,77,49.36,55.85,148,41.89,111,2.26,6,9.48,22,33.33,78,79.25,210,28449,"73.7"
"32323","STATISTIK_AUSTRIA_GEM_20240101.32323","Pernitz",2,2547,474,18.61,297,11.66,289,43.33,51.43,505,38.9,382,9.47,93,4.61,58,46.51,586,65.07,639,26700,"73.7"
"32324","STATISTIK_AUSTRIA_GEM_20240101.32324","Rohr im Gebirge",1,425,89,20.94,42,9.88,44,37.61,61.01,169,37.18,103,1.81,5,4.62,8,33.91,59,63.54,176,27136,"73.7"
"32325","STATISTIK_AUSTRIA_GEM_20240101.32325","Bromberg",1,1164,248,21.31,110,9.45,156,44.19,67.84,327,30.5,147,1.66,8,3.18,13,21.65,89,82.99,400,24312,"63.1"
"32326","STATISTIK_AUSTRIA_GEM_20240101.32326","Schwarzenbach",1,932,204,21.89,101,10.84,103,37.73,68.57,312,25.93,118,5.49,25,2.04,8,31.89,125,81.1,369,22398,"63.1"
"32327","STATISTIK_AUSTRIA_GEM_20240101.32327","Sollenau",6,5477,969,17.69,614,11.21,689,45.93,61.88,1263,31.01,633,7.06,144,4.78,115,38.28,924,73.89,1508,27553,"285.1"
"32330","STATISTIK_AUSTRIA_GEM_20240101.32330","Theresienfeld",0,4254,567,13.33,371,8.72,502,41.63,53.85,756,39.46,554,6.7,94,13.63,230,29.21,494,77.92,1094,28401,"203.2"
"32331","STATISTIK_AUSTRIA_GEM_20240101.32331","Waidmannsfeld",1,1474,365,24.76,197,13.36,218,50.11,55.73,365,40.31,264,3.97,26,17.26,130,42.12,318,66.41,435,27181,"73.7"
"32332","STATISTIK_AUSTRIA_GEM_20240101.32332","Waldegg",1,1993,363,18.21,234,11.74,262,45.57,51.98,524,41.17,415,6.65,67,5.51,51,37.5,348,64.38,649,28576,"115.5"
"32333","STATISTIK_AUSTRIA_GEM_20240101.32333","Walpersbach",0,1230,233,18.94,108,8.78,153,40.48,57.58,285,38.18,189,4.24,21,1.39,7,25.54,129,75.15,372,28603,"176.8"
"32334","STATISTIK_AUSTRIA_GEM_20240101.32334","Weikersdorf am Steinfelde",1,1112,238,21.4,93,8.36,138,42.07,54.7,250,37.86,173,7.44,34,5.15,24,31.33,146,75.93,347,25870,"165.8"
"32335","STATISTIK_AUSTRIA_GEM_20240101.32335","Wiesmath",0,1543,338,21.91,145,9.4,182,39.48,59.25,381,39.19,252,1.56,10,0.82,5,26.51,162,70.76,455,25560,"35"
"32336","STATISTIK_AUSTRIA_GEM_20240101.32336","Winzendorf-Muthmannsdorf",1,1859,359,19.31,210,11.3,264,46.64,57.98,505,35.13,306,6.89,60,3.1,27,33.98,296,77.61,676,29637,"165.8"
"32337","STATISTIK_AUSTRIA_GEM_20240101.32337","Wöllersdorf-Steinabrückl",3,5094,816,16.02,403,7.91,618,41.7,60.27,1197,34.24,680,5.44,108,6.42,138,31.36,674,79.91,1587,28409,"172.4"
"32338","STATISTIK_AUSTRIA_GEM_20240101.32338","Zillingdorf",1,2080,411,19.76,190,9.13,285,43.78,68.43,813,27.27,324,4.29,51,6.22,60,33.95,328,86.87,1032,26846,"171"
"32501","STATISTIK_AUSTRIA_GEM_20240101.32501","Allentsteig",2,1739,386,22.2,282,16.22,230,47.42,62.92,599,32.14,306,4.94,47,3.36,29,44.21,382,71.64,682,25880,"21"
"32502","STATISTIK_AUSTRIA_GEM_20240101.32502","Arbesbach",1,1580,305,19.3,175,11.08,169,37.47,48.57,289,45.88,273,5.55,33,0.84,5,28.02,167,58.82,350,21390,"17"
"32503","STATISTIK_AUSTRIA_GEM_20240101.32503","Bärnkopf",0,328,85,25.91,31,9.45,43,43.43,50,80,45.63,73,4.38,7,0.71,1,35.21,50,69.38,111,24128,"17"
"32504","STATISTIK_AUSTRIA_GEM_20240101.32504","Echsenbach",0,1246,267,21.43,96,7.7,157,40.99,63.04,353,35.54,199,1.43,8,1.12,6,27.61,148,76.07,426,21461,"17.5"
"32505","STATISTIK_AUSTRIA_GEM_20240101.32505","Göpfritz an der Wild",2,1743,367,21.06,198,11.36,209,40.74,54.31,466,44.17,379,1.52,13,1.49,11,30.08,222,69.58,597,22884,"21"
"32506","STATISTIK_AUSTRIA_GEM_20240101.32506","Grafenschlag",1,833,149,17.89,86,10.32,99,38.22,47.46,187,48.48,191,4.06,16,0.63,2,22.36,72,67.51,266,20252,"17.9"
"32508","STATISTIK_AUSTRIA_GEM_20240101.32508","Groß Gerungs",0,4459,950,21.31,436,9.78,488,38.33,55.63,1017,39.77,727,4.54,83,1.63,28,28.48,491,63.13,1154,22160,"17.8"
"32509","STATISTIK_AUSTRIA_GEM_20240101.32509","Großgöttfritz",0,1317,270,20.5,116,8.81,131,33.42,65.61,353,31.41,169,2.97,16,0.81,4,24.75,123,63.2,340,18901,"17.9"
"32511","STATISTIK_AUSTRIA_GEM_20240101.32511","Gutenbrunn",1,511,115,22.5,74,14.48,61,44.53,16.39,39,73.11,174,10.5,25,3.27,8,45.31,111,69.75,166,23760,"17"
"32514","STATISTIK_AUSTRIA_GEM_20240101.32514","Kirchschlag",0,621,126,20.29,68,10.95,70,39.33,69.93,193,27.54,76,2.54,7,1.23,3,33.74,82,59.06,163,19879,"27.6"
"32515","STATISTIK_AUSTRIA_GEM_20240101.32515","Kottes-Purk",1,1436,333,23.19,155,10.79,176,41.41,60.97,403,35.55,235,3.48,23,0.88,5,28.82,166,67.32,445,19914,"18.6"
"32516","STATISTIK_AUSTRIA_GEM_20240101.32516","Langschlag",0,1716,367,21.39,171,9.97,195,39.8,56.63,427,39.79,300,3.58,27,0.9,6,29.25,196,63.93,482,21853,"17.8"
"32517","STATISTIK_AUSTRIA_GEM_20240101.32517","Martinsberg",0,1050,239,22.76,120,11.43,119,37.78,52.95,251,44.51,211,2.53,12,0.48,2,25.48,106,66.24,314,21001,"17"
"32518","STATISTIK_AUSTRIA_GEM_20240101.32518","Ottenschlag",0,1015,225,22.17,147,14.48,125,42.81,59.22,305,36.31,187,4.47,23,7.41,32,35.71,155,68.16,351,26667,"27.6"
"32519","STATISTIK_AUSTRIA_GEM_20240101.32519","Altmelon",0,849,170,20.02,86,10.13,94,36.58,33.05,115,64.37,224,2.59,9,0.31,1,25.55,82,58.62,204,19850,"17"
"32520","STATISTIK_AUSTRIA_GEM_20240101.32520","Pölla",0,915,222,24.26,102,11.15,120,46.15,76.19,448,21.6,127,2.21,13,0.98,4,36.1,148,74.49,438,22358,"21"
"32521","STATISTIK_AUSTRIA_GEM_20240101.32521","Rappottenstein",0,1736,353,20.33,165,9.5,176,34.78,58.72,468,38.39,306,2.89,23,0.88,6,26.73,182,60.35,481,20752,"17.9"
"32522","STATISTIK_AUSTRIA_GEM_20240101.32522","Sallingberg",1,1256,247,19.67,149,11.86,134,36.61,63.42,371,34.19,200,2.39,14,0.62,3,30.2,148,70.43,412,21013,"27.6"
"32523","STATISTIK_AUSTRIA_GEM_20240101.32523","Schönbach",0,738,159,21.54,68,9.21,81,38.57,43.82,156,45.51,162,10.67,38,0.7,2,30.24,88,66.85,238,22931,"17"
"32524","STATISTIK_AUSTRIA_GEM_20240101.32524","Schwarzenau",0,1470,310,21.09,178,12.11,186,43.36,65.26,479,32.15,236,2.59,19,0.9,6,36.09,240,71.12,522,24508,"17.5"
"32525","STATISTIK_AUSTRIA_GEM_20240101.32525","Schweiggers",0,2028,380,18.74,197,9.71,223,36.68,65.01,537,32.32,267,2.66,22,1.5,12,27.03,216,66.59,550,19299,"17.5"
"32528","STATISTIK_AUSTRIA_GEM_20240101.32528","Bad Traunstein",0,983,202,20.55,91,9.26,97,34.89,57.31,247,34.57,149,8.12,35,2.06,8,29.64,115,68.68,296,20486,"17"
"32529","STATISTIK_AUSTRIA_GEM_20240101.32529","Waldhausen",0,1188,251,21.13,134,11.28,123,35.76,71.72,464,26.12,169,2.16,14,0.21,1,30.52,148,72.8,471,21353,"27.6"
"32530","STATISTIK_AUSTRIA_GEM_20240101.32530","Zwettl-Niederösterreich",3,10771,2422,22.49,1332,12.37,1285,42.24,54.01,2405,40.8,1817,5.14,229,8.47,390,35.32,1630,58.37,2599,23936,"68.5"
"40101","STATISTIK_AUSTRIA_GEM_20240101.40101","Linz",32,213557,33538,15.7,20753,9.72,24092,46.11,15.17,3637,35.24,8447,41.89,10040,14.07,14913,48.84,52246,32.51,7791,29422,"597.8"
"40201","STATISTIK_AUSTRIA_GEM_20240101.40201","Steyr",5,38036,7026,18.47,4456,11.72,4719,47.73,9.29,668,55.51,3992,33.72,2425,10.66,2058,47.5,9188,44.2,3179,26510,"283.4"
"40301","STATISTIK_AUSTRIA_GEM_20240101.40301","Wels",13,65482,10698,16.34,5936,9.07,7251,42.38,17.23,1942,55.55,6260,24.74,2788,17.3,5081,40.74,11996,50.17,5654,27055,"298.4"
"40401","STATISTIK_AUSTRIA_GEM_20240101.40401","Altheim",3,5092,1027,20.17,496,9.74,610,42.51,31.31,562,59.55,1069,9.08,163,7.51,168,34.82,781,64.85,1164,22049,"115.3"
"40402","STATISTIK_AUSTRIA_GEM_20240101.40402","Aspach",0,2662,460,17.28,204,7.66,263,34.93,24.32,240,61.2,604,14.39,142,5.41,59,31.07,339,58.16,574,23097,"66.1"
"40403","STATISTIK_AUSTRIA_GEM_20240101.40403","Auerbach",0,836,128,15.31,37,4.43,112,44.44,30.1,93,62.14,192,7.77,24,10.32,35,27.78,95,71.52,221,20151,"156.9"
"40404","STATISTIK_AUSTRIA_GEM_20240101.40404","Braunau am Inn",7,17604,3298,18.73,1916,10.88,2124,45.12,26.36,1160,52.98,2331,19.84,873,11.83,957,40.77,3311,60.25,2651,24511,"193.7"
"40405","STATISTIK_AUSTRIA_GEM_20240101.40405","Burgkirchen",1,2757,534,19.37,215,7.8,306,37.45,23.21,234,71.92,725,4.86,49,4.91,52,24.72,263,79.56,802,23275,"94.6"
"40406","STATISTIK_AUSTRIA_GEM_20240101.40406","Eggelsberg",1,2959,495,16.73,235,7.94,350,42.37,31.86,303,60.36,574,7.78,74,19.18,238,34.72,433,66.77,635,21600,"175.6"
"40407","STATISTIK_AUSTRIA_GEM_20240101.40407","Feldkirchen bei Mattighofen",2,2142,418,19.51,156,7.28,254,40.58,14.34,116,83.19,673,2.47,20,7.13,62,28.59,249,79.11,640,21931,"136.2"
"40408","STATISTIK_AUSTRIA_GEM_20240101.40408","Franking",0,1034,210,20.31,93,8.99,132,43.14,28.11,104,62.97,233,8.92,33,12.14,55,32.6,148,62.7,232,20952,"201.9"
"40409","STATISTIK_AUSTRIA_GEM_20240101.40409","Geretsberg",1,1193,220,18.44,108,9.05,137,40.41,15.27,71,75.7,352,9.03,42,7.08,34,30.35,146,71.18,331,21796,"193.3"
"40410","STATISTIK_AUSTRIA_GEM_20240101.40410","Gilgenberg am Weilhart",4,1327,282,21.25,95,7.16,163,42.12,16.9,85,75.55,380,7.36,37,5.54,29,27.24,143,73.56,370,18621,"97.8"
"40411","STATISTIK_AUSTRIA_GEM_20240101.40411","Haigermoos",0,654,116,17.74,54,8.26,74,38.54,28.29,71,66.53,167,5.18,13,4.47,11,21.86,54,77.69,195,22511,"201.9"
"40412","STATISTIK_AUSTRIA_GEM_20240101.40412","Handenberg",1,1326,230,17.35,112,8.45,134,34.72,19.17,101,76.66,404,4.17,22,2.06,11,28.73,154,69.07,364,19968,"97.8"
"40413","STATISTIK_AUSTRIA_GEM_20240101.40413","Helpfau-Uttendorf",0,3788,660,17.42,263,6.94,459,41.77,19.07,257,73.37,989,7.57,102,4.28,65,29.76,452,68.47,923,21789,"109.7"
"40414","STATISTIK_AUSTRIA_GEM_20240101.40414","Hochburg-Ach",2,3379,652,19.3,373,11.04,438,44.06,22.21,287,69.66,900,8.13,105,9.2,135,32.31,475,70.43,910,13853,"177"
"40415","STATISTIK_AUSTRIA_GEM_20240101.40415","Höhnhart",1,1489,267,17.93,114,7.66,154,36.15,20.75,127,73.37,449,5.88,36,4.19,26,31.62,197,64.87,397,21851,"66.6"
"40416","STATISTIK_AUSTRIA_GEM_20240101.40416","Jeging",0,796,128,16.08,53,6.66,84,36.05,26.35,78,65.88,195,7.77,23,4.7,15,25.71,82,65.88,195,23034,"156.9"
"40417","STATISTIK_AUSTRIA_GEM_20240101.40417","Kirchberg bei Mattighofen",0,1316,250,19,96,7.29,140,36.94,23.03,117,71.85,365,5.12,26,8.43,42,24.7,123,75.2,382,23101,"214.7"
"40418","STATISTIK_AUSTRIA_GEM_20240101.40418","Lengau",1,5144,931,18.1,396,7.7,589,39.72,24.99,429,65.06,1117,9.9,170,8.54,182,30.71,656,67.44,1158,23736,"192.2"
"40419","STATISTIK_AUSTRIA_GEM_20240101.40419","Lochen am See",1,3019,533,17.65,208,6.89,364,41.65,38.64,510,55.45,732,5.91,78,11.26,139,29.38,364,80.3,1060,24459,"209"
"40420","STATISTIK_AUSTRIA_GEM_20240101.40420","Maria Schmolln",0,1473,262,17.79,182,12.36,153,37.14,20.74,107,71.51,369,7.75,40,4.01,21,23.81,125,72.29,373,20535,"77.9"
"40421","STATISTIK_AUSTRIA_GEM_20240101.40421","Mattighofen",2,7701,1128,14.65,536,6.96,844,40.5,19.86,358,63.45,1144,16.31,294,19.4,600,33.53,1037,58.01,1046,22226,"221"
"40422","STATISTIK_AUSTRIA_GEM_20240101.40422","Mauerkirchen",1,2689,476,17.7,247,9.19,302,41.6,22.78,190,67.27,561,9.95,83,10.92,127,37.92,441,61.39,512,22467,"155.6"
"40423","STATISTIK_AUSTRIA_GEM_20240101.40423","Mining",1,1307,258,19.74,104,7.96,173,43.14,30.29,166,66.61,365,3.1,17,5.68,31,26.01,142,77.92,427,23552,"83.4"
"40424","STATISTIK_AUSTRIA_GEM_20240101.40424","Moosbach",1,1141,186,16.3,81,7.1,107,32.52,24.88,103,69.81,289,5.31,22,7.73,35,27.69,126,68.12,282,22601,"85.7"
"40425","STATISTIK_AUSTRIA_GEM_20240101.40425","Moosdorf",2,1727,351,20.32,149,8.63,230,43.4,25.4,159,64.22,402,10.22,64,4.2,32,31.27,238,72.04,451,21958,"149.6"
"40426","STATISTIK_AUSTRIA_GEM_20240101.40426","Munderfing",1,3104,572,18.43,255,8.22,326,36.79,18.08,194,65.61,704,16.31,175,9.54,119,28.88,361,64.4,691,24124,"171.1"
"40427","STATISTIK_AUSTRIA_GEM_20240101.40427","Neukirchen an der Enknach",1,2339,408,17.44,223,9.53,258,37.89,20.39,177,74.42,646,5.18,45,6.83,65,28.57,272,71.54,621,21595,"141.6"
"40428","STATISTIK_AUSTRIA_GEM_20240101.40428","Ostermiething",0,3403,634,18.63,368,10.81,414,42.42,34.3,507,53.11,785,12.58,186,6.03,88,32.79,479,44.38,656,20304,"166"
"40429","STATISTIK_AUSTRIA_GEM_20240101.40429","Palting",0,1294,221,17.08,86,6.65,166,44.5,26.29,127,66.67,322,7.04,34,12.62,68,30.19,163,76.19,368,22416,"248.3"
"40430","STATISTIK_AUSTRIA_GEM_20240101.40430","Perwang am Grabensee",0,1133,177,15.62,82,7.24,140,41.18,21.88,91,71.39,297,6.73,28,9.96,48,28.72,139,66.35,276,24938,"346.9"
"40431","STATISTIK_AUSTRIA_GEM_20240101.40431","Pfaffstätt",0,1293,211,16.32,93,7.19,142,38.59,26.61,128,67.57,325,5.82,28,5.34,26,25.87,126,76.92,370,22454,"148.8"
"40432","STATISTIK_AUSTRIA_GEM_20240101.40432","Pischelsdorf am Engelbach",0,1780,313,17.58,166,9.33,198,38.15,26.23,176,68.26,458,5.51,37,6.7,47,29.18,206,71.09,477,19646,"97.8"
"40433","STATISTIK_AUSTRIA_GEM_20240101.40433","Polling im Innkreis",0,992,189,19.05,92,9.27,102,35.42,21.13,86,73.22,298,5.65,23,6.62,27,28.68,117,67.32,274,21866,"57.2"
"40434","STATISTIK_AUSTRIA_GEM_20240101.40434","Roßbach",1,890,193,21.69,73,8.2,103,38.43,27.35,102,68.36,255,4.29,16,1.3,5,31.01,120,68.63,256,21219,"65.7"
"40435","STATISTIK_AUSTRIA_GEM_20240101.40435","St. Georgen am Fillmannsbach",1,472,78,16.53,31,6.57,50,38.17,18.67,31,74.7,124,6.63,11,3.37,6,27.53,49,69.88,116,18645,"97.8"
"40436","STATISTIK_AUSTRIA_GEM_20240101.40436","St. Johann am Walde",0,2044,441,21.58,170,8.32,269,42.63,19.46,150,72.76,561,7.65,59,2.88,24,25.18,210,65.89,508,22206,"54.3"
"40437","STATISTIK_AUSTRIA_GEM_20240101.40437","St. Pantaleon",2,3295,639,19.39,291,8.83,399,42.63,28.5,305,57.1,611,14.3,153,9.94,142,34.41,492,58.69,628,24118,"159.9"
"40438","STATISTIK_AUSTRIA_GEM_20240101.40438","St. Peter am Hart",3,2575,471,18.29,232,9.01,318,41.95,35.96,369,59.55,611,4.48,46,3.89,40,26.17,269,78.27,803,25041,"124.1"
"40439","STATISTIK_AUSTRIA_GEM_20240101.40439","St. Radegund",0,701,140,19.97,49,6.99,81,41.33,12.31,33,75.75,203,11.94,32,2.08,6,32.29,93,78.73,211,16766,"133.6"
"40440","STATISTIK_AUSTRIA_GEM_20240101.40440","St. Veit im Innkreis",0,406,83,20.44,40,9.85,54,43.9,33.33,51,64.71,99,1.96,3,3.85,6,23.72,37,75.82,116,22152,"57.2"
"40441","STATISTIK_AUSTRIA_GEM_20240101.40441","Schalchen",0,4173,772,18.5,354,8.48,515,41.73,31.17,475,61.42,936,7.41,113,8.85,148,27.5,460,72.57,1106,22582,"126.5"
"40442","STATISTIK_AUSTRIA_GEM_20240101.40442","Schwand im Innkreis",1,1063,175,16.46,83,7.81,133,42.09,16.41,64,76.67,299,6.92,27,9.05,37,24.21,99,71.54,279,21163,"97.3"
"40443","STATISTIK_AUSTRIA_GEM_20240101.40443","Tarsdorf",2,2123,442,20.82,187,8.81,241,37.83,16.18,122,59.68,450,24.14,182,4.23,36,27.37,234,71.35,538,16026,"133.6"
"40444","STATISTIK_AUSTRIA_GEM_20240101.40444","Treubach",0,790,140,17.72,60,7.59,81,38.03,31.42,93,61.49,182,7.09,21,4.95,15,31.92,98,68.92,204,21379,"65.7"
"40445","STATISTIK_AUSTRIA_GEM_20240101.40445","Überackern",1,689,171,24.82,59,8.56,119,54.09,34.64,106,62.09,190,3.27,10,2,6,26.91,81,80.07,245,12854,"97.3"
"40446","STATISTIK_AUSTRIA_GEM_20240101.40446","Weng im Innkreis",0,1457,263,18.05,141,9.68,190,42.79,25.17,149,70.61,418,4.22,25,4.75,29,28.15,172,69.09,409,22629,"95.9"
"40501","STATISTIK_AUSTRIA_GEM_20240101.40501","Alkoven",1,6172,1087,17.61,560,9.07,803,44.54,37.66,809,55.82,1199,6.47,139,11.8,308,30.93,809,71.28,1531,26983,"267.1"
"40502","STATISTIK_AUSTRIA_GEM_20240101.40502","Aschach an der Donau",1,2226,400,17.97,245,11.01,263,42.56,22.78,159,62.32,435,14.18,99,11.16,109,37.51,368,54.73,382,27585,"162.8"
"40503","STATISTIK_AUSTRIA_GEM_20240101.40503","Eferding",0,4367,742,16.99,494,11.31,481,44.37,24.12,212,51.08,449,24.8,218,16.6,338,46.06,941,39.48,347,27237,"154.3"
"40504","STATISTIK_AUSTRIA_GEM_20240101.40504","Fraham",0,2614,449,17.18,228,8.72,319,40.95,33.69,286,61.6,523,4.71,40,8.41,88,26.67,279,68.32,580,26321,"179.9"
"40505","STATISTIK_AUSTRIA_GEM_20240101.40505","Haibach ob der Donau",0,1260,245,19.44,122,9.68,148,38.34,30.88,151,62.58,306,6.54,32,2.67,14,28.57,150,61.35,300,22267,"66.3"
"40506","STATISTIK_AUSTRIA_GEM_20240101.40506","Hartkirchen",0,3919,862,22,441,11.25,510,44.04,21.11,292,69.49,961,9.4,130,7.47,119,28.87,461,68.19,943,24543,"129.2"
"40507","STATISTIK_AUSTRIA_GEM_20240101.40507","Hinzenbach",0,2052,383,18.66,167,8.14,278,43.85,43.84,320,50.68,370,5.48,40,6.45,53,24.76,204,66.3,484,26639,"154.3"
"40508","STATISTIK_AUSTRIA_GEM_20240101.40508","Prambachkirchen",0,2996,578,19.29,238,7.94,349,39.3,31.85,315,61.78,611,6.37,63,6.13,72,25.96,305,68.45,677,24187,"115.6"
"40509","STATISTIK_AUSTRIA_GEM_20240101.40509","Pupping",0,1861,389,20.9,175,9.4,225,42.21,19.39,127,75.27,493,5.34,35,3.99,29,27.98,204,63.82,418,26733,"129.2"
"40510","STATISTIK_AUSTRIA_GEM_20240101.40510","St. Marienkirchen an der Polsenz",0,2348,477,20.32,207,8.82,308,42.66,20.51,176,73.54,631,5.94,51,3.87,37,25.94,249,67.95,583,24843,"125"
"40511","STATISTIK_AUSTRIA_GEM_20240101.40511","Scharten",0,2374,455,19.17,187,7.88,293,42.22,39.17,322,54.14,445,6.69,55,3.53,33,26.57,250,66.67,548,28415,"194.9"
"40512","STATISTIK_AUSTRIA_GEM_20240101.40512","Stroheim",0,1695,328,19.35,133,7.85,203,39.8,23.61,132,70.66,395,5.72,32,2.82,18,24.02,154,69.23,387,22515,"100.5"
"40601","STATISTIK_AUSTRIA_GEM_20240101.40601","Freistadt",2,8270,1516,18.33,756,9.14,944,42.5,25.6,563,56.03,1232,17.87,393,8.39,315,40.8,1533,50.98,1121,27716,"158.6"
"40602","STATISTIK_AUSTRIA_GEM_20240101.40602","Grünbach",0,1867,363,19.44,162,8.68,229,41.19,34.38,209,56.41,343,9.21,56,1.06,8,27.36,206,62.01,377,22038,"83.7"
"40603","STATISTIK_AUSTRIA_GEM_20240101.40603","Gutau",0,2789,582,20.87,240,8.61,336,41.48,37.95,345,54.02,491,8.03,73,3.27,35,28.44,306,69.75,634,23953,"69.9"
"40604","STATISTIK_AUSTRIA_GEM_20240101.40604","Hagenberg im Mühlkreis",0,3163,551,17.42,232,7.33,408,46.79,30.87,301,61.23,597,7.9,77,7.8,98,30.79,395,66.77,651,28987,"161.2"
"40605","STATISTIK_AUSTRIA_GEM_20240101.40605","Hirschbach im Mühlkreis",0,1224,238,19.44,114,9.31,140,39.33,26.95,114,44.68,189,20.57,87,2.62,12,23.97,110,59.81,253,23123,"30.7"
"40606","STATISTIK_AUSTRIA_GEM_20240101.40606","Kaltenberg",0,587,111,18.91,56,9.54,66,37.29,30.73,55,62.01,111,7.26,13,0,0,16.59,35,58.1,104,21142,"35.7"
"40607","STATISTIK_AUSTRIA_GEM_20240101.40607","Kefermarkt",1,2217,427,19.26,177,7.98,273,41.94,26.45,196,66.13,490,7.42,55,3.38,30,29.02,258,62.62,464,26399,"119.7"
"40608","STATISTIK_AUSTRIA_GEM_20240101.40608","Königswiesen",0,3046,607,19.93,247,8.11,324,36.45,32.8,328,58.2,582,9,90,3.4,37,23.46,255,59.2,592,22403,"43.6"
"40609","STATISTIK_AUSTRIA_GEM_20240101.40609","Lasberg",0,2882,563,19.54,321,11.14,360,42.55,30.35,292,64.55,621,4.99,48,3.02,33,25.57,280,58,558,24662,"84"
"40610","STATISTIK_AUSTRIA_GEM_20240101.40610","Leopoldschlag",0,985,224,22.74,90,9.14,139,46.03,33.85,132,59.74,233,6.41,25,0.52,2,27.72,107,55.38,216,21696,"35.7"
"40611","STATISTIK_AUSTRIA_GEM_20240101.40611","Liebenau",0,1618,342,21.14,163,10.07,196,42.42,46.77,304,48.46,315,4.77,31,1.69,11,32.46,211,60.31,392,21454,"35.7"
"40612","STATISTIK_AUSTRIA_GEM_20240101.40612","Neumarkt im Mühlkreis",1,3259,665,20.41,261,8.01,379,39.32,29.41,317,62.24,671,8.35,90,3.51,43,25.59,315,68,733,24604,"145.8"
"40613","STATISTIK_AUSTRIA_GEM_20240101.40613","Pierbach",0,1019,192,18.84,79,7.75,100,33.56,29.88,98,59.76,196,10.37,34,1.11,4,21.05,76,70.43,231,22760,"43.6"
"40614","STATISTIK_AUSTRIA_GEM_20240101.40614","Pregarten",2,5608,1089,19.42,529,9.43,791,47.97,31.42,488,57.12,887,11.46,178,7.92,194,32.69,801,58.92,915,26635,"185.7"
"40615","STATISTIK_AUSTRIA_GEM_20240101.40615","Rainbach im Mühlkreis",1,3018,553,18.32,328,10.87,332,38.34,31.35,301,60.83,584,7.81,75,2.34,27,25.59,295,60.42,580,23590,"70.2"
"40616","STATISTIK_AUSTRIA_GEM_20240101.40616","Sandl",0,1405,286,20.36,137,9.75,171,41.61,40,230,52.7,303,7.3,42,0.86,5,30.07,175,70.26,404,23451,"35.7"
"40617","STATISTIK_AUSTRIA_GEM_20240101.40617","St. Leonhard bei Freistadt",0,1320,292,22.12,132,10,149,37.82,36.05,190,56.55,298,7.4,39,2.99,16,28.73,156,58.82,310,24312,"35.7"
"40618","STATISTIK_AUSTRIA_GEM_20240101.40618","St. Oswald bei Freistadt",1,3019,550,18.22,218,7.22,353,39.4,27.51,279,60.75,616,11.74,119,1.77,22,28.7,357,63.61,645,24153,"107.6"
"40619","STATISTIK_AUSTRIA_GEM_20240101.40619","Schönau im Mühlkreis",0,1975,378,19.14,177,8.96,231,40.88,28.64,185,63.62,411,7.74,50,1.83,14,26.91,211,50.15,324,21982,"48"
"40620","STATISTIK_AUSTRIA_GEM_20240101.40620","Tragwein",2,3152,585,18.56,272,8.63,413,44.03,28.27,281,62.07,617,9.66,96,7.56,95,29.17,367,55.33,550,24445,"103.7"
"40621","STATISTIK_AUSTRIA_GEM_20240101.40621","Unterweißenbach",0,2184,446,20.42,232,10.62,250,40.32,22.14,159,63.93,459,13.93,100,2.02,15,25.34,188,62.81,451,22232,"43.6"
"40622","STATISTIK_AUSTRIA_GEM_20240101.40622","Unterweitersdorf",0,2197,431,19.62,154,7.01,293,43.09,26.74,200,67.91,508,5.35,40,7.34,68,26.35,244,69.79,522,27022,"148.8"
"40623","STATISTIK_AUSTRIA_GEM_20240101.40623","Waldburg",0,1464,299,20.42,91,6.22,147,34.83,32.48,164,62.97,318,4.55,23,2.03,11,23.62,128,63.37,320,23660,"97.3"
"40624","STATISTIK_AUSTRIA_GEM_20240101.40624","Wartberg ob der Aist",0,4489,910,20.27,359,8,566,42.68,49.68,705,43.76,621,6.55,93,6.24,114,28.02,512,74.28,1054,27187,"179.6"
"40625","STATISTIK_AUSTRIA_GEM_20240101.40625","Weitersfelden",1,1021,210,20.57,94,9.21,109,38.25,29.67,124,62.92,263,7.42,31,1.91,8,33.25,139,68.42,286,21619,"35.7"
"40626","STATISTIK_AUSTRIA_GEM_20240101.40626","Windhaag bei Freistadt",1,1586,354,22.32,119,7.5,189,40.3,32.32,180,62.48,348,5.21,29,0.84,5,25.42,151,57.27,319,21575,"35.7"
"40627","STATISTIK_AUSTRIA_GEM_20240101.40627","Bad Zell",1,2962,551,18.6,279,9.42,330,38.55,27.47,253,65.8,606,6.73,62,4.07,42,25.29,261,64.39,593,23103,"103.7"
"40701","STATISTIK_AUSTRIA_GEM_20240101.40701","Altmünster",3,9998,2070,20.7,1123,11.23,1271,44.52,23.89,823,48.94,1686,26.88,926,16.57,740,37.2,1668,53.15,1831,27205,"333"
"40702","STATISTIK_AUSTRIA_GEM_20240101.40702","Bad Goisern am Hallstättersee",0,7575,1627,21.48,910,12.01,933,42.01,33.45,988,52.61,1554,13.88,410,10.96,368,34.21,1150,67.7,2000,26192,"181.5"
"40703","STATISTIK_AUSTRIA_GEM_20240101.40703","Bad Ischl",5,14107,2976,21.1,1848,13.1,1677,43.79,21.7,956,54.94,2420,22.34,984,18.98,1303,44.3,3068,51.21,2256,27773,"314"
"40704","STATISTIK_AUSTRIA_GEM_20240101.40704","Ebensee am Traunsee",2,7452,1642,22.03,946,12.69,1100,50.18,23.22,566,59.11,1441,17.43,425,9.69,347,37.56,1347,52.67,1284,26097,"177.1"
"40705","STATISTIK_AUSTRIA_GEM_20240101.40705","Gmunden",4,13231,2644,19.98,1833,13.85,1634,46.82,24.02,804,43.02,1440,31.19,1044,25.79,1719,46.74,3121,49.6,1660,29267,"593.7"
"40706","STATISTIK_AUSTRIA_GEM_20240101.40706","Gosau",0,1865,387,20.75,220,11.8,185,37.68,10.08,78,58.79,455,31.01,240,6.93,54,36.83,288,47.8,370,25338,"181.5"
"40707","STATISTIK_AUSTRIA_GEM_20240101.40707","Grünau im Almtal",0,2030,379,18.67,275,13.55,270,45.92,41.18,392,52.42,499,6.41,61,4.3,39,36.07,330,64.81,617,24123,"134.7"
"40708","STATISTIK_AUSTRIA_GEM_20240101.40708","Gschwandt",0,2977,532,17.87,234,7.86,361,40.43,27.56,269,65.78,642,6.56,64,17.13,204,25.82,308,64.65,631,26095,"257.3"
"40709","STATISTIK_AUSTRIA_GEM_20240101.40709","Hallstatt",0,737,166,22.52,102,13.84,107,50.71,17.16,75,54.69,239,28.15,123,1.57,6,43.49,167,43.25,189,26993,"114.2"
"40710","STATISTIK_AUSTRIA_GEM_20240101.40710","Kirchham",0,2238,375,16.76,181,8.09,241,36.46,28.39,218,61.98,476,9.64,74,8.37,75,27.76,249,62.11,477,23786,"166.4"
"40711","STATISTIK_AUSTRIA_GEM_20240101.40711","Laakirchen",1,9766,1825,18.69,903,9.25,1191,42.48,35.23,939,51.18,1364,13.36,356,12.52,520,33.26,1385,56.81,1514,25327,"221.3"
"40712","STATISTIK_AUSTRIA_GEM_20240101.40712","Obertraun",0,728,165,22.66,106,14.56,106,48.62,26.08,121,57.97,269,15.52,72,3.95,14,39,140,42.89,199,27183,"114.2"
"40713","STATISTIK_AUSTRIA_GEM_20240101.40713","Ohlsdorf",0,5348,1060,19.82,467,8.73,709,44.06,36.48,676,56.4,1045,7.12,132,11.79,264,29.13,653,65.35,1211,27883,"245.3"
"40714","STATISTIK_AUSTRIA_GEM_20240101.40714","Pinsdorf",1,4439,769,17.32,356,8.02,576,44.58,31.79,419,57.97,764,10.24,135,13.46,255,32.45,622,60.85,802,25504,"220.8"
"40715","STATISTIK_AUSTRIA_GEM_20240101.40715","Roitham am Traunfall",0,2140,403,18.83,183,8.55,268,42.61,33.43,232,58.93,409,7.49,52,9.74,86,30.62,271,62.54,434,26493,"221.3"
"40716","STATISTIK_AUSTRIA_GEM_20240101.40716","St. Konrad",1,1163,225,19.35,91,7.82,141,40.17,27.06,102,66.58,251,6.37,24,4.61,21,24.73,113,52.79,199,23838,"171"
"40717","STATISTIK_AUSTRIA_GEM_20240101.40717","St. Wolfgang im Salzkammergut",1,2880,543,18.85,335,11.63,348,42.49,21.58,238,56.3,621,21.58,238,10.35,126,34.39,422,53.13,586,23565,"289.4"
"40718","STATISTIK_AUSTRIA_GEM_20240101.40718","Traunkirchen",0,1717,423,24.64,206,12,223,46.27,35.93,281,54.22,424,9.85,77,10.74,87,39.7,322,67.39,527,28476,"333"
"40719","STATISTIK_AUSTRIA_GEM_20240101.40719","Scharnstein",1,4897,950,19.4,537,10.97,586,42.56,36.2,681,56.78,1068,7.02,132,5.68,119,34.35,722,62.95,1184,24419,"171"
"40720","STATISTIK_AUSTRIA_GEM_20240101.40720","Vorchdorf",4,7867,1404,17.85,725,9.22,982,43.3,30.32,738,61.05,1486,8.63,210,11.73,376,30.68,984,62.37,1518,24631,"146.4"
"40801","STATISTIK_AUSTRIA_GEM_20240101.40801","Aistersheim",0,1013,141,13.92,76,7.5,113,39.65,23.15,75,72.53,235,4.32,14,1.56,6,26.94,104,66.67,216,23724,"66.6"
"40802","STATISTIK_AUSTRIA_GEM_20240101.40802","Bad Schallerbach",0,4545,810,17.82,440,9.68,543,45.67,19.79,211,59.94,639,18.67,199,21.76,460,43.3,921,62.66,668,28339,"219.1"
"40804","STATISTIK_AUSTRIA_GEM_20240101.40804","Eschenau im Hausruckkreis",0,1050,232,22.1,90,8.57,127,39.2,34.66,113,60.12,196,5.21,17,3.06,11,17.5,63,65.95,215,19382,"66.1"
"40805","STATISTIK_AUSTRIA_GEM_20240101.40805","Gallspach",0,2842,468,16.47,303,10.66,330,43.77,29.25,227,54.38,422,16.37,127,13.15,162,38.93,482,58.38,453,22525,"114.3"
"40806","STATISTIK_AUSTRIA_GEM_20240101.40806","Gaspoltshofen",0,3651,779,21.34,378,10.35,385,38.42,31.93,401,62.82,789,5.25,66,1.43,19,27.93,377,71.34,896,21919,"77.7"
"40807","STATISTIK_AUSTRIA_GEM_20240101.40807","Geboltskirchen",0,1469,290,19.74,139,9.46,163,38.53,23.08,129,67.98,380,8.94,50,3.1,18,30.07,175,63.33,354,21729,"77.7"
"40808","STATISTIK_AUSTRIA_GEM_20240101.40808","Grieskirchen",0,5226,909,17.39,597,11.42,614,43.86,31.31,459,50.48,740,17.19,252,16.6,386,39.47,918,53.34,782,27442,"195.7"
"40809","STATISTIK_AUSTRIA_GEM_20240101.40809","Haag am Hausruck",0,2352,397,16.88,198,8.42,251,38.32,21.45,178,64.94,539,13.49,112,9.58,89,30.65,286,64.94,539,25837,"90.4"
"40810","STATISTIK_AUSTRIA_GEM_20240101.40810","Heiligenberg",0,723,128,17.7,52,7.19,72,34.12,34.76,81,62.23,145,3,7,3.07,8,22.14,58,68.24,159,21996,"66.1"
"40811","STATISTIK_AUSTRIA_GEM_20240101.40811","Hofkirchen an der Trattnach",1,1696,311,18.34,123,7.25,177,35.98,18.41,116,73.33,462,8.25,52,4.15,29,29.08,203,66.35,418,23908,"109.3"
"40812","STATISTIK_AUSTRIA_GEM_20240101.40812","Kallham",0,2510,522,20.8,304,12.11,289,41.4,28.35,262,64.5,596,7.14,66,6.64,66,32.77,327,67.42,623,23806,"74"
"40813","STATISTIK_AUSTRIA_GEM_20240101.40813","Kematen am Innbach",0,1403,253,18.03,87,6.2,160,38.46,32.99,159,61.2,295,5.81,28,3.05,17,28.26,158,68.05,328,24158,"111.1"
"40814","STATISTIK_AUSTRIA_GEM_20240101.40814","Meggenhofen",0,1538,266,17.3,107,6.96,165,36.83,32.55,166,59.22,302,8.24,42,5.28,32,26.07,158,73.73,376,24978,"86"
"40815","STATISTIK_AUSTRIA_GEM_20240101.40815","Michaelnbach",0,1301,221,16.99,110,8.46,118,30.97,55.39,257,42.67,198,1.94,9,3.54,16,20.09,91,75.22,349,23243,"74"
"40816","STATISTIK_AUSTRIA_GEM_20240101.40816","Natternbach",0,2311,469,20.29,210,9.09,252,36.95,33.74,274,60.71,493,5.54,45,5.32,47,25,222,57.14,464,22103,"74.4"
"40817","STATISTIK_AUSTRIA_GEM_20240101.40817","Neukirchen am Walde",0,1670,314,18.8,158,9.46,165,34.59,29.67,178,63.33,380,7,42,6.07,38,27.75,174,61,366,22073,"49"
"40818","STATISTIK_AUSTRIA_GEM_20240101.40818","Neumarkt im Hausruckkreis",0,1523,261,17.14,156,10.24,200,45.45,21.51,111,68.41,353,10.08,52,13.61,95,37.77,264,58.14,300,25923,"74"
"40820","STATISTIK_AUSTRIA_GEM_20240101.40820","Pötting",0,569,108,18.98,55,9.67,61,35.67,28.13,54,69.79,134,2.08,4,1.95,4,20.87,43,67.19,129,25448,"74"
"40821","STATISTIK_AUSTRIA_GEM_20240101.40821","Pollham",0,1029,209,20.31,75,7.29,124,42.03,41.86,144,50,172,8.14,28,5.32,21,27.59,109,73.26,252,23472,"97.5"
"40822","STATISTIK_AUSTRIA_GEM_20240101.40822","Pram",0,1754,372,21.21,151,8.61,184,36.87,22.94,150,72.32,473,4.74,31,4.15,28,27.94,190,75.08,491,24767,"73.3"
"40823","STATISTIK_AUSTRIA_GEM_20240101.40823","Rottenbach",0,1153,183,15.87,102,8.85,111,33.53,27.85,115,60.53,250,11.38,47,4.88,21,24.31,105,70.22,290,23214,"106.1"
"40824","STATISTIK_AUSTRIA_GEM_20240101.40824","St. Agatha",0,2183,381,17.45,179,8.2,212,34.64,26.66,189,67.28,477,6.06,43,2.36,18,23.72,181,67.14,476,21584,"66.1"
"40825","STATISTIK_AUSTRIA_GEM_20240101.40825","St. Georgen bei Grieskirchen",0,1319,224,16.98,89,6.75,135,35.06,37.01,161,58.16,253,4.83,21,6.5,34,27.29,143,67.59,294,25599,"121.5"
"40826","STATISTIK_AUSTRIA_GEM_20240101.40826","St. Thomas",0,584,92,15.75,35,5.99,49,29.88,33.17,66,63.82,127,3.02,6,2.43,5,23.44,49,73.87,147,22746,"104.6"
"40827","STATISTIK_AUSTRIA_GEM_20240101.40827","Schlüßlberg",0,3051,574,18.81,288,9.44,410,44.66,30.14,333,63.62,703,6.24,69,7.64,98,28.54,367,65.79,727,25155,"129.4"
"40828","STATISTIK_AUSTRIA_GEM_20240101.40828","Steegen",0,1097,263,23.97,76,6.93,123,40.2,32,120,62.67,235,5.33,20,2.16,8,19.89,75,69.33,260,20355,"74.4"
"40829","STATISTIK_AUSTRIA_GEM_20240101.40829","Taufkirchen an der Trattnach",0,1955,404,20.66,165,8.44,251,42.61,25.22,197,71.19,556,3.59,28,1.68,13,26.38,205,62.23,486,24232,"74"
"40830","STATISTIK_AUSTRIA_GEM_20240101.40830","Tollet",0,948,206,21.73,79,8.33,119,41.32,30.25,98,65.74,213,4.01,13,2.51,9,22.07,79,72.53,235,25290,"170.6"
"40831","STATISTIK_AUSTRIA_GEM_20240101.40831","Waizenkirchen",0,3909,670,17.14,394,10.08,434,39.28,25.5,319,64.99,813,9.43,118,5.8,91,29.57,464,63.71,797,24814,"97.4"
"40832","STATISTIK_AUSTRIA_GEM_20240101.40832","Wallern an der Trattnach",1,3119,663,21.26,285,9.14,415,44.2,38.18,428,53.35,598,8.3,93,8.71,113,28.68,374,66.1,741,28538,"175.1"
"40833","STATISTIK_AUSTRIA_GEM_20240101.40833","Weibern",0,1675,288,17.19,167,9.97,191,38.51,29.17,180,64.83,400,6,37,2.31,15,26.42,172,71.8,443,25191,"92"
"40834","STATISTIK_AUSTRIA_GEM_20240101.40834","Wendling",0,893,153,17.13,55,6.16,90,34.88,15.58,48,77.27,238,7.14,22,3.31,11,23.19,77,68.51,211,21218,"57.6"
"40835","STATISTIK_AUSTRIA_GEM_20240101.40835","Peuerbach",0,4689,885,18.87,478,10.19,529,39.63,26.94,452,63.59,1067,9.48,159,9.15,178,32.46,632,65.38,1097,23641,"74.4"
"40901","STATISTIK_AUSTRIA_GEM_20240101.40901","Edlbach",0,645,151,23.41,50,7.75,86,47.78,46.18,115,44.18,110,9.64,24,4.56,11,29.75,72,70.28,175,23958,"146.1"
"40902","STATISTIK_AUSTRIA_GEM_20240101.40902","Grünburg",0,3834,662,17.27,403,10.51,452,42.36,34.76,455,56.3,737,8.94,117,5.37,83,32.21,498,65.24,854,23230,"74.2"
"40903","STATISTIK_AUSTRIA_GEM_20240101.40903","Hinterstoder",0,860,219,25.47,151,17.56,123,51.46,52.65,348,38.43,254,8.93,59,9.33,39,45.02,190,70.95,469,25539,"106"
"40904","STATISTIK_AUSTRIA_GEM_20240101.40904","Inzersdorf im Kremstal",0,1890,344,18.2,181,9.58,235,40.66,34.37,221,60.5,389,5.13,33,5.15,41,28.66,229,60.03,386,22456,"82"
"40905","STATISTIK_AUSTRIA_GEM_20240101.40905","Kirchdorf an der Krems",1,5011,890,17.76,508,10.14,583,43.93,25.13,243,46.43,449,27.71,268,18.87,451,43.57,1044,44.26,428,26654,"155.5"
"40906","STATISTIK_AUSTRIA_GEM_20240101.40906","Klaus an der Pyhrnbahn",0,1137,210,18.47,124,10.91,154,48.58,49.7,245,43.2,213,7.1,35,0.98,5,35.95,183,65.11,321,24710,"75.4"
"40907","STATISTIK_AUSTRIA_GEM_20240101.40907","Kremsmünster",0,7041,1217,17.28,633,8.99,806,41.4,24.35,479,58.11,1143,17.49,344,13.41,384,33.29,955,45.96,904,25403,"161.2"
"40908","STATISTIK_AUSTRIA_GEM_20240101.40908","Micheldorf in Oberösterreich",0,5976,1159,19.39,636,10.64,758,44.61,32.63,616,58.47,1104,8.9,168,9.08,234,34.33,886,63.35,1196,25434,"128.4"
"40909","STATISTIK_AUSTRIA_GEM_20240101.40909","Molln",0,3599,748,20.78,406,11.28,444,42.09,41.34,537,52.35,680,6.31,82,5.17,78,31.75,482,66.67,866,23701,"118"
"40910","STATISTIK_AUSTRIA_GEM_20240101.40910","Nußbach",0,2298,463,20.15,180,7.83,286,42.12,32.65,253,58.84,456,8.52,66,7.53,64,25.79,220,59.35,460,25035,"123.9"
"40911","STATISTIK_AUSTRIA_GEM_20240101.40911","Oberschlierbach",0,476,79,16.6,52,10.92,54,40,43.96,80,51.65,94,4.4,8,4.92,9,28.8,53,74.73,136,23048,"123.9"
"40912","STATISTIK_AUSTRIA_GEM_20240101.40912","Pettenbach",0,5409,975,18.03,424,7.84,559,36.73,49.05,1035,46.45,980,4.5,95,8.28,180,31.8,692,67.82,1431,24358,"128.1"
"40913","STATISTIK_AUSTRIA_GEM_20240101.40913","Ried im Traunkreis",0,2951,493,16.71,264,8.95,280,34.44,23.5,207,69.13,609,7.38,65,3.53,40,30.2,344,60.16,530,23816,"152.8"
"40914","STATISTIK_AUSTRIA_GEM_20240101.40914","Rosenau am Hengstpaß",0,649,125,19.26,69,10.63,84,46.15,55.93,184,37.08,122,6.69,22,3.16,9,37.54,107,68.39,225,23959,"74.8"
"40915","STATISTIK_AUSTRIA_GEM_20240101.40915","Roßleithen",0,1826,356,19.5,206,11.28,221,41.94,48.65,361,44.34,329,7.01,52,3.81,28,30.61,225,65.5,486,23537,"124.8"
"40916","STATISTIK_AUSTRIA_GEM_20240101.40916","St. Pankraz",0,376,65,17.29,35,9.31,46,44.66,36.18,55,56.58,86,7.24,11,2,3,32.24,49,61.18,93,22284,"75.4"
"40917","STATISTIK_AUSTRIA_GEM_20240101.40917","Schlierbach",0,2941,513,17.44,232,7.89,337,40.5,18.77,180,74.14,711,7.09,68,8.14,96,29.83,352,53.7,515,24364,"164.1"
"40918","STATISTIK_AUSTRIA_GEM_20240101.40918","Spital am Pyhrn",0,2304,448,19.44,230,9.98,274,41.83,53.84,491,38.16,348,8,73,4.58,45,35.12,347,62.28,568,22424,"74.8"
"40919","STATISTIK_AUSTRIA_GEM_20240101.40919","Steinbach am Ziehberg",0,887,171,19.28,76,8.57,98,39.2,35.45,106,57.86,173,6.69,20,2.41,8,27.33,91,62.21,186,21258,"82"
"40920","STATISTIK_AUSTRIA_GEM_20240101.40920","Steinbach an der Steyr",0,1961,382,19.48,175,8.92,236,41.4,33.19,226,60.06,409,6.75,46,2.34,18,29.61,228,63.73,434,24597,"86.4"
"40921","STATISTIK_AUSTRIA_GEM_20240101.40921","Vorderstoder",0,838,185,22.08,91,10.86,97,40.08,53.58,232,39.49,171,6.93,30,1.71,6,34.57,121,77.83,337,24053,"106"
"40922","STATISTIK_AUSTRIA_GEM_20240101.40922","Wartberg an der Krems",1,2934,605,20.62,243,8.28,371,42.21,23.86,210,65.34,575,10.8,95,5.78,67,30.01,349,59.32,522,25917,"102.8"
"40923","STATISTIK_AUSTRIA_GEM_20240101.40923","Windischgarsten",0,2356,529,22.45,337,14.3,305,47.73,30.72,255,49.16,408,20.12,167,18.06,207,44.14,508,52.77,438,25954,"146.1"
"41001","STATISTIK_AUSTRIA_GEM_20240101.41001","Allhaming",0,1259,245,19.46,106,8.42,145,40.85,43.97,186,51.77,219,4.26,18,1.42,7,29.61,146,66.19,280,27000,"223"
"41002","STATISTIK_AUSTRIA_GEM_20240101.41002","Ansfelden",1,18271,2981,16.32,1501,8.22,2123,42.27,31.51,1190,50.25,1898,17.5,661,9.61,757,36.1,2845,52.95,2000,25796,"261.4"
"41003","STATISTIK_AUSTRIA_GEM_20240101.41003","Asten",0,7444,1255,16.86,459,6.17,859,43.63,21.73,299,60.83,837,15.48,213,38.46,1123,32.59,953,53.56,737,25620,"295.4"
"41004","STATISTIK_AUSTRIA_GEM_20240101.41004","Eggendorf im Traunkreis",0,1161,188,16.19,65,5.6,136,39.31,41.73,169,56.05,227,2.22,9,1.16,5,20.83,90,80.74,327,26872,"216.4"
"41005","STATISTIK_AUSTRIA_GEM_20240101.41005","Enns",6,12184,2113,17.34,1130,9.27,1501,44.25,30.66,826,51.11,1377,17.93,483,15.39,831,36.58,1979,50.41,1358,26803,"264.5"
"41006","STATISTIK_AUSTRIA_GEM_20240101.41006","Hargelsberg",1,1455,279,19.18,104,7.15,191,41.89,46.59,239,49.51,254,3.9,20,4.75,27,22.73,130,76.8,394,29107,"209.2"
"41007","STATISTIK_AUSTRIA_GEM_20240101.41007","Hörsching",2,6571,1225,18.64,584,8.89,892,46.97,35.46,650,51.34,941,13.04,239,11.92,345,34.26,994,58.48,1072,27906,"356.7"
"41008","STATISTIK_AUSTRIA_GEM_20240101.41008","Hofkirchen im Traunkreis",2,2085,360,17.27,143,6.86,268,42.81,42.34,271,54.38,348,3.28,21,8.55,70,25,205,75,480,26714,"141.7"
"41009","STATISTIK_AUSTRIA_GEM_20240101.41009","Kematen an der Krems",0,3090,486,15.73,193,6.25,355,40.34,21.76,195,68.75,616,9.49,85,17.29,221,32.09,412,67.19,602,26433,"193.3"
"41010","STATISTIK_AUSTRIA_GEM_20240101.41010","Kirchberg-Thening",0,2540,532,20.94,275,10.83,371,46.61,37.53,334,56.85,506,5.62,50,14.96,162,25.95,281,67.75,603,30504,"289.8"
"41011","STATISTIK_AUSTRIA_GEM_20240101.41011","Kronstorf",2,3490,684,19.6,319,9.14,500,47.17,43.34,501,49.57,573,7.01,81,10.88,169,31.77,494,71.89,831,27308,"192.4"
"41012","STATISTIK_AUSTRIA_GEM_20240101.41012","Leonding",7,29244,5181,17.72,2866,9.8,3652,44.75,26.61,1586,55.49,3307,16.76,999,23.27,3160,39,5303,60.91,3630,32756,"644.7"
"41013","STATISTIK_AUSTRIA_GEM_20240101.41013","St. Florian",0,6318,1351,21.38,748,11.84,926,48.56,40.76,810,50.53,1004,8.61,171,25.98,719,31.79,880,72.02,1431,31759,"273.1"
"41014","STATISTIK_AUSTRIA_GEM_20240101.41014","Neuhofen an der Krems",1,6865,1229,17.9,615,8.96,837,43.14,34.93,687,55.67,1095,9.41,185,17.8,513,32.54,941,65.12,1281,27548,"254.5"
"41015","STATISTIK_AUSTRIA_GEM_20240101.41015","Niederneukirchen",0,2090,421,20.14,187,8.95,306,45.88,45.21,321,49.72,353,5.07,36,7.31,60,21.53,177,71.27,506,28307,"265.2"
"41016","STATISTIK_AUSTRIA_GEM_20240101.41016","Oftering",0,2121,402,18.95,195,9.19,275,43.79,39.46,294,57.45,428,3.09,23,5.37,50,32.33,302,68.59,511,27959,"285.8"
"41017","STATISTIK_AUSTRIA_GEM_20240101.41017","Pasching",2,7931,1333,16.81,680,8.57,999,45.45,28.78,632,57.42,1261,13.52,297,13.77,465,34.84,1179,59.47,1306,29152,"462.1"
"41018","STATISTIK_AUSTRIA_GEM_20240101.41018","Piberbach",0,2045,364,17.8,151,7.38,257,42.62,38.09,243,55.49,354,6.43,41,10.17,84,27.85,230,76.02,485,26006,"227.8"
"41019","STATISTIK_AUSTRIA_GEM_20240101.41019","Pucking",1,4187,812,19.39,337,8.05,578,44.67,43.49,645,51.65,766,4.86,72,14.29,236,23.75,394,78.29,1161,28329,"251.4"
"41020","STATISTIK_AUSTRIA_GEM_20240101.41020","St. Marien",3,5240,1016,19.39,354,6.76,708,45.38,45.66,779,48.24,823,6.1,104,14.98,306,25.54,522,79.19,1351,28446,"196.4"
"41021","STATISTIK_AUSTRIA_GEM_20240101.41021","Traun",7,25345,4539,17.91,2291,9.04,3014,43.88,25.34,1376,56.16,3050,17.95,975,13.79,1508,36.59,4005,49.92,2711,25833,"419.8"
"41022","STATISTIK_AUSTRIA_GEM_20240101.41022","Wilhering",0,6215,1189,19.13,629,10.12,823,44.29,36.99,766,55.72,1154,7.29,151,14.79,379,27.56,707,69.92,1448,31976,"343.8"
"41101","STATISTIK_AUSTRIA_GEM_20240101.41101","Allerheiligen im Mühlkreis",0,1288,245,19.02,97,7.53,151,40.48,32.06,134,62.68,262,5.26,22,1.68,8,26.15,125,70.33,294,23385,"76.1"
"41102","STATISTIK_AUSTRIA_GEM_20240101.41102","Arbing",0,1545,320,20.71,92,5.95,189,40.04,34.41,192,59.32,331,6.27,35,6.41,38,22.58,135,65.77,367,25048,"84.7"
"41103","STATISTIK_AUSTRIA_GEM_20240101.41103","Baumgartenberg",2,1879,332,17.67,196,10.43,189,37.88,34.94,203,56.8,330,8.26,48,6.01,40,28.14,188,62.99,366,23571,"72.5"
"41104","STATISTIK_AUSTRIA_GEM_20240101.41104","Dimbach",0,996,192,19.28,91,9.14,106,37.99,19.7,66,70.45,236,9.85,33,2.87,10,24.43,85,62.09,208,19942,"28"
"41105","STATISTIK_AUSTRIA_GEM_20240101.41105","Grein",1,2925,611,20.89,311,10.63,342,42.17,38.17,379,53.68,533,8.06,80,4.26,49,32.38,374,55.89,555,23966,"137.2"
"41106","STATISTIK_AUSTRIA_GEM_20240101.41106","Katsdorf",0,3316,620,18.7,221,6.66,430,43,37.47,405,56.24,608,6.29,68,11.78,158,26.68,358,70.68,764,28646,"185.3"
"41107","STATISTIK_AUSTRIA_GEM_20240101.41107","Klam",0,974,176,18.07,50,5.13,93,33.45,34.37,111,61.92,200,3.72,12,1.64,6,25.48,93,70.28,227,22949,"79.5"
"41108","STATISTIK_AUSTRIA_GEM_20240101.41108","Bad Kreuzen",0,2372,417,17.58,240,10.12,222,35.98,25.92,169,63.8,416,10.12,66,5.79,41,22.78,162,62.27,406,21219,"62"
"41109","STATISTIK_AUSTRIA_GEM_20240101.41109","Langenstein",0,2574,538,20.9,197,7.65,369,47.92,46.98,358,43.83,334,9.19,70,8.71,100,32.72,376,57.87,441,26970,"185.8"
"41110","STATISTIK_AUSTRIA_GEM_20240101.41110","Luftenberg an der Donau",3,4329,778,17.97,382,8.82,638,48.85,43.27,543,50.84,638,5.82,73,14.57,276,31.26,593,60.8,763,27731,"239.6"
"41111","STATISTIK_AUSTRIA_GEM_20240101.41111","Mauthausen",0,4915,928,18.88,459,9.34,630,46.09,30.29,414,55.74,762,13.75,188,12.4,271,36.79,805,56.84,777,26119,"185.8"
"41112","STATISTIK_AUSTRIA_GEM_20240101.41112","Mitterkirchen im Machland",2,1777,337,18.96,143,8.05,221,42.75,15.67,92,74.28,436,10.05,59,0.88,6,25.59,174,62.86,369,25027,"85.3"
"41113","STATISTIK_AUSTRIA_GEM_20240101.41113","Münzbach",0,1898,291,15.33,145,7.64,188,34.62,22.92,132,71.53,412,5.56,32,3.57,25,23.82,167,64.41,371,22764,"64.9"
"41114","STATISTIK_AUSTRIA_GEM_20240101.41114","Naarn im Machlande",1,3859,711,18.42,320,8.29,495,43.19,28.07,345,67.05,824,4.88,60,4.84,72,24.46,365,64.2,789,24561,"174.5"
"41115","STATISTIK_AUSTRIA_GEM_20240101.41115","Pabneukirchen",0,1693,311,18.37,132,7.8,188,38.06,29.17,152,62.38,325,8.45,44,0.56,3,20.41,109,69.1,360,21034,"39.1"
"41116","STATISTIK_AUSTRIA_GEM_20240101.41116","Perg",3,9482,1541,16.25,771,8.13,1060,40.63,28.59,712,56.18,1399,15.14,377,13.9,572,36.92,1521,55.98,1394,27467,"216"
"41117","STATISTIK_AUSTRIA_GEM_20240101.41117","Rechberg",0,1046,184,17.59,60,5.74,114,38.64,35.38,115,59.69,194,4.92,16,3.71,14,23.34,88,66.15,215,20875,"76.1"
"41118","STATISTIK_AUSTRIA_GEM_20240101.41118","Ried in der Riedmark",1,4394,829,18.87,321,7.31,531,40.75,33.73,476,62.3,879,3.97,56,6.27,103,22.26,368,73.92,1043,26243,"139.3"
"41119","STATISTIK_AUSTRIA_GEM_20240101.41119","St. Georgen am Walde",0,1975,403,20.41,167,8.46,221,38.77,31.53,204,59.51,385,8.96,58,1.14,8,25.21,177,67.85,439,21214,"28"
"41120","STATISTIK_AUSTRIA_GEM_20240101.41120","St. Georgen an der Gusen",4,4459,763,17.11,448,10.05,605,47.56,23.94,253,60.55,640,15.33,162,19.99,402,37.15,747,52.41,554,27915,"210.2"
"41121","STATISTIK_AUSTRIA_GEM_20240101.41121","St. Nikola an der Donau",0,758,160,21.11,54,7.12,90,45.92,42.86,120,43.93,123,13.21,37,1.64,5,38.16,116,66.07,185,21816,"68.9"
"41122","STATISTIK_AUSTRIA_GEM_20240101.41122","St. Thomas am Blasenstein",0,949,159,16.75,90,9.48,94,35.34,26.57,89,60.9,204,12.54,42,0.62,2,23.6,76,71.64,240,21498,"39.1"
"41123","STATISTIK_AUSTRIA_GEM_20240101.41123","Saxen",0,1687,306,18.14,144,8.54,208,41.19,33.53,172,61.01,313,5.46,28,5.6,36,27.37,176,63.16,324,23057,"64"
"41124","STATISTIK_AUSTRIA_GEM_20240101.41124","Schwertberg",1,5476,1001,18.28,526,9.61,707,44.24,36.09,554,54.98,844,8.73,134,6.18,143,31.75,735,61.76,948,27055,"187.3"
"41125","STATISTIK_AUSTRIA_GEM_20240101.41125","Waldhausen im Strudengau",1,2879,527,18.3,254,8.82,349,41.45,32.93,303,52.93,487,14.13,130,6.48,70,25.39,275,59.78,550,22563,"68.9"
"41126","STATISTIK_AUSTRIA_GEM_20240101.41126","Windhaag bei Perg",0,1540,290,18.83,99,6.43,187,40.74,37.08,175,58.26,275,4.45,21,3.44,19,22.83,126,63.77,301,23305,"76.1"
"41201","STATISTIK_AUSTRIA_GEM_20240101.41201","Andrichsfurt",0,797,113,14.18,60,7.53,72,31.58,21.8,58,74.06,197,4.14,11,9.8,30,25.41,78,63.91,170,21417,"50.8"
"41202","STATISTIK_AUSTRIA_GEM_20240101.41202","Antiesenhofen",0,1102,221,20.05,97,8.8,141,42.73,33.86,129,58.79,224,7.35,28,6.97,32,30.37,140,63.52,242,22129,"53.1"
"41203","STATISTIK_AUSTRIA_GEM_20240101.41203","Aurolzmünster",1,3248,576,17.73,249,7.67,387,41.17,29.54,340,57.78,665,12.6,145,15.91,215,31.61,427,69.16,796,23629,"91.3"
"41204","STATISTIK_AUSTRIA_GEM_20240101.41204","Eberschwang",1,3532,656,18.57,367,10.39,405,40.34,26.92,329,66.37,811,6.71,82,9.31,138,33.06,491,60.07,734,23583,"83.2"
"41205","STATISTIK_AUSTRIA_GEM_20240101.41205","Eitzing",0,911,149,16.36,56,6.15,106,38.41,31.21,103,66.67,220,2.12,7,7.91,28,24.44,87,82.12,271,23740,"75.5"
"41206","STATISTIK_AUSTRIA_GEM_20240101.41206","Geiersberg",0,484,103,21.28,56,11.57,60,40.82,24.29,43,71.19,126,4.52,8,9.55,19,25.87,52,64.41,114,22488,"83.2"
"41207","STATISTIK_AUSTRIA_GEM_20240101.41207","Geinberg",0,1444,256,17.73,136,9.42,173,41.49,25,135,65.37,353,9.44,51,5.22,34,36.25,240,59.81,323,23217,"73.6"
"41208","STATISTIK_AUSTRIA_GEM_20240101.41208","Gurten",1,1190,206,17.31,117,9.83,137,39.14,30.36,136,59.15,265,10.27,46,6.59,34,31.72,164,56.47,253,24039,"73.6"
"41209","STATISTIK_AUSTRIA_GEM_20240101.41209","Hohenzell",0,2343,422,18.01,206,8.79,287,40.94,21.55,184,73.77,630,4.68,40,8.21,77,25.67,241,67.1,573,24358,"160.1"
"41210","STATISTIK_AUSTRIA_GEM_20240101.41210","Kirchdorf am Inn",0,661,106,16.04,60,9.08,79,40.1,30.67,92,65,195,4.33,13,3.26,9,28.99,80,69,207,23257,"62.6"
"41211","STATISTIK_AUSTRIA_GEM_20240101.41211","Kirchheim im Innkreis",0,803,144,17.93,58,7.22,88,37.45,26.79,86,67.29,216,5.92,19,0.62,2,27.38,89,64.49,207,22650,"68.5"
"41212","STATISTIK_AUSTRIA_GEM_20240101.41212","Lambrechten",0,1322,247,18.68,130,9.83,151,39.22,26.13,116,68.47,304,5.41,24,4.37,24,30.55,168,53.6,238,22441,"53.1"
"41213","STATISTIK_AUSTRIA_GEM_20240101.41213","Lohnsburg am Kobernaußerwald",1,2205,432,19.59,209,9.48,230,36.16,19.7,160,68.47,556,11.82,96,4.5,40,28.81,257,65.76,534,22000,"63.6"
"41214","STATISTIK_AUSTRIA_GEM_20240101.41214","Mehrnbach",0,2356,461,19.57,255,10.82,286,41.87,30.49,268,64.85,570,4.66,41,5.78,55,29.44,280,69.74,613,23803,"125.6"
"41215","STATISTIK_AUSTRIA_GEM_20240101.41215","Mettmach",0,2444,476,19.48,189,7.73,252,36.52,19.57,181,72.65,672,7.78,72,6.98,68,30.54,299,65.41,605,22281,"69.4"
"41216","STATISTIK_AUSTRIA_GEM_20240101.41216","Mörschwang",0,327,60,18.35,32,9.79,40,39.22,20.51,24,70.94,83,8.55,10,6.98,9,20.93,27,70.94,83,22318,"62.6"
"41217","STATISTIK_AUSTRIA_GEM_20240101.41217","Mühlheim am Inn",0,719,163,22.67,66,9.18,100,45.05,50.87,147,46.02,133,3.11,9,4.28,13,27.87,85,69.9,202,25249,"62.6"
"41218","STATISTIK_AUSTRIA_GEM_20240101.41218","Neuhofen im Innkreis",0,2529,533,21.08,201,7.95,334,42.66,31.52,289,63.47,582,5.02,46,11.31,118,26.86,281,74.59,684,26667,"136.6"
"41219","STATISTIK_AUSTRIA_GEM_20240101.41219","Obernberg am Inn",0,1715,312,18.19,226,13.18,220,46.71,31.52,180,55.34,316,12.96,74,11.65,91,39.67,311,62.17,355,20910,"78.2"
"41220","STATISTIK_AUSTRIA_GEM_20240101.41220","Ort im Innkreis",0,1388,231,16.64,101,7.28,157,41.21,33.26,144,57.51,249,9.24,40,5.18,29,31.56,178,61.43,266,21734,"53.1"
"41221","STATISTIK_AUSTRIA_GEM_20240101.41221","Pattigham",0,1092,177,16.21,83,7.6,117,36.91,27.71,115,68.43,284,3.86,16,3.35,14,24.4,102,75.66,314,23580,"62.4"
"41222","STATISTIK_AUSTRIA_GEM_20240101.41222","Peterskirchen",0,661,140,21.18,54,8.17,72,37.11,17.15,47,77.74,213,5.11,14,8.11,21,27.8,72,74.09,203,22100,"73.3"
"41223","STATISTIK_AUSTRIA_GEM_20240101.41223","Pramet",0,1038,224,21.58,89,8.57,117,38.49,23.58,87,70.73,261,5.69,21,5.69,24,28.61,121,63.69,235,23612,"52"
"41224","STATISTIK_AUSTRIA_GEM_20240101.41224","Reichersberg",0,1666,323,19.39,132,7.92,205,42.01,21.4,138,73.18,472,5.43,35,4.48,30,28.25,189,68.22,440,22571,"48.8"
"41225","STATISTIK_AUSTRIA_GEM_20240101.41225","Ried im Innkreis",1,12766,2182,17.09,1423,11.15,1458,44.94,22.09,652,52.54,1551,24.49,723,18.34,1129,46.54,2868,50.3,1485,26584,"256.1"
"41226","STATISTIK_AUSTRIA_GEM_20240101.41226","St. Georgen bei Obernberg am Inn",0,526,114,21.67,68,12.93,70,44.03,31.84,64,62.69,126,5.47,11,10.39,24,32.48,76,59.2,119,24844,"78.2"
"41227","STATISTIK_AUSTRIA_GEM_20240101.41227","St. Marienkirchen am Hausruck",0,904,148,16.37,53,5.86,90,33.83,25,71,67.25,191,7.75,22,3.55,12,21.6,73,69.37,197,23456,"83.2"
"41228","STATISTIK_AUSTRIA_GEM_20240101.41228","St. Martin im Innkreis",0,2218,367,16.55,142,6.4,239,37.34,22.39,152,71.28,484,6.33,43,15.04,134,29.83,267,70.54,479,25091,"111.7"
"41229","STATISTIK_AUSTRIA_GEM_20240101.41229","Schildorn",0,1230,215,17.48,94,7.64,138,37.6,28.04,120,66.36,284,5.61,24,2.52,12,24.79,118,70.56,302,22317,"52"
"41230","STATISTIK_AUSTRIA_GEM_20240101.41230","Senftenbach",0,789,157,19.9,61,7.73,105,43.39,22.94,75,63.61,208,13.46,44,5.03,16,25.47,81,71.87,235,23025,"73.6"
"41231","STATISTIK_AUSTRIA_GEM_20240101.41231","Taiskirchen im Innkreis",0,2437,440,18.05,202,8.29,259,36.89,33.81,307,61.78,561,4.41,40,2.28,21,26.7,247,67.51,613,21914,"51.4"
"41232","STATISTIK_AUSTRIA_GEM_20240101.41232","Tumeltsham",0,1587,288,18.15,165,10.4,213,44.47,30.91,200,63.52,411,5.56,36,12.29,80,26.73,174,70.79,458,28892,"148.3"
"41233","STATISTIK_AUSTRIA_GEM_20240101.41233","Utzenaich",0,1661,280,16.86,133,8.01,186,38.04,28.1,172,66.67,408,5.23,32,10.7,69,25.84,169,70.59,432,22717,"82.6"
"41234","STATISTIK_AUSTRIA_GEM_20240101.41234","Waldzell",0,2299,450,19.57,183,7.96,242,36.67,24.26,189,70.47,549,5.26,41,4.59,42,30.21,277,61.36,478,22293,"53.1"
"41235","STATISTIK_AUSTRIA_GEM_20240101.41235","Weilbach",0,609,100,16.42,65,10.67,77,42.31,18.8,44,44.44,104,36.32,85,3.81,9,22.88,54,76.92,180,23320,"62.6"
"41236","STATISTIK_AUSTRIA_GEM_20240101.41236","Wippenham",0,574,119,20.73,37,6.45,57,36.08,35.84,81,57.96,131,6.19,14,3.1,7,29.96,68,74.34,168,21498,"68.5"
"41304","STATISTIK_AUSTRIA_GEM_20240101.41304","Altenfelden",1,2284,429,18.78,195,8.54,246,38.02,30.09,223,61.13,453,8.77,65,5.49,49,28.41,254,50.61,375,24879,"57.5"
"41305","STATISTIK_AUSTRIA_GEM_20240101.41305","Arnreit",0,1199,204,17.01,78,6.51,121,36.89,15.14,58,75.2,288,9.66,37,7.59,36,31.22,148,55.35,212,21816,"53.4"
"41306","STATISTIK_AUSTRIA_GEM_20240101.41306","Atzesberg",0,446,96,21.52,39,8.74,51,38.64,32.54,55,63.91,108,3.55,6,1.19,2,25.6,43,65.68,111,20532,"26"
"41307","STATISTIK_AUSTRIA_GEM_20240101.41307","Auberg",0,616,93,15.1,51,8.28,69,39.43,27.66,52,64.89,122,7.45,14,2.54,6,25.42,60,56.38,106,19596,"53.4"
"41309","STATISTIK_AUSTRIA_GEM_20240101.41309","Haslach an der Mühl",0,2581,526,20.38,331,12.82,310,43.85,35.38,322,55.27,503,9.34,85,5.31,57,34.08,367,60.22,548,24956,"32.2"
"41311","STATISTIK_AUSTRIA_GEM_20240101.41311","Hörbich",0,421,66,15.68,29,6.89,44,36.07,26.28,36,62.77,86,10.95,15,1.32,2,20.53,31,64.23,88,18531,"26"
"41312","STATISTIK_AUSTRIA_GEM_20240101.41312","Hofkirchen im Mühlkreis",0,1547,317,20.49,143,9.24,188,42.06,36.05,199,57.79,319,6.16,34,2.57,16,26.32,164,59.6,329,21184,"39.4"
"41313","STATISTIK_AUSTRIA_GEM_20240101.41313","Julbach",0,1528,328,21.47,148,9.69,195,42.48,18.8,110,71.62,419,9.57,56,1.71,11,28.99,187,58.46,342,20974,"23.8"
"41314","STATISTIK_AUSTRIA_GEM_20240101.41314","Kirchberg ob der Donau",0,1071,228,21.29,81,7.56,133,43.46,34.6,137,59.09,234,6.06,24,1.75,8,32.97,151,55.3,219,22667,"39.4"
"41315","STATISTIK_AUSTRIA_GEM_20240101.41315","Klaffer am Hochficht",1,1376,285,20.71,112,8.14,171,43.4,29.98,164,60.51,331,9.51,52,3.01,17,33.05,194,65.27,357,21389,"27.1"
"41316","STATISTIK_AUSTRIA_GEM_20240101.41316","Kleinzell im Mühlkreis",0,1707,299,17.52,180,10.54,215,43.35,40.78,230,52.66,297,6.56,37,3.99,26,23.62,154,62.77,354,23124,"52.8"
"41317","STATISTIK_AUSTRIA_GEM_20240101.41317","Kollerschlag",2,1542,258,16.73,106,6.87,146,32.96,28.54,143,60.28,302,11.18,56,2.78,16,25.04,144,58.68,294,17864,"23.8"
"41318","STATISTIK_AUSTRIA_GEM_20240101.41318","Lembach im Mühlkreis",0,1512,274,18.12,196,12.96,140,35,33.02,177,53.36,286,13.43,72,4.29,26,34.59,211,55.97,300,24424,"36.5"
"41319","STATISTIK_AUSTRIA_GEM_20240101.41319","Lichtenau im Mühlkreis",0,481,92,19.13,45,9.36,54,37.24,21.02,37,72.73,128,6.25,11,2.73,5,24.04,44,61.36,108,21243,"32.2"
"41320","STATISTIK_AUSTRIA_GEM_20240101.41320","Nebelberg",1,641,125,19.5,40,6.24,61,33.33,31.84,71,64.13,143,4.04,9,1.3,3,21.74,50,68.61,153,16784,"23.8"
"41321","STATISTIK_AUSTRIA_GEM_20240101.41321","Neufelden",0,1214,245,20.18,130,10.71,137,41.14,39.03,185,51.05,242,9.92,47,2.1,10,33.07,165,54.85,260,26192,"57.5"
"41322","STATISTIK_AUSTRIA_GEM_20240101.41322","Niederkappel",0,996,204,20.48,82,8.23,127,44.25,25.3,84,66.87,222,7.83,26,1,4,28.61,115,45.48,151,20767,"39.4"
"41323","STATISTIK_AUSTRIA_GEM_20240101.41323","Niederwaldkirchen",0,1866,345,18.49,143,7.66,195,35.98,32.17,212,64.64,426,3.19,21,1.91,14,27.42,201,64.64,426,23054,"53.3"
"41324","STATISTIK_AUSTRIA_GEM_20240101.41324","Oberkappel",2,743,129,17.36,64,8.61,66,34.38,28.09,75,64.42,172,7.49,20,2.18,6,31.41,87,59.18,158,20147,"26"
"41325","STATISTIK_AUSTRIA_GEM_20240101.41325","Oepping",0,1555,304,19.55,116,7.46,175,38.04,39.29,209,55.08,293,5.64,30,4.57,29,28.66,182,65.04,346,22041,"32.7"
"41326","STATISTIK_AUSTRIA_GEM_20240101.41326","Peilstein im Mühlviertel",0,1562,314,20.1,120,7.68,184,40.35,27.21,160,64.46,379,8.33,49,2.41,15,27.56,172,60.2,354,19769,"32.7"
"41327","STATISTIK_AUSTRIA_GEM_20240101.41327","Pfarrkirchen im Mühlkreis",1,1385,259,18.7,147,10.61,138,34.94,26.07,134,66.54,342,7.39,38,1.12,6,26.92,144,58.37,300,19300,"26"
"41328","STATISTIK_AUSTRIA_GEM_20240101.41328","Putzleinsdorf",0,1546,303,19.6,109,7.05,149,34.57,14.62,75,61.99,318,23.2,119,6.16,39,31.65,201,45.61,234,20568,"38"
"41329","STATISTIK_AUSTRIA_GEM_20240101.41329","Neustift im Mühlkreis",0,1465,287,19.59,106,7.24,144,33.57,26.45,132,64.53,322,9.02,45,2.22,12,21.67,117,57.52,287,19680,"26"
"41331","STATISTIK_AUSTRIA_GEM_20240101.41331","St. Johann am Wimberg",0,1009,194,19.23,80,7.93,108,36.86,35.83,134,55.08,206,9.09,34,2.15,9,30.55,128,59.09,221,22343,"46.8"
"41332","STATISTIK_AUSTRIA_GEM_20240101.41332","St. Martin im Mühlkreis",0,3805,797,20.95,266,6.99,444,39.43,26.81,341,51.42,654,21.78,277,8.49,132,27.02,421,65.09,828,25825,"63.7"
"41333","STATISTIK_AUSTRIA_GEM_20240101.41333","St. Oswald bei Haslach",0,521,112,21.5,31,5.95,57,38.26,18.23,33,75.69,137,6.08,11,0.99,2,26.47,54,60.77,110,20979,"32.2"
"41334","STATISTIK_AUSTRIA_GEM_20240101.41334","St. Peter am Wimberg",0,1790,309,17.26,155,8.66,192,38.63,25.31,142,65.78,369,8.91,50,2.83,21,33.11,246,51.52,289,22806,"66.7"
"41336","STATISTIK_AUSTRIA_GEM_20240101.41336","St. Ulrich im Mühlkreis",0,719,117,16.27,56,7.79,80,37.74,35.89,89,58.87,146,5.24,13,2.2,6,25.27,69,75.4,187,22204,"53.4"
"41337","STATISTIK_AUSTRIA_GEM_20240101.41337","St. Veit im Mühlkreis",0,1337,266,19.9,108,8.08,151,38.62,42.69,219,48.93,251,8.38,43,1.29,7,29.04,158,74.27,381,26616,"46.8"
"41338","STATISTIK_AUSTRIA_GEM_20240101.41338","Sarleinsbach",0,2246,446,19.86,173,7.7,240,37.91,29.6,222,63.2,474,7.2,54,4.41,39,30.28,268,57.33,430,22187,"46.3"
"41341","STATISTIK_AUSTRIA_GEM_20240101.41341","Schwarzenberg am Böhmerwald",0,576,129,22.4,78,13.54,81,47.93,42.81,140,47.4,155,9.79,32,1.5,4,37.45,100,62.08,203,21024,"27.1"
"41342","STATISTIK_AUSTRIA_GEM_20240101.41342","Ulrichsberg",0,2858,617,21.59,360,12.6,373,44.51,39.11,429,55.88,613,5.01,55,2.44,30,32.22,397,63.45,696,23556,"27.1"
"41343","STATISTIK_AUSTRIA_GEM_20240101.41343","Aigen-Schlägl",1,3282,663,20.2,349,10.63,354,39.91,38.52,470,53.11,648,8.28,101,4.83,69,37.78,547,60.49,738,24536,"46.8"
"41344","STATISTIK_AUSTRIA_GEM_20240101.41344","Rohrbach-Berg",1,5291,1110,20.98,542,10.24,586,40.89,28.07,448,56.45,901,15.35,245,11.9,281,38.89,921,51.19,817,26697,"88.7"
"41345","STATISTIK_AUSTRIA_GEM_20240101.41345","Helfenberg",0,1552,328,21.13,174,11.21,185,41.29,29.42,188,58.53,374,12.05,77,1.88,12,29.22,187,60.41,386,24124,"29.6"
"41346","STATISTIK_AUSTRIA_GEM_20240101.41346","St. Stefan-Afiesl",0,1094,223,20.38,110,10.05,137,41.27,31.55,136,58,250,10.21,44,1.34,6,27.39,123,65.2,281,22247,"29.6"
"41401","STATISTIK_AUSTRIA_GEM_20240101.41401","Altschwendt",0,721,132,18.31,62,8.6,80,41.03,27.82,69,67.34,167,4.84,12,5.08,15,33.56,99,66.53,165,22405,"49.9"
"41402","STATISTIK_AUSTRIA_GEM_20240101.41402","Andorf",0,5221,984,18.85,493,9.44,536,36.69,30.85,527,62.76,1072,6.38,109,8.2,172,31.97,672,67.33,1150,22921,"81.5"
"41403","STATISTIK_AUSTRIA_GEM_20240101.41403","Brunnenthal",0,2080,408,19.62,194,9.33,253,41,39.68,296,55.9,417,4.42,33,4.98,43,29.98,259,78.15,583,23453,"107.6"
"41404","STATISTIK_AUSTRIA_GEM_20240101.41404","Diersbach",0,1522,319,20.96,121,7.95,187,41.28,29.23,164,64.88,364,5.88,33,1.97,12,27.54,168,69.16,388,20824,"45.9"
"41405","STATISTIK_AUSTRIA_GEM_20240101.41405","Dorf an der Pram",0,1088,198,18.2,78,7.17,126,37.95,26.78,109,67.81,276,5.41,22,7.38,31,24.7,104,68.06,277,22046,"67.6"
"41406","STATISTIK_AUSTRIA_GEM_20240101.41406","Eggerding",0,1378,253,18.36,113,8.2,156,37.68,21.67,109,72.56,365,5.77,29,3.49,19,25.5,139,71.17,358,21707,"37.6"
"41407","STATISTIK_AUSTRIA_GEM_20240101.41407","Engelhartszell",0,906,232,25.61,104,11.48,99,41.6,19.22,79,37.23,153,43.55,179,5.22,19,37.23,137,50.61,208,20679,"36.6"
"41408","STATISTIK_AUSTRIA_GEM_20240101.41408","Enzenkirchen",0,1780,363,20.39,128,7.19,159,30.29,31.73,211,65.11,433,3.16,21,2.51,17,25.15,171,62.56,416,21284,"35.8"
"41409","STATISTIK_AUSTRIA_GEM_20240101.41409","Esternberg",0,2849,583,20.46,326,11.44,298,36.93,30.72,282,63.29,581,5.88,54,3.13,33,25.66,271,52.18,479,15588,"51.6"
"41410","STATISTIK_AUSTRIA_GEM_20240101.41410","Freinberg",0,1531,334,21.82,163,10.65,182,41.84,42.51,244,52.79,303,4.7,27,4.19,27,34.06,220,64.29,369,15551,"73.1"
"41411","STATISTIK_AUSTRIA_GEM_20240101.41411","Kopfing im Innkreis",0,1965,399,20.31,192,9.77,203,35.61,27.74,210,65.13,493,7,53,4.99,41,30.86,254,57.86,438,20960,"40"
"41412","STATISTIK_AUSTRIA_GEM_20240101.41412","Mayrhof",0,329,48,14.59,19,5.78,24,27.59,21.05,20,77.89,74,1.05,1,0,0,19,19,90.53,86,20497,"37.6"
"41413","STATISTIK_AUSTRIA_GEM_20240101.41413","Münzkirchen",0,2575,485,18.83,225,8.74,281,36.93,33.18,284,60.63,519,6.19,53,6.35,61,27.16,261,69.51,595,20431,"44.1"
"41414","STATISTIK_AUSTRIA_GEM_20240101.41414","Raab",0,2324,456,19.62,214,9.21,280,40.76,27.09,250,54.06,499,18.85,174,7.98,78,30.44,298,72.59,670,22818,"56.3"
"41415","STATISTIK_AUSTRIA_GEM_20240101.41415","Rainbach im Innkreis",0,1576,307,19.48,123,7.8,171,36.54,19.72,99,70.52,354,9.76,49,1.5,9,23.79,143,71.31,358,21787,"42.2"
"41416","STATISTIK_AUSTRIA_GEM_20240101.41416","Riedau",0,2012,387,19.23,190,9.44,256,43.24,40.08,305,55.06,419,4.86,37,5.08,44,32.53,283,73.85,562,25453,"67.6"
"41417","STATISTIK_AUSTRIA_GEM_20240101.41417","St. Aegidi",0,1569,291,18.55,158,10.07,144,32.88,24.91,132,70,371,5.09,27,4.11,24,27.91,163,68.68,364,19450,"43.7"
"41418","STATISTIK_AUSTRIA_GEM_20240101.41418","St. Florian am Inn",0,3225,615,19.07,278,8.62,385,40.91,38.86,443,53.25,607,7.89,90,5.2,70,30.56,412,64.04,730,23921,"71"
"41419","STATISTIK_AUSTRIA_GEM_20240101.41419","St. Marienkirchen bei Schärding",0,2029,347,17.1,155,7.64,218,36.27,28.85,210,64.97,473,6.18,45,3.53,28,24.69,196,64.15,467,22821,"55.6"
"41420","STATISTIK_AUSTRIA_GEM_20240101.41420","St. Roman",0,1776,327,18.41,140,7.88,160,31.87,15.51,85,71.72,393,12.77,70,3.67,24,27.18,178,54.74,300,16613,"40"
"41421","STATISTIK_AUSTRIA_GEM_20240101.41421","St. Willibald",0,1074,216,20.11,96,8.94,126,38.18,31.4,141,63.92,287,4.68,21,4.58,21,30,138,65.92,296,21397,"40.9"
"41422","STATISTIK_AUSTRIA_GEM_20240101.41422","Schärding",1,5595,1077,19.25,729,13.03,586,43.09,24.85,366,46.84,690,27.49,405,14.61,396,48.2,1310,52.75,777,26057,"155.7"
"41423","STATISTIK_AUSTRIA_GEM_20240101.41423","Schardenberg",0,2472,441,17.84,249,10.07,258,36.13,29.28,255,62.8,547,7.81,68,2.91,29,29.53,295,59.36,517,18389,"67.6"
"41424","STATISTIK_AUSTRIA_GEM_20240101.41424","Sigharting",0,892,153,17.15,71,7.96,87,34.52,32.08,111,63.29,219,4.62,16,4.08,13,23.99,77,62.43,216,22867,"43.7"
"41425","STATISTIK_AUSTRIA_GEM_20240101.41425","Suben",0,1722,331,19.22,111,6.45,162,39.61,38.54,185,52.5,252,8.96,43,9.53,57,32.39,194,63.33,304,25351,"71.8"
"41426","STATISTIK_AUSTRIA_GEM_20240101.41426","Taufkirchen an der Pram",1,2963,553,18.66,309,10.43,349,40.07,28.59,291,63.26,644,8.06,82,5.26,63,29.05,348,67.88,691,22331,"45.9"
"41427","STATISTIK_AUSTRIA_GEM_20240101.41427","Vichtenstein",0,615,129,20.98,59,9.59,61,36.31,43.31,110,51.18,130,5.51,14,1.18,3,33.2,85,61.02,155,18620,"36.6"
"41428","STATISTIK_AUSTRIA_GEM_20240101.41428","Waldkirchen am Wesen",0,1155,291,25.19,98,8.48,135,39.82,34.3,165,58.21,280,7.48,36,1.92,9,28.57,134,66.53,320,21599,"43.7"
"41429","STATISTIK_AUSTRIA_GEM_20240101.41429","Wernstein am Inn",0,1534,327,21.32,141,9.19,184,40.44,34.47,192,57.81,322,7.72,43,3.49,23,30.8,203,58.17,324,20615,"55.3"
"41430","STATISTIK_AUSTRIA_GEM_20240101.41430","Zell an der Pram",0,1955,340,17.39,240,12.28,183,33.64,26.04,188,64.13,463,9.83,71,3.97,30,29.29,222,69.11,499,22713,"67.6"
"41501","STATISTIK_AUSTRIA_GEM_20240101.41501","Adlwang",0,2166,344,15.88,149,6.88,242,38.91,26.55,184,65.37,453,8.08,56,10.4,81,25.16,197,66.38,460,26590,"140.4"
"41502","STATISTIK_AUSTRIA_GEM_20240101.41502","Aschach an der Steyr",0,2302,470,20.42,176,7.65,323,46.08,28.28,222,65.35,513,6.37,50,9.8,83,22.79,193,62.42,490,26469,"160.5"
"41503","STATISTIK_AUSTRIA_GEM_20240101.41503","Bad Hall",0,5868,1120,19.09,665,11.33,715,45.2,32.78,532,51.51,836,15.47,251,17.89,457,38.39,990,52.74,856,26617,"179.5"
"41504","STATISTIK_AUSTRIA_GEM_20240101.41504","Dietach",1,3460,614,17.75,278,8.03,461,44.76,32.95,375,59.49,677,7.47,85,17.22,249,29.11,423,70.04,797,27742,"194.1"
"41505","STATISTIK_AUSTRIA_GEM_20240101.41505","Gaflenz",0,1961,377,19.22,178,9.08,229,39.28,28.21,178,62.28,393,9.51,60,6.05,44,22.77,166,56.89,359,24137,"68.1"
"41506","STATISTIK_AUSTRIA_GEM_20240101.41506","Garsten",1,6674,1453,21.77,715,10.71,860,45.96,38.39,741,52.85,1020,8.65,167,15.67,412,31.09,818,72.44,1398,27490,"244.5"
"41507","STATISTIK_AUSTRIA_GEM_20240101.41507","Großraming",0,2636,540,20.49,293,11.12,321,42.4,31.19,281,56.94,513,11.88,107,5.93,64,31.6,341,56.16,506,24295,"83.7"
"41508","STATISTIK_AUSTRIA_GEM_20240101.41508","Laussa",0,1240,223,17.98,111,8.95,150,41.78,48.42,215,45.05,200,6.53,29,2.83,13,24.84,114,64.19,285,22302,"63.4"
"41509","STATISTIK_AUSTRIA_GEM_20240101.41509","Losenstein",0,1678,372,22.17,141,8.4,229,46.54,17.73,100,53.19,300,29.08,164,9.24,66,32.91,235,60.82,343,26630,"63.4"
"41510","STATISTIK_AUSTRIA_GEM_20240101.41510","Maria Neustift",0,1633,316,19.35,113,6.92,158,34.65,36.84,168,56.58,258,6.58,30,0.92,5,25.55,139,64.91,296,21440,"83.7"
"41511","STATISTIK_AUSTRIA_GEM_20240101.41511","Pfarrkirchen bei Bad Hall",0,2359,441,18.69,211,8.94,308,43.81,37.62,278,53.45,395,8.93,66,7.03,71,30.5,308,64.41,476,26240,"185.6"
"41512","STATISTIK_AUSTRIA_GEM_20240101.41512","Reichraming",1,1670,364,21.8,207,12.4,247,49.2,36.42,220,52.15,315,11.42,69,3.38,25,34.05,252,59.27,358,25173,"63.4"
"41513","STATISTIK_AUSTRIA_GEM_20240101.41513","Rohr im Kremstal",0,1494,257,17.2,102,6.83,171,38.95,37.67,168,56.73,253,5.61,25,7.13,43,29.02,175,69.06,308,25106,"139.4"
"41514","STATISTIK_AUSTRIA_GEM_20240101.41514","St. Ulrich bei Steyr",0,3235,697,21.55,347,10.73,420,44.4,39.81,424,51.27,546,8.92,95,14.8,190,28.04,362,64.32,685,29462,"237.5"
"41515","STATISTIK_AUSTRIA_GEM_20240101.41515","Schiedlberg",0,1317,237,18,110,8.35,145,37.18,32.65,160,63.27,310,4.08,20,4.88,25,26.17,134,66.12,324,25610,"139.1"
"41516","STATISTIK_AUSTRIA_GEM_20240101.41516","Sierning",3,9867,1882,19.07,986,9.99,1334,46.86,40.87,1395,51.13,1745,8,273,10.06,437,34.32,1493,70.64,2411,26187,"181.6"
"41517","STATISTIK_AUSTRIA_GEM_20240101.41517","Ternberg",1,3390,670,19.76,392,11.56,403,42.69,32.14,376,56.58,662,11.28,132,9.03,128,34.2,485,62.99,737,24239,"146.3"
"41518","STATISTIK_AUSTRIA_GEM_20240101.41518","Waldneukirchen",1,2279,428,18.78,200,8.78,256,38.79,36.68,281,55.61,426,7.7,59,6.83,60,26.77,235,59.01,452,24592,"91.1"
"41521","STATISTIK_AUSTRIA_GEM_20240101.41521","Wolfern",1,3389,615,18.15,367,10.83,447,44.48,40.48,487,51.29,617,8.15,98,9.03,125,28.65,398,68.41,823,27464,"201.4"
"41522","STATISTIK_AUSTRIA_GEM_20240101.41522","Weyer",1,3995,837,20.95,548,13.72,489,43.16,37.92,559,51.7,762,10.31,152,5.14,88,34.68,594,59.5,877,26174,"59.8"
"41601","STATISTIK_AUSTRIA_GEM_20240101.41601","Alberndorf in der Riedmark",0,4214,818,19.41,322,7.64,532,42.26,32.37,472,59.26,864,8.37,122,5.18,85,24.82,408,72.77,1061,27121,"193.1"
"41602","STATISTIK_AUSTRIA_GEM_20240101.41602","Altenberg bei Linz",2,4835,882,18.24,459,9.49,600,41.78,42.94,639,52.69,784,4.37,65,8.61,159,24.58,454,71.98,1071,31024,"230.2"
"41603","STATISTIK_AUSTRIA_GEM_20240101.41603","Bad Leonfelden",0,4434,756,17.05,462,10.42,510,42.36,24.38,312,60.78,778,14.77,189,11.42,215,36.52,688,53.44,684,26044,"134.8"
"41604","STATISTIK_AUSTRIA_GEM_20240101.41604","Eidenberg",0,2141,420,19.62,160,7.47,266,41.37,44.37,374,49.11,414,6.41,54,10.44,92,28.39,251,74.73,630,25230,"121.2"
"41605","STATISTIK_AUSTRIA_GEM_20240101.41605","Engerwitzdorf",0,9099,1697,18.65,802,8.81,1179,43.75,36.11,1010,57.67,1613,6.19,173,13.52,502,27.56,1025,68.9,1927,28151,"282.4"
"41606","STATISTIK_AUSTRIA_GEM_20240101.41606","Feldkirchen an der Donau",2,5580,1100,19.71,596,10.68,661,41.47,31.01,584,59.37,1118,9.56,180,9.4,219,31.45,734,64.15,1208,26254,"156.6"
"41607","STATISTIK_AUSTRIA_GEM_20240101.41607","Gallneukirchen",5,6747,1303,19.31,673,9.97,866,46.46,23.3,378,55.55,901,20.96,340,22.88,700,38.08,1166,56.04,909,28860,"321.3"
"41608","STATISTIK_AUSTRIA_GEM_20240101.41608","Goldwörth",0,750,178,23.73,67,8.93,114,47.11,36.24,104,54.01,155,9.76,28,9.39,31,25.45,84,63.07,181,26355,"156.6"
"41609","STATISTIK_AUSTRIA_GEM_20240101.41609","Gramastetten",1,5137,1013,19.72,594,11.56,655,43.7,39.87,659,51.42,850,8.65,143,17.55,371,29.63,627,72.05,1191,30603,"219.6"
"41610","STATISTIK_AUSTRIA_GEM_20240101.41610","Haibach im Mühlkreis",0,973,165,16.96,79,8.12,115,39.66,45.74,172,47.61,179,6.65,25,4.34,16,25.47,94,80.85,304,25681,"90.3"
"41611","STATISTIK_AUSTRIA_GEM_20240101.41611","Hellmonsödt",1,2428,504,20.76,296,12.19,316,46.4,44.92,358,45.8,365,9.16,73,15.6,164,35.99,379,66.12,527,28825,"169.5"
"41612","STATISTIK_AUSTRIA_GEM_20240101.41612","Herzogsdorf",0,2741,520,18.97,185,6.75,307,37.53,31.01,303,65.3,638,3.68,36,3.05,31,24.71,253,78.81,770,24749,"57.9"
"41613","STATISTIK_AUSTRIA_GEM_20240101.41613","Kirchschlag bei Linz",0,2247,438,19.49,189,8.41,280,43.89,38.31,313,53.12,434,8.57,70,9.65,93,33.44,323,73.68,602,28227,"186.4"
"41614","STATISTIK_AUSTRIA_GEM_20240101.41614","Lichtenberg",0,2904,557,19.18,262,9.02,396,44.9,41.05,408,48.49,482,10.36,103,18.66,226,27.5,333,68.11,677,31842,"426.5"
"41615","STATISTIK_AUSTRIA_GEM_20240101.41615","Oberneukirchen",0,3254,707,21.73,285,8.76,403,42.56,34.2,421,56.38,694,9.42,116,4.43,59,30.03,400,66.13,814,25938,"65.1"
"41616","STATISTIK_AUSTRIA_GEM_20240101.41616","Ottenschlag im Mühlkreis",0,588,116,19.73,37,6.29,54,33.75,31.58,66,60.77,127,7.66,16,3.86,8,24.64,51,69.86,146,21769,"63.7"
"41617","STATISTIK_AUSTRIA_GEM_20240101.41617","Ottensheim",2,4748,960,20.22,508,10.7,646,46.04,19.98,248,58.42,725,21.51,267,27.87,628,37.23,843,55.28,686,30728,"426.5"
"41618","STATISTIK_AUSTRIA_GEM_20240101.41618","Puchenau",0,4695,1022,21.77,621,13.23,685,50.78,39.73,598,49.57,746,10.7,161,17.62,383,37.25,811,72.29,1088,36757,"426.5"
"41619","STATISTIK_AUSTRIA_GEM_20240101.41619","Reichenau im Mühlkreis",0,1355,278,20.52,89,6.57,169,42.46,36.13,181,56.89,285,6.99,35,11.64,66,29.65,169,72.65,364,27338,"98"
"41620","STATISTIK_AUSTRIA_GEM_20240101.41620","Reichenthal",0,1553,257,16.55,129,8.31,182,40.44,31.48,176,58.86,329,9.66,54,3.21,21,31.91,210,62.97,352,23414,"64.5"
"41621","STATISTIK_AUSTRIA_GEM_20240101.41621","St. Gotthard im Mühlkreis",0,1321,286,21.65,114,8.63,187,47.22,36.27,177,53.69,262,10.04,49,10.83,64,33.16,196,63.11,308,27380,"107.8"
"41622","STATISTIK_AUSTRIA_GEM_20240101.41622","Schenkenfelden",0,1619,320,19.77,142,8.77,182,38.89,43.41,257,53.72,318,2.87,17,2.82,18,29.58,189,70.27,416,25291,"63.7"
"41623","STATISTIK_AUSTRIA_GEM_20240101.41623","Sonnberg im Mühlkreis",0,1115,165,14.8,80,7.17,121,36.45,32.24,128,59.45,236,8.31,33,3.27,14,24.77,106,68.26,271,22262,"129.6"
"41624","STATISTIK_AUSTRIA_GEM_20240101.41624","Steyregg",1,5005,967,19.32,555,11.09,705,48.52,34.59,543,53.76,844,11.53,181,23.2,529,36.46,833,54.71,859,29907,"204.3"
"41626","STATISTIK_AUSTRIA_GEM_20240101.41626","Walding",0,4290,874,20.37,499,11.63,600,47.32,33.36,459,56.69,780,9.88,136,13.55,255,32.7,616,69.4,955,29098,"194.7"
"41627","STATISTIK_AUSTRIA_GEM_20240101.41627","Zwettl an der Rodl",0,1807,357,19.76,137,7.58,209,41.3,38.65,218,52.84,298,8.51,48,10.65,79,32.08,238,63.48,358,26708,"130.3"
"41628","STATISTIK_AUSTRIA_GEM_20240101.41628","Vorderweißenbach",0,2758,496,17.98,230,8.34,299,37.99,29.9,282,63.1,595,7,66,2.26,24,26.84,285,63.52,599,23479,"56.8"
"41701","STATISTIK_AUSTRIA_GEM_20240101.41701","Ampflwang im Hausruckwald",0,3441,732,21.27,357,10.37,441,45.23,36.72,426,54.4,631,8.79,102,3.4,51,35.4,532,58.62,680,24442,"67.6"
"41702","STATISTIK_AUSTRIA_GEM_20240101.41702","Attersee am Attersee",1,1672,354,21.17,150,8.97,192,42.76,21.79,187,55.83,479,22.03,189,20.91,161,41.97,324,58.51,502,27123,"385.6"
"41703","STATISTIK_AUSTRIA_GEM_20240101.41703","Attnang-Puchheim",1,9289,1638,17.63,919,9.89,1084,43.71,25.17,557,56.44,1249,18.08,400,12.35,494,38.08,1523,49.34,1092,26176,"167.5"
"41704","STATISTIK_AUSTRIA_GEM_20240101.41704","Atzbach",0,1205,244,20.25,104,8.63,134,39.07,25.78,107,64.1,266,10.12,42,4.67,23,30.08,148,63.61,264,23235,"94.8"
"41705","STATISTIK_AUSTRIA_GEM_20240101.41705","Aurach am Hongar",1,1873,325,17.35,135,7.21,215,38.46,36.14,245,56.19,381,7.67,52,5.17,39,25.79,195,70.06,475,26191,"110.9"
"41706","STATISTIK_AUSTRIA_GEM_20240101.41706","Berg im Attergau",0,1148,199,17.33,90,7.84,126,37.28,20.26,78,68.57,264,11.17,43,3.07,13,24.02,104,62.86,242,21233,"115.6"
"41707","STATISTIK_AUSTRIA_GEM_20240101.41707","Desselbrunn",0,1951,333,17.07,129,6.61,223,38.99,26.04,176,70.71,478,3.25,22,5.35,38,22.19,158,75.59,511,25924,"97.2"
"41708","STATISTIK_AUSTRIA_GEM_20240101.41708","Fornach",0,1004,156,15.54,71,7.07,89,30.48,22.54,80,65.63,233,11.83,42,0.79,3,23.42,89,70.99,252,22165,"95.3"
"41709","STATISTIK_AUSTRIA_GEM_20240101.41709","Frankenburg am Hausruck",0,4965,955,19.23,485,9.77,541,38.23,22.63,398,69.76,1227,7.62,134,4.67,95,30.83,627,58.84,1035,22507,"92.8"
"41710","STATISTIK_AUSTRIA_GEM_20240101.41710","Frankenmarkt",0,3868,640,16.55,373,9.64,435,41.08,29.49,361,58.82,720,11.68,143,9.87,161,35.23,576,58.17,712,24906,"138.7"
"41711","STATISTIK_AUSTRIA_GEM_20240101.41711","Gampern",0,3123,522,16.71,235,7.52,340,36.88,21.23,224,73.65,777,5.12,54,4.65,56,24.52,296,66.16,698,24867,"152.3"
"41712","STATISTIK_AUSTRIA_GEM_20240101.41712","Innerschwand am Mondsee",0,1288,214,16.61,107,8.31,132,35.48,26.52,131,65.79,325,7.69,38,11.78,57,26.43,129,66.19,327,22838,"414.4"
"41713","STATISTIK_AUSTRIA_GEM_20240101.41713","Lenzing",0,5252,1006,19.15,529,10.07,710,48.46,27.6,428,55.25,857,15.93,247,9.22,228,39.94,990,58.48,907,25472,"166.9"
"41714","STATISTIK_AUSTRIA_GEM_20240101.41714","Manning",1,799,153,19.15,77,9.64,104,45.02,22.22,62,67.74,189,10.04,28,0.65,2,24.76,76,72.04,201,24060,"94.8"
"41715","STATISTIK_AUSTRIA_GEM_20240101.41715","Mondsee",1,3940,739,18.76,448,11.37,436,42,17.13,160,46.25,432,36.51,341,29.8,594,46.15,924,42.72,399,26233,"575.2"
"41716","STATISTIK_AUSTRIA_GEM_20240101.41716","Neukirchen an der Vöckla",1,2617,493,18.84,260,9.94,314,40.89,24.83,218,67.77,595,7.4,65,4.6,47,26.98,276,59.79,525,24705,"85.8"
"41717","STATISTIK_AUSTRIA_GEM_20240101.41717","Niederthalheim",0,1156,181,15.66,109,9.43,119,36.28,28.65,106,64.59,239,6.76,25,2.34,10,25,107,68.92,255,22768,"92.7"
"41718","STATISTIK_AUSTRIA_GEM_20240101.41718","Nußdorf am Attersee",0,1132,222,19.61,166,14.66,133,42.9,34.55,285,47.15,389,18.18,150,9.87,53,42.04,227,61.21,505,25687,"414.4"
"41719","STATISTIK_AUSTRIA_GEM_20240101.41719","Oberhofen am Irrsee",0,1730,297,17.17,110,6.36,170,34.91,25.16,158,63.06,396,11.78,74,11.05,77,31.95,223,60.35,379,24256,"254.3"
"41720","STATISTIK_AUSTRIA_GEM_20240101.41720","Oberndorf bei Schwanenstadt",0,1385,308,22.24,122,8.81,199,47.16,35.54,177,58.84,293,5.42,27,14.59,89,30.61,187,70.08,349,25169,"94.8"
"41721","STATISTIK_AUSTRIA_GEM_20240101.41721","Oberwang",0,1771,289,16.32,137,7.74,139,28.14,21.44,122,69.07,393,9.49,54,8.04,54,27.93,188,49.38,281,20676,"128.7"
"41722","STATISTIK_AUSTRIA_GEM_20240101.41722","Ottnang am Hausruck",0,4111,756,18.39,380,9.24,469,39.98,22.16,314,68.24,967,9.6,136,5.52,89,28.97,469,66.76,946,24349,"86.4"
"41723","STATISTIK_AUSTRIA_GEM_20240101.41723","Pfaffing",0,1521,279,18.34,142,9.34,174,39.64,31.18,159,61.76,315,7.06,36,7.93,47,26.31,156,63.92,326,22216,"95.3"
"41724","STATISTIK_AUSTRIA_GEM_20240101.41724","Pilsbach",0,680,122,17.94,62,9.12,74,37.76,31.95,77,65.98,159,2.07,5,2.71,7,24.32,63,78.01,188,27205,"167.5"
"41725","STATISTIK_AUSTRIA_GEM_20240101.41725","Pitzenberg",0,576,109,18.92,33,5.73,72,39.78,34.2,66,61.66,119,4.15,8,2.78,6,18.89,41,78.76,152,25710,"94.8"
"41726","STATISTIK_AUSTRIA_GEM_20240101.41726","Pöndorf",0,2433,440,18.08,207,8.51,264,37.24,19.24,173,65.52,589,15.24,137,2.16,21,26.67,259,68.08,612,22629,"82.8"
"41727","STATISTIK_AUSTRIA_GEM_20240101.41727","Puchkirchen am Trattberg",0,1092,209,19.14,66,6.04,118,36.42,21.75,77,72.03,255,6.21,22,1.96,8,22.14,91,68.08,241,25729,"54.4"
"41728","STATISTIK_AUSTRIA_GEM_20240101.41728","Pühret",0,666,127,19.07,45,6.76,75,37.88,26.85,58,68.06,147,5.09,11,0.88,2,14.04,32,76.39,165,24607,"94.8"
"41729","STATISTIK_AUSTRIA_GEM_20240101.41729","Redleiten",0,529,80,15.12,30,5.67,48,30.77,30.86,54,64,112,5.14,9,5.03,10,21.89,44,60,105,22368,"67.6"
"41730","STATISTIK_AUSTRIA_GEM_20240101.41730","Redlham",1,1649,283,17.16,144,8.73,210,42.86,36.51,222,58.55,356,4.93,30,6.43,44,27.66,190,71.22,433,26319,"142.1"
"41731","STATISTIK_AUSTRIA_GEM_20240101.41731","Regau",0,7200,1223,16.99,554,7.69,848,40.48,28.81,690,63.55,1522,7.64,183,12.86,361,27.16,764,68.6,1643,25348,"147.8"
"41732","STATISTIK_AUSTRIA_GEM_20240101.41732","Rüstorf",0,2304,408,17.71,170,7.38,303,43.72,32.9,252,57.57,441,9.53,73,7.59,73,28.66,276,65.14,499,24504,"120.7"
"41733","STATISTIK_AUSTRIA_GEM_20240101.41733","Rutzenham",0,291,62,21.31,21,7.22,35,39.33,23.89,27,69.91,79,6.19,7,0,0,16.98,18,73.45,83,24704,"94.8"
"41734","STATISTIK_AUSTRIA_GEM_20240101.41734","St. Georgen im Attergau",1,4935,836,16.94,350,7.09,515,39.58,25.26,359,61.79,878,12.95,184,16.92,336,35.11,698,53.91,766,23936,"151.8"
"41735","STATISTIK_AUSTRIA_GEM_20240101.41735","St. Lorenz",1,2648,435,16.43,236,8.91,295,38.66,31.64,318,59.1,594,9.25,93,15.56,164,29.85,317,67.86,682,24076,"555.2"
"41736","STATISTIK_AUSTRIA_GEM_20240101.41736","Schlatt",0,1413,246,17.41,137,9.7,185,44.36,36.7,189,57.09,294,6.21,32,8.03,48,29.95,180,69.51,358,25494,"110.3"
"41737","STATISTIK_AUSTRIA_GEM_20240101.41737","Schörfling am Attersee",1,3519,714,20.29,341,9.69,462,45.79,29.32,395,56.57,762,14.11,190,10.68,175,38.38,631,63.03,849,26727,"277"
"41738","STATISTIK_AUSTRIA_GEM_20240101.41738","Schwanenstadt",0,4800,778,16.21,457,9.52,544,43.04,13.8,150,64.58,702,21.34,232,14.88,323,40.22,876,54.19,589,24830,"184.9"
"41739","STATISTIK_AUSTRIA_GEM_20240101.41739","Seewalchen am Attersee",1,5741,1153,20.08,580,10.1,700,42.68,28.2,661,62.29,1460,9.43,221,12.62,335,37.78,1005,69.88,1638,27331,"225.3"
"41740","STATISTIK_AUSTRIA_GEM_20240101.41740","Steinbach am Attersee",0,910,181,19.89,119,13.08,103,42.39,37.98,245,49.77,321,11.94,77,10.41,43,41.2,171,62.64,404,27115,"306.1"
"41741","STATISTIK_AUSTRIA_GEM_20240101.41741","Straß im Attergau",0,1542,307,19.91,106,6.87,151,34.95,22.56,127,64.3,362,13.14,74,2.81,17,28.78,175,57.37,323,24533,"142"
"41742","STATISTIK_AUSTRIA_GEM_20240101.41742","Tiefgraben",1,4189,711,16.97,298,7.11,399,33.39,27.1,375,61.85,856,11.05,153,17.72,291,29.17,483,65.1,901,23638,"429.3"
"41743","STATISTIK_AUSTRIA_GEM_20240101.41743","Timelkam",1,5913,1158,19.58,620,10.49,796,47.04,20.58,361,67.96,1192,11.35,199,15.16,405,36.91,990,63.57,1115,25514,"180.1"
"41744","STATISTIK_AUSTRIA_GEM_20240101.41744","Ungenach",0,1459,270,18.51,125,8.57,171,39.13,15.59,82,72.05,379,12.36,65,3.6,20,22.48,125,66.54,350,24467,"83.2"
"41745","STATISTIK_AUSTRIA_GEM_20240101.41745","Unterach am Attersee",0,1561,312,19.99,195,12.49,193,46.17,30.15,253,51.73,434,18.12,152,14.32,108,43.46,329,62.34,523,27374,"414.4"
"41746","STATISTIK_AUSTRIA_GEM_20240101.41746","Vöcklabruck",0,12989,2440,18.79,1609,12.39,1537,46.11,13.93,390,57.27,1603,27.15,760,22.37,1355,43.74,2653,47.37,1326,28168,"291.5"
"41747","STATISTIK_AUSTRIA_GEM_20240101.41747","Vöcklamarkt",0,5192,866,16.68,483,9.3,586,39.78,26.17,431,62.48,1029,11.35,187,9.08,193,30.76,654,65.39,1077,24342,"89.4"
"41748","STATISTIK_AUSTRIA_GEM_20240101.41748","Weißenkirchen im Attergau",0,950,188,19.79,93,9.79,120,42.55,20.7,77,71.77,267,7.53,28,2.98,11,21.95,81,69.09,257,21297,"82.8"
"41749","STATISTIK_AUSTRIA_GEM_20240101.41749","Weyregg am Attersee",0,1630,360,22.09,188,11.53,186,41.8,25.63,203,54.55,432,19.82,157,14.05,103,40.73,301,56.82,450,26422,"414.4"
"41750","STATISTIK_AUSTRIA_GEM_20240101.41750","Wolfsegg am Hausruck",0,1997,345,17.28,223,11.17,250,44.4,33.29,230,58.9,407,7.81,54,5.31,43,30.74,249,60.64,419,25013,"75.2"
"41751","STATISTIK_AUSTRIA_GEM_20240101.41751","Zell am Moos",0,1665,290,17.42,156,9.37,181,37.47,31.41,196,59.29,370,9.29,58,10.4,68,26.72,175,59.94,374,25474,"227.7"
"41752","STATISTIK_AUSTRIA_GEM_20240101.41752","Zell am Pettenfirst",1,1274,245,19.23,114,8.95,165,44.96,29.38,129,65.6,288,5.01,22,1.42,7,26.37,130,62.87,276,24056,"51.2"
"41801","STATISTIK_AUSTRIA_GEM_20240101.41801","Aichkirchen",0,622,95,15.27,42,6.75,62,34.83,22.79,49,73.49,158,3.72,8,2.14,5,25.21,59,73.02,157,25110,"68.1"
"41802","STATISTIK_AUSTRIA_GEM_20240101.41802","Bachmanning",0,725,128,17.66,64,8.83,77,37.02,32.95,85,60.85,157,5.81,15,1.44,4,23.47,65,68.99,178,22782,"90.8"
"41803","STATISTIK_AUSTRIA_GEM_20240101.41803","Bad Wimsbach-Neydharting",0,2509,477,19.01,224,8.93,285,39.53,26.61,239,66.15,594,7.24,65,6.33,66,32.47,340,62.58,562,24976,"108.1"
"41804","STATISTIK_AUSTRIA_GEM_20240101.41804","Buchkirchen",0,4106,792,19.29,415,10.11,562,43.8,31.21,490,64.84,1018,3.95,62,5.72,97,25.49,432,75.1,1179,27395,"275.2"
"41805","STATISTIK_AUSTRIA_GEM_20240101.41805","Eberstalzell",0,2913,464,15.93,222,7.62,266,32.44,30.61,259,61.47,520,7.8,66,6.6,70,26.01,276,70.92,600,23724,"186.8"
"41806","STATISTIK_AUSTRIA_GEM_20240101.41806","Edt bei Lambach",0,2366,428,18.09,201,8.5,316,44.76,33.18,284,62.85,538,3.97,34,5.56,56,30.14,305,71.5,612,27104,"134.1"
"41807","STATISTIK_AUSTRIA_GEM_20240101.41807","Fischlham",0,1381,266,19.26,139,10.07,189,45.22,33.02,173,62.79,329,4.2,22,6.27,35,25.63,143,69.66,365,24999,"160.1"
"41808","STATISTIK_AUSTRIA_GEM_20240101.41808","Gunskirchen",1,6513,1211,18.59,615,9.44,828,42.07,32.58,710,61.22,1334,6.2,135,15.76,409,25.4,660,68.15,1485,28123,"279.2"
"41809","STATISTIK_AUSTRIA_GEM_20240101.41809","Holzhausen",1,1167,172,14.74,52,4.46,120,39.22,31.32,114,62.36,227,6.32,23,4.18,18,29.7,128,60.99,222,27911,"303.2"
"41810","STATISTIK_AUSTRIA_GEM_20240101.41810","Krenglbach",2,3260,632,19.39,278,8.53,415,41.33,43.29,510,50,589,6.71,79,4.21,55,24.37,319,77.16,909,28822,"203.1"
"41811","STATISTIK_AUSTRIA_GEM_20240101.41811","Lambach",2,3912,634,16.21,395,10.1,470,45.81,38.26,401,46.28,485,15.36,161,14.69,260,40.7,724,61.55,645,25975,"134.1"
"41812","STATISTIK_AUSTRIA_GEM_20240101.41812","Marchtrenk",2,14815,2513,16.96,1177,7.94,1762,41.57,36.91,1653,54.64,2447,8.28,371,11.31,691,30.85,1887,63.47,2842,26071,"248.1"
"41813","STATISTIK_AUSTRIA_GEM_20240101.41813","Neukirchen bei Lambach",0,996,180,18.07,71,7.13,113,38.83,36.22,134,58.38,216,5.41,20,1.53,6,27.04,106,71.62,265,27108,"118.7"
"41814","STATISTIK_AUSTRIA_GEM_20240101.41814","Offenhausen",0,1697,292,17.21,134,7.9,189,38.34,44.79,258,47.05,271,8.16,47,5.7,40,29.42,208,68.06,392,25487,"89.8"
"41815","STATISTIK_AUSTRIA_GEM_20240101.41815","Pennewang",0,1059,193,18.22,69,6.52,123,40.2,31.64,118,64.08,239,4.29,16,4.47,18,24.07,97,65.15,243,25994,"160.4"
"41816","STATISTIK_AUSTRIA_GEM_20240101.41816","Pichl bei Wels",0,2952,565,19.14,249,8.43,356,41.35,23.32,243,70.44,734,6.14,64,6.26,72,26.82,310,66.31,691,26710,"152.6"
"41817","STATISTIK_AUSTRIA_GEM_20240101.41817","Sattledt",0,2755,441,16.01,237,8.6,312,39.25,26.79,217,60.49,490,12.47,101,5.62,61,29.79,325,51.85,420,26089,"180.9"
"41818","STATISTIK_AUSTRIA_GEM_20240101.41818","Schleißheim",0,1439,251,17.44,102,7.09,177,40.88,35.19,164,57.3,267,7.3,34,5.92,34,25.91,149,80.04,373,28851,"247.9"
"41819","STATISTIK_AUSTRIA_GEM_20240101.41819","Sipbachzell",0,2254,352,15.62,144,6.39,230,34.48,34.97,257,60.54,445,4.49,33,8.32,71,23.68,202,63.95,470,26143,"201.1"
"41820","STATISTIK_AUSTRIA_GEM_20240101.41820","Stadl-Paura",0,5307,1019,19.2,544,10.25,701,46.7,39.55,615,52.86,822,7.46,116,8.03,189,36.28,857,64.31,1000,24694,"130.3"
"41821","STATISTIK_AUSTRIA_GEM_20240101.41821","Steinerkirchen an der Traun",1,2458,425,17.29,247,10.05,279,39.46,43.03,324,51.39,387,5.58,42,8.91,77,23.25,202,74.63,562,22731,"134.6"
"41822","STATISTIK_AUSTRIA_GEM_20240101.41822","Steinhaus",1,2775,498,17.95,220,7.93,367,44.81,32.78,277,58.22,492,8.99,76,15.43,170,27.91,309,68.52,579,26394,"258.2"
"41823","STATISTIK_AUSTRIA_GEM_20240101.41823","Thalheim bei Wels",0,5559,1032,18.56,659,11.85,703,45.24,28.9,456,56.78,896,13.94,220,11.91,300,37.6,951,68.76,1085,30850,"343.7"
"41824","STATISTIK_AUSTRIA_GEM_20240101.41824","Weißkirchen an der Traun",1,3570,636,17.82,291,8.15,486,44.88,42.4,519,52.37,641,5.23,64,5.52,80,25.43,369,76.72,939,26626,"233.4"
"50101","STATISTIK_AUSTRIA_GEM_20240101.50101","Salzburg",36,157659,26182,16.61,17439,11.06,16767,43.17,11.99,2631,43.75,9599,39.66,8701,20.02,15385,47.11,36263,38.97,8551,29258,"1379.3"
"50201","STATISTIK_AUSTRIA_GEM_20240101.50201","Abtenau",1,6008,1148,19.11,628,10.45,588,34.41,20.75,378,68.94,1256,10.26,187,10.98,238,28.05,612,60.37,1100,23320,"245.7"
"50202","STATISTIK_AUSTRIA_GEM_20240101.50202","Adnet",1,3793,657,17.32,374,9.86,471,41.94,19.67,254,70.1,905,10.22,132,9.5,144,26.51,403,65.38,844,27241,"785.6"
"50203","STATISTIK_AUSTRIA_GEM_20240101.50203","Annaberg-Lungötz",0,2230,425,19.06,237,10.63,215,34.57,19.43,170,68.8,602,11.66,102,7.03,61,28.69,249,49.83,436,22141,"288.5"
"50204","STATISTIK_AUSTRIA_GEM_20240101.50204","Golling an der Salzach",0,4510,723,16.03,454,10.07,484,38.97,5.82,68,64.38,752,29.62,346,12.6,231,32.97,606,48.2,563,26713,"393.5"
"50205","STATISTIK_AUSTRIA_GEM_20240101.50205","Hallein",8,21654,3669,16.94,1853,8.56,2361,39.95,14.46,572,49.25,1948,34.94,1382,18.87,1848,38.94,3821,50.39,1993,26441,"780.2"
"50206","STATISTIK_AUSTRIA_GEM_20240101.50206","Krispl",0,863,175,20.28,76,8.81,91,36.25,30,111,60.81,225,9.19,34,1.51,5,27.84,93,69.73,258,23882,"305"
"50207","STATISTIK_AUSTRIA_GEM_20240101.50207","Kuchl",2,7512,1225,16.31,706,9.4,720,34.63,9.1,188,63.46,1311,27.25,563,9.93,294,30.95,919,47.58,983,26408,"841.1"
"50208","STATISTIK_AUSTRIA_GEM_20240101.50208","Oberalm",0,4392,788,17.94,536,12.2,518,42.49,13.69,158,65.16,752,21.06,243,16.26,307,35.08,664,59.53,687,28821,"785.6"
"50209","STATISTIK_AUSTRIA_GEM_20240101.50209","Puch bei Hallein",1,4919,849,17.26,453,9.21,533,40.38,18.29,239,55.7,728,25.63,335,18.59,359,31.91,618,60.29,788,28488,"785.6"
"50210","STATISTIK_AUSTRIA_GEM_20240101.50210","Rußbach am Paß Gschütt",0,772,169,21.89,76,9.84,96,42.29,19.33,63,65.95,215,14.42,47,7.74,24,28.75,90,65.34,213,24762,"280.2"
"50211","STATISTIK_AUSTRIA_GEM_20240101.50211","St. Koloman",1,1819,312,17.15,168,9.24,185,35.44,28.93,184,61.79,393,9.28,59,3.33,22,23.15,153,71.86,457,24226,"305"
"50212","STATISTIK_AUSTRIA_GEM_20240101.50212","Scheffau am Tennengebirge",0,1512,251,16.6,134,8.86,147,35.42,18.2,95,70.31,367,11.49,60,5.18,30,27.71,161,59.39,310,25365,"393.5"
"50213","STATISTIK_AUSTRIA_GEM_20240101.50213","Bad Vigaun",1,2131,349,16.38,217,10.18,235,38.4,8.61,51,64.7,383,26.69,158,8.42,75,32.47,290,50.51,299,27063,"841.1"
"50301","STATISTIK_AUSTRIA_GEM_20240101.50301","Anif",4,4425,801,18.1,552,12.47,475,40.36,13.99,162,62.44,723,23.49,272,17.6,327,37.02,690,56.91,659,31822,"1804.2"
"50302","STATISTIK_AUSTRIA_GEM_20240101.50302","Anthering",0,3733,701,18.78,348,9.32,444,41.15,13.35,145,64.27,698,22.38,243,17.97,292,33.84,554,53.68,583,27636,"548"
"50303","STATISTIK_AUSTRIA_GEM_20240101.50303","Bergheim",3,5717,1000,17.49,576,10.08,628,40.46,12.95,196,63.71,964,23.2,351,19.24,453,33.93,802,53.01,802,30598,"707.7"
"50304","STATISTIK_AUSTRIA_GEM_20240101.50304","Berndorf bei Salzburg",0,1776,328,18.47,151,8.5,208,40.08,27.36,171,64.16,401,8.48,53,4.58,34,28.53,212,68.32,427,25707,"176.4"
"50305","STATISTIK_AUSTRIA_GEM_20240101.50305","Bürmoos",2,5052,950,18.8,459,9.09,640,43.66,23.66,345,58.71,856,17.63,257,11.43,237,30.19,627,65.91,961,26034,"315.3"
"50306","STATISTIK_AUSTRIA_GEM_20240101.50306","Dorfbeuern",1,1605,304,18.94,139,8.66,182,38.16,16.49,91,75.54,417,7.97,44,5.32,32,23.47,142,72.46,400,24707,"239.7"
"50307","STATISTIK_AUSTRIA_GEM_20240101.50307","Ebenau",2,1458,258,17.7,146,10.01,177,41.65,16.01,85,67.98,361,16.01,85,6.51,38,28.74,171,66.48,353,27568,"256.3"
"50308","STATISTIK_AUSTRIA_GEM_20240101.50308","Elixhausen",0,3141,552,17.57,345,10.98,384,42.34,17.11,169,60.63,599,22.06,218,13.82,186,32.54,439,58,573,30594,"777.1"
"50309","STATISTIK_AUSTRIA_GEM_20240101.50309","Elsbethen",0,5453,1072,19.66,627,11.5,671,44.14,19.61,292,53.53,797,26.66,397,22.84,572,39.1,981,56.68,844,31962,"998.3"
"50310","STATISTIK_AUSTRIA_GEM_20240101.50310","Eugendorf",1,7134,1186,16.62,719,10.08,808,38.51,21.4,430,62.22,1250,16.33,328,18.84,551,29.05,853,62.67,1259,27150,"434.1"
"50311","STATISTIK_AUSTRIA_GEM_20240101.50311","Faistenau",0,3143,598,19.03,234,7.45,355,38.09,22.92,234,68.36,698,8.72,89,10.64,125,24.22,286,69.74,712,25197,"256.3"
"50312","STATISTIK_AUSTRIA_GEM_20240101.50312","Fuschl am See",1,1731,295,17.04,147,8.49,190,40.6,6.57,33,44.22,222,49,246,18.66,137,36.86,275,49,246,26236,"578.2"
"50313","STATISTIK_AUSTRIA_GEM_20240101.50313","Göming",0,767,123,16.04,68,8.87,65,30.37,18.32,48,69.47,182,12.21,32,4.55,14,31.17,96,60.31,158,23965,"270.1"
"50314","STATISTIK_AUSTRIA_GEM_20240101.50314","Grödig",0,7376,1364,18.49,785,10.64,883,42.72,17.13,266,54.73,850,27.69,430,24.78,833,39.21,1323,49.26,765,28385,"711.1"
"50315","STATISTIK_AUSTRIA_GEM_20240101.50315","Großgmain",0,2728,525,19.24,347,12.72,295,40.36,14.95,109,59.53,434,25.38,185,18.62,218,36.96,435,51.71,377,27968,"711.1"
"50316","STATISTIK_AUSTRIA_GEM_20240101.50316","Hallwang",5,4270,742,17.38,442,10.35,492,40.69,20.8,265,56.91,725,22.29,284,17.42,315,33.39,605,56.28,717,29833,"494.4"
"50317","STATISTIK_AUSTRIA_GEM_20240101.50317","Henndorf am Wallersee",0,5166,1001,19.38,535,10.36,637,42.38,23.6,358,56.1,851,20.3,308,20.05,436,31.12,680,61.63,935,27364,"509.6"
"50318","STATISTIK_AUSTRIA_GEM_20240101.50318","Hintersee",0,472,99,20.97,29,6.14,50,33.56,21.31,39,66.67,122,12.02,22,1.27,2,17.39,28,69.95,128,25572,"305"
"50319","STATISTIK_AUSTRIA_GEM_20240101.50319","Hof bei Salzburg",1,3625,607,16.74,391,10.79,413,40.06,27.54,293,56.48,601,15.88,169,20.92,318,32.39,493,61.28,652,26780,"442.2"
"50320","STATISTIK_AUSTRIA_GEM_20240101.50320","Köstendorf",0,2742,479,17.47,258,9.41,256,33.25,22.07,196,70.16,623,7.77,69,6.23,65,27.83,293,65.09,578,26167,"272.4"
"50321","STATISTIK_AUSTRIA_GEM_20240101.50321","Koppl",1,3714,640,17.23,302,8.13,408,37.74,19.85,232,62.1,726,17.88,209,12.31,179,26.46,386,64.5,754,29800,"589.7"
"50322","STATISTIK_AUSTRIA_GEM_20240101.50322","Lamprechtshausen",0,4108,739,17.99,302,7.35,464,38.67,23.27,306,66.77,878,9.96,131,5.27,84,26.14,418,68.82,905,25580,"324.3"
"50323","STATISTIK_AUSTRIA_GEM_20240101.50323","Mattsee",2,3538,676,19.11,394,11.14,406,41.01,26.25,315,55.33,664,18.33,220,17.63,274,36.34,568,62.08,745,28608,"579.6"
"50324","STATISTIK_AUSTRIA_GEM_20240101.50324","Neumarkt am Wallersee",1,6657,1150,17.28,526,7.9,702,37.88,13.38,246,65.52,1205,21.04,387,21.87,607,33.3,927,63.57,1169,25386,"372.5"
"50325","STATISTIK_AUSTRIA_GEM_20240101.50325","Nußdorf am Haunsberg",1,2552,451,17.67,213,8.35,271,36.28,25.33,212,63.92,535,10.75,90,6.83,66,24.41,236,73.84,618,23739,"270.1"
"50326","STATISTIK_AUSTRIA_GEM_20240101.50326","Oberndorf bei Salzburg",0,6058,1129,18.64,600,9.9,708,41.65,17.21,231,52.24,701,30.48,409,23.56,637,36.69,995,55.29,742,26133,"644.2"
"50327","STATISTIK_AUSTRIA_GEM_20240101.50327","Obertrum am See",0,5036,888,17.63,427,8.48,543,38.48,18.3,249,61.5,837,20.21,275,24.82,520,33.41,702,56.28,766,26208,"327"
"50328","STATISTIK_AUSTRIA_GEM_20240101.50328","Plainfeld",0,1291,225,17.43,116,8.99,139,38.29,28.97,113,52.56,205,18.46,72,17.6,97,32.73,181,63.59,248,28662,"442.2"
"50329","STATISTIK_AUSTRIA_GEM_20240101.50329","St. Georgen bei Salzburg",1,3227,606,18.78,243,7.53,374,39.45,23.94,265,64.14,710,11.92,132,10.78,132,25.81,317,71.36,790,23963,"183.2"
"50330","STATISTIK_AUSTRIA_GEM_20240101.50330","St. Gilgen",0,4042,836,20.68,481,11.9,399,37.68,20.99,336,55.34,886,23.36,374,15.39,266,40.82,711,58.21,932,26174,"599.1"
"50331","STATISTIK_AUSTRIA_GEM_20240101.50331","Schleedorf",0,1144,194,16.96,80,6.99,124,37.13,16.71,61,61.37,224,21.92,80,5.61,24,23.67,102,70.41,257,23913,"272.4"
"50332","STATISTIK_AUSTRIA_GEM_20240101.50332","Seeham",1,2035,415,20.39,160,7.86,249,42.78,13.65,92,53.71,362,32.64,220,10.56,93,33.75,299,53.12,358,27006,"466.3"
"50335","STATISTIK_AUSTRIA_GEM_20240101.50335","Straßwalchen",2,8194,1352,16.5,551,6.72,873,37.76,22.18,509,60.87,1397,16.95,389,12.72,413,29.44,959,58.47,1342,24645,"285"
"50336","STATISTIK_AUSTRIA_GEM_20240101.50336","Strobl",2,3748,708,18.89,439,11.71,365,36.03,24.65,348,58.14,821,17.07,241,10.66,162,35.41,541,55.31,781,24807,"353.7"
"50337","STATISTIK_AUSTRIA_GEM_20240101.50337","Thalgau",3,6229,1020,16.38,551,8.85,675,38.62,37.37,747,52.03,1040,10.56,211,16.53,409,30.28,753,65.08,1301,24937,"445.1"
"50338","STATISTIK_AUSTRIA_GEM_20240101.50338","Wals-Siezenheim",8,14413,2459,17.06,1266,8.78,1671,41.74,19.08,612,51.92,1665,28.91,927,23.89,1477,34.57,2140,50.02,1604,29101,"697.6"
"50339","STATISTIK_AUSTRIA_GEM_20240101.50339","Seekirchen am Wallersee",4,11708,1942,16.59,1079,9.22,1286,39.63,17.29,542,64.74,2029,17.9,561,19.95,944,32.37,1532,61.01,1912,27857,"536.4"
"50401","STATISTIK_AUSTRIA_GEM_20240101.50401","Altenmarkt im Pongau",2,4705,764,16.24,396,8.42,500,38.11,8.97,108,49.92,601,40.95,493,21.57,413,33.66,651,41.53,500,24429,"267.5"
"50402","STATISTIK_AUSTRIA_GEM_20240101.50402","Bad Hofgastein",1,6677,1392,20.85,793,11.88,789,42.81,12.9,239,50.19,930,35.89,665,19.9,601,39.77,1223,39.99,741,25937,"395.2"
"50403","STATISTIK_AUSTRIA_GEM_20240101.50403","Bad Gastein",1,4009,821,20.48,528,13.17,472,45.69,17.41,231,48.83,648,30.37,403,17.74,339,45.48,876,35.8,475,25750,"395.2"
"50404","STATISTIK_AUSTRIA_GEM_20240101.50404","Bischofshofen",2,10743,1966,18.3,1194,11.11,1314,43.74,16.71,314,49.23,925,32.84,617,18.13,878,37.81,1832,29.91,562,25637,"530.7"
"50405","STATISTIK_AUSTRIA_GEM_20240101.50405","Dorfgastein",0,1745,328,18.8,159,9.11,211,41.54,11.23,65,57.17,331,31.61,183,8.61,58,28.86,202,45.94,266,24564,"395.2"
"50406","STATISTIK_AUSTRIA_GEM_20240101.50406","Eben im Pongau",1,2682,397,14.8,180,6.71,283,37.78,13.83,100,68.46,495,17.57,127,13.78,145,29.68,314,51.18,370,23018,"359.3"
"50407","STATISTIK_AUSTRIA_GEM_20240101.50407","Filzmoos",0,1507,248,16.46,124,8.23,147,35.77,12.99,70,58.26,314,28.57,154,8.48,49,33.56,198,43.6,235,22227,"253.4"
"50408","STATISTIK_AUSTRIA_GEM_20240101.50408","Flachau",0,3106,522,16.81,208,6.7,308,36.75,10.1,119,56.54,666,33.02,389,11.23,137,31.65,388,33.45,394,23825,"675.9"
"50409","STATISTIK_AUSTRIA_GEM_20240101.50409","Forstau",0,561,107,19.07,48,8.56,45,28.48,18.91,45,72.27,172,8.82,21,12.95,25,26.4,52,50.42,120,23239,"253.4"
"50410","STATISTIK_AUSTRIA_GEM_20240101.50410","Goldegg",0,2736,504,18.42,199,7.27,308,38.26,17,155,68.2,622,14.69,134,13.22,142,27.42,300,63.27,577,25915,"320.9"
"50411","STATISTIK_AUSTRIA_GEM_20240101.50411","Großarl",0,3843,630,16.39,266,6.92,336,32.18,22.96,247,54.83,590,22.03,237,10.21,140,26.52,366,45.35,488,21533,"283.4"
"50412","STATISTIK_AUSTRIA_GEM_20240101.50412","Hüttau",0,1490,281,18.86,162,10.87,142,35.86,14.66,73,67.87,338,17.47,87,3.37,19,31.38,177,57.03,284,22203,"140.5"
"50413","STATISTIK_AUSTRIA_GEM_20240101.50413","Hüttschlag",0,885,150,16.95,87,9.83,83,32.94,16.86,59,71.43,250,11.71,41,10.37,34,27.05,89,58,203,22514,"180.8"
"50414","STATISTIK_AUSTRIA_GEM_20240101.50414","Kleinarl",1,832,144,17.31,75,9.01,88,36.07,14.89,53,69.1,246,16.01,57,7.96,23,25.75,77,50.84,181,21600,"180.8"
"50415","STATISTIK_AUSTRIA_GEM_20240101.50415","Mühlbach am Hochkönig",0,1403,294,20.96,177,12.62,179,44.97,20.52,110,56.16,301,22.39,120,6.58,41,35.78,224,40.3,216,24043,"245.3"
"50416","STATISTIK_AUSTRIA_GEM_20240101.50416","Pfarrwerfen",1,2614,423,16.18,232,8.88,267,36.33,19.07,143,69.47,521,11.47,86,8.16,75,24.03,222,61.07,458,25223,"245.3"
"50417","STATISTIK_AUSTRIA_GEM_20240101.50417","Radstadt",1,5043,865,17.15,480,9.52,511,37.33,12.04,167,59.19,821,28.77,399,13.41,273,34.31,704,46.79,649,25118,"267.5"
"50418","STATISTIK_AUSTRIA_GEM_20240101.50418","St. Johann im Pongau",0,11643,2016,17.32,949,8.15,1328,40.62,15.36,357,48.15,1119,35.67,829,21.91,1101,35.23,1774,38.55,896,27094,"514.6"
"50419","STATISTIK_AUSTRIA_GEM_20240101.50419","St. Martin am Tennengebirge",0,1777,307,17.28,145,8.16,207,38.91,11.51,70,70.39,428,17.93,109,7.82,56,25.76,186,52.96,322,22161,"271.5"
"50420","STATISTIK_AUSTRIA_GEM_20240101.50420","St. Veit im Pongau",0,3944,734,18.61,341,8.65,460,40.82,15.51,163,61.94,651,22.45,236,17.12,265,28.65,444,50.05,526,24838,"362.6"
"50421","STATISTIK_AUSTRIA_GEM_20240101.50421","Schwarzach im Pongau",1,3541,661,18.67,379,10.7,419,44.11,18.44,109,48.22,285,32.49,192,9.71,155,39.71,635,28.93,171,24681,"362.6"
"50422","STATISTIK_AUSTRIA_GEM_20240101.50422","Untertauern",0,450,72,16,28,6.22,34,27.87,26.77,72,39.78,107,33.46,90,14.05,26,35.45,67,33.46,90,31395,"267.5"
"50423","STATISTIK_AUSTRIA_GEM_20240101.50423","Wagrain",0,3177,593,18.67,324,10.2,350,39.59,13.15,146,62.43,693,24.14,268,14.97,184,31.78,396,49.82,553,22822,"471.8"
"50424","STATISTIK_AUSTRIA_GEM_20240101.50424","Werfen",1,3092,552,17.85,308,9.96,372,41.8,8.31,68,65.16,533,26.53,217,9.76,128,32.47,428,51.96,425,25625,"245.3"
"50425","STATISTIK_AUSTRIA_GEM_20240101.50425","Werfenweng",1,1105,161,14.57,56,5.07,88,29.93,10.14,37,55.89,204,33.97,124,9.28,36,28.18,113,47.12,172,22575,"300"
"50501","STATISTIK_AUSTRIA_GEM_20240101.50501","Göriach",0,339,67,19.76,34,10.03,31,31,36.59,45,50.41,62,13.01,16,1.75,2,21.74,25,69.92,86,17303,"122.9"
"50502","STATISTIK_AUSTRIA_GEM_20240101.50502","Lessach",0,542,100,18.45,46,8.49,47,29.56,31.84,64,64.18,129,3.48,7,2.46,5,23.15,47,71.14,143,19027,"60.6"
"50503","STATISTIK_AUSTRIA_GEM_20240101.50503","Mariapfarr",2,2507,483,19.27,343,13.68,239,34.44,38.91,344,51.13,452,9.84,87,5.86,53,28.73,262,74.1,655,23296,"122.9"
"50504","STATISTIK_AUSTRIA_GEM_20240101.50504","Mauterndorf",0,1591,341,21.43,243,15.27,166,37.99,11.63,79,70.1,476,18.26,124,9.54,65,37.1,253,59.65,405,24103,"134.6"
"50505","STATISTIK_AUSTRIA_GEM_20240101.50505","Muhr",3,490,111,22.65,54,11.02,52,38.81,34.29,72,57.14,120,8.57,18,2.44,5,34.15,70,70.95,149,20336,"60.6"
"50506","STATISTIK_AUSTRIA_GEM_20240101.50506","Ramingstein",0,1060,271,25.57,110,10.38,118,37.82,38.84,181,53,247,7.94,37,6.01,27,32.52,147,61.8,288,21262,"76.5"
"50507","STATISTIK_AUSTRIA_GEM_20240101.50507","St. Andrä im Lungau",0,768,132,17.19,91,11.85,78,36.11,17.07,49,68.64,197,14.29,41,2.62,8,30.94,95,65.16,187,23122,"122.9"
"50508","STATISTIK_AUSTRIA_GEM_20240101.50508","St. Margarethen im Lungau",0,778,149,19.15,63,8.1,67,31.6,41.16,121,46.6,137,11.9,35,5.76,16,28.57,80,60.88,179,23004,"134"
"50509","STATISTIK_AUSTRIA_GEM_20240101.50509","St. Michael im Lungau",1,3527,734,20.81,364,10.32,402,38.8,33.99,415,46.68,570,19.33,236,12.85,184,30.03,431,60.44,738,24089,"134"
"50510","STATISTIK_AUSTRIA_GEM_20240101.50510","Tamsweg",4,5784,1183,20.45,629,10.87,600,37.88,32.9,557,48.32,818,18.49,313,12.89,322,37.69,945,60.6,1026,24556,"155.2"
"50511","STATISTIK_AUSTRIA_GEM_20240101.50511","Thomatal",0,331,65,19.64,32,9.67,35,35,11.98,20,81.44,136,6.59,11,0,0,21.01,25,85.03,142,20703,"76.5"
"50512","STATISTIK_AUSTRIA_GEM_20240101.50512","Tweng",0,246,36,14.63,26,10.57,16,27.59,11.89,17,33.57,48,53.15,76,16.35,17,41.51,44,25.87,37,26129,"267.5"
"50513","STATISTIK_AUSTRIA_GEM_20240101.50513","Unternberg",0,1024,189,18.46,89,8.69,105,35.35,36.47,128,51.85,182,11.68,41,3.74,14,23.47,88,64.96,228,20611,"123.6"
"50514","STATISTIK_AUSTRIA_GEM_20240101.50514","Weißpriach",0,297,55,18.52,34,11.45,34,38.2,25,43,57.56,99,17.44,30,0.9,1,22.32,25,55.81,96,18814,"60.6"
"50515","STATISTIK_AUSTRIA_GEM_20240101.50515","Zederhaus",0,1176,224,19.05,107,9.1,110,33.33,17.84,71,56.28,224,25.88,103,4.8,19,26.01,103,63.82,254,20714,"60.6"
"50601","STATISTIK_AUSTRIA_GEM_20240101.50601","Bramberg am Wildkogel",2,4121,790,19.17,365,8.86,440,37.35,13.86,195,58.21,819,27.72,390,7.38,115,27.72,435,47.12,663,21364,"284.8"
"50602","STATISTIK_AUSTRIA_GEM_20240101.50602","Bruck an der Großglocknerstraße",1,4920,840,17.07,496,10.08,555,39.81,19.05,253,61.82,821,19.13,254,12.37,251,31.8,648,53.84,715,25199,"254.3"
"50603","STATISTIK_AUSTRIA_GEM_20240101.50603","Dienten am Hochkönig",0,723,113,15.63,89,12.31,59,28.92,13.85,45,68.62,223,17.54,57,3.26,9,27.08,75,48.92,159,22198,"632.7"
"50604","STATISTIK_AUSTRIA_GEM_20240101.50604","Fusch an der Großglocknerstraße",0,746,141,18.9,66,8.85,91,42.13,18.38,50,62.13,169,19.49,53,5.37,16,30.13,91,45.59,124,24922,"254.3"
"50605","STATISTIK_AUSTRIA_GEM_20240101.50605","Hollersbach im Pinzgau",0,1230,252,20.49,109,8.86,147,38.38,5.88,26,59.5,263,34.62,153,10.52,55,28.03,148,46.83,207,21514,"407.8"
"50606","STATISTIK_AUSTRIA_GEM_20240101.50606","Kaprun",1,3158,615,19.47,306,9.69,419,47.89,20.04,193,47.66,459,31.88,307,12.79,189,41.3,617,36.45,351,26325,"639.8"
"50607","STATISTIK_AUSTRIA_GEM_20240101.50607","Krimml",0,821,156,19,90,10.96,84,34.85,16.76,90,57.17,307,25.88,139,9.57,31,29.94,97,48.04,258,24491,"268.1"
"50608","STATISTIK_AUSTRIA_GEM_20240101.50608","Lend",0,1288,263,20.42,136,10.56,152,43.06,15.65,64,66.75,273,17.6,72,4.19,22,33.14,174,54.03,221,23047,"254.3"
"50609","STATISTIK_AUSTRIA_GEM_20240101.50609","Leogang",1,3582,649,18.12,319,8.91,391,38.91,12.24,145,67.85,804,19.83,235,11.28,152,27.64,374,50.21,595,23518,"505.7"
"50610","STATISTIK_AUSTRIA_GEM_20240101.50610","Lofer",0,2107,380,18.04,281,13.34,239,41.07,14.1,99,58.69,412,27.07,190,8.22,69,30.68,258,45.87,322,23258,"274"
"50611","STATISTIK_AUSTRIA_GEM_20240101.50611","Maishofen",0,3667,635,17.32,342,9.33,374,36.63,19.05,185,60.56,588,20.29,197,14.71,219,33.22,495,55.72,541,25215,"632.7"
"50612","STATISTIK_AUSTRIA_GEM_20240101.50612","Maria Alm am Steinernen Meer",2,2265,401,17.7,213,9.4,218,35.62,15.84,176,61.93,688,22.14,246,13.78,121,34.42,307,54.1,601,22914,"632.7"
"50613","STATISTIK_AUSTRIA_GEM_20240101.50613","Mittersill",2,5723,1104,19.29,557,9.73,651,40.38,15.8,252,58.43,932,25.71,410,13.15,306,32.29,764,48.53,774,23052,"321.2"
"50614","STATISTIK_AUSTRIA_GEM_20240101.50614","Neukirchen am Großvenediger",1,2685,533,19.85,244,9.09,300,38.36,7.46,78,55.07,576,37.09,388,8.71,89,30.24,323,44.55,466,22408,"288.8"
"50615","STATISTIK_AUSTRIA_GEM_20240101.50615","Niedernsill",0,2860,526,18.39,216,7.55,314,37.83,20.62,201,68.62,669,10.77,105,6.34,72,27.32,312,61.54,600,23336,"284.4"
"50616","STATISTIK_AUSTRIA_GEM_20240101.50616","Piesendorf",3,3863,754,19.52,395,10.23,493,42.87,19.39,259,65.19,871,15.19,203,9.75,150,27.42,425,61.08,816,24504,"520.8"
"50617","STATISTIK_AUSTRIA_GEM_20240101.50617","Rauris",0,3084,572,18.55,299,9.7,331,37.23,16.84,182,62.9,680,20.17,218,8.05,95,28.37,339,55.97,605,21248,"303"
"50618","STATISTIK_AUSTRIA_GEM_20240101.50618","Saalbach-Hinterglemm",2,2881,569,19.75,246,8.54,330,41.98,13.73,188,44.85,614,39.88,546,18.35,227,41.13,552,31.19,427,25995,"781.5"
"50619","STATISTIK_AUSTRIA_GEM_20240101.50619","Saalfelden am Steinernen Meer",8,17299,3284,18.98,1637,9.46,2151,43.92,23.43,923,57.21,2254,19.06,751,20.18,1557,37,2860,50.13,1975,25303,"449.3"
"50620","STATISTIK_AUSTRIA_GEM_20240101.50620","St. Martin bei Lofer",2,1218,214,17.57,123,10.1,142,40.46,20.05,85,58.49,248,21.46,91,13.59,70,32.69,169,54.25,230,22204,"249.7"
"50621","STATISTIK_AUSTRIA_GEM_20240101.50621","Stuhlfelden",1,1554,266,17.12,130,8.37,186,40.09,12.79,60,71,333,16.2,76,12.13,74,25.73,158,51.39,241,22137,"419.8"
"50622","STATISTIK_AUSTRIA_GEM_20240101.50622","Taxenbach",0,2828,523,18.49,272,9.62,298,37.34,16.33,144,66.44,586,17.23,152,7.15,75,27.53,291,60.43,533,22301,"254.3"
"50623","STATISTIK_AUSTRIA_GEM_20240101.50623","Unken",0,2034,397,19.52,247,12.14,229,39.76,20.25,160,55.19,436,24.43,193,9.12,77,33.57,285,58.35,461,22620,"249.7"
"50624","STATISTIK_AUSTRIA_GEM_20240101.50624","Uttendorf",1,3064,588,19.19,274,8.94,359,39.98,14.35,136,62.34,591,23.31,221,8.11,101,30.29,378,57.49,545,23616,"353.5"
"50625","STATISTIK_AUSTRIA_GEM_20240101.50625","Viehhofen",0,598,96,16.05,50,8.36,57,34.13,29.18,68,59.23,138,11.59,27,9.56,24,36.47,93,48.5,113,20512,"632.7"
"50626","STATISTIK_AUSTRIA_GEM_20240101.50626","Wald im Pinzgau",0,1132,230,20.32,97,8.57,129,38.17,26.39,209,55.18,437,18.43,146,12.94,59,30.5,140,64.02,507,21030,"268.1"
"50627","STATISTIK_AUSTRIA_GEM_20240101.50627","Weißbach bei Lofer",0,416,66,15.87,37,8.89,43,34.96,11.2,14,59.2,74,29.6,37,3.4,5,18.92,28,50.4,63,19749,"249.7"
"50628","STATISTIK_AUSTRIA_GEM_20240101.50628","Zell am See",5,10227,2000,19.56,1100,10.76,1192,43.36,14.75,392,48.96,1301,35.53,944,21.88,1057,42.41,2080,43.96,1168,26043,"614"
"60101","STATISTIK_AUSTRIA_GEM_20240101.60101","Graz",55,305314,42836,14.03,27107,8.88,34329,46.22,24.95,10742,42.73,18393,27.08,11657,23.44,35419,47.98,72761,47.15,20298,30166,"361.5"
"60305","STATISTIK_AUSTRIA_GEM_20240101.60305","Frauental an der Laßnitz",0,3170,630,19.87,355,11.2,375,40.72,56.94,681,38.63,462,4.43,53,10.82,142,31.49,416,70.9,848,23835,"79.2"
"60318","STATISTIK_AUSTRIA_GEM_20240101.60318","Lannach",0,3670,700,19.07,365,9.95,471,43.73,58.22,804,35.48,490,6.3,87,15.35,246,34.22,552,76.1,1051,26130,"123.1"
"60323","STATISTIK_AUSTRIA_GEM_20240101.60323","Pölfing-Brunn",0,1561,377,24.15,226,14.48,210,48.5,55.32,359,39.29,255,5.39,35,4.05,30,42.51,315,60.25,391,21497,"36.3"
"60324","STATISTIK_AUSTRIA_GEM_20240101.60324","Preding",1,1896,371,19.57,213,11.23,241,42.96,60.44,466,35.67,275,3.89,30,6.27,51,33.01,269,77.17,595,23369,"57.9"
"60326","STATISTIK_AUSTRIA_GEM_20240101.60326","Sankt Josef (Weststeiermark)",0,1675,311,18.57,145,8.66,222,42.69,54.15,352,42.31,275,3.54,23,6.93,50,28.53,206,81.69,531,23987,"53.1"
"60329","STATISTIK_AUSTRIA_GEM_20240101.60329","Sankt Peter im Sulmtal",1,1271,281,22.11,136,10.7,162,42.52,51.66,264,45.21,231,2.94,15,8.88,47,29.57,157,77.1,394,22153,"50.8"
"60341","STATISTIK_AUSTRIA_GEM_20240101.60341","Wettmannstätten",0,1649,344,20.86,143,8.67,198,38.75,49.78,335,46.95,316,3.27,22,4.56,30,25.23,166,80.09,539,22694,"40.5"
"60344","STATISTIK_AUSTRIA_GEM_20240101.60344","Deutschlandsberg",4,11757,2452,20.86,1446,12.3,1450,44.46,57.15,2533,32.87,1457,9.72,431,13.49,730,40.42,2191,71.73,3179,24770,"83"
"60345","STATISTIK_AUSTRIA_GEM_20240101.60345","Eibiswald",2,6154,1452,23.59,754,12.25,816,44.57,63.73,1717,31.77,856,4.49,121,5.31,142,32.76,876,72.83,1962,21248,"34.7"
"60346","STATISTIK_AUSTRIA_GEM_20240101.60346","Groß Sankt Florian",2,4090,839,20.51,451,11.03,519,42.86,58.27,969,36.5,607,5.23,87,3.66,62,29.69,503,76.73,1276,22315,"79.2"
"60347","STATISTIK_AUSTRIA_GEM_20240101.60347","Sankt Martin im Sulmtal",1,3000,672,22.4,367,12.23,401,43.59,67.85,861,28.68,364,3.39,43,1.72,21,28.04,344,80.22,1018,22266,"36.3"
"60348","STATISTIK_AUSTRIA_GEM_20240101.60348","Sankt Stefan ob Stainz",1,3671,826,22.5,381,10.38,471,42.55,56.09,898,38.73,620,5.12,82,8.24,121,29.64,439,84.95,1360,22702,"110.6"
"60349","STATISTIK_AUSTRIA_GEM_20240101.60349","Bad Schwanberg",4,4421,1050,23.75,496,11.22,574,43.03,68.27,1276,27.13,507,4.55,85,4.74,85,28.93,521,81.59,1525,23621,"54.1"
"60350","STATISTIK_AUSTRIA_GEM_20240101.60350","Stainz",1,8783,1825,20.78,947,10.78,1088,42.8,52.64,1866,41.41,1468,5.95,211,6.61,248,33.15,1249,79.55,2820,23690,"66.8"
"60351","STATISTIK_AUSTRIA_GEM_20240101.60351","Wies",1,4297,962,22.39,524,12.19,522,41.43,67.24,1215,28.33,512,4.37,79,3.23,57,33.5,592,79.36,1434,22944,"36.3"
"60608","STATISTIK_AUSTRIA_GEM_20240101.60608","Feldkirchen bei Graz",2,7299,1141,15.63,560,7.67,840,40.72,45.96,917,44.21,882,9.42,188,30.03,908,32.45,983,63.21,1261,24643,"274.8"
"60611","STATISTIK_AUSTRIA_GEM_20240101.60611","Gössendorf",1,4220,751,17.8,454,10.76,532,41.89,44.08,644,50.65,740,5.27,77,20.22,348,27.77,478,78.44,1146,26216,"193.3"
"60613","STATISTIK_AUSTRIA_GEM_20240101.60613","Gratkorn",2,8279,1426,17.22,813,9.82,1024,44.14,45.39,1028,41.37,937,12.98,294,16.36,623,39.06,1491,64.55,1462,26048,"126.1"
"60617","STATISTIK_AUSTRIA_GEM_20240101.60617","Hart bei Graz",1,5533,1081,19.54,509,9.2,696,42.75,37.22,689,56.83,1052,5.89,109,17.55,416,30.9,736,76.72,1420,29775,"255.2"
"60618","STATISTIK_AUSTRIA_GEM_20240101.60618","Haselsdorf-Tobelbad",0,1610,292,18.14,163,10.12,215,43.35,59.33,372,36.68,230,3.67,23,9.32,63,26.25,178,83.57,524,28608,"117.4"
"60619","STATISTIK_AUSTRIA_GEM_20240101.60619","Hausmannstätten",0,3803,590,15.51,388,10.2,467,41.62,52.39,604,37.73,435,9.8,113,24.08,381,29.1,461,71.29,822,28739,"157.1"
"60623","STATISTIK_AUSTRIA_GEM_20240101.60623","Kainbach bei Graz",1,2883,670,23.24,308,10.68,285,40.25,37.41,346,56,518,6.59,61,10.3,99,26.82,258,79.68,737,23150,"182.7"
"60624","STATISTIK_AUSTRIA_GEM_20240101.60624","Kalsdorf bei Graz",1,9010,1253,13.91,632,7.01,1018,41.21,37.32,809,50.09,1086,12.32,267,30.64,1155,33.51,1265,65.87,1428,24093,"189.6"
"60626","STATISTIK_AUSTRIA_GEM_20240101.60626","Kumberg",1,3947,866,21.94,339,8.59,457,38.57,53.18,778,42.45,621,4.37,64,6.59,104,26.8,424,79.15,1158,26418,"97.5"
"60628","STATISTIK_AUSTRIA_GEM_20240101.60628","Laßnitzhöhe",0,2902,587,20.23,386,13.3,331,42.22,58.12,562,32.89,318,9,87,16.52,207,37.73,475,73.63,712,26515,"148.4"
"60629","STATISTIK_AUSTRIA_GEM_20240101.60629","Lieboch",0,5754,999,17.36,635,11.04,761,47.27,55.44,1035,38.62,721,5.78,108,24.45,595,34.39,839,75.36,1407,27147,"163.6"
"60632","STATISTIK_AUSTRIA_GEM_20240101.60632","Peggau",0,2432,417,17.15,264,10.86,285,43.38,44.62,303,41.09,279,13.99,95,22.45,249,39.3,437,57.73,392,24522,"126.1"
"60639","STATISTIK_AUSTRIA_GEM_20240101.60639","Sankt Bartholomä",0,1504,286,19.02,155,10.31,174,37.74,60.26,364,35.43,214,4.3,26,1.69,10,26.01,154,85.76,518,24108,"90.5"
"60641","STATISTIK_AUSTRIA_GEM_20240101.60641","Sankt Oswald bei Plankenwarth",0,1260,288,22.86,118,9.37,172,45.03,64.8,313,29.61,143,5.59,27,5.64,30,29.7,158,83.64,404,25800,"90.5"
"60642","STATISTIK_AUSTRIA_GEM_20240101.60642","Sankt Radegund bei Graz",1,2156,471,21.85,245,11.36,268,42.54,49.37,429,44.3,385,6.21,54,10.85,102,34.43,325,75.6,657,27755,"88.6"
"60645","STATISTIK_AUSTRIA_GEM_20240101.60645","Semriach",0,3143,628,19.98,370,11.77,327,35.93,74.24,908,22.65,277,3.11,38,9.18,107,26.45,311,82.99,1015,22987,"82.3"
"60646","STATISTIK_AUSTRIA_GEM_20240101.60646","Stattegg",1,3029,602,19.87,341,11.26,374,41.33,55.9,625,37.75,422,6.35,71,17.27,218,28.09,355,83.9,938,32985,"242.7"
"60647","STATISTIK_AUSTRIA_GEM_20240101.60647","Stiwoll",0,691,143,20.69,77,11.14,90,41.47,75.35,217,22.57,65,2.08,6,0.77,2,22.78,59,91.32,263,23443,"90.5"
"60648","STATISTIK_AUSTRIA_GEM_20240101.60648","Thal",1,2541,518,20.39,302,11.89,310,41.72,53.33,505,42.56,403,4.01,38,10.8,104,24.46,237,79.83,756,29541,"164.9"
"60651","STATISTIK_AUSTRIA_GEM_20240101.60651","Übelbach",1,2068,424,20.5,274,13.25,298,48.69,48.85,360,44.23,326,6.92,51,12.06,109,33.3,302,71.91,530,23731,"81.6"
"60653","STATISTIK_AUSTRIA_GEM_20240101.60653","Vasoldsberg",0,4789,948,19.8,568,11.86,602,41.66,65.29,1155,32,566,2.71,48,7.13,132,23.99,445,82.59,1461,25712,"130.9"
"60654","STATISTIK_AUSTRIA_GEM_20240101.60654","Weinitzen",0,2751,595,21.63,332,12.07,342,42.22,58.88,600,32.58,332,8.54,87,8.63,91,24.36,258,80.27,818,27475,"201.7"
"60655","STATISTIK_AUSTRIA_GEM_20240101.60655","Werndorf",0,2956,457,15.46,205,6.94,367,43.74,48.96,424,42.61,369,8.43,73,23.9,282,29.49,348,74.25,643,24997,"127.1"
"60656","STATISTIK_AUSTRIA_GEM_20240101.60656","Wundschuh",0,1684,305,18.11,162,9.62,204,40.56,51.28,320,44.23,276,4.49,28,9.12,62,27.46,187,76.12,475,24773,"127.1"
"60659","STATISTIK_AUSTRIA_GEM_20240101.60659","Deutschfeistritz",1,4432,817,18.43,425,9.59,584,44.01,52.93,767,39.54,573,7.52,109,16.68,320,32.68,629,71.77,1040,24264,"81.6"
"60660","STATISTIK_AUSTRIA_GEM_20240101.60660","Dobl-Zwaring",0,3798,664,17.48,389,10.24,423,38.67,54.24,749,39.32,543,6.37,88,9.36,138,26.58,392,77.77,1074,23654,"117.2"
"60661","STATISTIK_AUSTRIA_GEM_20240101.60661","Eggersdorf bei Graz",0,7329,1384,18.88,671,9.16,863,40.35,55.56,1439,40.39,1046,4.02,104,7.49,218,27.64,805,76.18,1973,25474,"100.1"
"60662","STATISTIK_AUSTRIA_GEM_20240101.60662","Fernitz-Mellach",1,4951,1011,20.42,480,9.7,685,45.1,47.97,827,44.84,773,7.19,124,14.71,305,27.86,578,78.71,1357,25746,"121.8"
"60663","STATISTIK_AUSTRIA_GEM_20240101.60663","Frohnleiten",1,6690,1450,21.67,816,12.2,916,48.16,31.34,667,52.35,1114,16.31,347,16.68,519,39.01,1216,60.86,1295,25428,"110"
"60664","STATISTIK_AUSTRIA_GEM_20240101.60664","Gratwein-Straßengel",2,12799,2574,20.11,1400,10.94,1678,44.54,52.24,2196,38.44,1616,9.28,390,17.55,983,33.14,1858,76.17,3202,28099,"158.8"
"60665","STATISTIK_AUSTRIA_GEM_20240101.60665","Hitzendorf",0,7398,1486,20.09,778,10.52,942,42.11,52.96,1475,41.8,1164,5.24,146,7.55,223,25.75,761,82.01,2284,26659,"117.4"
"60666","STATISTIK_AUSTRIA_GEM_20240101.60666","Nestelbach bei Graz",0,2734,534,19.53,274,10.02,333,40.66,66.06,732,29.42,326,4.51,50,5.84,63,26.27,284,85.11,943,23923,"78.3"
"60667","STATISTIK_AUSTRIA_GEM_20240101.60667","Raaba-Grambach",0,5060,824,16.28,425,8.4,611,41.56,46.92,776,44.01,728,8.52,141,25.29,540,30.67,656,75.15,1243,28436,"199.3"
"60668","STATISTIK_AUSTRIA_GEM_20240101.60668","Sankt Marein bei Graz",0,3752,801,21.35,332,8.85,486,42.15,64.41,934,30.62,444,4.97,72,5.14,77,26.52,398,84.14,1220,22071,"63"
"60669","STATISTIK_AUSTRIA_GEM_20240101.60669","Seiersberg-Pirka",1,12289,2211,17.99,1028,8.37,1490,42.11,43.81,1678,45.87,1757,10.13,388,25.56,1335,32.49,1700,73.26,2806,28063,"274.4"
"60670","STATISTIK_AUSTRIA_GEM_20240101.60670","Premstätten",2,7178,1220,17,643,8.96,908,44.75,50.49,1143,42.93,972,6.58,149,19.13,573,32.13,966,73.32,1660,26334,"188.7"
"61001","STATISTIK_AUSTRIA_GEM_20240101.61001","Allerheiligen bei Wildon",0,1615,317,19.63,211,13.07,195,41.67,62.52,342,31.63,173,5.85,32,16.19,103,28.59,183,83.91,459,23427,"56.9"
"61002","STATISTIK_AUSTRIA_GEM_20240101.61002","Arnfels",0,960,225,23.44,132,13.75,120,44.28,65.4,259,28.03,111,6.57,26,3.46,14,34.98,142,71.46,283,23798,"41.8"
"61007","STATISTIK_AUSTRIA_GEM_20240101.61007","Empersdorf",1,1394,294,21.09,123,8.82,169,39.67,57.19,322,40.5,228,2.31,13,7.89,44,26.79,150,84.9,478,22662,"106.8"
"61008","STATISTIK_AUSTRIA_GEM_20240101.61008","Gabersdorf",0,1310,206,15.73,101,7.71,138,36.7,61.15,288,35.46,167,3.4,16,3.47,17,26.42,130,74.1,349,20945,"43.5"
"61012","STATISTIK_AUSTRIA_GEM_20240101.61012","Gralla",0,2876,441,15.33,232,8.07,320,40.2,59.11,506,36.33,311,4.56,39,15.12,183,33.03,400,70.79,606,21691,"112"
"61013","STATISTIK_AUSTRIA_GEM_20240101.61013","Großklein",0,2232,495,22.18,222,9.95,258,39.51,65.68,622,31.47,298,2.85,27,0.78,7,29.75,266,78.78,746,21582,"53"
"61016","STATISTIK_AUSTRIA_GEM_20240101.61016","Heimschuh",0,1997,396,19.83,208,10.42,263,43.04,56.05,440,38.6,303,5.35,42,0.97,8,26.82,221,74.01,581,21573,"66.5"
"61017","STATISTIK_AUSTRIA_GEM_20240101.61017","Hengsberg",0,1574,283,17.98,125,7.94,169,37.47,53.5,313,36.07,211,10.43,61,5.09,30,25.08,148,80.17,469,21805,"126.7"
"61019","STATISTIK_AUSTRIA_GEM_20240101.61019","Kitzeck im Sausal",1,1175,283,24.09,123,10.47,158,45.27,73.58,465,22.31,141,4.11,26,0.81,4,32.39,160,82.28,520,22390,"57.9"
"61020","STATISTIK_AUSTRIA_GEM_20240101.61020","Lang",0,1373,268,19.52,107,7.79,191,46.02,55.14,306,40.72,226,4.14,23,4.44,26,30.85,182,74.59,414,24000,"97.2"
"61021","STATISTIK_AUSTRIA_GEM_20240101.61021","Lebring-Sankt Margarethen",1,2260,451,19.96,211,9.34,316,45.01,63.87,571,32.33,289,3.8,34,7.54,74,29.57,291,72.71,650,24305,"74.9"
"61024","STATISTIK_AUSTRIA_GEM_20240101.61024","Oberhaag",0,2021,470,23.26,240,11.88,262,43.52,65.68,557,32.19,273,2.12,18,1.01,8,29.17,231,81.84,694,18975,"41.8"
"61027","STATISTIK_AUSTRIA_GEM_20240101.61027","Ragnitz",0,1647,304,18.46,144,8.74,210,43.75,56.18,359,41.16,263,2.66,17,3.25,21,27.01,175,84.51,540,23095,"56.9"
"61030","STATISTIK_AUSTRIA_GEM_20240101.61030","Sankt Andrä-Höch",0,1730,379,21.91,214,12.37,198,39.13,63.99,503,30.03,236,5.85,46,2.9,19,28.01,184,81.42,640,20088,"57.9"
"61032","STATISTIK_AUSTRIA_GEM_20240101.61032","Sankt Johann im Saggautal",0,1961,421,21.47,209,10.66,250,40.98,64.64,563,31.34,273,4.02,35,1.2,9,25.46,193,82.32,717,20154,"41.8"
"61033","STATISTIK_AUSTRIA_GEM_20240101.61033","Sankt Nikolai im Sausal",1,2345,521,22.22,252,10.75,331,47.83,71,940,27.27,361,1.74,23,2.01,19,30.7,291,89.5,1185,23171,"72.2"
"61043","STATISTIK_AUSTRIA_GEM_20240101.61043","Tillmitsch",1,3959,795,20.08,348,8.79,525,46.01,58.37,802,38.06,523,3.57,49,13.13,209,29.39,469,78.38,1077,22021,"119.5"
"61045","STATISTIK_AUSTRIA_GEM_20240101.61045","Wagna",1,6524,1202,18.42,584,8.95,837,45.29,54.32,1037,35.15,671,10.53,201,19.93,610,38.41,1177,69.36,1324,23812,"151.5"
"61049","STATISTIK_AUSTRIA_GEM_20240101.61049","Ehrenhausen an der Weinstraße",0,2410,518,21.49,248,10.29,325,45.97,55.08,580,36.56,385,8.26,87,6.95,78,37.58,425,61.44,647,22226,"63.6"
"61050","STATISTIK_AUSTRIA_GEM_20240101.61050","Gamlitz",0,3144,684,21.76,374,11.9,390,41.36,48.57,596,46.05,565,5.3,65,3.8,48,30.77,392,77.26,948,20616,"63.6"
"61051","STATISTIK_AUSTRIA_GEM_20240101.61051","Gleinstätten",1,2811,590,20.99,266,9.46,365,43.3,59.36,726,36.14,442,4.5,55,7.16,87,32.46,395,76.61,937,22955,"57.9"
"61052","STATISTIK_AUSTRIA_GEM_20240101.61052","Heiligenkreuz am Waasen",1,2928,566,19.33,283,9.67,363,41.97,57.58,627,38.84,423,3.49,38,8.93,106,29.41,350,79.8,869,23881,"63"
"61053","STATISTIK_AUSTRIA_GEM_20240101.61053","Leibnitz",1,13517,2581,19.09,1346,9.96,1733,46.32,43.28,1682,43.8,1702,12.74,495,17.56,1139,41.42,2700,64,2487,24117,"165.3"
"61054","STATISTIK_AUSTRIA_GEM_20240101.61054","Leutschach an der Weinstraße",0,3535,724,20.48,378,10.69,418,40.15,60.49,908,33.04,496,6.4,96,4.62,62,29.46,398,75.82,1138,20210,"49.9"
"61055","STATISTIK_AUSTRIA_GEM_20240101.61055","Sankt Georgen an der Stiefing",0,1614,302,18.71,143,8.86,208,42.8,61.83,379,35.07,215,2.94,18,7.01,45,27.24,176,75.53,463,23737,"56.9"
"61057","STATISTIK_AUSTRIA_GEM_20240101.61057","Schwarzautal",0,2361,495,20.97,268,11.35,294,40.61,61.34,560,35.16,321,3.5,32,4.19,37,23.76,210,85.32,779,20650,"43.5"
"61059","STATISTIK_AUSTRIA_GEM_20240101.61059","Wildon",1,5745,1059,18.43,558,9.71,721,43.43,41.75,842,52.11,1051,6.15,124,14.68,359,32.92,806,72.09,1454,24139,"128.4"
"61060","STATISTIK_AUSTRIA_GEM_20240101.61060","Sankt Veit in der Südsteiermark",1,4426,917,20.72,472,10.66,536,40.24,64.15,1113,33.03,573,2.82,49,3.15,54,25.7,442,80.29,1393,20316,"48.3"
"61061","STATISTIK_AUSTRIA_GEM_20240101.61061","Straß in Steiermark",5,6535,1261,19.3,549,8.4,815,42.63,64.36,1685,31.89,835,3.74,98,7.06,194,31.05,858,74.64,1954,23121,"62.5"
"61101","STATISTIK_AUSTRIA_GEM_20240101.61101","Eisenerz",3,3362,927,27.57,781,23.23,582,61.78,28.43,377,51.36,681,19.76,262,7.03,135,49.97,964,34.69,460,27724,"38.4"
"61105","STATISTIK_AUSTRIA_GEM_20240101.61105","Kalwang",1,1040,220,21.15,191,18.37,153,54.64,28.18,104,60.16,222,11.65,43,14.94,72,42.24,204,53.39,197,26657,"38.4"
"61106","STATISTIK_AUSTRIA_GEM_20240101.61106","Kammern im Liesingtal",0,1671,314,18.79,229,13.7,203,42.2,53.24,353,42.38,281,4.37,29,7.16,50,32.1,225,75.11,498,24062,"67"
"61107","STATISTIK_AUSTRIA_GEM_20240101.61107","Kraubath an der Mur",0,1339,280,20.91,148,11.05,190,45.67,46.69,247,45.56,241,7.75,41,6.95,41,29.73,176,66.16,350,24784,"66"
"61108","STATISTIK_AUSTRIA_GEM_20240101.61108","Leoben",8,24561,4625,18.83,3021,12.3,3354,53.02,22,979,44.57,1983,30.12,1340,13.77,1754,48.55,6194,43,1913,25973,"102.9"
"61109","STATISTIK_AUSTRIA_GEM_20240101.61109","Mautern in Steiermark",0,1656,385,23.25,242,14.61,242,51.38,33.65,212,53.49,337,12.86,81,11.21,86,38.59,296,56.98,359,23748,"38.4"
"61110","STATISTIK_AUSTRIA_GEM_20240101.61110","Niklasdorf",2,2346,475,20.25,315,13.43,356,54.43,38.66,242,42.81,268,18.53,116,18.98,231,46.15,563,42.65,267,24292,"67"
"61111","STATISTIK_AUSTRIA_GEM_20240101.61111","Proleb",1,1553,336,21.64,191,12.3,254,51.73,27.35,163,66.28,395,6.38,38,21.33,154,32.97,239,72.32,431,28376,"67"
"61112","STATISTIK_AUSTRIA_GEM_20240101.61112","Radmer",2,474,137,28.9,84,17.72,82,53.25,64.23,167,30,78,5.77,15,1.63,4,36.18,89,66.92,174,25161,"38.4"
"61113","STATISTIK_AUSTRIA_GEM_20240101.61113","Sankt Michael in Obersteiermark",1,3027,640,21.14,346,11.43,447,50.57,31.85,286,54.12,486,14.03,126,21.03,313,40.23,599,62.81,564,25479,"92.4"
"61114","STATISTIK_AUSTRIA_GEM_20240101.61114","Sankt Peter-Freienstein",0,2306,448,19.43,318,13.79,333,48.12,38.88,339,52.29,456,8.83,77,7.07,74,34.35,361,66.86,583,25766,"67"
"61115","STATISTIK_AUSTRIA_GEM_20240101.61115","Sankt Stefan ob Leoben",1,1816,412,22.69,225,12.39,282,51.55,47.21,356,43.5,328,9.28,70,5.37,46,36.7,316,73.47,554,24520,"66"
"61116","STATISTIK_AUSTRIA_GEM_20240101.61116","Traboch",1,1417,314,22.16,143,10.09,214,49.42,58,319,36.91,203,5.09,28,7.75,51,34.29,227,66.91,368,26260,"67"
"61118","STATISTIK_AUSTRIA_GEM_20240101.61118","Vordernberg",0,945,233,24.66,162,17.14,153,60.96,32.05,125,48.46,189,18.97,74,4.38,20,45.65,210,45.64,178,24341,"38.4"
"61119","STATISTIK_AUSTRIA_GEM_20240101.61119","Wald am Schoberpaß",0,528,115,21.78,94,17.8,72,50,35.84,100,44.09,123,20.07,56,9.43,25,44.53,118,57.35,160,22511,"38.4"
"61120","STATISTIK_AUSTRIA_GEM_20240101.61120","Trofaiach",2,11030,2396,21.72,1584,14.36,1672,52.61,38.59,1350,49.71,1739,11.21,392,8.98,499,42.28,2354,68.98,2413,25587,"67"
"61203","STATISTIK_AUSTRIA_GEM_20240101.61203","Aigen im Ennstal",1,2745,582,21.2,276,10.05,338,42.09,44.55,482,45.56,493,9.06,98,8.45,93,30.22,333,79.48,860,24762,"99.8"
"61204","STATISTIK_AUSTRIA_GEM_20240101.61204","Altaussee",3,1913,458,23.94,312,16.31,218,43.25,36.52,412,51.95,586,11.26,127,6.13,53,43.18,377,73.49,829,26195,"489"
"61205","STATISTIK_AUSTRIA_GEM_20240101.61205","Altenmarkt bei Sankt Gallen",0,779,165,21.18,112,14.38,115,48.12,57.14,160,37.5,105,5.36,15,1.92,7,34.79,127,64.64,181,24213,"84.3"
"61206","STATISTIK_AUSTRIA_GEM_20240101.61206","Ardning",0,1308,308,23.55,204,15.6,183,48.16,55.97,267,39.83,190,4.19,20,7.21,36,24.45,122,78.2,373,25106,"84.3"
"61207","STATISTIK_AUSTRIA_GEM_20240101.61207","Bad Aussee",0,4988,1107,22.19,750,15.04,592,43.63,27.14,576,57.78,1226,14.99,318,13.03,324,45.38,1130,67.34,1429,26499,"183.5"
"61213","STATISTIK_AUSTRIA_GEM_20240101.61213","Gröbming",0,3202,616,19.24,344,10.74,371,43.14,35.77,367,51.85,532,12.38,127,25.66,391,43.53,666,56.34,578,25589,"166.6"
"61215","STATISTIK_AUSTRIA_GEM_20240101.61215","Grundlsee",0,1181,291,24.64,188,15.92,145,43.94,25.53,191,61.76,462,12.43,93,9.36,53,42,239,69.92,523,25513,"183.5"
"61217","STATISTIK_AUSTRIA_GEM_20240101.61217","Haus",0,2451,516,21.05,253,10.32,271,39.05,16.78,179,65.79,702,17.43,186,12.68,126,30.84,309,56.42,602,22983,"276"
"61222","STATISTIK_AUSTRIA_GEM_20240101.61222","Lassing",0,1684,355,21.08,253,15.02,204,42.24,48.22,284,46.01,271,5.77,34,8.48,54,26.65,170,71.31,420,22694,"99.8"
"61236","STATISTIK_AUSTRIA_GEM_20240101.61236","Ramsau am Dachstein",1,2910,570,19.59,329,11.31,279,34.62,21.69,246,55.64,631,22.66,257,12.68,135,32.67,362,53.62,608,23241,"477.2"
"61243","STATISTIK_AUSTRIA_GEM_20240101.61243","Selzthal",0,1476,336,22.76,160,10.84,209,49.76,29.36,165,55.52,312,14.95,84,7.33,56,44.31,339,59.25,333,26342,"75.4"
"61247","STATISTIK_AUSTRIA_GEM_20240101.61247","Trieben",2,3297,680,20.62,440,13.35,445,48.85,43.41,428,42.09,415,14.1,139,27.59,439,42.43,675,66.53,656,25028,"75.4"
"61251","STATISTIK_AUSTRIA_GEM_20240101.61251","Wildalpen",1,432,119,27.55,74,17.13,71,52.59,70.19,219,29.17,91,0.64,2,0,0,34.29,72,79.49,248,26998,"38.4"
"61252","STATISTIK_AUSTRIA_GEM_20240101.61252","Wörschach",1,1226,241,19.66,130,10.6,153,43.34,37.86,170,51,229,11.14,50,9.39,51,35.17,191,63.47,285,24862,"99.8"
"61253","STATISTIK_AUSTRIA_GEM_20240101.61253","Admont",1,4910,1048,21.34,638,12.99,665,46.34,32.92,645,58.3,1142,8.78,172,11.28,255,37.11,839,71.41,1399,25388,"84.3"
"61254","STATISTIK_AUSTRIA_GEM_20240101.61254","Aich",0,1322,255,19.29,99,7.49,114,31.58,32.16,173,61.34,330,6.32,34,13.56,67,31.11,154,77.32,416,22697,"166.6"
"61255","STATISTIK_AUSTRIA_GEM_20240101.61255","Bad Mitterndorf",3,4964,1131,22.78,578,11.64,631,44.94,32.59,776,55.73,1327,11,262,13.39,308,39.52,915,72.2,1719,24609,"132.3"
"61256","STATISTIK_AUSTRIA_GEM_20240101.61256","Gaishorn am See",0,1356,286,21.09,150,11.06,196,47.69,43.15,249,48.53,280,8.32,48,8.03,47,31.06,182,73.48,424,24999,"75.4"
"61257","STATISTIK_AUSTRIA_GEM_20240101.61257","Irdning-Donnersbachtal",0,4173,855,20.49,462,11.07,506,41.61,28.68,495,59.56,1028,11.7,202,11.74,211,34.35,621,69.35,1197,25044,"117.7"
"61258","STATISTIK_AUSTRIA_GEM_20240101.61258","Landl",1,2474,606,24.49,403,16.29,378,51.78,49.88,631,42.37,536,7.75,98,3.45,41,38.71,461,72.57,918,24263,"38.4"
"61259","STATISTIK_AUSTRIA_GEM_20240101.61259","Liezen",3,8147,1626,19.96,943,11.57,1080,48.09,31.26,644,47.43,977,20.44,421,20.94,844,43.24,1746,53.2,1096,25198,"94.1"
"61260","STATISTIK_AUSTRIA_GEM_20240101.61260","Michaelerberg-Pruggern",0,1271,205,16.13,112,8.81,125,35.71,40,234,49.91,292,10.09,59,8.18,40,31.9,156,60.68,355,23010,"166.6"
"61261","STATISTIK_AUSTRIA_GEM_20240101.61261","Mitterberg-Sankt Martin",0,1975,393,19.9,186,9.42,223,38.99,40.75,339,52.16,434,7.09,59,8.51,67,29.37,232,75.24,626,23882,"101.1"
"61262","STATISTIK_AUSTRIA_GEM_20240101.61262","Öblarn",2,1891,368,19.46,214,11.32,234,43.25,40.71,309,51.38,390,7.91,60,10.54,86,35.37,289,70.62,536,23195,"79.1"
"61263","STATISTIK_AUSTRIA_GEM_20240101.61263","Rottenmann",0,4960,1014,20.44,636,12.82,724,49.42,45.55,701,42.69,657,11.5,177,21.64,511,39.29,937,59.58,917,25393,"75.4"
"61264","STATISTIK_AUSTRIA_GEM_20240101.61264","Sankt Gallen",0,1797,362,20.14,249,13.86,249,47.61,54.95,394,35.84,257,9.21,66,5.13,41,36.49,293,67.92,487,23469,"84.3"
"61265","STATISTIK_AUSTRIA_GEM_20240101.61265","Schladming",3,6572,1341,20.4,778,11.84,696,39.82,21.62,504,47.58,1109,30.42,709,22.66,660,42.05,1246,38.01,886,24784,"364.2"
"61266","STATISTIK_AUSTRIA_GEM_20240101.61266","Sölk",0,1461,308,21.08,158,10.81,180,40.27,47.59,316,45.63,303,6.78,45,6.74,38,26.41,150,79.22,526,21579,"79.1"
"61267","STATISTIK_AUSTRIA_GEM_20240101.61267","Stainach-Pürgg",0,2714,531,19.57,382,14.08,347,46.51,46.22,477,41.28,426,12.5,129,18.98,246,42.15,550,65.7,678,24110,"99.8"
"61410","STATISTIK_AUSTRIA_GEM_20240101.61410","Mühlen",1,864,193,22.34,107,12.38,104,39.39,47.75,170,49.44,176,2.81,10,2.55,8,23.42,74,75.84,270,20989,"44.8"
"61413","STATISTIK_AUSTRIA_GEM_20240101.61413","Niederwölz",0,597,120,20.1,61,10.22,75,41.9,40.63,91,50,112,9.38,21,5.58,15,33.46,90,62.95,141,22870,"44.9"
"61425","STATISTIK_AUSTRIA_GEM_20240101.61425","St. Peter am Kammersberg",0,1978,409,20.68,245,12.39,232,40.07,38.88,306,50.83,400,10.29,81,3.96,29,28.03,206,76.87,605,20702,"47.9"
"61428","STATISTIK_AUSTRIA_GEM_20240101.61428","Schöder",0,865,216,24.97,99,11.45,109,40.37,41.91,158,54.11,204,3.98,15,7.87,27,28.86,99,80.64,304,21836,"47.9"
"61437","STATISTIK_AUSTRIA_GEM_20240101.61437","Krakau",1,1355,322,23.76,139,10.26,151,37.19,45.93,254,48.28,267,5.79,32,7.44,38,25.24,130,80.47,445,21327,"47.9"
"61438","STATISTIK_AUSTRIA_GEM_20240101.61438","Murau",0,3330,792,23.78,505,15.17,442,46.87,29.51,386,49.08,642,21.41,280,15.62,248,41.97,672,55.05,720,26965,"87.9"
"61439","STATISTIK_AUSTRIA_GEM_20240101.61439","Neumarkt in der Steiermark",1,4805,1041,21.66,628,13.07,641,45.24,37.72,762,53.02,1071,9.16,185,8.37,176,35.48,749,68.27,1379,22439,"44.8"
"61440","STATISTIK_AUSTRIA_GEM_20240101.61440","Oberwölz",0,2917,622,21.32,386,13.23,328,38.36,41.67,598,51.85,744,6.41,92,2.52,28,28.88,324,74.22,1065,20304,"44.9"
"61441","STATISTIK_AUSTRIA_GEM_20240101.61441","Ranten",0,1115,235,21.08,115,10.31,120,36.25,27.46,117,65.49,279,7.04,30,4.65,20,28.7,124,77,328,20910,"47.9"
"61442","STATISTIK_AUSTRIA_GEM_20240101.61442","Sankt Georgen am Kreischberg",0,1666,366,21.97,196,11.76,190,38.85,28.87,248,62.17,534,8.85,76,12.41,83,31.85,214,58.44,502,24508,"102.4"
"61443","STATISTIK_AUSTRIA_GEM_20240101.61443","Sankt Lambrecht",2,1784,453,25.39,233,13.06,246,46.77,48.91,447,42.89,392,8.1,74,7.95,62,35.41,279,59.08,540,23310,"44.8"
"61444","STATISTIK_AUSTRIA_GEM_20240101.61444","Scheifling",0,2117,445,21.02,213,10.06,261,41.56,49.82,425,43.49,371,6.68,57,8.21,78,34.84,331,71.51,610,25178,"44.9"
"61445","STATISTIK_AUSTRIA_GEM_20240101.61445","Stadl-Predlitz",0,1672,394,23.56,202,12.08,190,39.92,42.84,473,48.82,539,8.15,90,4.89,33,31.27,212,69.84,771,21737,"102.4"
"61446","STATISTIK_AUSTRIA_GEM_20240101.61446","Teufenbach-Katsch",0,1833,377,20.57,215,11.73,206,41.04,38.01,260,50.73,347,10.96,75,6.65,51,33.98,261,64.91,444,22380,"44.9"
"61611","STATISTIK_AUSTRIA_GEM_20240101.61611","Krottendorf-Gaisfeld",0,2416,519,21.48,242,10.02,320,42.16,61.76,617,35.24,352,3,30,4.54,46,26.92,273,73.27,732,23909,"65.4"
"61612","STATISTIK_AUSTRIA_GEM_20240101.61612","Ligist",0,3232,689,21.32,322,9.96,425,42.97,63.44,767,31.6,382,4.96,60,8.38,115,30.09,414,77.09,932,23798,"61.7"
"61615","STATISTIK_AUSTRIA_GEM_20240101.61615","Mooskirchen",0,2226,450,20.22,228,10.24,280,44.03,37.58,307,57.65,471,4.77,39,12.83,118,30.94,285,75.76,619,22159,"61.7"
"61618","STATISTIK_AUSTRIA_GEM_20240101.61618","Rosental an der Kainach",1,1682,390,23.19,202,12.01,249,51.13,57.53,336,33.39,195,9.08,53,11.15,90,39.58,321,63.18,369,25206,"46.2"
"61621","STATISTIK_AUSTRIA_GEM_20240101.61621","Sankt Martin am Wöllmißberg",0,790,184,23.29,83,10.51,99,41.95,66.67,226,29.5,100,3.83,13,1,3,26.82,81,81.42,276,22212,"65.4"
"61624","STATISTIK_AUSTRIA_GEM_20240101.61624","Stallhofen",0,3257,711,21.83,295,9.06,428,43.36,57.9,707,37.02,452,5.08,62,5.03,64,25.43,324,77.81,950,22509,"67.9"
"61625","STATISTIK_AUSTRIA_GEM_20240101.61625","Voitsberg",5,9547,2011,21.06,1268,13.28,1187,45.44,38.01,1197,49.16,1548,12.77,402,10.78,486,41.71,1880,62.97,1983,23857,"73"
"61626","STATISTIK_AUSTRIA_GEM_20240101.61626","Bärnbach",0,5894,1189,20.17,662,11.23,770,44.64,34.44,705,55.54,1137,9.92,203,15.67,416,34.9,928,71.28,1459,24328,"93.8"
"61627","STATISTIK_AUSTRIA_GEM_20240101.61627","Edelschrott",0,1640,390,23.78,224,13.66,195,41.05,67.1,626,29.9,279,3,28,1.01,7,35.01,243,85.21,795,22207,"41.5"
"61628","STATISTIK_AUSTRIA_GEM_20240101.61628","Geistthal-Södingberg",0,1425,328,23.02,144,10.11,194,42.17,74.11,501,23.82,161,2.07,14,2.67,15,25.71,145,82.99,561,20140,"31.3"
"61629","STATISTIK_AUSTRIA_GEM_20240101.61629","Hirschegg-Pack",1,1004,271,26.99,123,12.25,131,44.56,75.82,552,21.7,158,2.47,18,0.47,2,35.28,151,84.48,615,23087,"41.5"
"61630","STATISTIK_AUSTRIA_GEM_20240101.61630","Kainach bei Voitsberg",0,1510,374,24.77,173,11.46,213,43.65,65.65,430,29.47,193,4.73,31,2.14,13,24.67,150,72.52,475,21527,"31.3"
"61631","STATISTIK_AUSTRIA_GEM_20240101.61631","Köflach",2,9489,2118,22.32,1372,14.46,1350,48.82,48.78,1653,39.72,1346,11.36,385,11.94,568,42.17,2012,68.66,2327,24386,"65.3"
"61632","STATISTIK_AUSTRIA_GEM_20240101.61632","Maria Lankowitz",0,2703,643,23.79,345,12.76,363,47.51,60.81,703,33.48,387,5.36,62,17.38,219,40.41,510,76.21,881,22853,"65.3"
"61633","STATISTIK_AUSTRIA_GEM_20240101.61633","Söding-Sankt Johann",0,4357,873,20.04,402,9.23,572,44.44,55.29,925,39.21,656,5.5,92,6.6,118,30.06,539,75.31,1260,24763,"77.9"
"61701","STATISTIK_AUSTRIA_GEM_20240101.61701","Albersdorf-Prebuch",0,2288,397,17.35,157,6.86,272,39.82,53.33,408,42.22,323,4.44,34,7.95,72,26.6,241,73.86,565,22588,"80.5"
"61708","STATISTIK_AUSTRIA_GEM_20240101.61708","Fischbach",0,1493,327,21.9,151,10.11,184,40.62,55.58,314,39.47,223,4.96,28,3.62,20,28.6,159,70.27,397,21829,"34.2"
"61710","STATISTIK_AUSTRIA_GEM_20240101.61710","Floing",0,1199,241,20.1,120,10.01,146,38.93,37.44,158,58.53,247,4.03,17,5.61,25,23.09,103,73.7,311,21986,"45.6"
"61711","STATISTIK_AUSTRIA_GEM_20240101.61711","Gasen",1,848,183,21.58,85,10.02,101,40.08,45.36,137,47.68,144,6.95,21,3.18,9,19.43,55,75.83,229,19284,"45.3"
"61716","STATISTIK_AUSTRIA_GEM_20240101.61716","Markt Hartmannsdorf",0,2997,614,20.49,265,8.84,359,40.66,60.75,647,34.65,369,4.6,49,7.29,86,28,331,77,820,21450,"45.7"
"61719","STATISTIK_AUSTRIA_GEM_20240101.61719","Hofstätten an der Raab",3,2368,421,17.78,197,8.32,319,45.06,54.45,434,44.04,351,1.51,12,10.63,106,29.7,297,76.66,611,23499,"98.4"
"61727","STATISTIK_AUSTRIA_GEM_20240101.61727","Ludersdorf-Wilfersdorf",1,2581,450,17.44,172,6.66,352,45.6,46.77,435,48.28,449,4.95,46,15.26,172,31.69,360,69.46,646,23722,"91.5"
"61728","STATISTIK_AUSTRIA_GEM_20240101.61728","Miesenbach bei Birkfeld",0,666,135,20.27,59,8.86,73,37.06,42.08,101,47.08,113,10.83,26,0.47,1,20.75,44,72.08,173,19417,"37.4"
"61729","STATISTIK_AUSTRIA_GEM_20240101.61729","Mitterdorf an der Raab",0,2140,419,19.58,183,8.55,278,41.87,63.74,494,33.68,261,2.58,20,1.95,16,23.6,194,78.97,612,23453,"96.4"
"61730","STATISTIK_AUSTRIA_GEM_20240101.61730","Mortantsch",1,2269,404,17.81,186,8.2,255,37.83,53.54,401,39.79,298,6.68,50,3.36,28,23.86,199,81.98,614,24065,"88.2"
"61731","STATISTIK_AUSTRIA_GEM_20240101.61731","Naas",0,1321,277,20.97,123,9.31,177,42.14,54.89,264,38.25,184,6.86,33,5.58,27,19.38,94,79.21,381,21920,"77.7"
"61740","STATISTIK_AUSTRIA_GEM_20240101.61740","Puch bei Weiz",0,2049,428,20.89,216,10.54,250,39.75,23.13,185,73.5,588,3.38,27,1.9,15,25.57,202,70.25,562,22098,"45.6"
"61741","STATISTIK_AUSTRIA_GEM_20240101.61741","Ratten",1,1087,252,23.18,168,15.46,134,43.51,54.9,213,38.4,149,6.7,26,5.97,25,31.74,133,55.67,216,21822,"34.2"
"61743","STATISTIK_AUSTRIA_GEM_20240101.61743","Rettenegg",0,688,147,21.37,104,15.12,86,42.57,26.09,84,66.15,213,7.76,25,3.45,10,34.48,100,62.42,201,22125,"34.2"
"61744","STATISTIK_AUSTRIA_GEM_20240101.61744","St. Kathrein am Hauenstein",0,613,126,20.55,73,11.91,63,35.8,57.84,155,35.07,94,7.09,19,1.29,3,29.61,69,67.91,182,20050,"34.2"
"61745","STATISTIK_AUSTRIA_GEM_20240101.61745","Sankt Kathrein am Offenegg",0,1068,247,23.13,132,12.36,150,44.64,63.16,312,32.79,162,4.05,20,1.44,6,23.81,100,73.48,363,20423,"45.3"
"61746","STATISTIK_AUSTRIA_GEM_20240101.61746","St. Margarethen an der Raab",3,4199,806,19.2,451,10.74,524,41.62,53.88,819,42.43,645,3.68,56,5.27,87,25.33,420,73.42,1116,21296,"55.7"
"61748","STATISTIK_AUSTRIA_GEM_20240101.61748","Sinabelkirchen",1,4491,822,18.3,341,7.59,521,38.76,58.15,885,37.19,566,4.66,71,6.48,109,24.75,417,77,1172,21310,"47.5"
"61750","STATISTIK_AUSTRIA_GEM_20240101.61750","Strallegg",2,1904,396,20.8,190,9.98,232,39.93,58.8,354,37.54,226,3.65,22,0.49,3,19.02,116,56.48,340,19952,"37.4"
"61751","STATISTIK_AUSTRIA_GEM_20240101.61751","Thannhausen",0,2427,491,20.23,231,9.52,316,42.3,58.21,493,37.19,315,4.6,39,8.59,79,23.32,215,80.28,680,23405,"77.7"
"61756","STATISTIK_AUSTRIA_GEM_20240101.61756","Anger",2,3992,892,22.34,392,9.82,562,45.07,22.67,335,69.76,1031,7.44,110,7.82,130,28.57,476,62.79,928,23526,"42.6"
"61757","STATISTIK_AUSTRIA_GEM_20240101.61757","Birkfeld",0,4941,1087,22,559,11.31,632,42.67,49.62,841,41.65,706,8.67,147,5.05,93,28.33,523,64.66,1096,21311,"37.4"
"61758","STATISTIK_AUSTRIA_GEM_20240101.61758","Fladnitz an der Teichalm",0,1799,319,17.73,189,10.51,185,35.71,18.94,136,70.75,508,10.31,74,4.93,33,28.87,194,66.02,474,21450,"45.3"
"61759","STATISTIK_AUSTRIA_GEM_20240101.61759","Gersdorf an der Feistritz",0,1745,320,18.34,171,9.8,193,37.7,59.81,369,36.3,224,3.57,22,5.74,35,23.57,144,83.79,517,19587,"27.3"
"61760","STATISTIK_AUSTRIA_GEM_20240101.61760","Gleisdorf",1,11533,2049,17.77,1079,9.36,1360,42.18,47.43,1624,41.27,1413,11.21,384,22.49,1164,37.57,1949,66.91,2291,25370,"98.4"
"61761","STATISTIK_AUSTRIA_GEM_20240101.61761","Gutenberg",0,1641,353,21.51,132,8.04,210,41.34,62.76,396,32.96,208,4.28,27,7.97,49,24.23,149,83.84,529,24063,"47.7"
"61762","STATISTIK_AUSTRIA_GEM_20240101.61762","Ilztal",0,2243,454,20.24,220,9.81,267,41.08,49.11,413,47.09,396,3.69,31,3.59,31,27.78,240,76.69,645,20477,"38.4"
"61763","STATISTIK_AUSTRIA_GEM_20240101.61763","Passail",1,4366,877,20.09,515,11.8,511,39.28,54.24,857,41.65,658,4.11,65,6.72,108,25.02,402,76.08,1202,21684,"47.7"
"61764","STATISTIK_AUSTRIA_GEM_20240101.61764","Pischelsdorf am Kulm",0,3898,767,19.68,405,10.39,448,39.93,61.31,843,34.04,468,4.58,63,6.19,95,29.82,459,73.82,1015,22210,"50.1"
"61765","STATISTIK_AUSTRIA_GEM_20240101.61765","Sankt Ruprecht an der Raab",2,5681,1020,17.95,391,6.88,633,38.53,47.18,921,47.85,934,4.97,97,7.41,166,29.08,652,71.52,1396,22554,"59.3"
"61766","STATISTIK_AUSTRIA_GEM_20240101.61766","Weiz",5,12116,2342,19.33,1388,11.46,1567,48.48,42.2,1315,42.39,1321,14.7,458,16.71,975,44.36,2593,57,1776,25976,"138.1"
"62007","STATISTIK_AUSTRIA_GEM_20240101.62007","Fohnsdorf",4,7662,1632,21.3,1111,14.5,1063,49.24,41.96,1044,43.61,1085,14.11,351,8.83,318,40.04,1445,60.41,1503,25488,"63.9"
"62008","STATISTIK_AUSTRIA_GEM_20240101.62008","Gaal",0,1301,301,23.14,140,10.76,181,44.69,50.92,248,43.94,214,5.13,25,11.58,58,24.7,124,80.29,391,22082,"70.2"
"62010","STATISTIK_AUSTRIA_GEM_20240101.62010","Hohentauern",0,372,97,26.08,53,14.25,65,58.04,25.76,93,67.04,242,7.2,26,7.53,14,41.18,77,71.19,257,27300,"89.7"
"62014","STATISTIK_AUSTRIA_GEM_20240101.62014","Kobenz",0,2091,370,17.69,247,11.81,259,43.09,41.91,311,54.58,405,3.5,26,7.95,64,26.43,213,78.3,581,26884,"98.1"
"62021","STATISTIK_AUSTRIA_GEM_20240101.62021","Pusterwald",0,426,79,18.54,63,14.79,55,42.97,43.43,86,53.03,105,3.54,7,6.94,12,31.79,55,82.83,164,21468,"36.8"
"62026","STATISTIK_AUSTRIA_GEM_20240101.62026","Sankt Georgen ob Judenburg",0,823,198,24.06,117,14.22,117,47.18,49.27,168,46.04,157,4.69,16,5.59,19,30.21,103,71.85,245,23974,"37.3"
"62032","STATISTIK_AUSTRIA_GEM_20240101.62032","Sankt Peter ob Judenburg",0,1119,221,19.75,183,16.35,143,45.25,46.76,195,43.88,183,9.35,39,5.66,26,30.43,140,70.26,293,25424,"85.7"
"62034","STATISTIK_AUSTRIA_GEM_20240101.62034","Seckau",1,1326,284,21.42,143,10.78,155,40.36,36.79,181,56.91,280,6.3,31,6.8,35,27.8,144,78.86,388,27484,"70.2"
"62036","STATISTIK_AUSTRIA_GEM_20240101.62036","Unzmarkt-Frauenburg",0,1274,291,22.84,196,15.38,163,45.4,43.72,209,47.49,227,8.79,42,6.07,33,35.04,192,65.69,314,23145,"60.3"
"62038","STATISTIK_AUSTRIA_GEM_20240101.62038","Zeltweg",5,6993,1493,21.35,852,12.18,1036,52.94,34.36,605,47.47,836,16.87,297,16.23,579,44.18,1580,61.56,1084,25251,"87.4"
"62039","STATISTIK_AUSTRIA_GEM_20240101.62039","Lobmingtal",0,1820,425,23.35,200,10.99,260,46.51,51.67,387,38.85,291,9.48,71,11.88,88,26.72,198,72.76,545,24536,"57.9"
"62040","STATISTIK_AUSTRIA_GEM_20240101.62040","Judenburg",1,9607,2085,21.7,1319,13.73,1319,50.13,36.14,850,42.22,993,19.9,468,14.96,752,46.67,2348,55.74,1311,25913,"88.2"
"62041","STATISTIK_AUSTRIA_GEM_20240101.62041","Knittelfeld",4,12870,2475,19.23,1543,11.99,1645,48.78,29.34,775,45.74,1208,23.44,619,10.16,652,46.6,2997,51.76,1367,25691,"106.6"
"62042","STATISTIK_AUSTRIA_GEM_20240101.62042","Obdach",1,3788,833,21.99,432,11.4,430,39.56,59.47,939,34.07,538,6.46,102,7.29,108,31.92,473,75.11,1186,23028,"64.4"
"62043","STATISTIK_AUSTRIA_GEM_20240101.62043","Pöls-Oberkurzheim",3,2762,645,23.35,396,14.34,386,48.25,44.45,481,45.29,490,10.26,111,11.68,154,39.14,517,67.38,729,24752,"53.8"
"62044","STATISTIK_AUSTRIA_GEM_20240101.62044","Pölstal",0,2515,590,23.46,342,13.6,317,44.9,35.13,385,53.28,584,11.5,126,6.64,72,37.66,409,74,811,22158,"36.8"
"62045","STATISTIK_AUSTRIA_GEM_20240101.62045","Sankt Marein-Feistritz",1,1995,396,19.85,219,10.98,244,40.6,30.49,250,65,533,4.51,37,6.5,51,26.05,205,78.78,646,25003,"84"
"62046","STATISTIK_AUSTRIA_GEM_20240101.62046","Sankt Margarethen bei Knittelfeld",0,2666,586,21.98,323,12.12,408,49.94,48.89,550,45.87,516,5.24,59,5,56,29.54,332,80.27,903,25097,"80.2"
"62047","STATISTIK_AUSTRIA_GEM_20240101.62047","Spielberg",2,5351,1200,22.43,566,10.58,798,48.33,45.85,807,45.8,806,8.01,141,12.04,286,31.09,744,73.47,1293,26610,"91.5"
"62048","STATISTIK_AUSTRIA_GEM_20240101.62048","Weißkirchen in Steiermark",2,4755,1016,21.37,545,11.46,646,44.22,45.43,785,47.57,822,7,121,8.52,165,28.15,547,74.71,1291,25179,"92.6"
"62105","STATISTIK_AUSTRIA_GEM_20240101.62105","Breitenau am Hochlantsch",0,1561,396,25.37,268,17.17,265,55.09,15.26,94,67.53,416,17.05,105,18.31,134,35.56,261,56.33,347,26913,"78.7"
"62115","STATISTIK_AUSTRIA_GEM_20240101.62115","Krieglach",3,5438,1073,19.73,669,12.3,779,48.87,32.12,626,55,1072,12.88,251,10.68,268,37.24,935,63.47,1237,24825,"68.4"
"62116","STATISTIK_AUSTRIA_GEM_20240101.62116","Langenwang",2,3902,898,23.01,507,12.99,614,51.77,40.81,517,49.72,630,9.31,118,11.39,205,34.59,625,63.61,806,24848,"71.2"
"62125","STATISTIK_AUSTRIA_GEM_20240101.62125","Pernegg an der Mur",1,2572,523,20.33,341,13.26,372,49.4,47.78,442,44.22,409,8,74,12.34,141,33.59,386,67.46,624,25343,"78.7"
"62128","STATISTIK_AUSTRIA_GEM_20240101.62128","Sankt Lorenzen im Mürztal",1,3766,761,20.21,426,11.31,564,48.33,47.29,638,48.18,650,4.52,61,8.38,131,27.46,430,71.24,961,26740,"125.4"
"62131","STATISTIK_AUSTRIA_GEM_20240101.62131","Spital am Semmering",4,1424,380,26.69,238,16.71,231,56.34,54.01,586,38.43,417,7.56,82,6.92,50,43.17,313,77.7,843,26744,"44.8"
"62132","STATISTIK_AUSTRIA_GEM_20240101.62132","Stanz im Mürztal",0,1769,429,24.25,204,11.53,264,48.18,43.53,340,49.3,385,7.17,56,7.61,58,30.55,234,70.17,548,22644,"78.7"
"62135","STATISTIK_AUSTRIA_GEM_20240101.62135","Turnau",0,1553,308,19.83,232,14.94,204,45.74,44.87,293,47.78,312,7.35,48,8.23,53,32.14,207,69.98,457,23599,"65.5"
"62138","STATISTIK_AUSTRIA_GEM_20240101.62138","Aflenz",1,2445,592,24.21,341,13.95,369,51.39,44.55,490,48.27,531,7.18,79,10.1,114,36.22,410,72.91,802,26990,"56.6"
"62139","STATISTIK_AUSTRIA_GEM_20240101.62139","Bruck an der Mur",3,15735,3255,20.69,2156,13.7,2241,52.59,34.27,1336,43.51,1696,21.4,834,18.63,1500,46,3713,57.05,2224,26894,"95.1"
"62140","STATISTIK_AUSTRIA_GEM_20240101.62140","Kapfenberg",1,21907,4513,20.6,2691,12.28,3049,49.76,36.94,1954,42.9,2269,19.12,1011,12.24,1301,41.59,4429,59.5,3147,24888,"84.3"
"62141","STATISTIK_AUSTRIA_GEM_20240101.62141","Kindberg",3,8149,1704,20.91,1066,13.08,1225,50.64,44.72,1151,44.6,1148,10.41,268,15.71,604,37.56,1446,62.74,1615,25989,"72.8"
"62142","STATISTIK_AUSTRIA_GEM_20240101.62142","Mariazell",1,3547,894,25.2,545,15.37,528,52.54,45.76,825,40.21,725,13.64,246,12.16,217,43.64,782,60.4,1089,24701,"74.2"
"62143","STATISTIK_AUSTRIA_GEM_20240101.62143","Mürzzuschlag",2,7819,1724,22.05,1332,17.04,1200,54.74,32.38,716,45.82,1013,20.76,459,11.12,446,45.02,1808,53.28,1178,25579,"71.2"
"62144","STATISTIK_AUSTRIA_GEM_20240101.62144","Neuberg an der Mürz",2,2249,605,26.9,341,15.16,349,52.25,45.66,637,47.17,658,7.17,100,7.36,84,41.24,471,74.62,1041,25061,"47.1"
"62145","STATISTIK_AUSTRIA_GEM_20240101.62145","Sankt Barbara im Mürztal",2,6412,1487,23.19,952,14.85,1057,54.63,42.07,987,44.2,1037,13.47,316,20.31,643,39.12,1239,63.09,1480,25997,"49"
"62146","STATISTIK_AUSTRIA_GEM_20240101.62146","Sankt Marein im Mürztal",1,2879,489,16.99,291,10.11,358,42.82,47.19,436,45.67,422,7.14,66,9.55,122,33.96,435,67.1,620,25184,"87.3"
"62147","STATISTIK_AUSTRIA_GEM_20240101.62147","Thörl",1,2159,506,23.44,309,14.31,320,49.61,31.37,277,57.08,504,11.33,100,7.81,78,36.36,364,67.27,594,23684,"56.7"
"62148","STATISTIK_AUSTRIA_GEM_20240101.62148","Tragöß-Sankt Katharein",0,1791,446,24.9,239,13.34,307,56.02,38.25,319,51.08,426,10.67,89,4.46,37,33.85,282,62.11,518,23751,"56.7"
"62202","STATISTIK_AUSTRIA_GEM_20240101.62202","Bad Blumau",0,1672,323,19.32,165,9.87,186,38.04,64.85,380,30.2,177,4.95,29,2.09,13,27.4,171,67.92,398,20769,"32.6"
"62205","STATISTIK_AUSTRIA_GEM_20240101.62205","Buch-St. Magdalena",0,2195,454,20.68,212,9.66,291,42.54,65.44,551,32.78,276,1.78,15,1.35,11,23.81,195,80.88,681,21730,"32.1"
"62206","STATISTIK_AUSTRIA_GEM_20240101.62206","Burgau",0,1087,253,23.28,148,13.62,140,45.75,63.1,301,32.7,156,4.19,20,5.71,29,39.76,202,64.15,306,23978,"32.6"
"62209","STATISTIK_AUSTRIA_GEM_20240101.62209","Ebersdorf",0,1304,253,19.4,112,8.59,164,42.38,63.07,292,29.81,138,7.13,33,2.22,11,27.16,135,82.51,382,21124,"32.1"
"62211","STATISTIK_AUSTRIA_GEM_20240101.62211","Friedberg",0,2677,551,20.58,268,10.01,300,38.96,47.56,467,44.5,437,7.84,77,7.3,78,31.15,333,64.26,631,23518,"35.7"
"62214","STATISTIK_AUSTRIA_GEM_20240101.62214","Greinbach",1,1856,366,19.72,168,9.05,216,38.78,42.55,297,50,349,7.45,52,0.88,6,25.95,177,69.2,483,21045,"52.7"
"62216","STATISTIK_AUSTRIA_GEM_20240101.62216","Großsteinbach",0,1297,303,23.36,110,8.48,162,40.6,63.64,322,32.81,166,3.36,17,4.74,24,23.72,120,77.27,391,22774,"22.5"
"62219","STATISTIK_AUSTRIA_GEM_20240101.62219","Hartberg",3,6725,1384,20.58,876,13.03,723,40.35,44.89,966,42.94,924,11.9,256,9.85,308,43.13,1352,59.25,1275,26652,"73.7"
"62220","STATISTIK_AUSTRIA_GEM_20240101.62220","Hartberg Umgebung",0,2216,430,19.4,192,8.66,211,32.66,50.56,408,46.1,372,3.35,27,1.26,9,20.61,148,74.85,604,22773,"46.8"
"62226","STATISTIK_AUSTRIA_GEM_20240101.62226","Lafnitz",0,1451,258,17.78,159,10.96,179,42.12,63.18,338,31.96,171,4.67,25,2.26,13,28.25,163,73.83,395,22403,"32.3"
"62232","STATISTIK_AUSTRIA_GEM_20240101.62232","Ottendorf an der Rittschein",0,1612,327,20.29,128,7.94,210,42.42,57.51,360,36.9,231,5.59,35,4.84,31,25.23,162,83.39,522,21260,"24.8"
"62233","STATISTIK_AUSTRIA_GEM_20240101.62233","Pinggau",1,3081,647,21,290,9.41,343,38.28,60.93,764,34.45,432,4.63,58,5.13,65,31.86,404,72.97,915,22844,"39"
"62235","STATISTIK_AUSTRIA_GEM_20240101.62235","Pöllauberg",2,1967,429,21.81,194,9.86,249,40.1,38.35,283,55.96,413,5.69,42,1.46,10,20.35,140,74.93,553,20264,"45.7"
"62242","STATISTIK_AUSTRIA_GEM_20240101.62242","Sankt Jakob im Walde",0,1021,199,19.49,93,9.11,138,43.95,58.79,234,37.44,149,3.77,15,0,0,19.13,66,66.08,263,20295,"30.8"
"62244","STATISTIK_AUSTRIA_GEM_20240101.62244","Sankt Johann in der Haide",0,2321,436,18.79,240,10.34,275,41.73,47.79,378,45.51,360,6.7,53,6.01,59,33.71,331,58.79,465,21980,"30.8"
"62245","STATISTIK_AUSTRIA_GEM_20240101.62245","Sankt Lorenzen am Wechsel",0,1416,292,20.62,165,11.65,180,40.36,47.11,253,47.11,253,5.59,30,0.36,2,22.26,124,61.64,331,20633,"30.8"
"62247","STATISTIK_AUSTRIA_GEM_20240101.62247","Schäffern",0,1342,248,18.48,121,9.02,125,33.16,62.6,313,32.2,161,5.2,26,1.32,6,23.79,108,78.8,394,19399,"38"
"62256","STATISTIK_AUSTRIA_GEM_20240101.62256","Stubenberg",0,2224,523,23.52,288,12.95,253,40.16,73.9,657,23.73,211,2.25,20,6.07,53,32.47,288,71.09,632,21751,"33.7"
"62262","STATISTIK_AUSTRIA_GEM_20240101.62262","Wenigzell",0,1370,351,25.62,132,9.64,183,43.06,51.59,243,39.28,185,8.92,42,5.13,24,23.57,111,70.28,331,21459,"30.8"
"62264","STATISTIK_AUSTRIA_GEM_20240101.62264","Bad Waltersdorf",2,3978,755,18.98,374,9.4,465,39.71,55.41,886,41.9,670,2.63,42,4.2,67,30.18,485,71.04,1136,22548,"46.3"
"62265","STATISTIK_AUSTRIA_GEM_20240101.62265","Dechantskirchen",0,2005,457,22.79,193,9.63,242,40.6,57.84,439,39.39,299,2.77,21,1.25,10,28.52,229,69.7,529,21900,"35.7"
"62266","STATISTIK_AUSTRIA_GEM_20240101.62266","Feistritztal",0,2324,463,19.92,240,10.33,295,40.86,62.91,609,33.57,325,3.51,34,4.57,43,27.97,264,74.07,717,21108,"32.7"
"62268","STATISTIK_AUSTRIA_GEM_20240101.62268","Grafendorf bei Hartberg",2,3247,647,19.93,291,8.96,350,36.08,54.54,643,40.37,476,5.09,60,5.82,71,26.14,320,68.45,807,21797,"38.1"
"62269","STATISTIK_AUSTRIA_GEM_20240101.62269","Großwilfersdorf",0,2103,448,21.3,198,9.42,259,40.41,58.08,564,39.44,383,2.47,24,1.81,16,27.68,245,75.18,730,23180,"38"
"62270","STATISTIK_AUSTRIA_GEM_20240101.62270","Hartl",0,2119,466,21.99,167,7.88,262,39.1,44.16,359,53.01,431,2.83,23,1.6,12,18.44,139,75.28,612,19672,"22.5"
"62271","STATISTIK_AUSTRIA_GEM_20240101.62271","Ilz",1,3842,737,19.18,363,9.45,430,38.7,58.37,833,37.28,532,4.34,62,9.67,155,32.48,522,70.36,1004,22710,"42.4"
"62272","STATISTIK_AUSTRIA_GEM_20240101.62272","Kaindorf",0,3030,602,19.87,297,9.8,306,35.87,55.81,586,40.57,426,3.62,38,2.36,27,28.89,332,70.38,739,20829,"33.7"
"62273","STATISTIK_AUSTRIA_GEM_20240101.62273","Bad Loipersdorf",1,1823,405,22.22,193,10.59,225,40.54,67.2,500,29.17,217,3.49,26,3.78,29,29.4,227,70.56,525,20841,"39.4"
"62274","STATISTIK_AUSTRIA_GEM_20240101.62274","Neudau",0,1511,308,20.38,121,8.01,182,42.92,68.87,365,26.79,142,4.34,23,1.25,8,35.46,228,69.81,370,22133,"32.6"
"62275","STATISTIK_AUSTRIA_GEM_20240101.62275","Pöllau",0,5890,1304,22.14,624,10.59,702,39.55,50.1,1000,41.83,835,8.02,160,5.3,113,26.81,575,73.3,1463,21734,"43.5"
"62276","STATISTIK_AUSTRIA_GEM_20240101.62276","Rohr bei Hartberg",0,1397,307,21.98,144,10.31,184,42.01,55.09,352,39.44,252,5.48,35,0.85,5,28.96,172,74.65,477,21219,"33.1"
"62277","STATISTIK_AUSTRIA_GEM_20240101.62277","Rohrbach an der Lafnitz",0,2611,563,21.56,278,10.65,332,41.71,57.76,603,38.79,405,3.45,36,5.42,56,28.68,298,73.08,763,22435,"32"
"62278","STATISTIK_AUSTRIA_GEM_20240101.62278","Vorau",2,4591,1058,23.05,525,11.44,563,40.86,47.41,751,48.61,770,3.98,63,2.46,42,24.52,419,65.53,1038,21088,"30.8"
"62279","STATISTIK_AUSTRIA_GEM_20240101.62279","Waldbach-Mönichwald",1,1386,342,24.68,165,11.9,180,42.86,57.05,344,32.84,198,10.12,61,7.13,38,28.22,151,73.63,444,21325,"30.8"
"62311","STATISTIK_AUSTRIA_GEM_20240101.62311","Edelsbach bei Feldbach",0,1356,282,20.8,127,9.37,156,37.86,65.35,332,31.89,162,2.76,14,0.2,1,22.59,115,75.59,384,21240,"34"
"62314","STATISTIK_AUSTRIA_GEM_20240101.62314","Eichkögl",0,1387,255,18.39,105,7.57,180,41.47,67.04,356,30.32,161,2.64,14,2.69,14,21.84,114,79.85,424,20574,"34"
"62326","STATISTIK_AUSTRIA_GEM_20240101.62326","Halbenrain",1,1696,400,23.58,227,13.38,199,39.8,73.63,536,23.76,173,2.61,19,2.48,17,31.05,213,75.96,553,22310,"34.1"
"62330","STATISTIK_AUSTRIA_GEM_20240101.62330","Jagerberg",0,1588,320,20.15,161,10.14,161,34.18,68.77,425,27.51,170,3.72,23,1.39,8,26.22,151,85.11,526,19203,"28.1"
"62332","STATISTIK_AUSTRIA_GEM_20240101.62332","Kapfenstein",2,1499,325,21.68,146,9.74,184,39.15,63.01,385,35.02,214,1.96,12,0.75,4,21.99,117,81.01,495,19687,"30.6"
"62335","STATISTIK_AUSTRIA_GEM_20240101.62335","Klöch",0,1162,303,26.08,158,13.6,161,44.11,68.11,440,29.1,188,2.79,18,1.59,8,28.97,146,81.42,526,21837,"34.1"
"62343","STATISTIK_AUSTRIA_GEM_20240101.62343","Mettersdorf am Saßbach",0,1360,275,20.22,207,15.22,171,43.18,71.37,374,25.38,133,3.24,17,2.63,13,24.75,123,83.02,435,18502,"28.1"
"62368","STATISTIK_AUSTRIA_GEM_20240101.62368","Tieschen",0,1193,289,24.22,146,12.24,158,42.82,67.78,385,29.93,170,2.29,13,1.02,5,28.34,140,83.8,476,20568,"34.1"
"62372","STATISTIK_AUSTRIA_GEM_20240101.62372","Unterlamm",0,1265,284,22.45,120,9.49,152,41.42,66.47,341,29.24,150,4.29,22,3.38,17,28.06,142,69.4,356,20004,"25.3"
"62375","STATISTIK_AUSTRIA_GEM_20240101.62375","Bad Gleichenberg",1,5232,1243,23.76,670,12.81,691,46.01,54.51,1111,37.83,771,7.41,151,8.27,193,36.73,859,71.93,1466,22950,"47.4"
"62376","STATISTIK_AUSTRIA_GEM_20240101.62376","Bad Radkersburg",3,3220,919,28.54,513,15.93,410,47.62,53.03,727,36.69,503,10.28,141,10.03,155,43.94,685,64.7,887,25733,"61.8"
"62377","STATISTIK_AUSTRIA_GEM_20240101.62377","Deutsch Goritz",3,1779,390,21.92,200,11.24,254,45.28,70.29,575,26.77,219,2.81,23,2.62,19,24.31,177,79.71,652,20990,"28.1"
"62378","STATISTIK_AUSTRIA_GEM_20240101.62378","Fehring",2,7146,1561,21.84,892,12.48,871,41.81,63.21,1759,31.84,886,4.89,136,6.02,180,32.58,977,71.79,1998,22074,"25.3"
"62379","STATISTIK_AUSTRIA_GEM_20240101.62379","Feldbach",10,13495,2702,20.02,1421,10.53,1693,44.22,54.84,2305,35.78,1504,9.23,388,13.39,800,36.96,2219,67.45,2835,23866,"51.7"
"62380","STATISTIK_AUSTRIA_GEM_20240101.62380","Gnas",2,5969,1262,21.14,634,10.62,700,39.04,68.42,1562,28.65,654,2.89,66,4.12,88,23.68,510,82.3,1879,19323,"26.1"
"62381","STATISTIK_AUSTRIA_GEM_20240101.62381","Kirchbach-Zerlach",1,3200,700,21.88,312,9.75,399,41.43,68.52,814,27.61,328,3.87,46,6.28,78,26.97,336,80.98,962,21485,"51.2"
"62382","STATISTIK_AUSTRIA_GEM_20240101.62382","Kirchberg an der Raab",1,4574,919,20.09,433,9.47,588,41.73,60.05,1105,35.98,662,3.97,73,5.59,105,26.88,505,78.32,1441,22210,"44.6"
"62383","STATISTIK_AUSTRIA_GEM_20240101.62383","Mureck",0,3503,801,22.87,438,12.5,423,42.17,66.31,998,29.1,438,4.52,68,4.7,74,37.59,594,73.29,1103,23631,"44.8"
"62384","STATISTIK_AUSTRIA_GEM_20240101.62384","Paldau",0,3142,659,20.97,285,9.07,344,37.68,65.47,764,32.65,381,1.8,21,6.45,76,26.23,310,77.46,904,19871,"37.8"
"62385","STATISTIK_AUSTRIA_GEM_20240101.62385","Pirching am Traubenberg",0,2513,506,20.14,211,8.4,328,41.31,64.62,610,32.63,308,2.75,26,5.77,56,21.48,209,80.72,762,22850,"51.2"
"62386","STATISTIK_AUSTRIA_GEM_20240101.62386","Riegersburg",1,4950,1055,21.31,489,9.88,651,42.41,63.1,1180,33.53,627,3.37,63,4.57,88,24.88,480,74.97,1402,20960,"35.1"
"62387","STATISTIK_AUSTRIA_GEM_20240101.62387","Sankt Anna am Aigen",1,2350,547,23.28,260,11.06,305,41.95,56.68,594,39.5,414,3.82,40,0.78,7,23.86,214,77.19,809,20040,"30.6"
"62388","STATISTIK_AUSTRIA_GEM_20240101.62388","Sankt Peter am Ottersbach",1,2884,634,21.98,320,11.1,308,35.81,58.25,752,38.96,503,2.79,36,1.35,15,27.11,302,83.04,1072,19938,"28.1"
"62389","STATISTIK_AUSTRIA_GEM_20240101.62389","Sankt Stefan im Rosental",0,3795,779,20.53,376,9.91,463,40.79,56.59,751,40.02,531,3.39,45,5.66,84,27.89,415,76.56,1016,20773,"37.8"
"62390","STATISTIK_AUSTRIA_GEM_20240101.62390","Straden",0,3400,833,24.5,407,11.97,455,42.36,55.07,913,42.64,707,2.29,38,2.9,41,27.92,395,82.99,1376,21115,"36.3"
"70101","STATISTIK_AUSTRIA_GEM_20240101.70101","Innsbruck",21,132499,19902,15.02,13676,10.32,14369,46.18,11.99,1619,27.28,3684,48.37,6533,24.09,15734,48.44,31724,22.61,3054,28939,"1088.8"
"70201","STATISTIK_AUSTRIA_GEM_20240101.70201","Arzl im Pitztal",2,3195,568,17.78,284,8.89,339,37.09,19.11,171,60.34,540,20.22,181,22.57,290,29.53,380,49.61,444,22474,"172"
"70202","STATISTIK_AUSTRIA_GEM_20240101.70202","Haiming",1,4877,789,16.18,406,8.32,524,37.24,22.01,324,64.33,947,13.59,200,26.34,516,28.24,555,56.18,827,24117,"310.5"
"70203","STATISTIK_AUSTRIA_GEM_20240101.70203","Imst",1,11183,1801,16.1,1007,9,1183,39.13,18.57,450,50.23,1217,30.38,736,27.38,1310,36.37,1747,43.75,1060,24966,"317"
"70204","STATISTIK_AUSTRIA_GEM_20240101.70204","Imsterberg",0,832,144,17.31,55,6.61,71,30.34,14.98,37,61.54,152,23.48,58,15.66,44,19.08,54,48.58,120,25991,"172"
"70205","STATISTIK_AUSTRIA_GEM_20240101.70205","Jerzens",0,889,169,19.01,72,8.1,83,31.44,25.23,82,60.92,198,13.85,45,9.2,32,27.12,96,51.69,168,22011,"172"
"70206","STATISTIK_AUSTRIA_GEM_20240101.70206","Karres",0,621,104,16.75,50,8.05,59,31.38,15.31,32,66.03,138,18.66,39,11.07,29,28.63,75,59.33,124,25221,"222.9"
"70207","STATISTIK_AUSTRIA_GEM_20240101.70207","Karrösten",2,721,145,20.11,62,8.6,86,40.38,25.84,69,55.81,149,18.35,49,15.16,47,30.87,96,51.31,137,25127,"222.9"
"70208","STATISTIK_AUSTRIA_GEM_20240101.70208","Längenfeld",0,4911,797,16.23,293,5.97,451,32.7,17.04,268,62.24,979,20.6,324,22.15,406,25.32,469,53.97,849,21624,"160.1"
"70209","STATISTIK_AUSTRIA_GEM_20240101.70209","Mieming",2,3946,715,18.12,376,9.53,413,36.88,25.02,323,61.74,797,13.17,170,22.65,378,33.17,555,58.79,759,28112,"382.5"
"70210","STATISTIK_AUSTRIA_GEM_20240101.70210","Mils bei Imst",2,667,95,14.24,58,8.7,87,43.94,25.33,57,60.44,136,14.22,32,14.66,39,25.56,68,63.56,143,24638,"172"
"70211","STATISTIK_AUSTRIA_GEM_20240101.70211","Mötz",2,1380,249,18.04,107,7.75,146,36.68,31.74,139,58.9,258,9.36,41,19.32,108,28.26,158,67.12,294,28317,"353"
"70212","STATISTIK_AUSTRIA_GEM_20240101.70212","Nassereith",1,2263,433,19.13,244,10.78,270,41.93,27.34,213,60.98,475,11.55,90,10.02,90,28.68,259,62.64,488,21810,"195.7"
"70213","STATISTIK_AUSTRIA_GEM_20240101.70213","Obsteig",1,1460,249,17.05,127,8.7,147,36.93,22.64,103,61.32,279,16.04,73,18.41,109,33,197,62.64,285,25022,"359"
"70214","STATISTIK_AUSTRIA_GEM_20240101.70214","Oetz",2,2411,469,19.45,221,9.17,262,37.38,17.58,145,60.97,503,21.45,177,23.33,231,30.05,299,58.55,483,23479,"240.1"
"70215","STATISTIK_AUSTRIA_GEM_20240101.70215","Rietz",0,2518,451,17.91,176,6.99,279,38.38,23.96,185,63.08,487,12.82,99,24.28,252,30.87,321,59.97,463,23888,"325.9"
"70216","STATISTIK_AUSTRIA_GEM_20240101.70216","Roppen",2,1969,303,15.39,157,7.97,211,37.28,26.25,157,55.52,332,18.06,108,21.58,167,27.16,211,52.51,314,24448,"394"
"70217","STATISTIK_AUSTRIA_GEM_20240101.70217","St. Leonhard im Pitztal",0,1450,276,19.03,103,7.1,134,32.92,12.95,65,62.95,316,24.1,121,15.84,86,27.99,157,49.2,247,22742,"160.1"
"70218","STATISTIK_AUSTRIA_GEM_20240101.70218","Sautens",3,1609,276,17.15,145,9.01,172,37.15,28.99,158,52.29,285,18.53,101,14.22,91,27.75,179,58.9,321,22486,"162.5"
"70219","STATISTIK_AUSTRIA_GEM_20240101.70219","Silz",2,2625,522,19.89,257,9.79,271,37.85,19.14,161,65.52,551,15.1,127,16.36,171,32.03,337,52.2,439,24951,"194.5"
"70220","STATISTIK_AUSTRIA_GEM_20240101.70220","Sölden",1,3080,517,16.79,235,7.63,277,33.7,13.92,167,41.33,496,43.17,518,18.35,214,35.94,441,24.25,291,22587,"473.4"
"70221","STATISTIK_AUSTRIA_GEM_20240101.70221","Stams",0,1574,246,15.63,131,8.32,176,38.77,21.55,103,65.48,313,12.97,62,23.02,145,28.05,177,55.65,266,25463,"194.5"
"70222","STATISTIK_AUSTRIA_GEM_20240101.70222","Tarrenz",1,2813,520,18.49,224,7.96,298,36.12,29.11,264,52.81,479,17.97,163,17.4,201,29.39,340,57.99,526,23323,"206.6"
"70223","STATISTIK_AUSTRIA_GEM_20240101.70223","Umhausen",2,3534,508,14.37,226,6.4,325,32.89,18.35,198,61.35,662,20.2,218,20.81,288,29.28,407,56.16,606,20513,"185.1"
"70224","STATISTIK_AUSTRIA_GEM_20240101.70224","Wenns",0,2160,383,17.73,165,7.64,232,37.72,32.12,211,52.05,342,15.83,104,15.48,143,32.51,301,50.99,335,21043,"172"
"70301","STATISTIK_AUSTRIA_GEM_20240101.70301","Absam",3,7333,1333,18.18,762,10.39,919,43.19,18.08,286,55.37,876,26.42,418,36.92,1219,34.95,1156,43.87,694,29600,"1116.1"
"70302","STATISTIK_AUSTRIA_GEM_20240101.70302","Aldrans",2,2828,415,14.67,266,9.41,282,37.01,21.35,146,59.36,406,18.71,128,31.58,372,34.38,406,54.68,374,34090,"1092.7"
"70303","STATISTIK_AUSTRIA_GEM_20240101.70303","Ampass",1,1829,284,15.53,151,8.26,220,41.98,16,80,60.8,304,23,115,33.25,264,31.7,252,56,280,28221,"667.4"
"70304","STATISTIK_AUSTRIA_GEM_20240101.70304","Axams",1,6361,1218,19.15,673,10.58,782,42.66,17.94,317,56.99,1007,25.01,442,32.26,900,34.11,955,53.03,937,27785,"884.1"
"70305","STATISTIK_AUSTRIA_GEM_20240101.70305","Baumkirchen",0,1261,240,19.03,100,7.93,172,46.11,19.47,74,61.05,232,19.47,74,30.4,166,30.66,168,59.47,226,27147,"826.6"
"70306","STATISTIK_AUSTRIA_GEM_20240101.70306","Birgitz",2,1478,279,18.88,155,10.49,185,42.43,13.49,53,59.03,232,27.48,108,27.57,188,36.55,250,56.49,222,29454,"1065.8"
"70307","STATISTIK_AUSTRIA_GEM_20240101.70307","Ellbögen",0,1180,196,16.61,114,9.66,120,36.14,21.46,88,60,246,18.54,76,18.52,90,34.09,166,59.27,243,24910,"249.4"
"70308","STATISTIK_AUSTRIA_GEM_20240101.70308","Flaurling",0,1325,213,16.08,108,8.15,155,39.85,22.22,96,68.98,298,8.8,38,24.39,130,28.14,150,67.13,290,25472,"467.3"
"70309","STATISTIK_AUSTRIA_GEM_20240101.70309","Fritzens",0,2191,400,18.26,172,7.85,302,45.35,15.65,90,57.39,330,26.09,150,31.64,299,28.68,271,46.96,270,28967,"826.6"
"70310","STATISTIK_AUSTRIA_GEM_20240101.70310","Fulpmes",0,4623,785,16.98,398,8.61,474,36.63,14.88,171,52.22,600,32.38,372,33.81,642,32.14,612,44.3,509,24142,"642.3"
"70311","STATISTIK_AUSTRIA_GEM_20240101.70311","Gnadenwald",0,858,143,16.67,75,8.74,87,37.02,23.08,69,56.86,170,20.07,60,16.15,57,30.59,108,61.2,183,29399,"826.6"
"70312","STATISTIK_AUSTRIA_GEM_20240101.70312","Götzens",1,4220,779,18.46,376,8.91,518,42.35,18.57,213,56.06,643,25.02,287,31.46,587,34.33,642,51.26,588,30062,"1065.8"
"70313","STATISTIK_AUSTRIA_GEM_20240101.70313","Gries am Brenner",0,1341,240,17.9,125,9.32,125,34.63,23.95,108,62.31,281,13.75,62,24.64,137,35.17,198,55.88,252,24573,"134.4"
"70314","STATISTIK_AUSTRIA_GEM_20240101.70314","Gries im Sellrain",0,633,113,17.85,56,8.85,51,29.82,20.34,48,58.9,139,20.76,49,14.79,38,30.89,80,60.17,142,21032,"184"
"70315","STATISTIK_AUSTRIA_GEM_20240101.70315","Grinzens",1,1489,246,16.52,126,8.46,137,32.85,17.78,80,67.11,302,15.11,68,20.2,120,29.41,175,56,252,26375,"542.2"
"70317","STATISTIK_AUSTRIA_GEM_20240101.70317","Gschnitz",0,466,79,16.95,45,9.66,43,34.68,48.7,75,38.96,60,12.34,19,23.78,39,25.61,42,67.53,104,22567,"134.4"
"70318","STATISTIK_AUSTRIA_GEM_20240101.70318","Hatting",0,1491,217,14.55,119,7.98,181,40.22,7.89,33,67.7,283,24.4,102,27.16,176,30.86,200,61,255,26120,"655.1"
"70319","STATISTIK_AUSTRIA_GEM_20240101.70319","Inzing",0,4146,746,17.99,322,7.77,495,41.08,20.93,235,61.98,696,16.83,189,29.4,504,29.55,508,57.44,645,26774,"977.1"
"70320","STATISTIK_AUSTRIA_GEM_20240101.70320","Kematen in Tirol",1,3319,554,16.69,234,7.05,387,41.79,15.01,104,55.41,384,28.86,200,33.33,481,34.7,501,47.76,331,27768,"1065.8"
"70322","STATISTIK_AUSTRIA_GEM_20240101.70322","Kolsass",0,1675,291,17.37,140,8.36,217,43.66,17.61,78,63.88,283,18.51,82,32.24,226,28.82,202,48.98,217,26794,"826.6"
"70323","STATISTIK_AUSTRIA_GEM_20240101.70323","Kolsassberg",0,879,144,16.38,73,8.3,94,37.15,38.92,137,49.72,175,11.08,39,18.9,65,26.59,92,66.19,233,25625,"336.1"
"70325","STATISTIK_AUSTRIA_GEM_20240101.70325","Lans",0,1195,193,16.15,109,9.12,122,37.77,18.24,58,61.32,195,20.44,65,28.77,147,36.13,185,45.91,146,36681,"1092.7"
"70326","STATISTIK_AUSTRIA_GEM_20240101.70326","Leutasch",1,2550,545,21.37,242,9.49,315,44.12,27.73,292,57.93,610,14.15,149,11.43,123,35.02,387,54.89,578,21538,"416"
"70328","STATISTIK_AUSTRIA_GEM_20240101.70328","Mieders",1,2000,330,16.5,163,8.15,197,35.18,26.66,153,55.05,316,18.29,105,23.55,187,30.24,241,53.83,309,27667,"642.3"
"70329","STATISTIK_AUSTRIA_GEM_20240101.70329","Mils",1,4720,739,15.66,568,12.03,534,40.67,16.71,211,63.58,803,19.71,249,36.35,699,31.39,604,60.02,758,30536,"1168.2"
"70331","STATISTIK_AUSTRIA_GEM_20240101.70331","Mutters",1,2309,404,17.5,219,9.48,257,39.54,18.93,127,61.55,413,19.37,130,27.64,264,33.02,319,52.46,352,30161,"1028.3"
"70332","STATISTIK_AUSTRIA_GEM_20240101.70332","Natters",2,2167,407,18.78,266,12.28,253,42.95,16.7,97,62.99,366,20.14,117,24.95,236,36.85,349,50.95,296,32408,"854.4"
"70333","STATISTIK_AUSTRIA_GEM_20240101.70333","Navis",0,2052,353,17.2,178,8.67,236,38.06,18.28,117,63.44,406,18.13,116,23.11,190,25.06,207,52.81,338,24418,"249.4"
"70334","STATISTIK_AUSTRIA_GEM_20240101.70334","Neustift im Stubaital",1,5002,822,16.43,413,8.26,506,36.12,15.02,215,54.37,778,30.4,435,23.96,463,29.47,584,37.18,532,22229,"559.8"
"70335","STATISTIK_AUSTRIA_GEM_20240101.70335","Oberhofen im Inntal",0,1953,327,16.74,154,7.89,188,33.69,19.6,109,67.63,376,12.77,71,20.31,155,27.26,208,62.95,350,22679,"467.3"
"70336","STATISTIK_AUSTRIA_GEM_20240101.70336","Obernberg am Brenner",0,397,77,19.4,30,7.56,31,28.18,14.61,26,65.73,117,19.1,34,6.94,10,29.45,43,69.66,124,24033,"134.4"
"70337","STATISTIK_AUSTRIA_GEM_20240101.70337","Oberperfuss",1,3155,526,16.67,299,9.48,336,36.96,12.95,116,60.83,545,26.12,234,31.22,399,29.63,379,56.81,509,26080,"542.2"
"70338","STATISTIK_AUSTRIA_GEM_20240101.70338","Patsch",1,1146,181,15.79,114,9.95,136,40.6,21.43,66,54.22,167,24.35,75,33,163,30.51,151,45.45,140,30989,"1092.7"
"70339","STATISTIK_AUSTRIA_GEM_20240101.70339","Pettnau",0,1124,183,16.28,94,8.36,129,39.81,14.25,51,68.44,245,17.32,62,20.4,101,33.33,165,59.78,214,26853,"254.5"
"70340","STATISTIK_AUSTRIA_GEM_20240101.70340","Pfaffenhofen",1,1308,188,14.37,109,8.33,138,38.44,34.41,128,49.73,185,15.86,59,24.58,131,32.65,174,61.02,227,26572,"467.3"
"70342","STATISTIK_AUSTRIA_GEM_20240101.70342","Polling in Tirol",0,1384,178,12.86,83,6,148,36.82,27.06,105,64.95,252,7.99,31,24.66,128,23.42,122,66.49,258,27634,"341.1"
"70343","STATISTIK_AUSTRIA_GEM_20240101.70343","Ranggen",0,1141,182,15.95,90,7.89,125,37.31,21.89,81,64.86,240,13.24,49,18.79,81,23.45,102,63.78,236,28790,"604.4"
"70344","STATISTIK_AUSTRIA_GEM_20240101.70344","Reith bei Seefeld",0,1572,284,18.07,125,7.95,150,37.04,23.18,105,54.3,246,22.3,101,27.47,178,37.14,244,54.75,248,27630,"409.3"
"70345","STATISTIK_AUSTRIA_GEM_20240101.70345","Rinn",2,1927,316,16.4,152,7.89,203,36.45,16.34,92,61.63,347,22.02,124,31.31,248,29.06,231,60.57,341,26443,"667.4"
"70346","STATISTIK_AUSTRIA_GEM_20240101.70346","Rum",5,9493,1539,16.21,1103,11.62,1137,43.71,14.58,200,46.43,637,36.44,500,26.53,1152,38.65,1683,37.17,510,28549,"1168.2"
"70347","STATISTIK_AUSTRIA_GEM_20240101.70347","St. Sigmund im Sellrain",0,177,40,22.6,20,11.3,19,35.85,32,32,52,52,16,16,2.99,2,27.94,19,68,68,23734,"184"
"70348","STATISTIK_AUSTRIA_GEM_20240101.70348","Scharnitz",1,1416,265,18.71,154,10.88,158,40.83,23.18,127,62.59,343,14.23,78,15.66,99,36.44,231,60.77,333,21970,"313"
"70349","STATISTIK_AUSTRIA_GEM_20240101.70349","Schmirn",1,870,160,18.39,80,9.2,111,41.73,11.27,32,73.24,208,15.14,43,9.48,31,19.76,65,46.83,133,24423,"134.4"
"70350","STATISTIK_AUSTRIA_GEM_20240101.70350","Schönberg im Stubaital",0,1074,167,15.55,94,8.75,121,40.74,24.29,85,49.43,173,26.29,92,22.35,95,29.84,128,54,189,26602,"401.5"
"70351","STATISTIK_AUSTRIA_GEM_20240101.70351","Seefeld in Tirol",2,3616,742,20.52,439,12.14,391,41.86,18.3,170,52.21,485,28.74,267,23.87,391,47.46,859,36.6,340,26350,"1093.1"
"70352","STATISTIK_AUSTRIA_GEM_20240101.70352","Sellrain",0,1352,286,21.15,152,11.24,186,45.48,19.76,98,58.67,291,21.57,107,18.61,107,29.22,168,62.5,310,24655,"184"
"70353","STATISTIK_AUSTRIA_GEM_20240101.70353","Sistrans",1,2299,384,16.7,261,11.35,254,37.63,19.03,134,65.91,464,15.06,106,32.99,316,28.36,272,65.77,463,32081,"1092.7"
"70354","STATISTIK_AUSTRIA_GEM_20240101.70354","Hall in Tirol",6,14698,2336,15.89,1548,10.53,1571,41.49,14.8,306,36.8,761,46.23,956,32.86,2136,40.45,2632,25.48,527,26173,"1168.2"
"70355","STATISTIK_AUSTRIA_GEM_20240101.70355","Steinach am Brenner",2,3661,667,18.22,375,10.24,419,40.88,14.63,123,56.48,475,28.66,241,41.32,678,37.41,615,45.3,381,27404,"275.7"
"70356","STATISTIK_AUSTRIA_GEM_20240101.70356","Telfes im Stubai",0,1626,279,17.16,160,9.84,194,40.84,8.9,43,40.58,196,50.52,244,28.28,192,30.81,212,43.27,209,28549,"401.5"
"70357","STATISTIK_AUSTRIA_GEM_20240101.70357","Telfs",6,16439,2804,17.06,1350,8.21,1705,37.96,22.32,716,50.44,1618,26.03,835,29.68,2055,34.64,2404,51.59,1655,24624,"683.6"
"70358","STATISTIK_AUSTRIA_GEM_20240101.70358","Thaur",3,4365,716,16.4,359,8.22,472,38.22,17.2,187,59.15,643,23.46,255,29.28,532,31.69,577,48.3,525,30112,"1168.2"
"70359","STATISTIK_AUSTRIA_GEM_20240101.70359","Trins",1,1391,268,19.27,114,8.2,163,39,23.98,112,55.67,260,20.34,95,25.39,147,27.79,162,58.89,275,26448,"275.7"
"70360","STATISTIK_AUSTRIA_GEM_20240101.70360","Tulfes",0,1739,313,18,130,7.48,226,44.4,26.27,150,59.02,337,14.54,83,23.85,171,28.99,209,56.92,325,25622,"667.4"
"70361","STATISTIK_AUSTRIA_GEM_20240101.70361","Unterperfuss",0,246,36,14.63,68,27.64,21,38.89,19.05,12,66.67,42,14.29,9,12.35,10,32.93,27,44.44,28,23722,"542.2"
"70362","STATISTIK_AUSTRIA_GEM_20240101.70362","Vals",0,531,90,16.95,51,9.6,48,32.88,20.94,40,63.87,122,15.18,29,16.42,33,28.71,58,54.97,105,22441,"134.4"
"70364","STATISTIK_AUSTRIA_GEM_20240101.70364","Völs",2,7339,1267,17.26,929,12.66,907,44.33,16.19,203,55.9,701,25.92,325,38.66,1289,37.97,1266,51.2,642,30829,"1065.8"
"70365","STATISTIK_AUSTRIA_GEM_20240101.70365","Volders",0,4624,871,18.84,384,8.3,550,41.35,23.63,276,50.68,592,25.26,295,42.67,838,32.06,632,48.8,570,26948,"741.3"
"70366","STATISTIK_AUSTRIA_GEM_20240101.70366","Wattenberg",0,793,113,14.25,51,6.43,84,37.17,28.75,94,58.41,191,12.84,42,16.46,53,30.25,98,67.58,221,29759,"336.1"
"70367","STATISTIK_AUSTRIA_GEM_20240101.70367","Wattens",4,8138,1504,18.48,848,10.42,979,42.77,17.18,266,41.09,636,40.44,626,36.91,1398,39.05,1482,29.97,464,27407,"1042.8"
"70368","STATISTIK_AUSTRIA_GEM_20240101.70368","Wildermieming",0,1017,157,15.44,90,8.85,99,34.26,22.41,80,67.23,240,10.08,36,12,45,23.81,90,65.27,233,26490,"416"
"70369","STATISTIK_AUSTRIA_GEM_20240101.70369","Zirl",2,8250,1421,17.22,679,8.23,961,40.19,12.54,237,54.97,1039,32.17,608,42.51,1513,32.51,1165,46.61,881,27911,"868.9"
"70401","STATISTIK_AUSTRIA_GEM_20240101.70401","Aurach bei Kitzbühel",1,1129,248,21.97,155,13.73,150,47.92,12.58,77,54.08,331,33.33,204,16.43,91,41.71,234,55.88,342,23500,"1905.4"
"70402","STATISTIK_AUSTRIA_GEM_20240101.70402","Brixen im Thale",1,2698,551,20.42,299,11.08,307,40.5,24.03,261,56.81,617,19.15,208,21.83,269,38.57,476,51.84,563,23059,"558.3"
"70403","STATISTIK_AUSTRIA_GEM_20240101.70403","Fieberbrunn",0,4551,894,19.64,529,11.62,559,43.84,14.48,232,64.67,1036,20.6,330,16.41,335,37.01,761,47.13,755,23640,"489.7"
"70404","STATISTIK_AUSTRIA_GEM_20240101.70404","Going am Wilden Kaiser",1,1980,397,20.05,196,9.9,207,38.55,19.38,157,62.1,503,18.52,150,19.57,164,36.42,311,53.09,430,21293,"1735.3"
"70405","STATISTIK_AUSTRIA_GEM_20240101.70405","Hochfilzen",0,1326,247,18.63,111,8.37,152,39.79,17.3,77,67.87,302,14.83,66,20.11,113,31.04,176,56.18,250,25386,"312.3"
"70406","STATISTIK_AUSTRIA_GEM_20240101.70406","Hopfgarten im Brixental",0,5847,1140,19.5,578,9.89,649,40.11,22.49,459,53.55,1093,23.91,488,21.59,542,35.44,893,48.85,997,22548,"391.1"
"70407","STATISTIK_AUSTRIA_GEM_20240101.70407","Itter",2,1176,228,19.39,118,10.03,146,41.6,23.06,110,60.38,288,16.56,79,20.08,101,30.95,156,55.97,267,21871,"391.1"
"70408","STATISTIK_AUSTRIA_GEM_20240101.70408","Jochberg",1,1517,340,22.41,180,11.87,179,40.41,17.84,137,61.72,474,20.31,156,21.28,156,40.08,295,50,384,22656,"1905.4"
"70409","STATISTIK_AUSTRIA_GEM_20240101.70409","Kirchberg in Tirol",8,5206,1139,21.88,640,12.29,595,42.81,15.41,309,52.72,1057,31.72,636,28.09,702,44.27,1113,42.64,855,22613,"1044.7"
"70410","STATISTIK_AUSTRIA_GEM_20240101.70410","Kirchdorf in Tirol",1,4184,746,17.83,393,9.39,457,38.7,21.88,319,61.11,891,16.87,246,21.79,380,34.2,602,54.39,793,23452,"388.4"
"70411","STATISTIK_AUSTRIA_GEM_20240101.70411","Kitzbühel",6,8281,1835,22.16,1222,14.76,951,44.13,10.51,347,45.79,1512,43.03,1421,28.39,1181,47.76,2001,41.13,1358,25437,"2517.1"
"70412","STATISTIK_AUSTRIA_GEM_20240101.70412","Kössen",1,4602,990,21.51,464,10.08,549,42.1,14.71,231,66.37,1042,18.85,296,18.45,367,35.33,707,52.1,818,20380,"388.4"
"70413","STATISTIK_AUSTRIA_GEM_20240101.70413","Oberndorf in Tirol",2,2378,494,20.77,294,12.36,293,44.33,15.93,134,63.26,532,20.69,174,19.71,206,37.15,389,46.49,391,23263,"1220"
"70414","STATISTIK_AUSTRIA_GEM_20240101.70414","Reith bei Kitzbühel",0,1761,373,21.18,274,15.56,178,40.45,14.04,115,67.28,551,18.68,153,25.32,217,47.85,411,48.6,398,22549,"2665.8"
"70415","STATISTIK_AUSTRIA_GEM_20240101.70415","St. Jakob in Haus",0,837,165,19.71,74,8.84,106,43.44,13.44,43,56.88,182,29.69,95,12.46,44,31.07,110,41.56,133,22200,"663.7"
"70416","STATISTIK_AUSTRIA_GEM_20240101.70416","St. Johann in Tirol",4,9891,1931,19.52,1046,10.58,1109,41.17,15.05,361,58.52,1404,26.14,627,27.74,1274,41.21,1900,44.31,1063,24628,"1220"
"70417","STATISTIK_AUSTRIA_GEM_20240101.70417","St. Ulrich am Pillersee",1,1949,365,18.73,155,7.95,211,38.64,20.99,165,69.85,549,9.16,72,13.73,109,32.63,262,59.67,469,21491,"663.7"
"70418","STATISTIK_AUSTRIA_GEM_20240101.70418","Schwendt",0,921,192,20.85,68,7.38,103,39.16,22.83,87,69.55,265,7.61,29,7.54,27,29.64,107,71.65,273,18397,"388.4"
"70419","STATISTIK_AUSTRIA_GEM_20240101.70419","Waidring",0,2085,393,18.85,227,10.89,242,40,12.53,93,73.32,544,14.15,105,16.91,151,32.56,293,59.03,438,23439,"663.7"
"70420","STATISTIK_AUSTRIA_GEM_20240101.70420","Westendorf",0,3748,790,21.08,421,11.23,420,40.74,20.65,311,55.78,840,23.44,353,18.5,302,36.72,603,45.55,686,22527,"500.9"
"70501","STATISTIK_AUSTRIA_GEM_20240101.70501","Alpbach",1,2545,543,21.34,237,9.31,215,31.2,12.99,116,55.43,495,31.47,281,27.24,283,33.69,350,41.32,369,21026,"503.6"
"70502","STATISTIK_AUSTRIA_GEM_20240101.70502","Angath",0,1013,157,15.5,77,7.6,91,31.82,20.58,64,65.59,204,13.83,43,13.92,55,27.89,111,71.38,222,27128,"579.8"
"70503","STATISTIK_AUSTRIA_GEM_20240101.70503","Bad Häring",1,3008,517,17.19,278,9.24,352,41.76,20.59,154,60.29,451,18.98,142,26.57,334,33.36,420,59.09,442,26660,"420.7"
"70504","STATISTIK_AUSTRIA_GEM_20240101.70504","Brandenberg",0,1513,287,18.97,173,11.43,165,37,20.08,106,68.94,364,10.98,58,17.11,102,24.96,149,63.26,334,22376,"297.3"
"70505","STATISTIK_AUSTRIA_GEM_20240101.70505","Breitenbach am Inn",3,3563,574,16.11,319,8.95,372,35.98,18.62,205,66.76,735,14.53,160,18.02,251,27.31,381,65.67,723,24554,"381.7"
"70506","STATISTIK_AUSTRIA_GEM_20240101.70506","Brixlegg",1,3120,563,18.04,302,9.68,381,43.79,17.86,142,47.67,379,34.34,273,27.5,402,39.5,579,45.41,361,25331,"513"
"70508","STATISTIK_AUSTRIA_GEM_20240101.70508","Ebbs",0,5966,1094,18.34,614,10.29,705,42.04,13.95,235,63.9,1076,22.03,371,20.11,513,33.52,858,54.75,922,21019,"595.6"
"70509","STATISTIK_AUSTRIA_GEM_20240101.70509","Ellmau",2,2954,565,19.13,308,10.43,356,43.79,22.37,277,56.38,698,21.16,262,24.85,335,39.59,542,44.26,548,21663,"1296.8"
"70510","STATISTIK_AUSTRIA_GEM_20240101.70510","Erl",2,1623,256,15.77,161,9.92,186,40.26,15.63,88,68.38,385,15.81,89,10.22,69,31.12,211,60.57,341,16978,"411.8"
"70511","STATISTIK_AUSTRIA_GEM_20240101.70511","Kirchbichl",3,6029,999,16.57,638,10.58,713,41.6,15.79,269,59.8,1019,24.35,415,25.09,652,33.64,876,50.23,856,26020,"612.4"
"70512","STATISTIK_AUSTRIA_GEM_20240101.70512","Kramsach",1,5088,889,17.47,504,9.91,581,40.63,18.53,283,63.98,977,17.42,266,23.99,531,35.41,785,52.32,799,27242,"543.3"
"70513","STATISTIK_AUSTRIA_GEM_20240101.70513","Kufstein",8,20212,3284,16.25,1799,8.9,2256,43,13.83,345,40.3,1005,42.9,1070,27.52,2609,42.87,4068,31.8,793,24483,"1044.3"
"70514","STATISTIK_AUSTRIA_GEM_20240101.70514","Kundl",0,5001,768,15.36,413,8.26,494,35.69,15.17,199,61.51,807,23.17,304,32.29,670,32.66,680,49.54,650,25660,"605.9"
"70515","STATISTIK_AUSTRIA_GEM_20240101.70515","Langkampfen",0,4332,755,17.43,376,8.68,524,42.05,22.82,295,58.86,761,18.25,236,21.66,397,32.21,592,54.14,700,25517,"459.8"
"70516","STATISTIK_AUSTRIA_GEM_20240101.70516","Mariastein",0,463,69,14.9,19,4.1,55,42.64,27.74,38,61.31,84,10.95,15,28.24,48,25.29,43,64.96,89,26138,"579.8"
"70517","STATISTIK_AUSTRIA_GEM_20240101.70517","Münster",2,3600,658,18.28,297,8.25,434,40.94,18.55,187,66.17,667,15.18,153,24.12,370,30.82,474,62.9,634,25097,"739.4"
"70518","STATISTIK_AUSTRIA_GEM_20240101.70518","Niederndorf",0,2912,497,17.07,264,9.07,360,41.71,12.47,107,61.19,525,26.34,226,21.87,271,29.26,364,56.53,485,20843,"411.8"
"70519","STATISTIK_AUSTRIA_GEM_20240101.70519","Niederndorferberg",0,726,110,15.15,48,6.61,65,32.66,22.7,64,62.06,175,15.25,43,5.61,16,29.12,83,64.18,181,15176,"411.8"
"70520","STATISTIK_AUSTRIA_GEM_20240101.70520","Radfeld",2,2542,403,15.85,171,6.73,252,35.34,13.25,84,57.57,365,29.02,184,25.96,292,36.09,406,50.47,320,24224,"448.9"
"70521","STATISTIK_AUSTRIA_GEM_20240101.70521","Rattenberg",1,462,51,11.04,47,10.17,56,48.7,2.2,2,8.79,8,89.01,81,18.18,44,52.05,127,15.38,14,27582,"543.3"
"70522","STATISTIK_AUSTRIA_GEM_20240101.70522","Reith im Alpbachtal",0,2867,513,17.89,257,8.96,300,37.97,18.66,167,59.66,534,21.68,194,21.32,236,30.48,338,54.75,490,22802,"503.6"
"70523","STATISTIK_AUSTRIA_GEM_20240101.70523","Rettenschöss",0,565,86,15.22,44,7.79,57,34.13,20.8,47,62.39,141,16.37,37,4.19,9,23.15,50,61.06,138,16104,"350.8"
"70524","STATISTIK_AUSTRIA_GEM_20240101.70524","Scheffau am Wilden Kaiser",1,1542,308,19.97,199,12.91,178,40.83,20.34,119,56.92,333,22.56,132,19.27,127,35.69,242,46.84,274,21319,"569.8"
"70525","STATISTIK_AUSTRIA_GEM_20240101.70525","Schwoich",4,2643,480,18.16,230,8.7,336,42.26,25.8,225,61.01,532,13.19,115,23.24,261,28.53,321,60.89,531,24609,"482.2"
"70526","STATISTIK_AUSTRIA_GEM_20240101.70526","Söll",1,3781,731,19.33,316,8.36,398,37.73,18.55,236,57.31,729,23.98,305,23.35,364,32.68,515,45.75,582,21798,"624"
"70527","STATISTIK_AUSTRIA_GEM_20240101.70527","Thiersee",2,3176,590,18.58,319,10.04,366,40.76,22.63,267,57.29,676,19.83,234,17.56,236,31.85,430,50.25,593,21662,"297.3"
"70528","STATISTIK_AUSTRIA_GEM_20240101.70528","Angerberg",1,1968,371,18.85,197,10.01,241,40.44,31.91,224,58.26,409,9.83,69,16.42,133,26.05,211,63.39,445,26928,"579.8"
"70529","STATISTIK_AUSTRIA_GEM_20240101.70529","Walchsee",1,2198,441,20.06,183,8.33,260,42.69,17.24,131,61.58,468,20.79,158,24.06,231,36.53,358,52.5,399,19911,"350.8"
"70530","STATISTIK_AUSTRIA_GEM_20240101.70530","Wildschönau",1,4405,810,18.39,440,9.99,427,35.38,22.6,372,57.59,948,19.62,323,16.66,304,33.98,628,43.74,720,20707,"329.2"
"70531","STATISTIK_AUSTRIA_GEM_20240101.70531","Wörgl",4,14412,2325,16.13,1214,8.42,1609,40.94,13.12,276,47.74,1004,37.57,790,30.92,2016,38.63,2524,36.85,775,24869,"696.3"
"70601","STATISTIK_AUSTRIA_GEM_20240101.70601","Faggen",1,397,51,12.85,27,6.8,43,36.75,17.24,20,62.93,73,19.83,23,20.67,31,20.67,31,52.59,61,19309,"262.3"
"70602","STATISTIK_AUSTRIA_GEM_20240101.70602","Fendels",0,291,52,17.87,18,6.19,32,40,14.44,13,67.78,61,17.78,16,22.73,25,27.68,31,27.78,25,22412,"169.8"
"70603","STATISTIK_AUSTRIA_GEM_20240101.70603","Fiss",0,1056,171,16.19,68,6.44,88,30.99,11.21,37,37.58,124,49.39,163,9.86,35,27.92,110,16.36,54,21060,"1467.5"
"70604","STATISTIK_AUSTRIA_GEM_20240101.70604","Fließ",1,3105,554,17.84,227,7.31,335,36.22,14,139,52.27,519,33.64,334,10.03,120,23.69,284,52.47,521,21255,"188.7"
"70605","STATISTIK_AUSTRIA_GEM_20240101.70605","Flirsch",0,1009,194,19.23,100,9.91,101,35.44,14.01,44,63.69,200,22.29,70,9.02,36,27.93,112,43.63,137,23865,"262.3"
"70606","STATISTIK_AUSTRIA_GEM_20240101.70606","Galtür",0,789,131,16.6,70,8.87,57,26.89,8.24,23,50.18,140,41.58,116,17.01,49,32.2,95,32.62,91,22531,"306.2"
"70607","STATISTIK_AUSTRIA_GEM_20240101.70607","Grins",0,1391,224,16.1,179,12.87,169,42.25,17.7,74,66.03,276,16.27,68,12.23,68,27.83,155,48.8,204,25434,"262.3"
"70608","STATISTIK_AUSTRIA_GEM_20240101.70608","Ischgl",0,1635,276,16.88,103,6.3,117,26.59,12.48,75,28.45,171,55.57,334,17.15,100,31.43,193,15.97,96,28555,"806.8"
"70609","STATISTIK_AUSTRIA_GEM_20240101.70609","Kappl",0,2548,480,18.84,212,8.32,250,33.69,7.59,73,53.33,513,38.46,370,15.15,141,24.1,227,36.69,353,22478,"231.3"
"70610","STATISTIK_AUSTRIA_GEM_20240101.70610","Kaunerberg",0,456,62,13.6,44,9.65,45,33.83,14.08,20,62.68,89,23.24,33,10,16,18.13,29,45.07,64,18482,"169.8"
"70611","STATISTIK_AUSTRIA_GEM_20240101.70611","Kaunertal",0,632,107,16.93,55,8.7,69,37.3,3.72,8,53.02,114,42.79,92,8.3,19,21.12,49,47.91,103,22512,"169.8"
"70612","STATISTIK_AUSTRIA_GEM_20240101.70612","Kauns",0,549,65,11.84,58,10.56,55,36.67,20.63,33,56.25,90,23.13,37,12.66,29,36.68,84,43.13,69,19835,"169.8"
"70613","STATISTIK_AUSTRIA_GEM_20240101.70613","Ladis",0,548,96,17.52,48,8.76,47,31.13,19.82,45,55.95,127,23.35,53,18.84,39,30.19,64,44.93,102,21454,"416.5"
"70614","STATISTIK_AUSTRIA_GEM_20240101.70614","Landeck",2,7711,1365,17.7,802,10.4,926,43.05,14.98,232,43.83,679,38.93,603,26.58,897,35.38,1196,39.83,617,25501,"307"
"70615","STATISTIK_AUSTRIA_GEM_20240101.70615","Nauders",0,1561,303,19.41,126,8.07,172,38.14,9.25,53,50.09,287,40.31,231,24.79,150,29.86,192,46.07,264,19815,"214.1"
"70616","STATISTIK_AUSTRIA_GEM_20240101.70616","Pettneu am Arlberg",0,1450,267,18.41,119,8.21,165,38.37,13.74,72,61.45,322,24.81,130,15.18,90,28.17,169,43.32,227,24413,"565.9"
"70617","STATISTIK_AUSTRIA_GEM_20240101.70617","Pfunds",0,2585,448,17.33,236,9.13,289,38.74,20.03,160,58.32,466,21.4,171,20.57,224,31.14,340,40.43,323,20398,"214.1"
"70618","STATISTIK_AUSTRIA_GEM_20240101.70618","Pians",0,799,148,18.52,84,10.51,98,39.84,28.46,72,53.75,136,17.79,45,20.95,62,21.14,63,52.57,133,25921,"262.3"
"70619","STATISTIK_AUSTRIA_GEM_20240101.70619","Prutz",0,1879,346,18.41,157,8.36,222,39.78,18.15,90,55.85,277,25.6,127,32.97,269,30.89,253,39.52,196,26717,"262.3"
"70620","STATISTIK_AUSTRIA_GEM_20240101.70620","Ried im Oberinntal",0,1354,234,17.28,124,9.16,130,35.42,22.13,81,55.46,203,22.4,82,16.64,91,32.06,176,42.9,157,22909,"262.3"
"70621","STATISTIK_AUSTRIA_GEM_20240101.70621","St. Anton am Arlberg",0,2319,472,20.35,248,10.69,272,41.15,11.7,112,42.53,407,44.72,428,21.69,223,36.94,389,22.99,220,26431,"891.7"
"70622","STATISTIK_AUSTRIA_GEM_20240101.70622","Schönwies",0,1766,297,16.82,172,9.74,193,36.35,17.43,99,69.54,395,13.03,74,15.35,109,25.6,182,57.22,325,26218,"246"
"70623","STATISTIK_AUSTRIA_GEM_20240101.70623","See",0,1249,196,15.69,76,6.08,107,30.66,16.05,61,57.89,220,25,95,18.48,80,21.74,95,42.37,161,22527,"231.3"
"70624","STATISTIK_AUSTRIA_GEM_20240101.70624","Serfaus",3,1212,184,15.18,109,8.99,129,38.28,7.13,31,13.33,58,69.89,304,16.81,77,33.53,168,23.22,101,24071,"1467.5"
"70625","STATISTIK_AUSTRIA_GEM_20240101.70625","Spiss",0,97,13,13.4,8,8.25,7,26.92,10.71,6,55.36,31,33.93,19,7.14,3,36.36,16,51.79,29,10153,"214.1"
"70626","STATISTIK_AUSTRIA_GEM_20240101.70626","Stanz bei Landeck",0,584,120,20.55,42,7.19,56,32.56,18.72,38,67.49,137,13.79,28,15.38,34,23.87,53,60.59,123,27766,"307"
"70627","STATISTIK_AUSTRIA_GEM_20240101.70627","Strengen",0,1197,235,19.63,101,8.44,135,36.78,22.43,94,59.9,251,17.66,74,13.6,62,21.27,97,58.47,245,25469,"262.3"
"70628","STATISTIK_AUSTRIA_GEM_20240101.70628","Tobadill",0,500,105,21,48,9.6,63,43.45,17,34,66,132,17,34,11.92,23,24.74,48,55.5,111,24085,"262.3"
"70629","STATISTIK_AUSTRIA_GEM_20240101.70629","Tösens",0,748,143,19.12,56,7.49,91,40.63,11.31,25,74.66,165,14.03,31,9.97,29,22.68,66,62.9,139,21460,"155.7"
"70630","STATISTIK_AUSTRIA_GEM_20240101.70630","Zams",2,3613,677,18.74,391,10.82,419,41.49,17.01,166,55.33,540,27.36,267,16.97,267,35.38,558,48.05,469,27609,"636.4"
"70701","STATISTIK_AUSTRIA_GEM_20240101.70701","Abfaltersbach",0,646,111,17.18,59,9.13,54,30.86,18.83,42,66.37,148,14.8,33,20.88,52,30.12,75,65.02,145,22505,"122"
"70702","STATISTIK_AUSTRIA_GEM_20240101.70702","Ainet",0,914,171,18.71,87,9.52,99,37.22,15.89,51,71.65,230,12.46,40,13.21,51,31.96,124,64.8,208,23152,"91.6"
"70703","STATISTIK_AUSTRIA_GEM_20240101.70703","Amlach",0,528,82,15.53,35,6.63,42,30.22,17.13,31,73.48,133,9.39,17,11.98,23,25.77,50,74.03,134,23075,"195.4"
"70704","STATISTIK_AUSTRIA_GEM_20240101.70704","Anras",1,1210,226,18.68,104,8.6,91,27.83,14.94,69,74.89,346,10.17,47,10.07,43,25.7,110,77.92,360,19577,"76.6"
"70705","STATISTIK_AUSTRIA_GEM_20240101.70705","Assling",1,1730,343,19.83,204,11.79,192,37.87,22.36,161,61.11,440,16.39,118,14.31,100,28.39,199,57.92,417,21939,"76.6"
"70706","STATISTIK_AUSTRIA_GEM_20240101.70706","Außervillgraten",0,715,165,23.08,85,11.89,65,32.02,8.3,21,73.52,186,18.18,46,10.84,27,23.11,58,76.28,193,18992,"108.4"
"70707","STATISTIK_AUSTRIA_GEM_20240101.70707","Dölsach",0,2319,461,19.88,236,10.18,280,41.92,20.57,167,60.47,491,18.97,154,17.54,181,34.88,361,59.73,485,23742,"161.8"
"70708","STATISTIK_AUSTRIA_GEM_20240101.70708","Gaimberg",1,865,174,20.12,96,11.1,86,34.4,23.15,78,67.66,228,9.2,31,11.87,45,32.98,125,67.36,227,27147,"218.2"
"70709","STATISTIK_AUSTRIA_GEM_20240101.70709","Hopfgarten in Defereggen",0,661,119,18,86,13.01,73,39.67,16,40,61.2,153,22.8,57,12.27,33,30.11,81,57.6,144,18829,"72.5"
"70710","STATISTIK_AUSTRIA_GEM_20240101.70710","Innervillgraten",0,905,152,16.8,89,9.83,62,26.96,5.15,15,73.2,213,21.65,63,7.72,21,19.27,53,79.04,230,16977,"108.4"
"70711","STATISTIK_AUSTRIA_GEM_20240101.70711","Iselsberg-Stronach",0,612,133,21.73,58,9.48,64,37.43,28.33,85,59.67,179,12,36,8.86,24,36.53,99,72.67,218,23388,"161.8"
"70712","STATISTIK_AUSTRIA_GEM_20240101.70712","Kals am Großglockner",0,1111,221,19.89,93,8.37,109,33.85,10.38,47,60.04,272,29.36,133,11.53,49,28.47,121,54.53,247,20338,"96.2"
"70713","STATISTIK_AUSTRIA_GEM_20240101.70713","Kartitsch",0,759,147,19.37,112,14.76,61,29.47,10.18,29,75.44,215,14.39,41,7.04,20,30.34,88,62.81,179,20535,"108.4"
"70714","STATISTIK_AUSTRIA_GEM_20240101.70714","Lavant",0,347,54,15.56,9,2.59,27,27.27,22.48,29,61.24,79,16.28,21,9.09,12,24.06,32,51.94,67,23504,"81.2"
"70715","STATISTIK_AUSTRIA_GEM_20240101.70715","Leisach",0,731,153,20.93,86,11.76,88,44,18.22,45,65.99,163,15.79,39,35.88,108,32.24,98,54.66,135,24843,"81.2"
"70716","STATISTIK_AUSTRIA_GEM_20240101.70716","Lienz",0,12107,2589,21.38,1636,13.51,1422,45.53,13.73,352,48.15,1234,37.38,958,29.46,1855,49.4,3118,35.9,920,26528,"299"
"70717","STATISTIK_AUSTRIA_GEM_20240101.70717","Matrei in Osttirol",0,4619,852,18.45,470,10.18,373,29.35,16.34,256,61.2,959,22.46,352,28.46,492,28.28,491,60.37,946,20798,"96.2"
"70718","STATISTIK_AUSTRIA_GEM_20240101.70718","Nikolsdorf",0,865,153,17.69,94,10.87,85,34.98,25.87,74,59.44,170,14.69,42,11.89,44,33.96,126,55.59,159,22596,"81.2"
"70719","STATISTIK_AUSTRIA_GEM_20240101.70719","Nußdorf-Debant",3,3415,642,18.8,382,11.19,383,39.44,16.2,152,67.38,632,16.42,154,26.88,394,33.9,497,63.86,599,24942,"304.3"
"70720","STATISTIK_AUSTRIA_GEM_20240101.70720","Oberlienz",1,1485,269,18.11,135,9.09,127,30.75,3.74,18,16.01,77,80.25,386,15.38,86,28.6,161,80.46,387,22862,"184.6"
"70721","STATISTIK_AUSTRIA_GEM_20240101.70721","Obertilliach",0,669,125,18.68,85,12.71,58,31.87,6.94,17,74.29,182,18.78,46,7.48,19,31.25,80,45.71,112,20213,"136.1"
"70723","STATISTIK_AUSTRIA_GEM_20240101.70723","Prägraten am Großvenediger",0,1134,209,18.43,98,8.64,97,30.7,12.23,45,60.6,223,27.17,100,19.01,77,25.92,106,62.77,231,18629,"96.2"
"70724","STATISTIK_AUSTRIA_GEM_20240101.70724","St. Jakob in Defereggen",0,821,178,21.68,105,12.79,88,38.26,21.43,96,61.83,277,16.74,75,12.79,44,33.33,115,56.47,253,20790,"140.6"
"70725","STATISTIK_AUSTRIA_GEM_20240101.70725","St. Johann im Walde",0,295,47,15.93,23,7.8,30,34.88,19.51,24,63.41,78,17.07,21,7.27,8,26.36,29,72.36,89,18755,"72.5"
"70726","STATISTIK_AUSTRIA_GEM_20240101.70726","St. Veit in Defereggen",0,616,115,18.67,62,10.06,50,29.24,14.68,37,73.02,184,12.3,31,15.56,35,27.88,63,68.65,173,21476,"72.5"
"70727","STATISTIK_AUSTRIA_GEM_20240101.70727","Schlaiten",0,469,97,20.68,38,8.1,47,35.07,14.29,25,70.86,124,14.86,26,6.47,13,32.67,66,69.14,121,21224,"72.5"
"70728","STATISTIK_AUSTRIA_GEM_20240101.70728","Sillian",0,2028,408,20.12,214,10.55,193,35.67,13.1,84,47.58,305,39.31,252,21.85,191,38.91,344,47.11,302,21416,"108.4"
"70729","STATISTIK_AUSTRIA_GEM_20240101.70729","Strassen",0,809,162,20.02,77,9.52,65,29.02,12.55,33,76.81,202,10.65,28,15.15,45,27.76,83,73.38,193,21054,"122"
"70731","STATISTIK_AUSTRIA_GEM_20240101.70731","Thurn",0,646,118,18.27,72,11.15,73,39.46,30.36,85,57.5,161,12.14,34,16.12,44,32.6,89,66.43,186,25064,"184.6"
"70732","STATISTIK_AUSTRIA_GEM_20240101.70732","Tristach",0,1500,270,18,159,10.6,181,39.61,15.3,73,69.6,332,15.09,72,19.33,116,24.83,149,68.76,328,23999,"195.4"
"70733","STATISTIK_AUSTRIA_GEM_20240101.70733","Untertilliach",0,213,27,12.68,25,11.74,15,27.78,7.87,7,75.28,67,16.85,15,2.63,2,26.32,20,73.03,65,15570,"136.1"
"70734","STATISTIK_AUSTRIA_GEM_20240101.70734","Virgen",0,2241,405,18.07,182,8.12,222,34.47,9.21,65,46.32,327,44.33,313,24.42,200,23.43,194,59.21,418,19622,"140.6"
"70735","STATISTIK_AUSTRIA_GEM_20240101.70735","Heinfels",0,1026,179,17.45,94,9.16,80,30.3,12.06,41,69.41,236,18.53,63,21.96,85,30.15,117,63.24,215,23122,"122"
"70801","STATISTIK_AUSTRIA_GEM_20240101.70801","Bach",1,658,170,25.84,41,6.23,64,34.41,18.09,53,72.35,212,9.56,28,6.02,15,28,70,63.82,187,20694,"78.2"
"70802","STATISTIK_AUSTRIA_GEM_20240101.70802","Berwang",0,630,122,19.37,64,10.16,69,38.12,15.41,51,37.16,123,47.13,156,9.41,24,32.82,86,35.35,117,20758,"174.3"
"70803","STATISTIK_AUSTRIA_GEM_20240101.70803","Biberwier",0,665,138,20.75,75,11.28,78,42.39,24.07,78,59.88,194,15.74,51,9.63,29,36.96,112,54.01,175,21535,"174.3"
"70804","STATISTIK_AUSTRIA_GEM_20240101.70804","Bichlbach",1,794,137,17.25,102,12.85,90,39.47,15.54,46,67.23,199,17.23,51,3.98,13,31.52,104,52.7,156,22296,"174.3"
"70805","STATISTIK_AUSTRIA_GEM_20240101.70805","Breitenwang",1,1440,283,19.65,165,11.46,200,46.19,23.29,102,59.13,259,17.58,77,16.64,108,32.82,214,60.27,264,26986,"392.9"
"70806","STATISTIK_AUSTRIA_GEM_20240101.70806","Ehenbichl",0,839,162,19.31,130,15.49,92,41.82,21.8,63,63.32,183,14.53,42,6.02,21,35.98,127,61.94,179,25646,"370"
"70807","STATISTIK_AUSTRIA_GEM_20240101.70807","Ehrwald",0,2620,594,22.67,358,13.66,360,48.13,18.14,203,56.57,633,25.2,282,12.34,159,40.42,525,43.79,490,21237,"414.5"
"70808","STATISTIK_AUSTRIA_GEM_20240101.70808","Elbigenalp",0,882,179,20.29,86,9.75,98,37.55,19.01,65,58.48,200,22.51,77,7.67,28,30.33,111,41.81,143,20783,"78.2"
"70809","STATISTIK_AUSTRIA_GEM_20240101.70809","Elmen",0,394,99,25.13,38,9.64,47,40.52,17.71,31,69.71,122,12.57,22,11.11,20,35.52,65,56.57,99,22445,"106.6"
"70810","STATISTIK_AUSTRIA_GEM_20240101.70810","Forchach",0,258,57,22.09,28,10.85,37,47.44,25.93,28,63.89,69,10.19,11,0,0,23,23,62.04,67,24418,"195.5"
"70811","STATISTIK_AUSTRIA_GEM_20240101.70811","Grän",0,639,118,18.47,57,8.92,63,37.06,22.61,59,59.77,156,17.62,46,5.08,12,31.38,75,54.79,143,22533,"226"
"70812","STATISTIK_AUSTRIA_GEM_20240101.70812","Gramais",0,43,4,9.3,9,20.93,3,25,20.83,5,58.33,14,20.83,5,11.11,2,38.89,7,25,6,22790,"78.2"
"70813","STATISTIK_AUSTRIA_GEM_20240101.70813","Häselgehr",0,696,126,18.1,68,9.77,74,37.19,22.22,58,69.73,182,8.05,21,5.75,15,27.86,73,65.52,171,21834,"78.2"
"70814","STATISTIK_AUSTRIA_GEM_20240101.70814","Heiterwang",0,555,106,19.1,55,9.91,76,45.78,22.43,48,69.63,149,7.94,17,3.98,9,27.75,63,63.55,136,26552,"174.3"
"70815","STATISTIK_AUSTRIA_GEM_20240101.70815","Hinterhornbach",0,89,15,16.85,14,15.73,8,28.57,7.5,3,80,32,12.5,5,3.03,1,18.18,6,67.5,27,19357,"78.2"
"70816","STATISTIK_AUSTRIA_GEM_20240101.70816","Höfen",1,1287,265,20.59,156,12.12,172,44.79,18.97,85,68.3,306,12.72,57,11.37,63,29.8,166,52.9,237,24930,"289.6"
"70817","STATISTIK_AUSTRIA_GEM_20240101.70817","Holzgau",0,386,67,17.36,48,12.44,41,37.96,9.94,18,60.77,110,29.28,53,3.7,6,34.94,58,40.88,74,21476,"78.2"
"70818","STATISTIK_AUSTRIA_GEM_20240101.70818","Jungholz",0,299,63,21.07,37,12.37,38,47.5,25.18,35,50.36,70,24.46,34,5.65,7,38.76,50,51.8,72,14678,"132"
"70819","STATISTIK_AUSTRIA_GEM_20240101.70819","Kaisers",0,71,11,15.49,9,12.68,5,29.41,13.89,5,72.22,26,13.89,5,0,0,39.39,13,69.44,25,19722,"78.2"
"70820","STATISTIK_AUSTRIA_GEM_20240101.70820","Lechaschau",3,2074,416,20.06,203,9.79,283,46.17,21.61,142,61.34,403,17.05,112,25.54,247,36.12,350,54.19,356,24583,"306"
"70821","STATISTIK_AUSTRIA_GEM_20240101.70821","Lermoos",0,1155,201,17.4,127,11,110,36.67,13.69,56,51.59,211,34.47,141,9.28,45,36.22,180,32.27,132,24805,"414.5"
"70822","STATISTIK_AUSTRIA_GEM_20240101.70822","Musau",0,382,90,23.56,44,11.52,51,43.59,13.1,19,80,116,6.9,10,3.64,6,29.09,48,59.31,86,23651,"162.9"
"70823","STATISTIK_AUSTRIA_GEM_20240101.70823","Namlos",0,54,25,46.3,5,9.26,12,66.67,10,4,80,32,10,4,0,0,40,12,60,24,14827,"106.6"
"70824","STATISTIK_AUSTRIA_GEM_20240101.70824","Nesselwängle",1,465,98,21.08,48,10.32,65,45.45,19.44,42,65.28,141,14.81,32,6.7,13,25.26,49,47.69,103,20465,"195.5"
"70825","STATISTIK_AUSTRIA_GEM_20240101.70825","Pfafflar",1,93,22,23.66,9,9.68,7,26.92,15.38,14,78.02,71,6.59,6,0,0,32.43,12,75.82,69,21993,"78.2"
"70826","STATISTIK_AUSTRIA_GEM_20240101.70826","Pflach",1,1665,301,18.08,137,8.23,217,45.59,22.42,111,67.27,333,10.1,50,10.16,72,31.27,222,64.04,317,24337,"306"
"70827","STATISTIK_AUSTRIA_GEM_20240101.70827","Pinswang",0,424,102,24.06,36,8.49,56,46.28,8.97,13,77.93,113,13.1,19,6.51,11,29.59,50,38.62,56,21857,"162.9"
"70828","STATISTIK_AUSTRIA_GEM_20240101.70828","Reutte",5,7308,1204,16.48,737,10.08,827,42.43,14.97,210,52.82,741,31.58,443,22.1,725,40.24,1324,41.7,585,24853,"289.5"
"70829","STATISTIK_AUSTRIA_GEM_20240101.70829","Schattwald",1,465,76,16.34,42,9.03,38,31.4,14.79,25,65.68,111,19.53,33,9.89,18,35.16,64,48.52,82,19328,"132"
"70830","STATISTIK_AUSTRIA_GEM_20240101.70830","Stanzach",0,515,99,19.22,53,10.29,78,47.85,31.82,77,64.05,155,4.13,10,5.68,13,30.74,71,61.16,148,22807,"106.6"
"70831","STATISTIK_AUSTRIA_GEM_20240101.70831","Steeg",0,643,118,18.35,45,7,61,32.45,16.67,43,71.71,185,11.63,30,2.09,5,24.28,59,52.71,136,19938,"78.2"
"70832","STATISTIK_AUSTRIA_GEM_20240101.70832","Tannheim",0,1171,207,17.68,98,8.37,126,37.84,12.65,54,65.57,280,21.55,92,9.45,43,30.72,145,53.86,230,20822,"226"
"70833","STATISTIK_AUSTRIA_GEM_20240101.70833","Vils",2,1517,300,19.78,157,10.35,186,41.06,23.26,130,63.69,356,13.06,73,11.02,71,30.75,198,55.28,309,19476,"162.9"
"70834","STATISTIK_AUSTRIA_GEM_20240101.70834","Vorderhornbach",0,279,59,21.15,28,10.04,23,29.87,17.6,22,70.4,88,12,15,2.7,3,32.74,37,62.4,78,27324,"106.6"
"70835","STATISTIK_AUSTRIA_GEM_20240101.70835","Wängle",1,999,181,18.12,94,9.41,121,41.02,14.76,49,71.39,237,13.86,46,10.87,46,32,136,59.34,197,29067,"289.6"
"70836","STATISTIK_AUSTRIA_GEM_20240101.70836","Weißenbach am Lech",0,1253,273,21.79,115,9.18,154,41.18,27.14,133,63.47,311,9.39,46,6.8,38,32.86,184,54.29,266,21616,"195.5"
"70837","STATISTIK_AUSTRIA_GEM_20240101.70837","Zöblen",0,239,52,21.76,33,13.81,39,52,16.67,15,71.11,64,11.11,10,3.16,3,26.53,26,53.33,48,18259,"132"
"70901","STATISTIK_AUSTRIA_GEM_20240101.70901","Achenkirch",1,2238,478,21.36,264,11.8,289,44.74,21.86,190,59.38,516,18.64,162,13.19,133,35.89,365,50.29,437,21905,"393.6"
"70902","STATISTIK_AUSTRIA_GEM_20240101.70902","Aschau im Zillertal",0,1886,324,17.18,137,7.26,171,32.51,23.05,157,57.12,389,19.82,135,21.02,161,32.47,250,56.39,384,20327,"607"
"70903","STATISTIK_AUSTRIA_GEM_20240101.70903","Brandberg",0,383,73,19.06,26,6.79,35,33.33,16.78,25,57.72,86,24.83,37,6.92,9,20.77,27,32.21,48,21540,"206"
"70904","STATISTIK_AUSTRIA_GEM_20240101.70904","Bruck am Ziller",1,1135,187,16.48,104,9.16,127,38.72,17.66,59,52.99,177,29.34,98,22.49,103,31.37,144,49.7,166,23088,"763.8"
"70905","STATISTIK_AUSTRIA_GEM_20240101.70905","Buch in Tirol",1,2610,485,18.58,257,9.85,328,42.38,22.97,173,60.16,453,16.87,127,21.35,231,30.12,331,55.25,416,27262,"552"
"70907","STATISTIK_AUSTRIA_GEM_20240101.70907","Eben am Achensee",0,3560,647,18.17,313,8.79,406,40.76,22.18,254,47.16,540,29.87,342,21.75,338,36.3,575,45.85,525,25413,"694.7"
"70908","STATISTIK_AUSTRIA_GEM_20240101.70908","Finkenberg",0,1422,299,21.03,155,10.9,168,41.58,24.66,143,46.38,269,28.45,165,14.66,84,30.24,176,43.62,253,22473,"376.3"
"70909","STATISTIK_AUSTRIA_GEM_20240101.70909","Fügen",0,4317,675,15.64,422,9.78,471,38.32,9.71,106,52.11,569,37.82,413,27.82,505,31.73,579,35.9,392,23513,"755.9"
"70910","STATISTIK_AUSTRIA_GEM_20240101.70910","Fügenberg",1,1504,237,15.76,106,7.05,156,34.82,27.41,165,54.49,328,17.44,105,21.17,127,27.56,167,47.34,285,21699,"454"
"70911","STATISTIK_AUSTRIA_GEM_20240101.70911","Gallzein",0,697,106,15.21,40,5.74,67,32.06,20.1,42,61.24,128,18.66,39,18.32,48,22.05,58,56.94,119,21998,"276.2"
"70912","STATISTIK_AUSTRIA_GEM_20240101.70912","Gerlos",0,792,142,17.93,79,9.97,81,36.49,17.61,56,39.94,127,41.82,133,13.26,37,28.81,85,19.81,63,22616,"206"
"70913","STATISTIK_AUSTRIA_GEM_20240101.70913","Gerlosberg",0,480,66,13.75,32,6.67,38,27.94,19.43,41,58.29,123,22.27,47,12.78,23,24.73,45,59.72,126,18444,"206"
"70914","STATISTIK_AUSTRIA_GEM_20240101.70914","Hainzenberg",0,750,125,16.67,62,8.27,70,32.26,24.83,75,51.66,156,23.51,71,14.8,41,25.81,72,57.95,175,21893,"206"
"70915","STATISTIK_AUSTRIA_GEM_20240101.70915","Hart im Zillertal",1,1682,290,17.24,120,7.13,162,34.32,21.85,137,57.89,363,20.1,126,15.7,106,31.32,213,54.7,343,20368,"562.7"
"70916","STATISTIK_AUSTRIA_GEM_20240101.70916","Hippach",0,1437,277,19.28,109,7.59,152,36.71,13.47,71,59.77,315,26.19,138,16.67,94,28.9,165,48.96,258,20092,"370.9"
"70917","STATISTIK_AUSTRIA_GEM_20240101.70917","Jenbach",1,7644,1313,17.18,717,9.38,891,42.9,14.65,188,48.4,621,35.7,458,28.58,984,38.72,1334,36.48,468,26075,"552"
"70918","STATISTIK_AUSTRIA_GEM_20240101.70918","Kaltenbach",0,1294,219,16.92,109,8.42,135,36.19,19.5,94,58.09,280,22.41,108,26.19,143,33.03,182,45.85,221,22066,"497.1"
"70920","STATISTIK_AUSTRIA_GEM_20240101.70920","Mayrhofen",2,3979,747,18.77,419,10.53,394,37.28,9.63,105,47.06,513,43.03,469,23.43,389,35.66,597,33.03,360,24762,"770.6"
"70921","STATISTIK_AUSTRIA_GEM_20240101.70921","Pill",1,1279,219,17.12,110,8.6,148,39.68,27.59,152,54.45,300,17.79,98,22.14,114,27.71,143,72.96,402,25381,"280.2"
"70922","STATISTIK_AUSTRIA_GEM_20240101.70922","Ramsau im Zillertal",0,1745,296,16.96,117,6.7,163,32.28,11.54,54,59.19,277,29.27,137,25.1,180,29.94,215,38.03,178,21795,"568.3"
"70923","STATISTIK_AUSTRIA_GEM_20240101.70923","Ried im Zillertal",0,1236,231,18.69,96,7.77,135,36.68,8.31,30,57.34,207,34.35,124,20.64,116,33.75,191,41,148,23663,"913.8"
"70924","STATISTIK_AUSTRIA_GEM_20240101.70924","Rohrberg",0,588,77,13.1,44,7.48,44,27.33,18.52,45,60.91,148,20.16,49,16.36,36,30.04,67,44.44,108,18975,"206"
"70925","STATISTIK_AUSTRIA_GEM_20240101.70925","Schlitters",0,1594,226,14.18,125,7.84,164,36.77,14.32,59,61.89,255,23.79,98,25.16,159,28.86,183,45.87,189,21417,"276.2"
"70926","STATISTIK_AUSTRIA_GEM_20240101.70926","Schwaz",3,14480,2527,17.45,1485,10.26,1666,42.74,14.2,343,44.99,1087,39.4,952,29.41,1912,39.48,2570,39.94,965,26767,"577.8"
"70927","STATISTIK_AUSTRIA_GEM_20240101.70927","Schwendau",1,1788,266,14.88,148,8.28,170,32.95,11.81,62,58.48,307,29.71,156,21.31,150,27.12,192,42.29,222,20665,"568.3"
"70928","STATISTIK_AUSTRIA_GEM_20240101.70928","Stans",1,2244,389,17.34,187,8.33,288,43.9,11.35,73,67.03,431,21.62,139,33.3,316,29.65,282,50.86,327,28346,"657.4"
"70929","STATISTIK_AUSTRIA_GEM_20240101.70929","Steinberg am Rofan",0,298,61,20.47,50,16.78,39,44.83,24.09,53,59.09,130,16.82,37,7.41,10,36.03,49,65.45,144,18232,"393.6"
"70930","STATISTIK_AUSTRIA_GEM_20240101.70930","Strass im Zillertal",0,842,144,17.1,79,9.38,77,31.95,17.29,51,60.34,178,22.03,65,19.2,67,32.09,112,37.97,112,24725,"552"
"70931","STATISTIK_AUSTRIA_GEM_20240101.70931","Stumm",0,1916,346,18.06,156,8.14,183,32.45,5.29,29,58.94,323,35.77,196,23.54,185,31.71,254,39.23,215,23207,"497.1"
"70932","STATISTIK_AUSTRIA_GEM_20240101.70932","Stummerberg",0,869,164,18.87,75,8.63,77,30.8,20.84,79,60.16,228,19,72,7.74,25,26.32,85,51.45,195,18850,"206"
"70933","STATISTIK_AUSTRIA_GEM_20240101.70933","Terfens",0,2298,383,16.67,173,7.53,261,38.55,24.23,181,52.88,395,22.89,171,25.2,247,30.28,297,50.6,378,28075,"465.5"
"70934","STATISTIK_AUSTRIA_GEM_20240101.70934","Tux",0,1913,358,18.71,161,8.42,206,38.22,17.42,120,43.54,300,38.03,262,19.04,139,28.52,217,33.24,229,23919,"376.3"
"70935","STATISTIK_AUSTRIA_GEM_20240101.70935","Uderns",0,2025,345,17.04,143,7.06,216,38.78,12.03,61,60.55,307,27.02,137,30.69,252,31.23,258,44.18,224,24128,"913.8"
"70936","STATISTIK_AUSTRIA_GEM_20240101.70936","Vomp",1,5479,966,17.63,465,8.49,649,41.47,17.09,247,61.38,887,21.45,310,29.12,656,30.02,677,51.49,744,26645,"531.7"
"70937","STATISTIK_AUSTRIA_GEM_20240101.70937","Weer",0,1830,294,16.07,136,7.43,206,40.39,18.54,89,55.21,265,26.25,126,23.79,191,35.45,285,46.67,224,27976,"690.7"
"70938","STATISTIK_AUSTRIA_GEM_20240101.70938","Weerberg",0,2570,415,16.15,205,7.98,273,36.16,26.91,247,52.07,478,20.92,192,24.16,236,24.23,237,59.37,545,23820,"467.2"
"70939","STATISTIK_AUSTRIA_GEM_20240101.70939","Wiesing",1,2224,381,17.13,200,8.99,280,43.68,17.82,108,60.89,369,21.12,128,23.66,226,31.9,305,45.71,277,26168,"552"
"70940","STATISTIK_AUSTRIA_GEM_20240101.70940","Zell am Ziller",2,1757,339,19.29,242,13.77,179,37.14,10.19,48,41.19,194,48.41,228,21.58,158,36.4,269,23.78,112,25834,"402.9"
"70941","STATISTIK_AUSTRIA_GEM_20240101.70941","Zellberg",1,662,115,17.37,68,10.27,59,30.89,25.71,82,54.55,174,19.75,63,11.88,31,30.04,79,58.62,187,22399,"402.9"
"80101","STATISTIK_AUSTRIA_GEM_20240101.80101","Bartholomäberg",0,2419,444,18.35,218,9.01,277,41.16,46.26,476,46.65,480,7.09,73,12.33,111,27.32,247,63.36,652,23750,"316.4"
"80102","STATISTIK_AUSTRIA_GEM_20240101.80102","Blons",0,351,46,13.11,30,8.55,30,31.25,12.59,18,67.13,96,20.28,29,6.62,9,29.41,40,57.34,82,22377,"441"
"80103","STATISTIK_AUSTRIA_GEM_20240101.80103","Bludenz",3,15102,2600,17.22,1509,9.99,1685,42.2,14.94,438,49.1,1439,34.97,1025,22.74,1590,41.21,2883,45.31,1328,25882,"605.8"
"80104","STATISTIK_AUSTRIA_GEM_20240101.80104","Bludesch",0,2608,432,16.56,156,5.98,313,41.57,23.09,139,53.49,322,22.76,137,20.21,232,32.58,374,60.63,365,23700,"441"
"80105","STATISTIK_AUSTRIA_GEM_20240101.80105","Brand",0,754,128,16.98,71,9.42,74,37,11.99,38,44.48,141,41.96,133,10,32,37,121,35.02,111,23686,"534.5"
"80106","STATISTIK_AUSTRIA_GEM_20240101.80106","Bürs",0,3447,619,17.96,302,8.76,423,43.47,22.51,194,54.41,469,22.97,198,17.48,263,34.2,515,46.87,404,26379,"534.5"
"80107","STATISTIK_AUSTRIA_GEM_20240101.80107","Bürserberg",0,617,111,17.99,60,9.72,68,41.21,28.57,98,54.23,186,17.2,59,8.68,21,31.98,79,64.72,222,24915,"534.5"
"80108","STATISTIK_AUSTRIA_GEM_20240101.80108","Dalaas",0,1627,323,19.85,168,10.33,201,41.88,17.52,110,67.36,423,15.13,95,8.88,58,26.83,176,50.96,320,24507,"171.5"
"80109","STATISTIK_AUSTRIA_GEM_20240101.80109","Fontanella",0,468,64,13.68,30,6.41,32,28.07,22.55,62,50.55,139,26.91,74,9.88,17,33.33,58,71.64,197,21322,"171.2"
"80110","STATISTIK_AUSTRIA_GEM_20240101.80110","Gaschurn",1,1570,330,21.02,161,10.25,184,42.49,17.83,133,53.62,400,28.42,212,10.18,69,37.54,259,51.61,385,26392,"229"
"80111","STATISTIK_AUSTRIA_GEM_20240101.80111","Innerbraz",1,1091,200,18.33,120,11,111,38.14,9.76,32,78.05,256,12.2,40,11.62,48,29.54,122,56.71,186,23176,"171.5"
"80112","STATISTIK_AUSTRIA_GEM_20240101.80112","Klösterle",0,667,134,20.09,72,10.79,77,38.12,14.33,42,55.97,164,29.69,87,8.13,23,29.62,85,35.49,104,27265,"171.5"
"80113","STATISTIK_AUSTRIA_GEM_20240101.80113","Lech",0,1569,270,17.21,160,10.2,120,30.93,6.61,45,26.58,181,64.61,440,21.64,140,42.72,305,14.68,100,32362,"2226.6"
"80114","STATISTIK_AUSTRIA_GEM_20240101.80114","Lorüns",0,305,46,15.08,31,10.16,37,43.02,17.43,19,76.15,83,6.42,7,4.8,6,28.8,36,64.22,70,30175,"335.1"
"80115","STATISTIK_AUSTRIA_GEM_20240101.80115","Ludesch",2,3696,603,16.31,258,6.98,405,37.92,17.28,173,65.23,653,17.48,175,17.92,284,32.01,508,61.94,620,23108,"536.7"
"80116","STATISTIK_AUSTRIA_GEM_20240101.80116","Nenzing",1,6528,1096,16.79,600,9.19,750,40.72,22.28,493,63.62,1408,14.1,312,18.09,485,31.05,835,60.87,1347,23031,"441"
"80117","STATISTIK_AUSTRIA_GEM_20240101.80117","Nüziders",5,4957,897,18.1,544,10.97,648,44.57,22.75,339,62.68,934,14.5,216,20.05,436,32.63,710,65.1,970,28150,"764.7"
"80118","STATISTIK_AUSTRIA_GEM_20240101.80118","Raggal",0,903,156,17.28,73,8.08,102,40.16,22.45,88,56.63,222,20.92,82,8.2,31,30.87,117,63.52,249,19803,"171.2"
"80119","STATISTIK_AUSTRIA_GEM_20240101.80119","St. Anton im Montafon",0,728,142,19.51,67,9.2,87,41.63,23.65,48,55.67,113,20.69,42,18.97,59,33.33,104,58.13,118,26149,"335.1"
"80120","STATISTIK_AUSTRIA_GEM_20240101.80120","St. Gallenkirch",0,2222,452,20.34,253,11.39,255,40.41,27.75,330,55.42,659,16.48,196,10.79,101,33.4,316,52.73,627,24480,"308.7"
"80121","STATISTIK_AUSTRIA_GEM_20240101.80121","St. Gerold",0,396,66,16.67,26,6.57,39,41.05,6.87,9,63.36,83,29.77,39,17.28,28,38.27,62,46.56,61,21607,"171.2"
"80122","STATISTIK_AUSTRIA_GEM_20240101.80122","Schruns",2,4000,777,19.43,500,12.5,485,46.02,12.75,169,55.55,736,31.62,419,19.16,365,43.31,829,45.89,608,26309,"548.1"
"80123","STATISTIK_AUSTRIA_GEM_20240101.80123","Silbertal",0,849,150,17.67,68,8.01,88,35.92,27.27,117,59.67,256,13.05,56,11.64,37,24.21,77,58.28,250,22471,"171.5"
"80124","STATISTIK_AUSTRIA_GEM_20240101.80124","Sonntag",0,624,116,18.59,50,8.01,54,32.34,15.83,44,58.27,162,25.9,72,11.67,30,33.98,88,59.35,165,19751,"171.2"
"80125","STATISTIK_AUSTRIA_GEM_20240101.80125","Stallehr",0,284,48,16.9,25,8.8,29,34.12,20.62,20,65.98,64,13.4,13,9.65,11,26.32,30,69.07,67,22843,"335.1"
"80126","STATISTIK_AUSTRIA_GEM_20240101.80126","Thüringen",0,2336,443,18.96,200,8.56,316,45.66,23.16,167,60.75,438,16.09,116,15.63,159,31.83,324,64.22,463,26178,"441"
"80127","STATISTIK_AUSTRIA_GEM_20240101.80127","Thüringerberg",0,745,113,15.17,63,8.46,62,29.67,14.38,44,69.28,212,16.34,50,8.16,23,25.18,71,71.57,219,21856,"171.2"
"80128","STATISTIK_AUSTRIA_GEM_20240101.80128","Tschagguns",0,2257,445,19.72,240,10.63,273,43.47,24.95,270,56.56,612,18.39,199,13.43,130,36.02,349,56.1,607,25606,"334.5"
"80129","STATISTIK_AUSTRIA_GEM_20240101.80129","Vandans",0,2828,538,19.02,267,9.44,335,41.26,30.3,313,59.24,612,10.36,107,15.33,185,31.68,383,57.12,590,25780,"348.4"
"80201","STATISTIK_AUSTRIA_GEM_20240101.80201","Alberschwende",0,3338,572,17.14,245,7.34,312,35.41,30.65,365,58.44,696,10.92,130,14.01,180,30.48,392,67.34,802,23674,"363.9"
"80202","STATISTIK_AUSTRIA_GEM_20240101.80202","Andelsbuch",0,2705,358,13.23,194,7.17,218,30.88,20.25,164,57.9,469,21.85,177,18.44,185,29.01,293,52.96,429,23014,"318.6"
"80203","STATISTIK_AUSTRIA_GEM_20240101.80203","Au",0,1905,306,16.06,162,8.5,173,34.12,23.36,174,60.81,453,15.7,117,16.53,121,29.97,220,55.44,413,23057,"332.9"
"80204","STATISTIK_AUSTRIA_GEM_20240101.80204","Bezau",0,2034,340,16.72,195,9.59,199,37.69,18.19,129,56.7,402,25.11,178,16.69,136,33.78,276,50.21,356,23532,"318.6"
"80205","STATISTIK_AUSTRIA_GEM_20240101.80205","Bildstein",0,830,142,17.11,63,7.59,86,37.72,30.4,107,58.81,207,10.8,38,14.03,47,31.64,106,72.16,254,25340,"682.8"
"80206","STATISTIK_AUSTRIA_GEM_20240101.80206","Bizau",0,1113,177,15.9,107,9.61,92,31.62,27.21,120,54.2,239,18.59,82,13.15,58,32.88,145,61,269,21036,"318.6"
"80207","STATISTIK_AUSTRIA_GEM_20240101.80207","Bregenz",6,29476,5166,17.53,3046,10.33,3009,40.38,7.04,268,33.99,1294,54.45,2073,24.74,3517,45.97,6555,34.59,1317,26189,"1045.3"
"80208","STATISTIK_AUSTRIA_GEM_20240101.80208","Buch",0,598,93,15.55,54,9.03,58,33.92,30.6,71,67.67,157,1.72,4,9.38,21,23.21,52,73.71,171,24517,"363.9"
"80209","STATISTIK_AUSTRIA_GEM_20240101.80209","Damüls",0,339,61,17.99,28,8.26,31,34.07,31.07,64,36.41,75,32.04,66,13.04,18,40.4,61,49.03,101,24627,"332.9"
"80210","STATISTIK_AUSTRIA_GEM_20240101.80210","Doren",0,1048,191,18.23,99,9.45,115,37.83,24.19,90,62.9,234,12.9,48,11.37,48,27.96,118,68.55,255,23956,"219.9"
"80211","STATISTIK_AUSTRIA_GEM_20240101.80211","Egg",0,3774,628,16.64,309,8.19,346,34.12,32.13,489,49.74,757,18.13,276,17.6,267,32.52,494,64.59,983,23692,"403.3"
"80212","STATISTIK_AUSTRIA_GEM_20240101.80212","Eichenberg",0,419,83,19.81,28,6.68,39,34.82,15.6,22,54.61,77,29.79,42,8,12,28,42,49.65,70,23178,"362"
"80213","STATISTIK_AUSTRIA_GEM_20240101.80213","Fußach",0,4080,652,15.98,344,8.43,452,40,32.07,406,57.19,724,10.74,136,18.13,292,28.83,465,71.01,899,23887,"781.1"
"80214","STATISTIK_AUSTRIA_GEM_20240101.80214","Gaißau",0,1886,273,14.48,201,10.66,207,37.43,26.78,177,66.72,441,6.51,43,9.31,67,23.47,169,82.3,544,18657,"580.1"
"80215","STATISTIK_AUSTRIA_GEM_20240101.80215","Hard",6,13639,2429,17.81,1237,9.07,1613,41.76,17.53,544,55.41,1720,26.64,827,25.35,1541,35.95,2187,56.67,1759,25034,"808.7"
"80216","STATISTIK_AUSTRIA_GEM_20240101.80216","Hittisau",0,2068,323,15.62,159,7.69,186,33.21,17.19,137,61.1,487,21.58,172,15.48,130,31.91,270,57.09,455,21145,"161.2"
"80217","STATISTIK_AUSTRIA_GEM_20240101.80217","Höchst",1,8566,1407,16.43,784,9.15,958,40.63,23.37,591,65.12,1647,11.47,290,18.3,633,31.3,1084,69.08,1747,23192,"785.8"
"80218","STATISTIK_AUSTRIA_GEM_20240101.80218","Hörbranz",0,6731,1183,17.58,662,9.84,759,40.14,20.01,357,56.28,1004,23.71,423,21.32,612,33.61,965,56.45,1007,22503,"848.5"
"80219","STATISTIK_AUSTRIA_GEM_20240101.80219","Hohenweiler",0,1423,262,18.41,112,7.87,170,42.29,23.78,102,61.77,265,14.45,62,11.13,60,26.57,144,64.57,277,23282,"429"
"80220","STATISTIK_AUSTRIA_GEM_20240101.80220","Kennelbach",0,1860,330,17.74,228,12.26,218,41.29,23.08,117,51.28,260,25.25,128,22.52,184,34.11,279,54.64,277,25267,"848.5"
"80221","STATISTIK_AUSTRIA_GEM_20240101.80221","Krumbach",0,1110,203,18.29,107,9.64,128,40.63,13.65,49,70.75,254,15.6,56,16.97,84,35.89,178,53.48,192,20772,"219.9"
"80222","STATISTIK_AUSTRIA_GEM_20240101.80222","Langen bei Bregenz",0,1500,315,21,134,8.93,182,42.03,22.77,110,56.73,274,20.5,99,10.46,64,28.43,174,57.14,276,24757,"376.7"
"80223","STATISTIK_AUSTRIA_GEM_20240101.80223","Langenegg",0,1187,194,16.34,89,7.5,127,38.84,18.57,70,56.5,213,24.67,93,14.23,67,28.87,136,58.89,222,22174,"219.9"
"80224","STATISTIK_AUSTRIA_GEM_20240101.80224","Lauterach",5,10568,1724,16.31,857,8.11,1178,40.07,14.26,341,62.42,1493,23.24,556,26.62,1216,35.09,1604,61.16,1463,25890,"885.9"
"80225","STATISTIK_AUSTRIA_GEM_20240101.80225","Lingenau",0,1594,279,17.5,110,6.9,148,34.91,13.89,65,64.53,302,21.37,100,21.28,130,29.13,178,51.5,241,25049,"213.6"
"80226","STATISTIK_AUSTRIA_GEM_20240101.80226","Lochau",0,6696,1327,19.82,823,12.29,853,47.71,16.44,196,45.13,538,35.4,422,29.35,979,45.1,1508,48.41,577,25451,"1311.3"
"80227","STATISTIK_AUSTRIA_GEM_20240101.80227","Mellau",0,1303,226,17.34,116,8.9,131,37.43,17.01,82,59.34,286,23.65,114,19.17,101,34.77,185,51.04,246,23122,"332.9"
"80228","STATISTIK_AUSTRIA_GEM_20240101.80228","Mittelberg",0,5077,946,18.63,526,10.36,606,46.62,13.51,194,48.33,694,37.81,543,18.14,407,42.15,975,25.91,372,22479,"404.7"
"80229","STATISTIK_AUSTRIA_GEM_20240101.80229","Möggers",0,559,114,20.39,28,5.01,69,42.33,17.58,29,63.03,104,19.39,32,19.07,41,22.69,49,50.91,84,21572,"376.7"
"80230","STATISTIK_AUSTRIA_GEM_20240101.80230","Reuthe",0,671,103,15.35,44,6.56,72,40.91,31.56,77,50.82,124,17.62,43,14.44,40,32.49,90,58.61,143,21868,"318.6"
"80231","STATISTIK_AUSTRIA_GEM_20240101.80231","Riefensberg",0,1070,164,15.33,80,7.48,100,34.13,23.14,87,60.11,226,16.76,63,11.41,47,27.36,113,53.72,202,19466,"161.2"
"80232","STATISTIK_AUSTRIA_GEM_20240101.80232","Schnepfau",0,485,87,17.94,38,7.84,63,42.57,19.19,38,64.65,128,16.16,32,12.87,26,26.6,54,61.62,122,21656,"318.6"
"80233","STATISTIK_AUSTRIA_GEM_20240101.80233","Schoppernau",0,941,105,11.16,118,12.54,97,37.45,7.51,28,60.59,226,31.9,119,11.75,43,30.65,114,54.42,203,24383,"404.7"
"80234","STATISTIK_AUSTRIA_GEM_20240101.80234","Schröcken",0,216,38,17.59,21,9.72,23,39.66,12.96,14,37.96,41,47.22,51,23.33,21,41.05,39,29.63,32,26174,"404.7"
"80235","STATISTIK_AUSTRIA_GEM_20240101.80235","Schwarzach",1,3854,674,17.49,424,11,468,41.86,17.03,187,65.85,723,16.94,186,28.08,470,32.32,542,69.49,763,28110,"877.7"
"80236","STATISTIK_AUSTRIA_GEM_20240101.80236","Schwarzenberg",2,1900,292,15.37,165,8.68,156,31.97,20.56,190,52.71,487,26.73,247,12.3,91,34.05,254,60.39,558,23005,"523.3"
"80237","STATISTIK_AUSTRIA_GEM_20240101.80237","Sibratsgfäll",0,475,69,14.53,54,11.37,41,33.33,23.11,52,56,126,20.89,47,14.29,26,32.79,60,68,153,21773,"161.2"
"80238","STATISTIK_AUSTRIA_GEM_20240101.80238","Sulzberg",0,1854,351,18.93,154,8.31,197,38.63,20.55,119,56.65,328,22.45,130,15.83,113,26.85,192,54.06,313,20410,"376.7"
"80239","STATISTIK_AUSTRIA_GEM_20240101.80239","Warth",0,184,35,19.02,9,4.89,18,41.86,10,10,44,44,43,43,17.5,14,53.01,44,34,34,22212,"404.7"
"80240","STATISTIK_AUSTRIA_GEM_20240101.80240","Wolfurt",4,8954,1479,16.52,813,9.08,997,40.28,19.35,435,59.61,1340,20.86,469,26.93,1022,34.18,1298,63.79,1434,26124,"877.7"
"80301","STATISTIK_AUSTRIA_GEM_20240101.80301","Dornbirn",4,52108,8277,15.88,4748,9.11,5689,41.02,20.21,2311,53.78,6150,25.1,2871,25.38,5874,38.69,8975,60.23,6888,25254,"834.7"
"80302","STATISTIK_AUSTRIA_GEM_20240101.80302","Hohenems",7,17432,2611,14.98,1522,8.73,1844,38.95,18.64,787,59.13,2497,21.83,922,21.78,1591,34.04,2493,61.8,2610,22415,"595.7"
"80303","STATISTIK_AUSTRIA_GEM_20240101.80303","Lustenau",4,24603,3789,15.4,2161,8.78,2620,38.96,25.76,1534,53.9,3210,20,1191,24.87,2533,33.62,3431,64.52,3843,22591,"712.5"
"80401","STATISTIK_AUSTRIA_GEM_20240101.80401","Altach",0,7198,1188,16.5,583,8.1,827,40.92,28.18,567,56.51,1137,15.06,303,26.48,792,31.32,937,66.55,1339,22917,"787.4"
"80402","STATISTIK_AUSTRIA_GEM_20240101.80402","Düns",0,445,68,15.28,32,7.19,46,35.11,17.75,30,66.27,112,15.98,27,5.45,9,20,33,76.92,130,22636,"383.2"
"80403","STATISTIK_AUSTRIA_GEM_20240101.80403","Dünserberg",0,154,37,24.03,9,5.84,18,45,26.74,23,65.12,56,8.14,7,10.61,7,41.79,28,74.42,64,15736,"383.2"
"80404","STATISTIK_AUSTRIA_GEM_20240101.80404","Feldkirch",0,36708,5793,15.78,3222,8.78,4142,42.37,15.26,1235,52.24,4227,31.34,2536,28.39,4694,39.3,6506,57.09,4619,23536,"848.9"
"80405","STATISTIK_AUSTRIA_GEM_20240101.80405","Frastanz",0,6670,1131,16.96,584,8.76,704,38.26,25.51,476,59.38,1108,15.06,281,16.42,459,33.95,951,64.58,1205,22048,"527.1"
"80406","STATISTIK_AUSTRIA_GEM_20240101.80406","Fraxern",0,768,127,16.54,49,6.38,88,40.18,31.29,87,56.47,157,12.23,34,11.78,35,25.59,76,75.9,211,21975,"508.8"
"80407","STATISTIK_AUSTRIA_GEM_20240101.80407","Göfis",4,3332,610,18.31,320,9.6,430,43.97,27.99,314,63.81,716,8.2,92,19.42,269,28.7,398,74.51,836,23803,"486.4"
"80408","STATISTIK_AUSTRIA_GEM_20240101.80408","Götzis",0,12405,1945,15.68,1105,8.91,1422,41.98,23.84,714,57.76,1730,17.86,535,22.46,1194,34.66,1843,63.84,1912,22940,"751.9"
"80409","STATISTIK_AUSTRIA_GEM_20240101.80409","Klaus",2,3073,538,17.51,256,8.33,356,40.27,27.14,289,58.4,622,14.46,154,17.7,232,32.4,426,67.32,717,25120,"830.7"
"80410","STATISTIK_AUSTRIA_GEM_20240101.80410","Koblach",0,4956,842,16.99,365,7.36,597,42.19,33.35,545,57.71,943,8.94,146,18.63,377,29.04,589,74.79,1222,22773,"752"
"80411","STATISTIK_AUSTRIA_GEM_20240101.80411","Laterns",0,703,144,20.48,59,8.39,76,38.78,24.05,82,60.41,206,15.54,53,9.71,27,29.5,82,58.65,200,20464,"240.5"
"80412","STATISTIK_AUSTRIA_GEM_20240101.80412","Mäder",3,4249,647,15.23,317,7.46,489,39.34,24.71,301,62.81,765,12.48,152,24.27,418,27.12,467,74.14,903,20983,"641.2"
"80413","STATISTIK_AUSTRIA_GEM_20240101.80413","Meiningen",1,2532,391,15.44,167,6.6,287,39.86,25.06,212,66.55,563,8.39,71,12.73,127,27.5,275,76,643,20123,"730.5"
"80414","STATISTIK_AUSTRIA_GEM_20240101.80414","Rankweil",0,12157,2145,17.64,1224,10.07,1410,40.92,10.95,335,68.86,2107,19.93,610,24.72,1312,33.8,1794,58.14,1779,23460,"742.6"
"80415","STATISTIK_AUSTRIA_GEM_20240101.80415","Röns",0,390,57,14.62,43,11.03,45,38.79,19.58,28,70.63,101,9.79,14,11.76,18,24.18,37,67.83,97,24324,"462.9"
"80416","STATISTIK_AUSTRIA_GEM_20240101.80416","Röthis",0,2239,369,16.48,232,10.36,261,43.21,24.03,161,60.45,405,14.93,100,28.65,277,36.05,350,60.3,404,24370,"732.1"
"80417","STATISTIK_AUSTRIA_GEM_20240101.80417","Satteins",0,2799,498,17.79,281,10.04,319,40.08,18.75,162,66.44,574,14.81,128,17.49,198,29.4,334,64.93,561,22888,"525.7"
"80418","STATISTIK_AUSTRIA_GEM_20240101.80418","Schlins",0,2592,405,15.63,197,7.6,290,39.51,13.23,98,69.1,512,17.68,131,20.67,217,28.35,298,60.73,450,23601,"462.9"
"80419","STATISTIK_AUSTRIA_GEM_20240101.80419","Schnifis",0,805,141,17.52,54,6.71,73,32.44,22.08,70,68.45,217,9.46,30,11.58,36,27.01,84,82.65,262,23901,"462.9"
"80420","STATISTIK_AUSTRIA_GEM_20240101.80420","Sulz",0,2712,442,16.3,250,9.22,326,42.23,15.76,121,67.58,519,16.41,126,26.54,315,34.57,411,60.03,461,23006,"732.1"
"80421","STATISTIK_AUSTRIA_GEM_20240101.80421","Übersaxen",0,622,97,15.59,60,9.65,64,34.41,32.83,87,59.62,158,7.55,20,10.61,26,22.86,56,69.81,185,20260,"525.7"
"80422","STATISTIK_AUSTRIA_GEM_20240101.80422","Viktorsberg",0,438,87,19.86,33,7.53,53,40.77,21.23,31,71.23,104,7.53,11,15.64,28,27.78,50,63.7,93,25237,"508.8"
"80423","STATISTIK_AUSTRIA_GEM_20240101.80423","Weiler",0,2297,359,15.63,171,7.44,284,42.9,13.7,91,74.7,496,11.6,77,20.93,207,32.93,326,65.51,435,23333,"830.7"
"80424","STATISTIK_AUSTRIA_GEM_20240101.80424","Zwischenwasser",0,3419,624,18.25,290,8.48,426,44.51,20.24,220,66.88,727,12.79,139,19.06,269,30.81,435,72.03,783,23190,"508.8"
"90101","STATISTIK_AUSTRIA_GEM_20240101.90101","Wien-Innere Stadt",3,16281,3100,19.04,2333,14.33,1593,41.36,5.85,93,3.59,57,39.14,622,7.38,622,50.28,4245,0.63,10,41355,"-"
"90201","STATISTIK_AUSTRIA_GEM_20240101.90201","Wien-Leopoldstadt",3,112675,14701,13.05,8033,7.13,10474,40.99,25.08,1365,15.01,817,26.39,1436,10.19,5291,47.36,24969,32.21,1753,26757,"-"
"90301","STATISTIK_AUSTRIA_GEM_20240101.90301","Wien-Landstraße",4,98881,14157,14.32,7789,7.88,10014,43.2,8.49,337,5.65,224,38.1,1512,10.47,5278,49.8,25225,4.96,197,30498,"-"
"90401","STATISTIK_AUSTRIA_GEM_20240101.90401","Wien-Wieden",2,33444,5109,15.28,2957,8.84,3265,42.94,3.51,53,2.25,34,47.35,715,12.18,2006,49.22,8129,1.32,20,33894,"-"
"90501","STATISTIK_AUSTRIA_GEM_20240101.90501","Wien-Margareten",3,54581,7578,13.88,3631,6.65,5466,45.39,3.29,71,2.74,59,44.32,956,10.41,2956,51.94,14759,1.48,32,26334,"-"
"90601","STATISTIK_AUSTRIA_GEM_20240101.90601","Wien-Mariahilf",4,31083,4612,14.84,2539,8.17,3349,48.28,8.52,126,4.46,66,43.2,639,10.42,1678,51.45,8292,1.01,15,30270,"-"
"90701","STATISTIK_AUSTRIA_GEM_20240101.90701","Wien-Neubau",1,31330,4624,14.76,2399,7.66,3527,49.3,4.15,67,3.84,62,59.08,953,10.32,1749,52.46,8892,1.43,23,31591,"-"
"90801","STATISTIK_AUSTRIA_GEM_20240101.90801","Wien-Josefstadt",2,24242,3606,14.88,2117,8.73,2497,46.81,3.9,45,3.99,46,48.7,562,10.43,1280,51.39,6309,1.39,16,35697,"-"
"90901","STATISTIK_AUSTRIA_GEM_20240101.90901","Wien-Alsergrund",1,41664,5799,13.92,3332,8,4371,46.78,5.69,112,4.01,79,45.28,892,9.34,2038,51.67,11279,1.07,21,33337,"-"
"91001","STATISTIK_AUSTRIA_GEM_20240101.91001","Wien-Favoriten",14,223190,30166,13.52,16149,7.24,20561,38.69,35.3,4916,23.2,3231,23.61,3288,8.84,8706,43.19,42952,50.23,6995,26429,"861.6"
"91101","STATISTIK_AUSTRIA_GEM_20240101.91101","Wien-Simmering",9,112149,15060,13.43,7459,6.65,10653,37.77,40.83,3059,20.89,1565,22.13,1658,8.94,4396,40.81,20142,48.8,3656,26138,"700.1"
"91201","STATISTIK_AUSTRIA_GEM_20240101.91201","Wien-Meidling",5,102393,14433,14.1,7661,7.48,9751,40.35,22.43,1610,27,1938,32.87,2360,10.34,4974,46.88,22980,37.09,2663,27344,"882.3"
"91301","STATISTIK_AUSTRIA_GEM_20240101.91301","Wien-Hietzing",18,56108,9038,16.11,7686,13.7,5835,41.52,24.26,2557,44.16,4654,29.31,3089,18.52,4921,45.25,12048,58.56,6172,37444,"1310.8"
"91401","STATISTIK_AUSTRIA_GEM_20240101.91401","Wien-Penzing",40,99049,15670,15.82,9577,9.67,10536,42.83,31.93,4237,38.35,5089,23.02,3055,14.3,6905,46.33,22413,63.84,8471,31029,"1002.8"
"91501","STATISTIK_AUSTRIA_GEM_20240101.91501","Wien-Rudolfsheim-Fünfhaus",2,75902,10400,13.7,4980,6.56,7297,42.9,6.53,217,9.3,309,57.7,1918,7.45,2809,49.58,18742,7.67,255,24218,"-"
"91601","STATISTIK_AUSTRIA_GEM_20240101.91601","Wien-Ottakring",4,102727,15039,14.64,7806,7.6,10125,42.08,23.55,1637,19.74,1372,39.15,2721,10.45,5325,48.59,24785,34.5,2398,27230,"972.1"
"91701","STATISTIK_AUSTRIA_GEM_20240101.91701","Wien-Hernals",4,56767,8190,14.43,4727,8.33,5741,42.34,32.19,1986,26,1604,31.98,1973,12.6,3494,47.12,13077,52.59,3244,30438,"1253.5"
"91801","STATISTIK_AUSTRIA_GEM_20240101.91801","Wien-Währing",10,51376,7279,14.17,4962,9.66,4993,40.57,15.6,748,21.03,1008,53.42,2561,16.09,4176,49.03,12739,28.6,1371,35529,"1722.4"
"91901","STATISTIK_AUSTRIA_GEM_20240101.91901","Wien-Döbling",24,76074,11495,15.11,9736,12.8,7203,39.77,24.13,2209,31.15,2851,37.45,3428,15.95,5767,47.67,17347,43.6,3991,35804,"1752.3"
"92001","STATISTIK_AUSTRIA_GEM_20240101.92001","Wien-Brigittenau",3,86950,12266,14.11,6480,7.45,8222,41.15,9.73,247,3.78,96,27.77,705,9.79,4080,48.01,20028,5.32,135,25299,"-"
"92101","STATISTIK_AUSTRIA_GEM_20240101.92101","Wien-Floridsdorf",39,189551,27716,14.62,15354,8.1,18980,39.48,38.05,8071,33.36,7077,20.83,4418,10.35,8859,42.03,36099,63.53,13477,28353,"775.3"
"92201","STATISTIK_AUSTRIA_GEM_20240101.92201","Wien-Donaustadt",67,228158,32388,14.2,16199,7.1,23316,39.57,43.74,14704,35.38,11893,16.3,5481,12.22,12043,38.89,38551,77.29,25982,28934,"824"
"92301","STATISTIK_AUSTRIA_GEM_20240101.92301","Wien-Liesing",40,123714,18538,14.98,12450,10.06,12924,40.34,34.6,5828,37.96,6394,23.83,4015,14.72,8152,40.8,22659,60.38,10171,31833,"832.4"
