g_id,address_count,total_pop,percent_60to74,percent_75andUp,percent_households_no_kids,percent_1floor,percent_2floor,percent_3to5floor,percent_own_occ,percent_priv_one,percent_res_one_dwell,income,price_sq_m
10101,3,16118,18.31,9.91,41.24,41.39,44.38,13.74,15.59,42.96,67.64,32774,312.70
10201,1,1933,21.73,15.52,43.83,71.69,24.71,3.6,4.2,35.91,79.73,24956,245.10
10301,4,1943,23.83,16.62,52.42,66.16,31.52,2.32,9.46,41.13,80.54,30022,326.80
10302,1,1881,24.46,10.21,46.79,70.85,27.43,1.72,4.45,38.52,80.97,27442,239.20
10303,0,2078,22.18,8.57,46.07,54.01,42.48,3.51,3.44,31.98,79.8,30000,278.20
10304,2,3323,20.94,11.1,47.82,73.32,24.47,2.2,5.63,36.89,88.84,29246,203.40
10305,0,1203,22.19,9.48,41.76,74.64,22.45,2.92,3.51,38.07,87.59,25814,111.70
10306,0,1258,18.6,8.82,34.78,62.65,34.05,3.31,1.97,21.66,85.8,26120,172.90
10307,1,2181,24.85,13.48,44.62,54.41,41.26,4.33,2.21,32.63,65.7,22710,154.40
10308,0,1521,18.87,9.01,43.54,67.86,28.85,3.29,3.38,27.29,88.64,29970,213.30
10309,4,3594,17.89,11.32,44.11,63.29,30.14,6.29,17.08,37.92,82.52,28897,295.10
10310,2,1691,24.54,12.54,45.56,65.35,31.77,2.88,2.25,36.35,77.94,24984,345.40
10311,0,1304,25.08,10.58,46.75,77.22,20.18,2.6,3.23,32.94,87.16,25512,135.10
10312,1,3053,22.8,11.1,47.97,61.05,35.76,3.2,2.76,33.43,76.55,26898,220.70
10313,4,2720,22.5,12.87,44.74,68.65,28.49,2.86,1.91,32.56,81.22,24527,109.60
10314,1,1448,21.75,11.46,41.39,64.96,32.84,2.2,3.83,26.41,82.4,27082,119.30
10315,0,3228,19.3,11.93,42.19,66.64,30.98,2.38,4.84,30.75,81.53,28054,119.80
10316,0,2996,17.09,10.61,40.82,75.79,19.26,4.95,4.84,32.22,93.96,28796,174.90
10317,2,2143,22.12,12.65,46.2,81.06,16.43,2.51,4.59,36.65,90.03,29742,138.00
10318,1,1724,16.59,7.95,44.58,61.76,34.39,3.85,7.25,32.21,84.73,29367,209.70
10319,0,1938,20.74,10.68,39.39,71.58,25.8,2.63,5.5,26.38,84.02,29179,158.60
10320,0,520,22.88,11.54,51.01,75.44,22.51,2.05,4.02,39.36,88.01,32049,135.10
10321,2,821,19.37,10.23,38.17,66.95,30.25,2.8,1.7,32.67,85.43,23527,135.10
10322,4,1045,23.16,7.46,47.73,80.37,16.64,2.99,2.77,35.32,87.29,27405,112.80
10323,1,1142,21.54,11.82,43.02,68.28,28.15,3.57,3.06,28.72,85.29,25462,111.70
10401,0,790,22.03,13.16,42.98,78.11,21.14,0.75,0.81,34.68,82.09,24133,18.40
10402,0,1434,21.62,9.34,45.37,64.17,34.33,1.5,2.05,31.06,74.33,22731,22.40
10403,1,910,28.68,15.71,51.48,79.63,19.19,1.18,1.96,34.95,86.53,24075,15.20
10404,1,1028,26.56,13.62,45.22,76.95,20.76,2.29,0.67,30.36,88.76,23503,18.40
10405,1,3520,23.15,15.6,44.49,71.74,20.58,7,9.38,39.04,75,26249,28.40
10406,2,843,27.4,15.07,40.39,84.98,14.08,0.94,0.84,29.25,89.67,22040,12.00
10407,0,710,29.58,14.65,50.88,82.27,14.66,3.07,0.61,31.1,84.63,21629,15.20
10408,2,1985,25.09,13,44.5,75.91,22.54,1.55,2.51,30.67,83.98,23205,18.40
10409,0,943,26.09,10.6,39.15,83.47,15.7,0.83,0.47,34.73,86.98,22110,12.00
10410,0,444,31.31,16.44,55.3,85.66,13.58,0.75,3.72,40.74,88.3,21260,15.20
10411,1,1470,27.35,11.77,42.24,80.81,17.75,1.44,0.94,33.07,89.82,24168,12.00
10412,0,955,25.55,11.31,43.99,76.72,22.45,0.83,1.14,35.52,82.74,24047,22.40
10413,2,1007,24.73,13.41,43.69,74.24,23.85,1.91,2.94,36.48,81.68,23862,18.40
10414,4,2741,21.23,11.64,42.8,65.22,29.5,5.28,4.47,40.41,75.32,25971,30.90
10415,0,1193,25.82,9.56,39.03,75.88,23.12,1.01,0.21,28.18,90.45,23944,22.40
10416,0,934,24.3,21.2,52.53,66.17,32.68,1.15,0.73,37.47,88.34,21684,15.20
10417,1,1369,25.35,8.25,43.61,73.54,24.81,1.64,1.54,28.94,82.81,23201,15.20
10418,0,383,22.45,8.36,40.87,78.72,20.21,1.06,0,28.31,90.43,23394,22.40
10419,0,538,22.49,8.74,44.37,80,17.87,2.13,0,29.17,91.49,25138,22.40
10420,1,232,35.78,12.93,53.03,89.73,8.22,2.05,1.77,40.87,93.15,24309,15.20
10421,0,336,26.49,10.42,42.27,88.08,10.36,1.55,2.72,36.05,87.05,23547,15.20
10422,0,227,25.99,12.78,42.25,76.03,21.49,2.48,0,32.38,91.74,21411,15.20
10423,0,64,37.5,10.94,52.63,88,12,0,0,50,96,22618,15.20
10424,0,233,26.61,13.73,46.27,81.54,17.69,0.77,3.03,33.33,91.54,22782,18.40
10425,0,369,27.37,11.65,49.56,78.37,20.19,1.44,0,33.33,87.02,22257,18.40
10426,0,352,23.58,13.07,34.69,88.89,10,1.11,0,32.62,93.89,22064,15.20
10427,0,478,27.82,9.41,42.03,73.17,25.78,1.05,0.91,37.44,88.15,21990,141.80
10428,1,364,29.12,15.11,47.5,78.5,20,1.5,0.65,25.49,89.5,23116,15.20
10501,0,1730,24.62,10.81,43.79,72.56,24.97,2.47,3.8,30.62,79.19,23477,21.50
10502,0,900,27.22,13.78,43.17,78.68,20.44,0.88,2.52,32.16,82.2,22105,21.50
10503,0,1242,24.24,13.45,48.45,76.32,19.16,4.52,2.61,33.04,78.19,23274,21.50
10504,2,4159,24.77,11.64,47.5,68.72,26.43,4.79,6.17,37.08,73.8,23589,33.10
10505,0,1041,24.98,10.37,43.29,77.96,20.79,1.25,3.21,27.85,79.42,22320,13.40
10506,1,1153,22.64,10.75,41.48,75.04,21.18,3.77,0.38,33.58,83.84,21999,21.50
10507,0,879,25.26,13.99,42.08,77.05,19.32,3.64,0,35.16,85.23,22018,13.40
10508,2,2241,22.27,11.24,46.32,63.24,33.03,3.73,6.68,32.78,74.43,25029,30.40
10509,1,1941,24.88,12.57,47.63,76.62,18.95,4.43,2.41,29.78,84.04,22019,13.40
10510,0,712,29.07,11.94,49.77,79.25,18.75,2,0,34.23,81.75,20013,21.50
10511,1,784,22.58,12.76,47.26,67.45,30.5,2.05,3.27,29.76,77.42,21621,21.50
10512,0,375,31.47,7.73,37.27,74.73,20.88,4.4,0.58,33.14,85.71,20322,13.40
10601,0,1233,21.01,13.38,45.06,74.53,24.62,0.85,4.14,36.02,86.5,26414,68.40
10602,0,2800,22.68,10.89,46.62,59.61,34.49,5.9,2.62,27.97,80.18,26213,79.30
10603,1,1103,19.4,8.16,44.04,70.52,25.24,4.25,3.66,31.84,83.49,28005,89.40
10604,1,1214,20.51,11.37,40.28,71.76,26.47,1.78,4.15,33.4,77.62,25294,68.40
10605,0,2074,22.9,9.11,43.14,62.2,36.5,1.3,1.85,25.4,74.41,26191,77.60
10606,3,7554,18.98,9.68,42.42,60.51,32.94,6.24,10.13,36.69,75.14,27764,165.10
10607,2,5015,18.17,10.05,46.41,58.94,35.15,5.91,11.43,35.82,79.08,25999,182.00
10608,1,754,19.36,11.14,45.92,56.94,38.89,4.17,4.36,32.27,59.17,28110,69.80
10609,2,3068,22.46,10.79,47.67,54.23,43.19,2.58,3.53,36.06,84.76,28000,112.80
10610,0,2684,21.42,10.77,42.87,69.32,26.64,4.03,10.08,27.64,80.39,24481,68.40
10611,0,2355,19.53,11.76,41.32,53.55,39.86,6.59,7.58,39.48,81.77,29634,198.80
10612,0,2360,21.91,10,43.8,71.93,24.77,3.31,2.3,34.86,87.7,25727,76.30
10613,1,1253,24.1,9.9,43.7,68.47,29.01,2.52,0.19,26.29,75.86,24419,46.10
10614,0,1183,19.19,13.27,48.78,72.41,26.36,1.23,2.1,30.86,87.35,28912,69.80
10615,0,2792,21.6,12.07,43.51,66.08,32.85,1.07,1.44,30.94,83.54,25680,123.10
10616,0,846,20.8,9.57,43.51,72,26,2,2.25,29.21,78.5,23703,89.40
10617,0,922,21.15,13.77,44.16,75.63,21.64,2.73,1.67,34.76,85.19,27970,68.40
10618,0,1320,20,9.85,43.97,74.33,22.22,3.44,1.81,33.15,81.06,27042,91.60
10619,0,624,23.24,8.65,39.25,70.14,28.06,1.8,1.61,25.2,87.05,26224,69.80
10701,2,2266,26.61,13.72,47.26,73.54,24.88,1.57,0.6,29.04,82.79,24288,48.90
10702,2,1749,25.67,13.61,42.86,74.68,24.04,1.29,1.4,32.49,78.14,24521,57.10
10703,0,3108,18.92,6.37,44.89,49.4,38.42,11.93,12.31,39.4,76.73,27552,317.80
10704,0,643,23.64,13.06,43.15,77.98,20.18,1.83,1.06,30.53,89.3,26303,99.20
10705,2,2963,23.08,12.28,44.84,64.19,31.7,4.12,1.04,37.46,75.88,25406,112.50
10706,0,1518,18.18,8.83,38.83,69.37,29.05,1.59,5.72,28.71,81.9,25852,198.50
10707,1,3937,20.83,10.34,38.59,54.82,41.71,3.41,3.47,32.04,75.79,25267,241.30
10708,1,1871,24.16,13.84,40.59,72.31,26.21,1.48,2.03,29.78,86.65,26527,112.50
10709,2,2333,26.06,12.52,44.15,68.03,29.42,2.55,2.24,31.97,80.19,25237,138.70
10710,0,1655,22.11,9.37,41.49,59.06,37.01,3.81,3.36,33.66,76.25,27114,276.40
10711,1,3803,15.99,8.13,30.41,62.19,33.95,3.7,10.89,30.29,81.48,26069,260.40
10712,2,2191,22.18,11.05,41.42,60.5,36.4,3.1,3.2,29.14,78.1,24751,112.50
10713,6,8885,18.08,7.99,36.57,46.94,43.79,9.21,12.34,37.89,70.49,29178,390.70
10714,1,1843,22.25,10.58,43.62,75.5,23.27,1.23,5.74,32.13,87.7,26128,99.20
10715,1,1284,19.31,9.35,37.98,68.16,28.74,3.11,3.18,32.02,78.06,26164,97.10
10716,0,1472,27.04,12.23,44.18,56.86,32.35,10.78,0.47,27.27,71.57,23191,57.10
10717,1,5362,15.72,6.23,38.2,58.86,34.9,6.19,5.81,29.63,79.67,26608,283.80
10718,0,2146,24.79,12.91,40.28,58.06,37.05,4.89,4.18,33.19,71.14,25765,183.00
10719,0,1389,27.43,12.46,45.78,78.82,19.17,2.01,1.78,35.05,82.57,25838,72.70
10720,0,1142,27.67,14.19,47.81,71.15,24.83,4.02,0.42,25.94,88.29,23845,57.40
10721,0,1624,25.74,12.32,36.67,70.69,27.89,1.43,2.47,29.55,75.1,23189,57.10
10722,1,2597,21.95,10.9,41.54,61.93,34.7,3.37,5.43,33.51,80.58,27816,347.30
10723,0,1384,21.32,10.04,45.97,57.03,41.58,1.39,2.91,37.37,80.53,26691,333.00
10724,1,2320,22.28,12.67,41.98,71.64,26.01,2.36,2.21,33.5,84.4,26262,126.90
10725,0,857,18.67,8.4,37.34,74.01,25,0.99,3.71,32.19,83.66,26109,139.10
10726,0,679,18.85,10.31,40,76.63,20.12,3.25,3.59,35.29,83.73,26842,170.60
10727,0,824,21.97,9.71,40.59,72.17,25.94,1.89,2.77,28.62,86.79,28149,244.90
10801,0,3140,23.66,12.45,45.21,66.02,30.86,3.12,1.37,31.45,79.92,25414,71.10
10802,2,1381,23.17,12.38,38.06,68.63,28.98,2.39,0.91,27.52,79.78,23174,25.50
10803,1,1088,27.57,13.97,42.25,74.02,22.37,3.6,1.79,34.39,86.94,25640,27.70
10804,0,1362,30.03,14.76,50.86,80.74,17.88,1.38,0,37.23,85.61,25859,19.50
10805,0,1807,25.73,9.68,43.18,69.35,29.57,1.08,0.4,28.39,73.2,24445,44.40
10806,1,595,21.68,12.61,41.42,86,13.5,0.5,2.2,38.69,90,26217,25.50
10807,2,1878,21.94,10.49,40.75,33.37,61.63,5,2.74,31.35,81.09,25435,33.20
10808,1,1161,24.12,13.35,48.64,75.49,21.31,3.2,2.09,31.52,82.59,23805,33.20
10809,0,2072,22.78,11.1,41.95,62.7,32.9,4.39,0.98,36.73,84.75,23954,21.70
10810,0,842,26.01,13.06,49.14,70.75,25.34,3.91,2.69,42.13,74.49,24260,27.70
10811,0,1783,23.39,12.23,45.2,74.29,24.39,1.32,1.93,32.09,86.79,24706,27.70
10812,3,1281,21.94,11.4,43.92,70.15,27.76,2.09,0.89,34.34,80.9,26031,25.50
10813,1,1675,23.1,12.72,40.75,68.37,30.1,1.53,3.19,26.88,76.02,21764,32.70
10814,0,1140,21.23,12.89,41.27,56.58,41.45,1.96,0.21,34.04,74.66,27361,39.20
10815,1,1389,25.77,19.29,41.62,83.09,15.56,1.35,0.32,40.84,90.15,24324,10.30
10816,1,3337,21.76,11.21,44.53,55.82,33.52,10.33,7.34,41.34,67.38,26673,76.60
10817,1,1569,26,9.94,42.58,79.98,19.79,0.24,0.75,31.18,88.69,24196,21.70
10818,0,824,23.54,11.29,42.8,67.18,30.77,2.05,2.9,29.97,78.46,22571,21.70
10819,0,916,19.32,20.09,42.23,58.67,39.03,2.3,1.39,30.3,79.85,24149,19.50
10820,0,911,24.92,15.48,51.67,78.38,18.98,2.64,0.92,37.24,91.04,26080,31.00
10821,0,1308,23.17,11.62,43.4,70.06,26.46,3.48,0.73,29.8,85.1,26867,27.70
10822,1,1354,20.97,9.9,43.07,62.76,34.19,3.05,3,32.06,77.85,25577,39.20
10823,1,1910,20.58,12.09,39.56,67.9,30.13,1.97,1.84,35.16,81.23,24546,33.20
10824,0,615,23.74,9.43,42.02,75.69,23.26,1.04,1.58,28.06,81.25,25845,33.20
10825,0,645,24.03,8.22,37.43,73.53,24.51,1.96,1.82,31.88,83.66,25815,19.50
10826,1,615,22.76,8.78,34.97,64.69,34.32,0.99,0,30.35,87.13,24971,21.70
10827,0,348,24.71,13.79,42.31,74.74,23.71,1.55,1.27,36.08,87.63,24527,25.50
10828,0,798,22.18,9.4,40.17,74.3,24.17,1.27,0.87,34.1,92.88,24097,27.70
10901,2,1658,22.62,12.79,45.61,60.03,31.24,8.58,10.14,42,71.36,30366,78.30
10902,0,2159,24.73,13.94,43.57,67.79,28.85,3.37,1.35,28.59,80.77,25150,22.50
10903,0,1077,27.86,16.25,47.27,83.26,15.54,1.21,1.86,34.58,86.27,23358,16.40
10904,0,1253,21.63,8.54,34.42,71.26,27.01,1.72,1.38,30,76.05,24853,28.30
10905,0,3595,22.28,12.04,42.68,73.22,22.53,4.18,1.36,36.46,79.78,24880,30.70
10906,0,740,24.73,13.92,48.18,85.66,13.94,0.4,1.46,37.39,89.09,24000,16.40
10907,1,1539,21.57,8.97,42.48,78.15,19.28,2.57,3.47,34.54,86.76,23622,20.80
10908,0,1437,25.82,11.55,43.65,72.29,24.84,2.88,2.34,32.66,82.09,23468,16.40
10909,0,1151,23.81,11.21,47.04,72,26.5,1.5,1.36,31.52,85.33,23863,20.80
10910,0,1360,18.01,6.76,36.56,68.09,28.57,3.34,1.96,22.22,74.58,23532,28.30
10911,2,1136,24.21,9.86,40.87,75.18,23.35,1.47,0.41,29.69,81.25,23808,22.50
10912,2,2011,20.79,9.95,39.97,74.91,23.6,1.48,2.86,32.3,76.74,25988,28.30
10913,0,643,31.42,11.35,52,78.75,20.25,1,0.33,34.2,89.25,23102,25.90
10914,0,1442,26.07,12.55,44.04,79.79,18.39,1.81,0.63,32.14,90.54,22034,21.80
10915,1,978,26.48,9.92,48.46,81.6,16.54,1.86,0.45,34.45,84.57,22952,12.00
10916,2,2472,20.35,11.65,41.58,69.19,27.69,3.12,1.7,31.12,77.79,28712,31.60
10917,3,8060,19.65,10.74,39.2,54.49,34.69,10.21,7.63,41.07,69.12,27332,88.70
10918,3,5890,19.66,12.14,40.57,62.44,31.62,5.84,5.6,36.13,76.53,25612,59.00
10919,2,3053,22.93,13.53,40.14,74.66,22.05,3.16,2.94,34.15,85.56,23061,25.90
10920,1,1691,20.22,11,41.27,74.87,23.41,1.72,2.43,28.92,84.13,24724,31.60
10921,1,1447,21.77,10.5,43.85,77.25,20.46,2.29,0.65,27.67,83.4,24379,21.80
10922,0,743,24.36,12.11,40.09,84.52,14.19,1.29,0.91,35.26,88.82,24600,25.90
10923,0,2050,22.73,12.39,43.52,70.85,26.48,2.67,1.06,32.24,83.4,24010,22.50
10924,1,970,26.19,10,38.61,70.68,27.13,2.19,0,24.13,81.18,24174,22.50
10925,0,1013,22.11,7.7,41.78,76.61,20.54,2.86,1.45,30.86,84.29,23282,48.30
10926,0,786,25.32,12.72,43.1,82.59,16.11,1.3,0.8,34.85,89.44,23144,22.50
10927,0,1205,20.66,7.55,42.06,72.46,25.78,1.76,1.07,26.12,81.25,22986,31.60
10928,1,1516,21.04,8.44,37.91,58.07,33.39,8.54,1.26,32.28,78.11,22852,20.80
10929,0,823,19.68,5.59,39.38,64.52,32.62,2.87,6.61,23.95,72.04,23001,28.30
10930,0,720,24.86,11.53,44.4,81.97,16.67,1.37,1.29,24.36,90.71,22348,19.00
10931,0,286,25.52,12.24,42.35,83.56,14.38,2.05,0.8,35.2,88.36,21674,16.40
10932,0,328,27.13,21.34,51.16,84.75,14.69,0.56,0.79,29.92,87.57,26949,16.40
20101,41,105256,18.68,10.84,44.09,24.67,49.08,24.77,20.3,48.37,53.06,29341,202.90
20201,24,65749,19,11.09,45.68,23.61,50.63,24.2,15.03,46.44,48.73,27212,214.50
20302,0,1185,22.11,14.77,40.78,23.39,62.36,14.25,2.77,29.79,66.82,22110,48.50
20305,7,6905,21.81,14.44,44.45,33.57,50.96,15.24,5.37,35.65,49.42,25350,71.00
20306,1,2478,22.68,12.95,37.32,30.38,61.89,7.72,2.29,31.43,59.63,20462,48.50
20307,1,3320,21.75,14.25,41.58,23.15,63.13,13.72,3.41,36.83,65.46,23895,64.30
20316,1,1551,25.79,16.96,42.32,40.43,55.32,4.26,0.79,33.91,69.02,23742,48.50
20320,0,1228,23.62,13.44,41.58,33.33,60.19,6.48,1.22,30.83,57.41,21500,48.50
20321,0,1274,20.49,12.09,30.25,15.04,60.68,24.27,2.67,33.84,59.66,18371,48.50
20402,4,8224,19.81,10.81,42.96,46.17,47.86,5.96,5.49,33.55,73.01,25287,102.10
20403,1,2502,20.86,14.03,43.78,52.61,41.23,6.16,2.62,34.03,77.33,25017,61.30
20405,0,7513,21.02,13.02,44.36,54.41,39.03,6.49,5.76,39.85,71.98,24719,80.10
20409,0,3088,18.3,9.39,41.39,48.09,46.35,5.56,1.63,29.57,74.91,26200,83.10
20412,2,2418,24.28,12.2,42.75,45.51,46.39,8.11,3.19,37.66,70.8,26666,143.00
20414,1,3186,20.46,11.86,43.93,49.68,45.22,5.1,2.33,27.72,72.09,26757,90.20
20415,8,3579,21.71,12.43,44.66,33.18,48.71,17.96,27.53,44.59,62.02,33679,206.40
20416,0,1812,24.28,10.32,36.53,57.27,38.61,4.12,1.46,32.27,75.93,24402,61.30
20417,2,2732,18.45,10.18,39.59,42.7,51.8,5.4,5.02,31.95,79.8,28861,103.20
20418,3,4024,22.17,11.73,41.56,39.42,55.18,5.4,6.91,30.12,76.14,28987,108.60
20419,1,1661,23.9,13.91,47.48,29.89,54.4,15.6,16.85,48.68,62.86,29542,174.90
20421,5,4667,20.57,12.75,43.25,49.97,44.8,5.23,2.69,32.62,73.15,24740,104.50
20424,4,3002,23.08,13.22,45.6,32.52,47.05,20.05,19.39,43.15,57.84,28947,325.70
20425,2,3353,19.77,9.19,40.77,37.96,58.1,3.94,1.22,28.37,73.77,25389,86.60
20428,1,1087,21.62,11.32,35.03,43,52.54,4.46,0,32.83,75.05,22436,41.60
20432,1,2683,23.74,9.17,42.91,44.22,47.93,7.76,5.51,35.49,72.15,22446,91.30
20435,0,2212,22.92,10.44,41.22,44.75,47.11,7.75,9.39,31.57,87.34,24551,104.50
20441,0,587,22.32,12.78,31.13,63.92,34.81,1.27,0.41,39.92,74.05,19568,41.60
20442,0,3730,19.33,10.11,38.77,48.68,48.1,3.22,1.46,25.1,78.65,26330,81.20
20501,4,4950,20.1,10,45.8,21.15,56.32,21.93,11.29,45.56,53.83,24847,76.40
20502,4,2734,21.51,10.61,43.6,49.32,43.97,6.19,5.79,35.25,66.74,23894,50.70
20503,0,822,26.52,13.5,40.74,56.67,38.33,5,0.96,33.01,68.89,19073,32.60
20504,0,1227,22.17,13.77,39.94,34.92,56.87,8.21,2.75,36.08,72.33,22721,50.70
20505,5,4852,22.44,14.39,43.05,38.93,51.5,9.52,5.58,38.11,65.17,22589,42.70
20506,1,835,24.67,11.62,38.57,57.2,37.57,5.05,2.12,43.31,82.24,22696,32.60
20508,2,1178,23.85,12.39,41.89,40.63,49.04,10.34,1.66,38.56,60.1,21777,43.10
20509,1,1498,19.96,11.08,39.68,47.36,46.08,6.56,3.35,34.24,74.86,22763,52.60
20511,3,1274,25.2,14.21,45.96,47.41,47.78,4.81,2.51,44.93,67.65,20643,52.60
20512,0,1936,19.73,10.69,40.7,44.16,49.85,5.99,1.95,32.08,71.86,26080,50.70
20513,1,1785,21.18,11.48,42.77,35.54,54.82,9.64,9.14,41.68,56.33,22889,50.70
20515,0,3416,19.61,9.6,39.26,39.19,52.82,7.9,1.08,31.37,70.08,22546,66.00
20518,0,1810,24.25,13.2,38.85,45.7,49.26,5.04,0.58,29.29,81.82,20910,32.60
20519,0,959,24.09,11.16,42.54,46.2,44.29,9.51,1.41,37.41,60.87,22166,52.60
20520,1,1314,20.7,8.37,36.13,53.89,42.96,3.15,2.19,30.97,65.74,23986,46.70
20523,1,3600,20.72,10.08,40.99,34.47,58.64,6.89,3.81,32.78,71.36,27083,93.80
20527,4,12234,21.07,12.35,44.87,27.78,49.32,22.17,10.1,47.43,48.27,25493,101.40
20530,1,1964,22.76,13.03,37.94,39.07,52.75,8.18,8.02,33.46,67.14,21112,46.70
20531,1,1982,23.16,12.71,40.31,54.04,42.34,3.51,2.21,31.91,73.45,21688,32.60
20534,4,3580,20.34,11.28,41.99,44.9,50.54,4.56,2.86,25.12,77.99,26803,87.40
20601,2,1657,25.23,14.12,46.7,23.44,50.86,25.16,15.51,49.14,43.01,23460,217.90
20602,0,1839,20.94,11.09,42.63,45.29,49.63,5.08,4.42,29.51,70.85,24345,95.10
20603,0,1224,23.53,10.54,38.96,22.49,64.89,12.62,1.79,31.41,62.13,20428,61.90
20604,0,1626,22.14,12.67,41.34,18.47,66.27,15.25,1.73,34.67,57.8,21938,61.90
20605,0,1307,20.73,10.48,31.22,9.52,49.42,41.07,2,35.64,72.29,20128,66.60
20607,0,1121,19.45,9.9,36.56,41.48,48.52,10,8.77,34.23,64.63,24433,66.60
20608,0,2554,20.87,13.08,39.97,22.31,59.5,18.09,4.96,38.07,55.68,22907,84.10
20609,1,1702,21.27,11.87,38.66,17.13,72.71,10.16,3.38,36.05,57.62,22289,67.60
20610,0,959,20.65,14.49,40.22,22.29,55.42,22.09,8.63,35.8,55.23,22168,66.60
20611,1,1912,22.18,9.73,39.3,24.63,64.33,11.04,2.46,28.13,66.89,22058,76.20
20613,0,1161,19.9,10.59,36.47,36.93,58.75,4.32,2.06,27.69,69.78,21682,44.10
20616,1,1779,20.12,8.66,40.75,18.08,67.68,14.24,4.05,26.98,63.68,22600,95.10
20618,0,771,29.18,15.05,49.35,31.46,45.77,22.3,1.91,38.17,48.12,24885,66.60
20619,0,1867,22.17,10.12,39.82,25.67,57,17.2,1.93,34.82,66.75,21557,66.60
20620,1,3464,24.68,13.63,48.69,26.49,54.58,18.79,16.94,41.06,59.36,24474,209.00
20622,0,816,20.71,6.62,31.39,26.75,60,13.25,1.01,29.63,74.03,19024,66.60
20624,1,1022,18.98,15.07,37.08,30.68,58.7,10.62,9.56,36.03,61.65,22664,57.70
20625,1,1198,21.2,10.77,40.65,32.88,55.86,11.26,4.27,36.02,53.38,22460,61.90
20627,1,2154,19.36,14.3,37.13,34.03,52.55,13.43,8.54,36.02,61.69,22782,57.70
20630,3,5742,22.43,14.33,44.82,34.4,53.23,12.23,4.89,39.89,58.96,24463,88.30
20631,1,1700,20.18,8.47,33.82,18.44,72.56,9,5.84,33.67,64.77,20251,66.60
20632,0,1650,20.42,11.45,38.19,13.04,70.75,15.81,2.03,37.99,49.01,22477,84.10
20633,0,1333,16.73,10.95,39.02,32.97,60.09,6.94,2.28,31.87,61.82,24583,44.10
20634,6,6706,22.08,14,43.47,26.83,60.49,12.64,13.31,38.09,59.9,26087,133.50
20635,7,15341,22.18,12.22,45.31,20.23,57.05,21.57,10.86,43.6,54.28,25168,101.50
20636,0,1493,21.03,8.91,37.38,19.41,71.61,8.97,4.11,27.68,63.55,19788,66.60
20637,2,1996,22.24,12.93,40.61,26.25,62.22,11.38,2.96,34.71,61.76,21887,67.60
20638,0,1143,21,10.59,33.33,19.4,69.27,11.08,1.67,26.13,61.71,20899,84.10
20639,0,759,21.74,12.65,40.76,27.11,44.9,27.55,12.22,37.96,41.21,25371,472.00
20640,0,1185,18.73,13.42,40.13,25.45,62.61,11.94,5.56,39.39,55.18,21787,66.60
20642,2,1603,22.21,12.6,35.95,25.31,68.89,5.54,0.93,33.33,74.43,20376,84.10
20643,0,2676,21.08,12.29,43,27.35,63.26,9.39,9.07,31.73,65.45,24314,70.50
20644,0,2085,23.17,12.71,45.5,33.2,57.7,9,6.24,33.19,70.22,24510,57.70
20701,0,1480,20.07,15.68,42.68,31.41,57.4,11.01,2.86,34.56,56.32,22747,61.70
20702,3,7157,20.36,10.31,42.31,25.25,61.42,13.07,4.69,35.76,57.28,25169,85.20
20703,1,1333,23.26,12.45,42.46,25.24,59.28,15.47,2.38,30.29,77.2,21765,42.80
20705,1,2141,25.04,13.59,49.76,35.21,56.23,8.45,3.2,40.28,58.5,25237,65.00
20707,0,643,18.04,10.11,29.03,19.49,72.03,8.47,1.12,30.86,54.66,23842,65.00
20708,0,1042,21.88,12.96,48.42,23.65,62.53,13.83,1.7,34.46,57.52,24474,61.70
20710,0,2013,23.85,12.37,46.79,27.99,62.85,9.16,1.39,36.5,65.78,22420,61.70
20711,8,9466,20.1,9.96,42.06,33.16,57.16,9.63,7.65,35.06,65.93,24990,136.90
20712,1,1239,23.16,11.22,40.81,32.54,48.52,18.93,2.89,29.01,75.54,23515,61.70
20713,0,872,20.99,10.44,43.62,30.52,59.88,9.59,2.31,29.97,63.37,25623,62.40
20719,0,2340,23.93,11.45,44.43,38.15,56.34,5.4,1.77,35.19,64.61,25910,65.00
20720,3,5778,21.7,12.31,43.45,26.74,58.64,14.57,3.8,34.03,63.47,23573,61.70
20721,1,1910,21.73,9.11,43.42,51.98,41.72,6.29,6.34,31.42,71.27,23744,75.10
20722,2,4357,22.31,12.16,44.12,44.13,49.4,6.47,1.1,37.34,69.2,23994,75.10
20723,2,1556,21.27,11.63,39.25,38.07,55.38,6.55,0.31,32.66,70.36,20976,61.70
20724,3,4563,21.19,15.95,46.52,41.62,46.79,11.35,10.39,36.14,63.69,25936,88.80
20725,2,9183,23.12,13.57,43.93,34.99,49.27,15.72,11.78,40.82,62.71,25588,114.60
20726,1,2921,21.6,12.26,44.43,42.5,50.22,6.94,3.27,31.13,65.31,26665,61.70
20727,1,5662,20.4,10.4,42.54,45.02,48.86,6.12,3.59,28.85,76.19,26746,121.30
20801,2,3983,20.56,10.65,34.48,51.19,42.34,6.47,2.32,35.87,70.08,21846,38.40
20802,0,788,20.18,9.9,33.18,66.26,29.56,4.19,0.67,35.86,81.53,21250,55.60
20803,2,5989,21.79,11.4,40.57,46.74,48.33,4.93,2.77,35.47,69.27,23279,53.60
20804,1,2218,24.48,14.07,39.79,51,40.27,8.73,3.59,44.19,65.93,21372,38.90
20805,0,2241,19.72,8.26,35.46,51.03,43.57,5.41,0.65,29.94,71.57,23400,36.00
20806,0,1791,22.5,10.11,36.26,66.14,30.84,3.02,2.34,30,80.31,23267,41.60
20807,0,1576,22.72,9.01,37.56,53.95,43.41,2.48,1.7,32.15,75.97,21414,38.90
20808,1,3391,20.79,10.38,37.99,49.03,45.07,5.83,4.94,36.01,67.75,20925,55.60
20810,0,1020,24.31,15.98,37.59,61.52,36.03,2.45,0.27,25.54,82.84,19884,30.00
20812,0,1499,21.88,10.21,35.35,63.25,34.27,2.48,1.31,31.48,74.67,21908,30.00
20813,3,4636,21.7,10.79,41.52,35.97,52.53,11.41,5.44,37.28,60.12,23735,76.90
20815,0,1947,25.68,10.58,40.43,60.13,36.67,3.19,1.49,37.13,72.14,21407,38.90
20817,7,10902,21.43,10.84,40.71,37.03,51.47,11.47,4.72,36.65,64.92,24144,60.50
20901,2,4244,21.09,12.35,40.64,40.95,52.89,6.1,2.7,32,68.82,22279,58.10
20905,0,2394,21.01,13.99,45.36,49.71,39.4,10.66,11.72,36.3,59.33,21510,58.10
20909,0,2757,23.72,11.75,41.56,26.84,68.49,4.58,1.71,37.16,59.87,22075,24.70
20911,0,891,24.47,12.23,39.04,71.05,27.03,1.91,0.28,36.74,83.97,20981,38.50
20912,0,1700,24.47,10.76,43.2,43.63,51.54,4.83,3.37,27.94,73.79,21834,38.50
20913,1,9840,22.05,11.36,41.09,28.19,66.99,4.79,3.1,31.85,69.28,23389,65.30
20914,0,1915,21.04,8.51,37.39,49.19,47.58,3.23,0.52,30.7,69.9,21470,40.90
20918,0,3144,22.01,12.5,42.07,46.82,44.01,8.62,2,34.15,66.06,23180,40.90
20923,9,24961,21.17,11.51,43.18,42.16,45.86,11.72,7.85,37.93,64.41,25132,94.20
21001,2,965,26.01,11.5,41.06,42.83,50.25,6.92,2,43.08,78.42,23446,104.20
21002,10,14528,20.27,11.42,42.29,36.75,50.15,13.03,6.58,39.75,63.21,23818,88.90
21003,1,1780,24.61,11.24,35.95,65.18,30.83,3.68,0.93,28.02,71.93,23166,45.90
21004,0,1034,20.02,10.93,35.55,28.38,63.76,7.86,1.4,33.26,69.87,22197,64.70
21005,0,2329,22.8,10.39,42.01,35.99,56.35,7.66,1.78,30.83,73.24,22147,64.70
21006,0,724,20.72,14.36,44.83,33.93,50.79,15.28,10.06,45.63,55.51,29192,255.30
21007,1,1695,24.31,11.98,40.74,48.42,39.88,11.53,2.52,37.65,69.09,21590,105.50
21008,2,1639,21.42,9.15,40.15,42.16,46.34,10.98,5.54,35.91,67.6,22587,61.90
21009,2,3844,22.48,13.81,43.24,33.04,54.64,11.88,11.6,40.83,60.27,26212,115.50
21010,0,1573,22.89,9.28,35.21,42.45,51.91,5.64,1.59,29.21,68.33,20703,61.90
30101,11,25473,19.24,11.83,46.15,33.71,40.54,23.79,21.01,45.97,54.18,29185,252.80
30201,13,59767,17.07,10.03,44.2,43.58,40.09,14.95,13.92,41.78,62.25,28802,186.40
30301,3,11062,19.17,11.63,41.07,31.12,49.7,18.94,17.03,38.12,51.85,27252,98.30
30401,6,49156,15.48,8.48,41.32,29.34,47.31,22.1,14.86,41.2,61.14,28158,321.00
30501,0,2218,17.85,7.89,35.53,23.85,68,8.15,8.98,25.73,66.07,23511,54.90
30502,3,24008,18.68,9.89,44.11,25.11,59.75,14.53,11.2,39.54,49.64,28029,121.10
30503,1,3604,18.59,7.71,35.81,29.14,66.01,4.84,4.58,24.92,56.05,24614,50.70
30504,2,3796,17.78,8.64,38.51,29.17,64,6.82,7.02,25.47,60.95,25035,60.80
30506,0,3444,17.94,9.47,44.42,36.01,58.41,5.58,7.97,26.18,54.02,25830,107.90
30507,0,2348,18.31,7.71,37.59,29.64,63.37,6.99,7.54,23.88,60.18,23455,71.40
30508,1,3303,15.5,8.08,38.68,35.44,56.83,7.73,6.86,34.16,59.74,25282,163.40
30509,2,2315,19.27,8.86,43.78,31.98,62.78,5.24,15.19,30.35,61.99,27971,143.40
30510,0,1246,17.5,6.34,34.47,33.68,59.64,6.68,15.59,26,55.53,20637,53.10
30511,1,2805,17.04,6.35,32.33,28.62,67.19,4.19,6.04,20.02,56.41,23845,63.40
30512,0,1865,17.32,7.45,36.41,33.71,61.1,5.19,6.27,26.5,65.32,25048,58.70
30514,0,5851,18.66,10.02,41.52,32.04,59.55,8.35,9.1,32.49,54.47,25113,142.70
30515,3,3721,19.16,9.43,43.76,40.15,52.26,7.59,8.84,26.2,62.15,25943,95.80
30516,1,1685,21.13,10.86,43.39,31.61,61.74,6.65,9.27,34.8,63.66,24247,56.50
30517,0,2698,19.94,9.38,43.95,33.03,55.92,11.05,15.99,37.57,49.15,24727,71.40
30520,0,3086,16.79,6.84,32.24,27.78,66.56,5.67,7.85,21.8,65.22,25062,73.50
30521,1,2167,18.32,8.31,38.03,38.26,56.63,5.11,3.92,23.11,67.54,23004,52.60
30522,0,2160,16.57,6.44,39,42.04,51.27,6.69,8.16,27.1,66.56,28141,62.80
30524,0,880,21.59,8.86,41.74,16.94,64.17,18.89,9.21,29.32,62.21,22950,51.80
30526,0,529,19.85,11.53,36.77,37.73,55.45,6.82,3.68,25.26,76.82,21316,51.80
30527,0,2807,16.96,9.08,35.49,30.5,65.46,4.04,6.6,26.64,58.55,25180,70.70
30529,0,2707,21.13,7.43,42.98,37.85,56.34,5.81,5.15,26.81,67.74,26349,143.60
30530,1,5128,17.59,10.63,37.96,28.53,64.7,6.7,9.56,27.06,61.02,23592,75.90
30531,2,9356,19.56,10.65,46.88,34.31,55.37,10.06,13.28,38.36,50.96,27055,178.80
30532,0,3355,18.18,8.41,37.85,36.67,58.48,4.86,8.67,28.69,71.62,24887,85.00
30533,1,3661,19.15,12.16,47.1,35.46,53.49,10.79,6.42,37.72,56.59,25394,63.50
30534,0,2215,18.1,7.86,38.84,27.98,65.68,6.33,7.95,26.34,52.87,23223,76.40
30536,0,1368,18.79,10.45,36.13,33,61.29,5.71,4.82,25.1,68.73,24150,52.60
30538,0,2225,19.51,11.19,40.43,30.34,62,7.66,13.83,26.32,62.3,25059,69.80
30539,2,2455,16.95,7.82,39.94,25.29,64.88,9.83,5.41,28.21,57.23,22957,89.40
30541,0,1861,19.08,7.74,42.88,39.54,54.37,6.1,8.11,27.54,71,26532,111.50
30542,3,2239,17.82,7.19,35.66,26.19,66.41,7.4,7.28,19.07,70.72,23822,51.30
30543,0,3364,20.48,9.75,39.87,37.44,53.55,8.84,8.41,31.91,54.3,23956,62.10
30544,1,1933,16.14,7.97,36.82,25.65,67.16,7.2,6.51,26.12,65.68,24976,75.00
30601,1,2680,20.45,9.85,41.86,61.72,34.29,3.99,7.15,31.69,75.43,28243,243.30
30602,1,2154,19.36,10.54,42.43,40.8,55.52,3.68,3.55,29.62,76.52,25622,116.20
30603,4,12478,18.74,12.58,43.99,49.77,39.4,10.4,19.88,38.5,67.63,29558,489.20
30604,10,25931,19.72,14.77,45.28,31.29,45.32,22.23,26.93,45.58,60.02,32394,688.50
30605,2,8919,18.97,11.23,45.79,43.64,43.35,12.86,7.63,40.52,64.69,26978,279.70
30607,2,12003,17.59,8.41,43.04,64.53,28.39,7.04,16.2,32.6,79.4,27808,365.40
30608,5,4315,18.93,11.96,46.96,62.3,30.01,7.69,15.83,38.57,69.17,28026,204.10
30609,1,866,19.63,9.01,40.08,57.56,39.79,2.65,8.28,29.03,77.45,24184,116.20
30612,1,1734,20.93,9.11,47.49,70.48,21.14,8,6.18,39.31,76.38,25511,201.60
30613,0,1597,18.41,11.27,42.66,54.76,40.32,4.92,8.9,29.44,80.32,31067,385.70
30614,1,1571,21.39,11.65,48.35,60.66,37.76,1.58,2.64,29.68,80.53,28833,179.80
30615,1,2614,15.07,8.03,44.13,51.94,35.69,12.37,7.03,39.44,59.89,25246,204.10
30616,0,1672,17.52,8.67,41.23,63.76,32.33,3.91,5.08,39.87,72.63,26480,180.20
30618,2,7451,19.69,10.88,46.24,60.11,32.4,7.41,13.3,32.62,81.78,29005,368.70
30620,3,5344,16.93,8.68,44.82,55.28,31.42,13.16,20.82,41.82,63.19,27015,204.10
30621,1,3125,12.51,5.6,38.96,53.87,39.12,7.01,9.39,30.08,83.58,27115,214.70
30623,3,5290,17.62,7.47,41.93,48.47,43.78,7.75,23.43,32.65,83.79,31555,579.30
30625,2,3502,18.05,10.39,43.13,46.78,45.4,7.42,23.77,31.65,76.94,30741,554.00
30626,2,7770,16.68,9.51,41.02,56.3,38.77,4.81,15.56,33.58,75.41,26749,309.40
30627,0,2983,19.18,10.79,44.79,53.27,37.25,9.37,11.85,38.34,62.64,26705,279.70
30629,0,1749,20.81,9.03,45.81,69.42,27.36,3.22,4.38,34.02,87.55,28318,123.80
30631,1,2141,18.82,8.17,43.46,66.45,28.27,5.28,7.66,32.63,77.81,27625,201.60
30633,1,1614,20.38,9.23,43.92,63.9,33.06,3.04,2.55,27.1,76.29,28293,121.40
30635,0,1077,19.31,11.14,48.4,49.42,43.12,7.46,12.92,35.82,56.41,31857,489.20
30636,1,1456,17.17,10.3,44.95,53.16,43.27,3.57,14.06,34.48,76.18,28663,201.60
30637,0,1899,17.59,7.58,44.54,26.28,68.28,5.44,21.59,35.91,77.04,27718,201.60
30639,1,18925,17.23,9.31,43.03,46.25,41.39,11.82,21.27,34.57,73.94,27563,329.80
30641,1,3724,16.65,7.73,43.01,62.06,31.31,6.54,10.74,35.49,79.93,28158,306.00
30645,0,1682,19.62,11.18,40.58,54.19,37.44,8.37,5.18,37.63,63.35,27484,116.20
30646,0,1950,17.69,7.95,46.37,39.62,51.21,9.17,9.61,42.53,75.61,26981,201.60
30701,0,950,19.89,11.68,38.79,73.52,24.76,1.71,0.78,28.87,86.86,25612,118.20
30702,1,1993,18.77,10.89,45.58,63.59,28.13,8.15,7.91,40.15,75.95,28191,184.70
30703,2,974,16.63,10.47,37.68,55.33,39.84,4.83,5.97,31.74,81.89,28138,207.80
30704,4,8687,18.03,10.69,42.72,56.9,31.97,10.82,12.67,36.81,74.73,29585,342.30
30706,0,3664,18.09,9.09,44.81,68.77,28.84,2.33,7.48,30.92,85.85,31224,291.40
30708,0,1489,20.75,9.13,42.92,63.74,33.43,2.83,3.21,25.84,75.92,28915,183.00
30709,1,2227,18.37,9.38,42.51,64.02,30.83,5.16,9.25,30.33,85.07,28617,248.30
30710,6,7038,17.77,10.37,38.22,56.81,32.5,10.34,13.88,38.09,75.03,29123,244.80
30711,0,2027,17.86,7.45,40.2,53.5,43.26,3.24,20,26.52,89.03,29500,256.70
30712,1,1232,20.54,8.93,43.05,64.92,32.71,2.37,0.97,29.9,74.41,28898,121.70
30713,2,1678,18.41,9.77,44.31,67.15,29.97,2.88,5.34,29.31,81.41,28867,118.20
30715,0,668,18.86,11.68,40.7,68.71,28.71,2.58,0,31.83,87.42,28475,105.90
30716,0,4274,18.53,9.01,45.19,59.41,32.52,8.01,4.57,35.46,71.94,27667,211.10
30718,0,1260,20.87,11.35,47.26,74.09,21.78,3.97,0.34,33.79,77.74,27901,184.70
30719,1,1705,19.12,11.2,42.21,77.61,21.21,1.18,2.65,29.64,86.14,27837,105.90
30721,2,1666,17.83,8.94,38.62,73.14,24.81,2.06,0.63,23.79,90.23,27952,73.00
30722,1,1239,20.82,11.62,44.32,75,23.18,1.82,1.75,28.43,88.64,30391,121.70
30724,0,2265,18.28,8.52,43.83,50,46.75,3.25,5.39,29.49,89.1,27608,163.70
30726,1,2929,20.45,11.3,43.88,64.54,31.28,4.18,3.26,31.53,82.27,28919,272.10
30728,0,1256,15.53,6.93,30.72,58.33,40.28,1.39,4.7,26.34,72.62,26335,159.20
30729,2,4372,16.77,7.64,44.52,57.82,34.15,7.86,14.29,35.83,74.34,27551,285.30
30730,1,5736,16.28,9.71,43.87,49.77,32.66,17.51,11.7,41.35,69.89,28847,445.50
30731,0,3700,14.89,6.49,38.15,40.7,51.79,7.42,18.68,29.35,79.93,27967,330.60
30732,1,8324,16.27,10.2,44.54,62.71,26.77,10.44,21.51,35.76,78.68,28921,496.20
30733,1,921,15.96,10.31,45.76,41.52,51.46,7.02,12.39,41.15,61.7,28380,291.40
30734,1,1949,17.14,8.06,42.57,55.71,35.54,8.74,22.99,31.16,80.68,28253,463.80
30735,4,5613,17.05,8.53,42.16,56.05,36.47,7.48,29.94,33.68,85.91,32693,661.30
30736,0,2264,19.92,12.28,45.88,52.72,38.81,8.47,18.75,35.99,77.37,29082,463.80
30737,0,1808,20.63,9.24,44.65,56.83,37.08,6.09,9.56,34.27,82.27,29869,264.20
30738,0,803,15.19,7.35,41.56,53.11,44.07,2.82,8.5,34.55,74.29,28761,271.30
30739,0,2405,15.55,7.32,42.23,66.81,24.27,8.93,4.93,35.67,73.22,28009,381.90
30740,2,21243,14.87,8.35,43.45,46.9,32.63,18.28,17.3,40.72,59.7,28658,348.90
30741,2,1679,18.34,9.65,45.4,32.92,47.6,19.17,18.82,31.04,80.68,30419,348.90
30801,0,236,16.95,7.2,29.09,73.47,24.49,2.04,0,26.03,51.02,26377,179.90
30802,0,159,22.64,7.55,48.98,65.33,34.67,0,0,24.19,92,29064,143.50
30803,2,3526,20.5,10.24,46.32,75.9,20.77,3.34,6.13,32.67,88.57,28203,47.40
30804,1,2020,19.41,9.6,39.69,62.07,35.38,2.56,6.65,32.91,84.56,30659,107.90
30805,1,1743,20.83,9.29,43.69,69.68,26.66,3.66,3.44,32.23,85.47,29361,118.50
30808,7,9257,17.04,9.03,42.85,59.89,31.74,8.18,18.04,34.33,83.04,31716,351.70
30810,0,1119,23.59,11.97,50.45,87.19,11.88,0.93,2.95,38.05,90.74,28493,34.00
30811,0,2224,20.73,10.66,50.23,77.77,18.33,3.63,5.69,36.71,84,29375,49.40
30812,1,883,20.72,9.06,42.75,78.08,20.46,1.46,2.26,36.25,91.65,28261,49.40
30813,1,1370,19.34,10.88,43.95,78.7,19.75,1.54,0.83,36.17,86.57,27398,82.50
30814,1,2208,20.29,9.65,44.65,75.82,21.88,2.3,0.32,33.19,85.8,26999,82.50
30817,2,12285,16.41,9.02,40.75,54.88,37,7.7,20.87,35.92,80.34,30653,314.80
30819,0,360,15.56,6.67,38.74,61.22,35.37,3.4,8.73,16.67,87.76,27997,281.70
30821,5,12088,17.09,9.39,41.63,59.68,33.37,6.86,17.77,30.81,86.4,30359,424.20
30822,0,100,16,10,24.14,73.33,20,6.67,0,31.71,73.33,28735,179.90
30824,0,1387,19.9,8.51,47.69,76.02,21.27,2.71,1.42,27.3,88.54,29397,118.50
30825,1,1159,21.66,9.84,40.29,77.2,21.3,1.5,1.4,32.47,81.53,29080,82.50
30826,1,1278,25.2,10.09,50.79,84.53,15.22,0.26,1.51,34.96,94.5,28758,36.90
30827,1,2746,21.89,12.13,50.7,85.26,12.86,1.89,1.28,39.95,89.17,29317,34.00
30828,0,962,20.79,9.46,46.1,64.07,34.81,1.11,0.48,28.64,84.63,26359,43.20
30829,0,1112,22.84,13.22,50.7,81.31,18.2,0.49,0.6,28.91,92.13,28211,34.00
30830,0,3010,17.41,8.94,41.17,73.98,22.92,3.04,3.31,34.16,81.37,27050,155.60
30831,1,3027,18.14,9.51,42.78,52.07,44.85,2.9,12.97,31.75,81,29714,208.40
30834,0,341,21.99,11.44,38.38,63.69,34.64,1.68,0.71,30,72.07,29252,82.50
30835,0,3113,18.34,10.22,43.24,73.47,24.12,2.41,5.59,35.32,79.97,27929,92.70
30836,0,921,19.33,8.9,44.81,62.69,28.86,8.46,3.35,36.1,78.11,27640,179.90
30838,1,3006,18.26,8.75,42.31,68.54,28.84,2.55,7.33,32.84,86.89,30542,89.30
30841,0,1207,23.86,10.52,51.77,80.29,18.42,1.29,4.84,37.11,84.6,31292,36.90
30842,0,1753,18.71,8.67,45.27,68.52,26.59,4.89,7.86,30,79.63,27878,179.90
30844,1,2235,19.28,12.84,40.77,63.88,28.9,7.22,8.49,37.02,76.03,28138,143.50
30845,2,1331,21.49,10.89,43.65,85.39,13.8,0.81,0.34,34.47,91.88,27283,36.90
30846,0,177,16.38,10.17,26.53,51.47,48.53,0,5.08,25.42,83.82,27535,179.90
30848,1,1443,19.54,10.67,46.07,73.17,25,1.83,5.65,31.82,84.27,30871,99.10
30849,0,725,15.72,6.76,38.92,61.15,34.39,3.82,6.64,25.21,72.29,28454,281.70
30850,1,1286,26.52,9.64,51.98,88.72,10.65,0.63,0.33,36.36,91.38,28245,34.00
30852,0,2020,21.34,9.11,44.72,74.97,22.66,2.36,4.96,28.05,88.4,31330,192.90
30854,1,984,21.34,9.15,46.41,80.67,18.59,0.74,0.95,28.44,90.52,27929,43.20
30856,6,12202,15.44,7.91,39.53,60.14,35.93,3.89,20.18,28.69,88.96,30009,344.90
30857,1,1257,21.96,9.63,43.63,81.24,17.98,0.78,0.35,34.09,93.79,27598,43.20
30858,1,1795,19.67,8.64,45.57,68.05,28.99,2.68,2.72,32.21,84.56,28024,179.90
30859,0,785,24.08,10.83,52.63,80.29,18.03,1.68,0,30.85,89.31,27192,49.40
30860,0,2068,22.1,9.86,43.99,80.32,18.32,1.26,0.38,26.51,88.84,31905,132.40
30863,5,5487,21.12,12.81,47.03,75.63,21.54,2.83,5.7,34.9,86.27,27661,55.10
30865,0,997,21.66,10.63,39.5,66.93,31.46,1.61,2.02,32.24,79.29,28898,132.40
30902,0,1095,19.73,12.42,44.38,51.87,41.9,6.23,1.19,34.71,77.41,24650,28.60
30903,0,1427,24.25,14.23,49.54,55.6,39.05,5.35,1.95,39.83,68.78,23465,28.60
30904,0,662,19.18,12.99,35.52,75.47,23.35,1.18,0.32,41.64,77.59,20798,28.60
30906,3,702,21.94,13.25,39.13,72.63,26.84,0.53,2.42,32.07,74.21,22836,28.60
30908,5,5140,22.26,13.89,49.6,46.5,43.35,10.05,7.74,47.46,52.92,27633,63.90
30909,1,2157,21.6,11.03,44.97,61.33,37.49,1.19,5.49,30.74,67.66,24403,21.40
30910,0,1279,24.32,12.12,46.72,52.98,40.56,6.46,3.1,38.97,67.93,22900,17.00
30912,0,1206,21.56,8.71,38.42,66.74,31.33,1.93,0.45,26.13,60.52,21995,33.00
30913,1,680,23.09,10.59,40.78,61.29,32.8,5.65,3.16,30.45,64.25,22764,17.00
30915,0,474,22.15,14.14,47.83,66.29,32,1.71,0.9,37.84,76.57,23121,28.60
30916,2,3755,22.42,15.13,44.94,55.17,38.79,6.04,5.73,40.31,71.75,24188,28.60
30917,0,573,20.42,10.82,41.76,61.84,37.33,0.84,5.58,28.29,66.85,25279,18.10
30920,1,1344,23.44,14.51,50.35,35.63,57.5,6.88,5.21,34.97,70.84,26597,21.40
30921,1,1254,21.37,12.36,40.39,59.97,38.04,1.99,1.89,32.64,66.28,21241,18.10
30925,4,2093,27.28,15.43,49.31,66.02,31.32,2.59,4.01,42.26,70.76,24756,28.60
30929,0,606,21.29,11.72,39.88,70.39,26.89,2.72,1.07,40.21,58.61,20995,28.60
30932,2,1061,21.21,9.05,40.33,72.98,24.26,2.76,0.5,31.11,87.57,20827,12.60
30935,2,5272,22.46,13.18,47.85,63.87,31.31,4.83,6.27,37.29,70.88,24395,28.60
30939,1,997,19.16,10.93,38.79,9.77,78.34,11.89,0,29.04,66.45,20545,33.00
30940,0,1176,17.09,8.67,33.91,58.57,40.73,0.7,0.41,30.04,77.8,22173,21.40
30942,1,2563,20.72,15.49,42.58,53.59,39.98,6.34,5.96,38.41,62.27,25169,33.00
31001,0,707,25.18,11.6,46.73,67.7,30.88,1.43,6.65,35.14,88.84,26582,29.10
31008,4,3214,20.66,9.33,45.58,66.78,30.74,2.48,3.38,28.91,83.98,26308,97.20
31009,0,1732,18.3,7.79,39.96,71.08,27.26,1.66,0.43,25,93.63,25173,56.10
31014,0,1157,19.71,9.51,43.44,64.81,32.66,2.53,1.56,31.78,84.18,26357,56.10
31015,0,1699,23.96,10.89,44.62,80.93,17.85,1.23,1.02,36.09,92.63,24768,29.10
31016,4,1305,24.21,13.64,49.21,78.66,20.17,1.17,1,37.06,81.95,23747,24.70
31018,1,1591,22.25,13.07,45.01,77.07,21.83,1.1,2.64,34.53,84.79,24232,29.10
31019,1,1478,19.28,7.31,41.19,68.55,29.71,1.74,1.5,23.13,87.25,27191,56.20
31021,2,1345,23.49,11.6,48.54,72.34,25.25,2.28,0.7,29.65,86.17,24257,69.50
31022,5,12514,19.93,10.1,43.76,48.37,43.31,8.22,10.24,39.19,71.97,29180,184.00
31025,0,560,23.75,14.46,51.97,71.88,27.08,1.04,0.71,44.88,90.36,24020,29.10
31026,0,1965,21.63,12.77,46.96,70.48,26.33,3.2,2.14,33.85,83.73,27468,50.70
31028,0,1191,24.85,12.51,49.72,78.02,21.7,0.27,0.18,33.82,87.5,24818,50.10
31033,1,1067,20.81,11.25,45.82,82.51,17.19,0.3,1.5,34.4,88.19,25627,29.10
31035,0,1460,21.85,14.25,46.74,70.33,26.95,2.72,3.05,38.44,87.88,26006,32.90
31036,1,1668,20.56,12.53,45.36,67.6,30.07,2.32,0.52,37.37,83.25,25189,50.70
31037,1,4189,21.7,14.32,46.63,68.88,26.6,4.52,8.09,41.36,77.34,25015,103.00
31038,0,995,22.71,12.86,43.77,75.35,23.8,0.85,0.43,38.89,86.54,24442,24.70
31041,0,874,20.71,13.62,40.08,71.43,26.81,1.76,2.75,34.5,83.17,24031,24.70
31042,0,940,27.45,13.72,56.41,86.96,12.27,0.77,0.21,39.53,89.88,25244,29.10
31043,1,2205,20.54,12.43,47.33,58.62,38.48,2.9,1.66,33.99,89.59,24730,56.10
31051,2,2441,19.09,10.16,40.65,73.6,24.64,1.68,0.38,32.1,85.54,25602,50.10
31052,4,2389,23.06,10.8,47.93,78.93,18.95,2.12,1.78,31.06,84.27,25914,29.10
31053,0,3349,21.59,10.51,43.69,68.96,29.06,1.92,2.56,32.01,78.68,26521,71.50
31101,1,822,21.65,8.88,39.22,71.07,28.43,0.51,1.21,30.51,85.53,25465,37.20
31102,0,862,20.88,9.05,39.76,64.92,33.94,1.14,0,29.5,78.36,22449,21.00
31103,0,1304,23.16,8.82,40.05,69.6,28.73,1.53,0.89,31.08,81.59,24569,32.90
31104,2,1134,22.84,15.26,38.34,75.25,22.35,2.27,2.4,40.92,80.68,26319,21.70
31105,2,3509,21.4,14.16,48.56,54.4,37.63,7.97,11.94,40.06,69.75,28291,61.10
31106,0,3473,23.67,13.56,46.71,60.84,32.25,6.91,13.64,41.28,73.39,26881,69.90
31107,0,1253,21.39,12.29,41.64,75.65,22.86,1.49,2.68,37.32,76.02,23517,21.70
31109,7,6492,20.43,12.65,45.48,44.68,44.17,10.87,22.25,43.31,65.3,28818,81.90
31110,1,1419,19.94,9.73,36.98,70.12,28.43,1.46,2.11,29.82,76.68,22493,21.70
31111,0,696,19.97,12.64,39.13,72.86,26.86,0.29,0.67,32.32,72.86,23283,21.70
31113,0,676,21.01,16.57,44.79,79.24,19.49,1.27,1.27,40.81,75.19,22821,21.70
31114,1,841,23.07,11.06,36.93,77.23,21.53,1.24,0.28,33.98,90.27,26084,32.90
31117,0,693,20.06,11.4,38.69,72.9,25.75,1.36,0,29.75,73.17,22739,21.70
31119,0,482,24.07,12.45,38.93,74.81,22.87,1.94,0.54,20.97,77.13,20572,21.00
31120,0,1134,20.99,11.64,46.08,68.98,28.92,1.78,4.61,31.32,86.27,26630,32.90
31121,1,863,18.77,12.05,42.55,59.96,34.44,5.39,3.39,37.76,75.31,25248,32.90
31123,1,1279,22.28,9.23,42.2,53.38,44.02,2.6,0.98,25.2,75.39,25316,37.20
31124,0,1698,21.91,11.07,42.46,68.14,28.19,3.68,2.37,33.99,78.31,26928,32.90
31129,0,1525,24.98,12.85,41.5,72.89,25.68,1.43,1.06,34.99,73.25,24662,24.70
31130,0,692,23.84,12.57,47.34,81.29,17.82,0.89,0.33,33.33,88.86,26556,32.90
31201,1,4875,18.54,12.37,42.09,47.54,42.63,9.68,23.87,33.98,83.15,35838,587.30
31202,0,1867,18.43,10.93,47.51,55.21,40.43,4.37,4.96,30.28,83.09,29162,341.80
31203,1,3316,20.42,10.77,42.56,69.4,26.44,4.16,1.95,33.29,85.8,26636,109.60
31204,0,1613,19.96,9.67,39.07,68.66,29.58,1.76,3.76,30.35,83.92,26400,98.20
31205,2,2305,17.96,9.89,43.41,73.05,22.87,4.08,3.44,30.94,88.92,29585,157.20
31206,1,2411,17.88,8.25,42.76,62.82,31.25,5.84,20.69,28.49,79.06,32539,550.70
31207,3,4142,20.09,10.36,44.74,69.36,28.21,2.43,4.14,30.34,89.58,28912,278.50
31208,1,3843,18.61,7.88,41.6,49.85,47.17,2.91,11,27.72,84.3,28309,153.50
31213,6,13805,17.63,9.34,44.82,43.62,40.42,14.14,24.17,42.66,65.49,31026,543.40
31214,6,8194,19.89,13.42,46.36,56.27,34.72,8.89,23.73,36.55,77.9,35495,506.40
31215,0,1147,21.45,9.33,46.3,64.42,33.61,1.98,0,28.2,83.86,27793,163.10
31216,6,5265,20.78,9.99,44.27,65.22,30.4,4.34,9.75,32.16,85.53,31457,514.40
31224,0,1371,19.62,9.99,38.13,74.85,24.1,1.05,0.18,25.32,86.14,26008,79.70
31226,1,3985,20.03,9.36,43.41,68.96,26.71,4.16,1.63,26.5,88.12,28735,172.50
31227,4,2644,17.21,7.94,44.24,51.55,39.62,8.71,11.02,34.57,75.66,29906,402.00
31228,0,1065,22.35,7.98,38.46,65.43,32.42,2.15,4.23,30.96,87.7,26290,70.60
31229,1,1388,18.01,9.15,43.96,58.76,35.81,5.43,12.07,32.31,78.91,27935,454.90
31230,11,17210,18.7,10.63,46,46.44,41.25,11.91,20.51,41.7,70.06,29519,316.90
31234,0,1509,19.68,9.68,43.39,69.23,27.57,3.2,0.32,26.75,86.98,28252,163.10
31235,9,12158,18,10.33,44.37,54.84,37.47,7.65,18.51,31.58,87.06,30993,655.20
31301,3,615,23.58,14.47,49.47,58.42,36.32,5.26,0.35,34.49,70.26,28709,82.30
31302,0,989,21.94,10.41,37.46,43.78,51.24,4.98,2.23,27.97,69.29,21711,18.60
31303,0,1309,22,10.16,47.16,58.63,39.09,2.28,3.84,26.87,77.52,24967,71.30
31304,0,816,24.26,14.34,46.19,22.2,67.94,9.87,8.31,34.79,54.04,26544,252.80
31308,0,3308,20.68,8.01,46.31,58.55,38.13,3.32,4.57,29.85,72.46,26730,89.60
31309,3,3003,20.48,10.06,44.23,45.5,48.53,5.89,20.09,34.3,74.71,29219,144.80
31310,0,2132,23.17,9.94,45.16,60.8,35.72,3.47,4.69,24.89,74.27,25702,90.60
31311,0,3848,20.01,10.81,43.26,53.2,38.89,7.92,6.05,35.22,72.08,24131,74.50
31315,1,1975,21.27,11.24,46.29,52.73,40.49,6.77,9.19,37.71,73.44,27655,111.80
31319,0,1225,17.96,7.76,31.52,61.24,36.63,2.13,2.75,29.75,78.1,20106,43.70
31321,0,722,25.62,15.24,43.98,76.23,21.6,2.18,1.53,37.73,80.76,24550,43.70
31322,6,7477,19.1,11.93,42.92,54.63,38.33,7.04,10.12,35.13,70.51,25568,80.90
31323,0,1393,21.75,9.76,40.38,57.23,36.75,6.02,2.79,26.91,73.04,24209,74.50
31324,0,2028,20.12,10.06,36.81,68.53,27.89,3.58,0.12,32.1,75.58,20070,34.30
31326,0,888,20.83,11.71,34.96,53.73,42.16,4.11,1.43,29.83,74.29,21675,40.40
31327,2,3375,21.6,14.49,46.97,36.05,51.24,12.53,31.6,40.87,62.49,29100,144.80
31330,1,1225,23.51,12.57,39.67,58.79,37.17,4.04,2.64,32.52,74.03,23687,71.30
31333,3,2714,21.33,10.21,44.06,55.09,40.85,3.97,8.59,32.36,73.67,25703,121.90
31336,0,1573,20.92,9.41,40.41,54.73,41.29,3.98,3.98,34.85,72.14,24578,34.30
31337,1,2107,16.99,9.73,38.62,55.92,41.38,2.71,10.34,27.22,63.02,27345,144.30
31338,2,1046,21.51,15.2,44.16,54.31,38.84,6.85,2.83,34.13,73.46,28055,71.30
31340,0,1118,21.82,10.11,38.04,72.87,23.76,3.37,1.83,29,80.74,21377,43.70
31343,0,1917,20.71,12.83,46.52,44.2,50.11,5.68,9.68,38.08,65.23,27472,101.90
31344,1,1526,22.02,14.22,44.76,34.96,53.44,11.46,5.92,34.66,60.17,26185,101.90
31346,0,1764,19.1,10.37,41.65,48.64,49.38,1.98,3.29,29.23,81.44,25716,111.80
31347,0,883,22.08,10.65,44.81,57.27,36.8,5.93,13.39,25.68,79.23,30585,127.00
31350,0,1218,21.26,12.07,36.49,62.96,33.33,3.7,0.65,27.65,70.37,20352,18.60
31351,1,1359,24.36,13.17,44.04,32.98,61.09,5.93,8.14,33.44,60.64,24959,230.60
31355,0,1836,23.31,13.56,44.88,63.33,32.85,3.73,1.04,38.2,81.16,25811,74.60
31356,2,1034,19.73,7.35,38.06,54.46,40.35,5.2,8.38,20.16,87.38,26160,85.40
31401,0,479,23.8,15.66,40,36.13,56.64,7.23,1.78,42.98,68.3,24508,47.00
31402,1,1286,18.12,10.58,44.48,34.86,56.78,8.35,6.4,30.75,81.42,24217,78.00
31403,0,3755,20.11,13.72,45.79,44.29,47.53,8.09,10.56,39.85,62.61,25352,112.20
31404,3,1396,20.13,15.9,52.55,57.83,35.14,7.03,4.56,42.58,71.3,25475,63.30
31405,1,1073,21.53,9.6,48.08,63.16,32.55,4.29,0.68,33.85,79.53,26061,112.20
31406,3,854,20.61,11.36,41.35,47.58,45.89,6.52,4.03,35.33,71.26,24337,66.50
31407,0,2618,20.7,11.34,42.05,37.65,48.53,13.38,13.54,43.05,59.3,29083,93.40
31408,0,472,22.03,17.16,45.16,49.57,44.35,6.09,4,41.23,66.67,29141,47.00
31409,0,802,17.58,13.09,46.09,52.15,41.67,6.18,6.91,36.61,71.51,22863,66.50
31410,0,1531,20.38,9.01,43.76,60.67,31.26,8.07,13.89,33.54,78.32,26055,107.90
31411,1,1791,22.33,17.48,51,51.51,40.64,7.85,3.31,43.05,61.07,24400,63.30
31412,4,3848,19.96,10.03,44.03,55.81,39.59,4.6,8.61,32.93,71.18,25235,93.30
31413,2,3385,19.76,11.23,46.9,47.14,39.53,12.65,13.96,43.09,54.42,25643,78.00
31414,4,1845,22.82,14.58,45.34,56.99,37.82,5.19,5.06,33.33,68.01,25691,47.00
31502,1,1263,17.18,8.79,33.33,48.62,50.11,1.27,0.96,18.9,82.59,21462,42.60
31503,1,1901,17.78,8.78,36.76,33.03,61.86,5.11,1.17,22.73,64.41,23970,70.60
31504,0,1196,19.9,9.53,43.22,52.04,45.56,2.4,4.07,31.17,65.95,24950,45.50
31505,0,2795,17.96,7.73,39.19,42.7,51.78,5.41,9.51,30.97,66.49,26552,65.40
31506,0,547,19.74,6.58,34.57,47.27,48.64,4.09,2.04,24.75,63.64,19847,42.60
31507,2,2408,21.22,8.35,39.5,56.44,39.32,4.23,3.85,27.83,77.05,24599,57.90
31508,1,1119,18.23,10.19,38.78,49.87,44.83,5.04,4.29,28.69,67.11,24512,58.60
31509,1,1475,18.92,9.9,47.33,59.48,31.15,9.37,9.52,38.84,69.79,24104,58.60
31511,0,1714,21.18,8.87,43.7,50.36,44.21,5.44,1.6,26.02,69.38,25710,52.00
31513,0,2011,16.21,7.26,36.74,43.34,53.39,3.26,3.9,21.94,76.11,24461,48.50
31514,0,2595,20.27,8.67,41.6,45.01,50.2,4.79,3.84,31.45,67.92,25050,45.50
31515,0,1114,19.12,8.17,37.11,32.1,64.77,3.13,1.91,28.23,59.66,22002,34.60
31516,0,1053,20.04,11.11,42.33,46.63,46.63,6.73,6.02,39.96,62.84,26598,63.30
31517,5,1724,18.97,7.89,42.3,51.02,43.54,5.44,9.5,30.65,72.96,27783,58.60
31519,0,1321,21.57,9.08,42.03,50.96,42.69,6.35,3.04,38.66,63.08,25216,40.90
31520,3,3872,20.17,8.39,43.95,54.7,38.52,6.79,3.68,35.84,66.22,26557,83.60
31521,0,3346,17.78,10.94,36.41,42.4,52.97,4.63,7.89,31.58,69.79,23382,67.70
31522,2,1690,19.59,9.47,42.8,47.41,45.98,6.61,2.7,31.9,68.39,25761,48.70
31523,0,953,20.36,6.93,35.82,47.01,47.29,5.41,1.59,30.89,68.38,24193,42.60
31524,3,5725,19.39,11.6,44.11,36.86,47.76,15.02,16.81,41.35,59.07,29904,116.90
31525,0,1610,20.75,9.25,36.51,48.76,46.62,4.61,3.09,28.28,59.14,22071,42.60
31527,1,2168,18.04,8.16,43.14,48.16,48.29,3.41,4.19,33.44,62.07,27232,58.60
31528,0,1017,18.39,6.59,41.79,38.6,55.93,5.47,4.27,31.16,57.14,22373,52.00
31530,1,2152,21.33,8.83,45.18,53.49,42.5,4.01,13.02,37.9,69.07,27212,62.10
31531,0,1597,17.6,9.2,38.56,42.8,49.9,7.3,9.44,34.44,61.14,26965,70.60
31533,2,3969,18.64,13,43.3,29.67,57.04,13.05,10.88,37.53,57.6,25922,58.60
31534,0,2384,21.43,12.16,41.95,57.53,39,3.47,1.78,33.19,68.53,23119,42.60
31535,0,1010,21.68,7.92,34.35,57.21,39.66,3.13,0.78,27.91,68.99,20371,42.60
31537,0,2332,18.05,9.01,37.3,34.62,59.86,5.52,12.26,26.98,68,23496,47.40
31539,2,3109,18.88,9.33,40.27,41.97,53.85,4.09,9.33,27.76,70.19,23665,60.00
31540,0,1634,22.03,7.83,42.86,46.94,48.56,4.5,2.78,21.24,68.35,26049,58.60
31541,0,1140,18.07,8.16,29.03,44.34,51.99,3.67,1.4,22.19,64.83,19355,42.60
31542,1,939,24.71,10.65,43.17,54.62,39.14,6.02,11.61,39.87,70.75,27067,57.90
31543,1,1082,19.13,6.56,35.83,54.88,44.67,0.45,1.49,22.52,81.63,26193,44.40
31546,2,1092,21.15,9.71,39.01,47.17,46.71,6.12,3.22,28.67,65.53,23117,42.60
31549,1,5648,18.84,11.61,41.78,33.74,54.56,11.32,9.13,36.22,61.67,27674,58.60
31550,2,1198,19.12,10.77,39.89,46.06,49.49,4.44,0.42,26,76.16,23479,58.60
31551,0,1669,17.86,8.93,36.97,29.72,65.42,4.86,5.63,26.61,63.55,21922,34.60
31552,0,2003,19.67,11.08,36.2,51.46,45.37,3.17,1.2,29.71,62.83,23282,33.30
31553,4,1776,20.89,9.63,41.26,56.6,39.15,4.26,6.47,26.04,73.05,27785,97.00
31601,0,758,25.86,11.35,50.42,88.12,11.68,0.2,0,30.55,92.08,25013,41.20
31603,1,1936,19.21,9.92,40.53,75.59,22.86,1.54,0.25,30.39,88.16,26089,57.70
31604,2,1585,27.63,13.06,52.74,84.55,14.76,0.69,0,40.23,91.07,27846,41.20
31605,2,1288,24.84,12.5,50.53,72.57,24.83,2.61,3.12,33.04,86.42,29198,175.70
31606,1,1117,22.11,14.15,43.91,86.15,13.09,0.76,0,35.44,88.82,25809,25.20
31608,0,559,22.36,12.88,48.17,65.26,31.49,3.25,2.97,30.08,85.06,28821,25.20
31609,0,794,21.41,12.22,45.93,76.22,22.72,1.06,0.87,27.91,87.9,24176,20.40
31611,0,934,20.77,6,39.42,73.25,25.44,1.32,0.27,25.53,88.82,25451,20.40
31612,1,4124,20.17,9.65,45.6,70.35,24.97,4.67,5.39,33.21,87.29,28308,132.60
31613,0,1162,23.24,11.7,49.73,69.9,28.85,1.25,1.16,28.63,82.94,25472,20.40
31614,3,2316,22.75,11.74,50.86,71.75,25.54,2.71,5.75,33.77,90.56,29493,175.70
31615,0,1549,20.66,8.84,39.25,71.67,27.3,1.03,0.31,30.27,90.04,25231,175.70
31616,0,1066,25.52,10.6,48.54,87.67,11.63,0.69,1.85,36.07,92.38,24309,13.60
31617,1,1691,21.23,9.58,45.53,80.54,19.06,0.4,1.41,35.55,94.11,26755,41.20
31620,0,898,24.05,10.47,52.83,81.59,17.32,0.94,2.32,38.89,94.54,27631,41.20
31621,2,926,23.33,11.66,42.16,75.85,22.79,1.36,0.25,30,86.05,25466,21.10
31622,0,1091,23.19,10.72,50.99,66.2,33.18,0.62,2.17,30.18,92.06,27939,156.00
31627,1,1467,23.18,11.52,47.58,75.49,22.18,2.33,1.03,33.63,87.99,28990,148.20
31628,1,1696,21.64,9.85,47.66,72.57,26.27,1.16,1.61,31.96,88.43,28388,148.20
31629,4,6280,20.14,11.69,42.24,47.54,46.77,5.66,10.82,38.52,83.41,26492,65.00
31630,4,2321,20.12,10.04,45.48,60.09,38.65,1.26,1.39,29.92,89.95,26645,82.50
31633,12,12044,20.67,10.92,44.42,63.91,28.99,7,14.79,41.11,80.6,29328,142.30
31634,1,1348,22.03,7.72,42.17,70.15,29.15,0.7,0.34,32.83,85.22,25713,25.20
31636,1,927,21.57,7.77,45.91,71.74,26.45,1.6,0.25,28.86,87.98,26571,53.60
31642,1,1249,22.58,8.49,44.65,67.56,29.41,3.03,5.58,29.89,82.69,29318,338.40
31644,3,5600,21.34,12.02,44.01,73.32,24.19,2.42,2.83,33.29,83.62,25696,31.70
31645,1,1061,26.11,13.57,52.75,88.96,9.83,1.21,0.39,39.73,94.55,28976,41.20
31646,1,842,24.7,12.59,45.63,72.84,26.06,1.1,0.53,33.07,84.95,24314,18.10
31649,0,1923,24.86,10.35,46.69,84.45,15.18,0.37,0.94,31.54,88.45,25446,20.40
31650,0,1535,22.74,9.64,42.65,74.02,24.97,1.01,0.3,29.93,92.5,24130,20.40
31651,1,2653,19.71,11.87,46.22,67.01,30.31,2.67,4.42,35.51,89.52,29658,156.00
31652,1,560,20.18,11.96,39.75,71.43,27.87,0.7,0,31.82,90.24,24007,20.40
31653,0,1526,21.82,9.57,37.56,68.58,30.6,0.82,1.25,31.15,85.35,23614,25.20
31654,1,2087,22.33,9.39,46.55,75.69,23.57,0.74,3.46,30.74,87.85,28529,97.70
31655,6,7544,19.41,10.78,42.75,52.18,39.37,8.18,19.07,37.65,76.61,30878,338.40
31658,0,529,25.9,11.34,38.82,72.26,26.03,1.71,2.71,31.98,90.07,24670,25.20
31701,1,1727,15.81,6.31,42.43,25,64.96,9.47,20.22,35.89,69.89,27776,439.00
31702,8,3137,21.33,12.69,48.28,30.06,54.22,14.87,38.21,38.17,72.15,37030,657.60
31703,5,5998,20.11,16.62,47.83,59.22,35.51,4.99,12.05,33.7,88.88,35220,495.90
31704,7,12310,15.89,10.56,41.51,35.1,44.19,20.28,31.43,37.35,68.58,33797,794.50
31706,1,1595,22.07,11.16,44.56,64.79,31.41,3.8,16.5,27.4,81.13,36219,436.80
31707,3,2433,15.74,11.02,36.2,34.35,36.61,29.04,39.14,26.5,77.29,40064,867.20
31709,1,4022,17.03,10.09,41.7,25.68,59.81,14.27,29.8,38.78,64.67,31940,601.00
31710,5,9450,18.77,10.98,47.17,50.02,37.84,12.07,24.47,39.2,67.48,31440,601.00
31711,0,1526,22.94,12.12,48.04,48.41,43.81,7.46,21.33,35.5,80.79,32047,657.60
31712,1,3895,17.41,13.48,42.07,41.84,44.92,13.11,26.73,33.86,75.67,39439,867.20
31713,1,3299,17.82,10.73,43.11,47.92,38.19,13.29,25.28,37.01,76.69,33476,348.60
31714,1,1093,22.87,16.47,45.51,46.81,48.51,4.68,25.41,32.78,87.23,40452,495.90
31715,1,3091,18.57,14.53,44.33,33.6,50.68,15.5,29.96,37.64,72.74,36008,657.60
31716,3,8802,15.27,16.19,42.85,42.65,37.63,19.37,34.69,39.54,73.58,37569,867.20
31717,7,20662,17.36,12.79,42.47,27.45,45.42,25.98,30.27,45.77,56.58,33721,773.20
31718,0,3242,17.83,9.1,44.21,57.84,37.98,4.18,26.81,33.66,84.38,34356,439.00
31719,6,14960,17.75,15.24,42.83,34.29,48.09,17.28,23.37,37.13,75.05,36451,890.60
31723,3,7706,16.04,8.76,44.55,30.49,49.66,19.28,31.04,40.89,68.41,28952,657.60
31725,4,9647,18.25,12.58,46.65,41.7,41.75,14.14,42.24,41.86,64.5,30841,657.60
31726,1,2930,19.83,10.03,44.15,59.2,33.07,7.57,16.21,30.76,81.59,30185,348.60
31801,0,357,22.13,6.44,41.67,36.91,57.05,6.04,0,29.45,80.54,27177,58.30
31802,1,1804,21.23,11.36,41.19,33.98,54.61,11.42,7.25,45,59.83,29920,68.90
31803,0,1850,22.38,10.65,39.58,53.28,42.83,3.89,4.37,31.23,61.4,25097,68.90
31804,0,1558,17.52,8.22,41.42,60.36,34.91,4.73,8.45,32.96,77.81,25407,101.00
31805,0,272,22.79,15.44,55.17,35.76,49.05,15.19,6.11,36.64,80.7,22777,86.40
31806,0,354,18.08,14.12,50.48,72.78,23.89,3.33,2.07,26.21,87.22,29773,89.10
31807,0,905,22.65,10.83,44.08,43.17,50.62,6.21,6.67,39.95,49.69,26099,68.90
31808,1,1942,19.98,11.38,46.59,49.24,47.72,3.04,4.99,31.32,73.04,28207,96.40
31809,0,1029,20.99,12.15,41.39,49.49,46.83,3.68,1.89,30.35,66.26,23127,58.30
31810,4,5834,20.64,13.87,48.13,46.24,40.31,13.26,10.54,43.3,63.43,26141,89.10
31811,1,2322,20.24,11.02,49.63,58.75,37.2,3.94,3.08,38.08,73.41,26196,96.40
31812,0,1335,20.22,11.91,45.03,49.04,44.83,5.75,8.36,41.9,60.34,29922,79.40
31813,1,1636,20.97,12.1,49.32,50.13,43.58,6.28,3.97,39.7,70.59,26399,85.70
31814,1,2519,19.09,12.23,38.05,53.52,41.03,5.35,2.47,33.97,67.14,25479,79.40
31815,0,622,22.67,12.38,46.59,60.52,31.95,7.53,3.98,34.92,74.29,23555,58.30
31817,1,1742,21.7,9.53,44.77,66.33,29.24,4.28,9.16,31.34,84.59,28415,118.20
31818,4,12940,17.33,9.8,41.31,44.06,40.55,14.95,12.65,41.06,63.59,27091,178.70
31820,0,537,21.42,7.82,36.25,52.56,42.31,5.13,4.13,28.44,68.38,24440,53.00
31821,1,2103,22.87,12.98,50.53,44.98,45.56,9.46,10.95,45.46,68.24,27051,86.40
31823,1,2967,19.14,10.92,45.42,60.37,33.75,5.88,8.1,39.25,77.65,28372,101.00
31825,1,435,22.76,9.89,40.32,59.09,34.85,6.06,0.55,37.91,71.97,24026,89.10
31826,1,2701,21.73,15.99,47.94,47.78,45.42,6.73,4.95,42.07,67.62,26866,85.70
31827,0,323,21.36,9.6,49.45,54.44,42.22,3.33,1.42,43.66,78.33,22762,53.00
31829,0,2473,22.81,18.12,50.72,52.6,38.61,8.79,12.88,45.51,70.44,27727,95.40
31830,0,396,16.92,11.87,41.74,40.84,49.21,9.95,2.27,21.05,82.2,22041,58.30
31831,2,2308,16.98,8.23,40.67,60.52,35.28,4.21,5.58,31.3,79.94,27506,118.50
31832,0,1956,20.76,11.91,39.39,58.63,37.63,3.75,4.58,24.79,83.38,26234,62.70
31833,0,669,18.54,8.97,53.3,32.73,49.28,17.63,15.71,44.44,57.19,24786,53.00
31834,0,387,20.16,11.89,40.54,59.9,36.98,3.13,0.58,37.36,84.9,25801,85.70
31835,1,2187,17.65,7.82,43.17,62.62,32.55,4.83,10.85,31.98,76.98,27976,101.00
31836,0,620,18.87,13.23,45.16,60.44,34.95,4.37,3.47,46.9,71.84,22598,53.00
31837,1,1490,19.4,9.46,47.93,71.7,24.15,4,7.33,39.78,73.04,28207,101.00
31838,0,615,21.95,14.96,51.85,27.95,39.75,30.12,13.96,56.93,49.69,27770,64.60
31839,13,14697,19.6,12.25,47.21,45.82,46.58,7.51,4.1,40.23,73.06,26705,116.50
31840,0,1233,18.65,11.19,35.92,57.92,37.53,4.56,2.2,34.46,70.28,23034,58.30
31841,0,514,27.04,7.39,47.06,55.14,39.51,5.35,1.73,37.93,59.67,23060,53.00
31842,0,158,19.62,18.35,43.14,72.63,26.32,1.05,1.72,25,91.58,28417,89.10
31843,0,1570,20.76,11.72,46.1,40.64,54.18,5.18,1.38,30.12,62.02,25484,58.30
31844,2,1616,20.79,10.4,45.09,59.3,37.89,2.82,3.82,28.49,79.58,27880,96.40
31845,0,993,21.25,9.67,43.97,55.08,40.65,4.27,8,27.4,80.49,30968,85.70
31846,2,1637,18.27,10.08,42.73,19.21,55.95,23.8,9.9,41.43,54.91,24944,96.40
31847,0,1657,20.4,11.71,44.11,63.17,33.83,3,3.81,32.65,81.17,28655,118.50
31848,0,1351,23.83,9.55,42.29,59.45,38,2.55,5.9,29.83,68.18,24611,68.90
31849,1,886,22.46,12.19,50.75,59.12,36.98,3.65,12.95,42.35,72.75,26755,85.70
31901,0,3265,18.28,9.56,41.31,60.59,33.08,6.34,9.97,36.55,74.5,28007,120.10
31902,0,2361,17.75,8.09,40.95,49.73,46.96,3.31,3.48,27.55,75.99,26502,117.50
31903,0,5294,18.11,8.99,40.39,61.53,32.57,5.9,8.74,36.99,69.89,27100,106.80
31904,0,1258,22.58,8.9,41.87,49.12,47.04,3.84,5.46,35.64,77.76,25201,69.80
31905,3,4794,17.13,12.54,41.82,52.24,40.65,7.11,10.4,31.61,86.45,32405,196.60
31906,0,1862,19.07,11.06,41.95,45.93,47.29,6.78,4.81,28.3,63.25,23795,41.30
31907,0,1082,16.27,11.46,38.69,49.34,46.68,3.98,4.17,31.71,74.01,27236,100.50
31909,2,2693,19.72,7.91,39.16,52.99,42.79,4.21,7.01,28.27,74.28,23469,99.70
31910,3,1668,20.8,8.99,45.05,56.26,40.1,3.65,4.37,27.14,70.21,27601,78.10
31911,0,1207,17.73,6.71,36.31,50.12,41.96,7.93,4.55,29.33,79.49,26269,78.10
31912,4,7990,19.55,11.49,43.3,60.02,33.91,5.92,6.43,36.49,68.61,26628,97.40
31913,0,1696,17.22,8.25,37.98,50.99,45.38,3.63,10.33,26.71,71.78,26507,84.00
31915,0,1343,19.43,8.71,40.8,60.29,36.31,3.4,6.89,27.93,82.47,25446,62.90
31916,0,2250,20.53,9.42,40.77,54.36,40.83,4.82,4.69,26.77,76.38,27179,93.70
31917,1,1441,16.79,8.88,35.47,58.98,35.21,5.81,3.05,29.39,74.65,26304,69.80
31918,1,3117,18.74,11.39,42.65,51.08,42.51,6.41,9.95,34.17,67.1,24423,73.20
31919,1,2292,19.46,12.74,42.83,56.43,39.95,3.62,6.08,31.84,77.69,26866,99.30
31920,0,536,18.66,13.81,42.35,53.91,41.56,4.53,3.85,27.4,70.78,21725,41.30
31921,1,3236,19.1,12.86,42.37,56.86,38.11,4.96,11.86,30.43,81.39,32113,166.00
31922,1,2038,21.2,8.1,42.74,53.59,39.38,6.9,9.48,26.59,72.94,25411,84.60
31923,0,852,17.84,10.33,47.6,56.36,38.15,5.49,2.25,32.3,71.97,22092,69.80
31925,1,1526,19.79,10.62,40.99,47.67,48.83,3.5,6.11,26.76,77.67,27817,78.10
31926,5,8675,19.79,10.03,41.02,46.45,48.08,5.45,10.12,33.61,78.59,28377,204.80
31927,1,1579,19.19,10.13,45.65,56.3,38.12,5.57,9.78,32.3,79.77,27573,190.20
31928,1,1905,19.74,8.56,42.96,53.82,43.08,3.1,6.18,30.79,72.19,26495,102.30
31929,0,4990,20.04,10.62,47.23,50.14,43.6,5.84,10.66,36.97,67.58,27603,114.30
31930,2,2387,19.15,9.8,37.79,68.08,29.28,2.64,3.97,26.61,76.81,26161,71.80
31932,2,1740,17.76,7.93,43.18,53.39,39.48,7.13,13.32,35.68,69.22,30260,118.10
31934,0,3615,18.56,9.46,38.66,31.07,62.37,6.56,7.29,33.11,68.78,26340,121.70
31935,4,2488,19.49,8.88,42.01,52.77,40.56,6.67,12.42,36.96,69.38,25058,64.80
31938,1,1053,20.04,9.21,39.26,46.46,48.48,5.05,10.74,24.76,75.51,27940,54.10
31939,0,339,20.06,14.45,42.72,61.85,34.1,4.05,0.75,32.85,75.72,22443,41.30
31940,0,1402,19.47,7.63,43.44,49.31,43.59,7.1,5.5,32.63,71.01,26075,71.80
31941,0,852,20.66,8.92,40.25,60.77,35.9,3.33,3.15,32.66,81.03,22747,69.80
31943,3,6481,18.62,9.21,42.53,53.5,41.17,5.29,9.17,36.51,71.94,26422,102.30
31945,0,1409,16.47,8.52,39.86,52.4,41.13,6.47,1.88,30.83,69.31,26116,99.70
31946,0,1564,18.48,8.44,38.41,53.55,43.39,3.06,3.29,26.07,77.26,26066,66.30
31947,3,6557,20.18,12.69,46.01,50.03,39.12,10.64,11.43,38.03,65.52,25903,99.70
31948,0,2436,22.82,8.74,42.92,70.61,25.79,3.49,7.22,33.37,80.13,25958,71.80
31949,4,5172,18.5,14.11,44.9,52.63,39.46,7.86,16.03,32.76,81.89,33165,459.50
31950,5,3665,20.71,13.89,46.37,54.03,39.13,6.78,25.93,32.34,85.95,36638,423.80
31951,3,7932,16.7,11.5,40.21,35.63,54.06,10.15,18.21,32.17,67.06,32310,321.40
31952,2,9970,17.71,11.24,40.3,37.94,40.03,21.44,29.85,39.17,68.58,32953,378.60
31953,1,2938,19.67,11.91,44.06,45.39,43.11,11.5,21.94,31.6,76.12,36331,366.20
31954,1,1805,19.5,9.75,40.73,44.21,52.28,3.51,6.05,31.89,87.6,33188,251.70
32001,2,2879,21.88,14.55,48.46,36.32,54.34,9.26,5.55,33.77,60.69,24478,60.40
32002,1,2040,20.49,12.65,39.8,38.37,50.12,11.39,7.33,32.73,61.51,24407,58.90
32003,0,1985,20.91,9.47,40.86,41.31,50.07,8.47,8.57,38.82,59.85,26591,62.10
32004,0,1493,18.42,7.77,35.93,26.48,53.16,20.37,1.36,22.01,62.93,21321,62.10
32005,1,1758,21.79,14.16,47.54,48.47,45.4,6.13,4.03,35.06,65.21,24802,58.90
32006,0,3015,17.05,8.96,33.14,30.99,64.98,4.03,5.13,25.1,61.29,22299,51.50
32007,0,271,30.63,9.96,45.16,52.6,35.94,11.46,2.94,42.86,61.98,23254,28.60
32008,2,5359,17.86,10.04,38.36,38.25,55.89,5.81,9.75,29.32,57.08,23775,84.80
32009,0,1826,17.74,10.02,36.47,17.05,74.34,8.61,4.31,26.07,51.66,22567,51.30
32010,0,1040,18.27,6.92,33.11,40.74,53.09,6.17,3.51,18.13,66.05,20649,62.10
32011,0,1132,17.31,12.1,37.54,58.15,37.59,4.26,1.49,25.99,65.66,21733,41.30
32012,0,1310,20.76,7.79,36.32,49.23,46.67,4.1,1.51,18.59,86.92,20795,41.30
32013,5,4198,20.01,13.7,42.72,23.41,64.78,11.67,12.65,39.71,58.98,27795,103.20
32014,0,2292,18.32,8.9,36.36,33.02,61.12,5.73,5.85,28.15,57.44,24238,61.50
32015,0,1370,17.52,7.59,34.03,31.91,63.57,4.52,3.56,23.16,76.13,22061,61.50
32016,0,4850,15.3,7.59,41.52,39.98,44.74,14.65,12.67,45.37,56.69,27723,141.70
32017,0,3391,17.63,8.96,39.09,37.5,57.61,4.89,7.54,28.09,66.3,25724,77.20
32018,1,1767,14.49,7.53,31.21,33.15,63.06,3.78,3.42,23.91,71.17,23535,61.50
32101,0,2503,16.54,7.31,43.72,51.7,41.75,6.55,11.42,35.43,78.48,27382,180.80
32104,2,3493,18.15,8.25,41.66,61.68,34.05,4.27,6.26,30.09,82.24,28175,107.30
32106,0,2547,18.1,8.05,41.11,63.82,32.94,3.23,4.11,32.09,88.51,27065,137.60
32107,1,3329,19.44,13.22,43.93,65.17,32.22,2.54,3.53,30.25,81.22,25341,97.30
32109,0,975,22.46,8.82,39.73,66.16,32.1,1.74,3.27,28.75,82.86,24806,56.20
32110,4,3366,19.07,10.93,44.51,61.31,33.26,5.43,4.91,34.04,78.97,28917,111.80
32112,2,2378,17.28,8.83,41.69,60.52,34.57,4.91,6.42,27.89,83.97,27774,287.40
32114,2,3840,18.31,9.74,43.36,65.31,32.32,2.37,8.17,31.29,82.11,26802,82.90
32115,0,1438,19.26,8.48,39.31,65.84,31.38,2.78,1.9,26.46,81.92,26776,82.90
32116,1,2521,17.93,7.74,40.43,52.04,38.4,9.55,16.65,30.4,80.71,32574,295.30
32119,0,2554,18.17,7.75,44.83,53.99,41.67,4.33,12.71,29.46,72.61,26449,188.50
32120,0,4373,14.57,6.33,43.62,53.58,42.31,4.11,6.71,30.66,72.43,27009,188.50
32131,4,7813,18.87,10.23,44.85,55.82,40.78,3.4,7.69,30.53,81.45,28768,182.90
32132,1,2458,19.32,10.74,44.19,54.46,42.67,2.87,5.53,32.51,78.77,26624,132.20
32134,2,3299,19.92,12.43,46.4,73.15,23.99,2.86,4.94,33.45,87.78,32224,277.50
32135,14,16951,19.04,10.2,44.81,56.01,31.6,11.97,24.34,40.4,72.86,29715,294.10
32139,1,1641,18.16,9.51,41.79,64.39,33.09,2.52,6.56,29.02,82.05,26614,105.00
32140,2,2299,18.88,12.88,44.73,68.19,26.46,5.36,8.25,34.62,88.65,33386,272.90
32141,2,4190,19.24,8.81,41.16,58.02,36.78,5.2,5.86,33.02,74.83,27375,125.10
32142,4,7956,20.7,11.84,46.23,50.42,39.34,10.24,14.53,36.27,86.2,32400,332.70
32143,0,1688,20.97,11.08,48.63,56.01,38.83,5.15,10.28,34.26,90.61,29442,199.10
32144,20,28152,17.3,13.52,39.76,39.91,43.71,16.16,20.33,38.62,79.3,36655,643.30
32202,0,1024,23.54,13.96,50,80.68,17.07,2.25,6.08,40.49,86.49,24873,21.20
32203,1,1531,21.75,11.63,37.31,66.46,31.93,1.61,1.39,32.05,76.77,22410,22.70
32206,0,1152,23.26,11.2,41.19,74.43,23.62,1.95,1.61,31.39,71.66,21485,22.70
32207,4,2583,23.58,13.24,46.07,69.25,26.22,4.52,8.28,44.07,70.08,24475,21.20
32209,4,1449,22.08,12.35,41.08,70.23,26.2,3.57,4.02,37.23,79.34,24750,22.70
32210,1,1074,25.79,13.22,38.91,76.28,22.82,0.9,3.52,36.14,75.53,22776,22.70
32212,0,882,20.41,14.29,41.09,73.27,25,1.73,0,34.2,73.46,22993,21.20
32214,1,904,20.35,10.4,34.6,68.9,29.37,1.73,0.26,34.18,70.19,21157,22.70
32216,2,2623,23.9,16.77,46.51,73.59,24.36,2.04,6.53,37.62,76.57,23437,22.70
32217,0,1472,20.24,9.99,42.19,66.67,31,2.33,3.33,32.38,73.53,21160,22.70
32219,2,2693,19.31,10.4,37.77,62.53,34.81,2.67,2.74,33.13,78.88,22498,25.50
32220,1,5236,21.83,12.66,42.55,50.42,40.79,8.66,18.01,42.17,71.12,27696,61.50
32221,0,1287,16.78,7.69,31.87,68.52,30.52,0.96,0.81,23.28,77.93,22057,21.90
32222,0,484,29.34,15.29,43.66,82.41,15.74,1.85,0,42.56,63.58,20603,22.70
32223,2,956,20.92,10.25,41.37,71.74,27.25,1,0.76,31.41,76.95,22895,21.20
32301,1,3532,19.28,10.73,46.11,59.43,37.09,3.48,6.46,35.71,76.52,31652,276.80
32302,0,738,22.36,14.23,40,45.79,44.11,9.76,2.52,28.32,64.65,22715,50.60
32304,2,3255,14.41,9.43,42.99,61.58,30.83,7.5,10.55,37.87,77.17,26185,273.80
32305,4,5096,18.49,12.23,50.37,79.94,17.06,2.91,6.12,35.65,90.78,27692,208.10
32306,2,3312,17.51,11.29,43.5,58.26,34.8,6.84,12.3,36.52,72.04,27088,176.80
32307,4,4575,17.14,10.67,44.1,62.22,31.82,5.76,6.55,36.87,79.3,27448,203.10
32308,0,1256,19.43,18.47,48.33,50.39,40.97,8.63,4.76,38,65.78,24381,73.70
32309,1,1639,20.44,9.64,37.98,53.28,42.34,4.38,0.61,27.96,65.16,21800,50.60
32310,0,982,21.38,10.49,43.1,64.58,33.26,2.16,2.09,31.32,72.35,25727,63.10
32311,1,1457,21.89,8.37,42.5,31.22,63.23,5.56,2.09,29.1,74.21,28504,125.30
32312,0,1014,23.67,7.79,40.89,52.69,44.5,2.81,0.74,30.86,75.64,22631,35.00
32313,3,3162,20.9,10.75,42.17,60.28,34.53,5.19,17.6,27.11,84.34,31920,240.60
32314,3,2767,21.9,12.36,38.96,49.87,41.82,8.31,8.53,32.44,62.82,24785,50.60
32315,0,2398,18.56,9.84,35.05,47.31,48.24,4.45,2.6,35.38,60.14,24631,68.90
32316,3,4431,17.81,8.35,41.81,64.11,29.78,6.11,12.53,31.94,80.41,28113,227.20
32317,0,1056,17.61,10.32,39.81,56.44,40.44,3.11,0.26,26.14,74,21304,35.00
32318,2,2947,18.97,10.59,47.14,64.01,32.34,3.57,7.45,36.45,78.35,26857,169.10
32319,0,3114,19.78,8.7,41.51,34.16,55.31,10.45,17.66,35.72,70.46,28948,165.80
32320,1,2148,17.6,12.38,47.02,72.94,23.72,3.34,1.1,28.59,85.27,29228,143.00
32321,0,641,21.84,11.39,41.49,58.54,38.72,2.74,1.84,33.09,77.13,23491,73.70
32322,0,499,19.84,10.82,49.36,55.85,41.89,2.26,9.48,33.33,79.25,28449,73.70
32323,2,2547,18.61,11.66,43.33,51.43,38.9,9.47,4.61,46.51,65.07,26700,73.70
32324,1,425,20.94,9.88,37.61,61.01,37.18,1.81,4.62,33.91,63.54,27136,73.70
32325,1,1164,21.31,9.45,44.19,67.84,30.5,1.66,3.18,21.65,82.99,24312,63.10
32326,1,932,21.89,10.84,37.73,68.57,25.93,5.49,2.04,31.89,81.1,22398,63.10
32327,6,5477,17.69,11.21,45.93,61.88,31.01,7.06,4.78,38.28,73.89,27553,285.10
32330,0,4254,13.33,8.72,41.63,53.85,39.46,6.7,13.63,29.21,77.92,28401,203.20
32331,1,1474,24.76,13.36,50.11,55.73,40.31,3.97,17.26,42.12,66.41,27181,73.70
32332,1,1993,18.21,11.74,45.57,51.98,41.17,6.65,5.51,37.5,64.38,28576,115.50
32333,0,1230,18.94,8.78,40.48,57.58,38.18,4.24,1.39,25.54,75.15,28603,176.80
32334,1,1112,21.4,8.36,42.07,54.7,37.86,7.44,5.15,31.33,75.93,25870,165.80
32335,0,1543,21.91,9.4,39.48,59.25,39.19,1.56,0.82,26.51,70.76,25560,35.00
32336,1,1859,19.31,11.3,46.64,57.98,35.13,6.89,3.1,33.98,77.61,29637,165.80
32337,3,5094,16.02,7.91,41.7,60.27,34.24,5.44,6.42,31.36,79.91,28409,172.40
32338,1,2080,19.76,9.13,43.78,68.43,27.27,4.29,6.22,33.95,86.87,26846,171.00
32501,2,1739,22.2,16.22,47.42,62.92,32.14,4.94,3.36,44.21,71.64,25880,21.00
32502,1,1580,19.3,11.08,37.47,48.57,45.88,5.55,0.84,28.02,58.82,21390,17.00
32503,0,328,25.91,9.45,43.43,50,45.63,4.38,0.71,35.21,69.38,24128,17.00
32504,0,1246,21.43,7.7,40.99,63.04,35.54,1.43,1.12,27.61,76.07,21461,17.50
32505,2,1743,21.06,11.36,40.74,54.31,44.17,1.52,1.49,30.08,69.58,22884,21.00
32506,1,833,17.89,10.32,38.22,47.46,48.48,4.06,0.63,22.36,67.51,20252,17.90
32508,0,4459,21.31,9.78,38.33,55.63,39.77,4.54,1.63,28.48,63.13,22160,17.80
32509,0,1317,20.5,8.81,33.42,65.61,31.41,2.97,0.81,24.75,63.2,18901,17.90
32511,1,511,22.5,14.48,44.53,16.39,73.11,10.5,3.27,45.31,69.75,23760,17.00
32514,0,621,20.29,10.95,39.33,69.93,27.54,2.54,1.23,33.74,59.06,19879,27.60
32515,1,1436,23.19,10.79,41.41,60.97,35.55,3.48,0.88,28.82,67.32,19914,18.60
32516,0,1716,21.39,9.97,39.8,56.63,39.79,3.58,0.9,29.25,63.93,21853,17.80
32517,0,1050,22.76,11.43,37.78,52.95,44.51,2.53,0.48,25.48,66.24,21001,17.00
32518,0,1015,22.17,14.48,42.81,59.22,36.31,4.47,7.41,35.71,68.16,26667,27.60
32519,0,849,20.02,10.13,36.58,33.05,64.37,2.59,0.31,25.55,58.62,19850,17.00
32520,0,915,24.26,11.15,46.15,76.19,21.6,2.21,0.98,36.1,74.49,22358,21.00
32521,0,1736,20.33,9.5,34.78,58.72,38.39,2.89,0.88,26.73,60.35,20752,17.90
32522,1,1256,19.67,11.86,36.61,63.42,34.19,2.39,0.62,30.2,70.43,21013,27.60
32523,0,738,21.54,9.21,38.57,43.82,45.51,10.67,0.7,30.24,66.85,22931,17.00
32524,0,1470,21.09,12.11,43.36,65.26,32.15,2.59,0.9,36.09,71.12,24508,17.50
32525,0,2028,18.74,9.71,36.68,65.01,32.32,2.66,1.5,27.03,66.59,19299,17.50
32528,0,983,20.55,9.26,34.89,57.31,34.57,8.12,2.06,29.64,68.68,20486,17.00
32529,0,1188,21.13,11.28,35.76,71.72,26.12,2.16,0.21,30.52,72.8,21353,27.60
32530,3,10771,22.49,12.37,42.24,54.01,40.8,5.14,8.47,35.32,58.37,23936,68.50
40101,32,213557,15.7,9.72,46.11,15.17,35.24,41.89,14.07,48.84,32.51,29422,597.80
40201,5,38036,18.47,11.72,47.73,9.29,55.51,33.72,10.66,47.5,44.2,26510,283.40
40301,13,65482,16.34,9.07,42.38,17.23,55.55,24.74,17.3,40.74,50.17,27055,298.40
40401,3,5092,20.17,9.74,42.51,31.31,59.55,9.08,7.51,34.82,64.85,22049,115.30
40402,0,2662,17.28,7.66,34.93,24.32,61.2,14.39,5.41,31.07,58.16,23097,66.10
40403,0,836,15.31,4.43,44.44,30.1,62.14,7.77,10.32,27.78,71.52,20151,156.90
40404,7,17604,18.73,10.88,45.12,26.36,52.98,19.84,11.83,40.77,60.25,24511,193.70
40405,1,2757,19.37,7.8,37.45,23.21,71.92,4.86,4.91,24.72,79.56,23275,94.60
40406,1,2959,16.73,7.94,42.37,31.86,60.36,7.78,19.18,34.72,66.77,21600,175.60
40407,2,2142,19.51,7.28,40.58,14.34,83.19,2.47,7.13,28.59,79.11,21931,136.20
40408,0,1034,20.31,8.99,43.14,28.11,62.97,8.92,12.14,32.6,62.7,20952,201.90
40409,1,1193,18.44,9.05,40.41,15.27,75.7,9.03,7.08,30.35,71.18,21796,193.30
40410,4,1327,21.25,7.16,42.12,16.9,75.55,7.36,5.54,27.24,73.56,18621,97.80
40411,0,654,17.74,8.26,38.54,28.29,66.53,5.18,4.47,21.86,77.69,22511,201.90
40412,1,1326,17.35,8.45,34.72,19.17,76.66,4.17,2.06,28.73,69.07,19968,97.80
40413,0,3788,17.42,6.94,41.77,19.07,73.37,7.57,4.28,29.76,68.47,21789,109.70
40414,2,3379,19.3,11.04,44.06,22.21,69.66,8.13,9.2,32.31,70.43,13853,177.00
40415,1,1489,17.93,7.66,36.15,20.75,73.37,5.88,4.19,31.62,64.87,21851,66.60
40416,0,796,16.08,6.66,36.05,26.35,65.88,7.77,4.7,25.71,65.88,23034,156.90
40417,0,1316,19,7.29,36.94,23.03,71.85,5.12,8.43,24.7,75.2,23101,214.70
40418,1,5144,18.1,7.7,39.72,24.99,65.06,9.9,8.54,30.71,67.44,23736,192.20
40419,1,3019,17.65,6.89,41.65,38.64,55.45,5.91,11.26,29.38,80.3,24459,209.00
40420,0,1473,17.79,12.36,37.14,20.74,71.51,7.75,4.01,23.81,72.29,20535,77.90
40421,2,7701,14.65,6.96,40.5,19.86,63.45,16.31,19.4,33.53,58.01,22226,221.00
40422,1,2689,17.7,9.19,41.6,22.78,67.27,9.95,10.92,37.92,61.39,22467,155.60
40423,1,1307,19.74,7.96,43.14,30.29,66.61,3.1,5.68,26.01,77.92,23552,83.40
40424,1,1141,16.3,7.1,32.52,24.88,69.81,5.31,7.73,27.69,68.12,22601,85.70
40425,2,1727,20.32,8.63,43.4,25.4,64.22,10.22,4.2,31.27,72.04,21958,149.60
40426,1,3104,18.43,8.22,36.79,18.08,65.61,16.31,9.54,28.88,64.4,24124,171.10
40427,1,2339,17.44,9.53,37.89,20.39,74.42,5.18,6.83,28.57,71.54,21595,141.60
40428,0,3403,18.63,10.81,42.42,34.3,53.11,12.58,6.03,32.79,44.38,20304,166.00
40429,0,1294,17.08,6.65,44.5,26.29,66.67,7.04,12.62,30.19,76.19,22416,248.30
40430,0,1133,15.62,7.24,41.18,21.88,71.39,6.73,9.96,28.72,66.35,24938,346.90
40431,0,1293,16.32,7.19,38.59,26.61,67.57,5.82,5.34,25.87,76.92,22454,148.80
40432,0,1780,17.58,9.33,38.15,26.23,68.26,5.51,6.7,29.18,71.09,19646,97.80
40433,0,992,19.05,9.27,35.42,21.13,73.22,5.65,6.62,28.68,67.32,21866,57.20
40434,1,890,21.69,8.2,38.43,27.35,68.36,4.29,1.3,31.01,68.63,21219,65.70
40435,1,472,16.53,6.57,38.17,18.67,74.7,6.63,3.37,27.53,69.88,18645,97.80
40436,0,2044,21.58,8.32,42.63,19.46,72.76,7.65,2.88,25.18,65.89,22206,54.30
40437,2,3295,19.39,8.83,42.63,28.5,57.1,14.3,9.94,34.41,58.69,24118,159.90
40438,3,2575,18.29,9.01,41.95,35.96,59.55,4.48,3.89,26.17,78.27,25041,124.10
40439,0,701,19.97,6.99,41.33,12.31,75.75,11.94,2.08,32.29,78.73,16766,133.60
40440,0,406,20.44,9.85,43.9,33.33,64.71,1.96,3.85,23.72,75.82,22152,57.20
40441,0,4173,18.5,8.48,41.73,31.17,61.42,7.41,8.85,27.5,72.57,22582,126.50
40442,1,1063,16.46,7.81,42.09,16.41,76.67,6.92,9.05,24.21,71.54,21163,97.30
40443,2,2123,20.82,8.81,37.83,16.18,59.68,24.14,4.23,27.37,71.35,16026,133.60
40444,0,790,17.72,7.59,38.03,31.42,61.49,7.09,4.95,31.92,68.92,21379,65.70
40445,1,689,24.82,8.56,54.09,34.64,62.09,3.27,2,26.91,80.07,12854,97.30
40446,0,1457,18.05,9.68,42.79,25.17,70.61,4.22,4.75,28.15,69.09,22629,95.90
40501,1,6172,17.61,9.07,44.54,37.66,55.82,6.47,11.8,30.93,71.28,26983,267.10
40502,1,2226,17.97,11.01,42.56,22.78,62.32,14.18,11.16,37.51,54.73,27585,162.80
40503,0,4367,16.99,11.31,44.37,24.12,51.08,24.8,16.6,46.06,39.48,27237,154.30
40504,0,2614,17.18,8.72,40.95,33.69,61.6,4.71,8.41,26.67,68.32,26321,179.90
40505,0,1260,19.44,9.68,38.34,30.88,62.58,6.54,2.67,28.57,61.35,22267,66.30
40506,0,3919,22,11.25,44.04,21.11,69.49,9.4,7.47,28.87,68.19,24543,129.20
40507,0,2052,18.66,8.14,43.85,43.84,50.68,5.48,6.45,24.76,66.3,26639,154.30
40508,0,2996,19.29,7.94,39.3,31.85,61.78,6.37,6.13,25.96,68.45,24187,115.60
40509,0,1861,20.9,9.4,42.21,19.39,75.27,5.34,3.99,27.98,63.82,26733,129.20
40510,0,2348,20.32,8.82,42.66,20.51,73.54,5.94,3.87,25.94,67.95,24843,125.00
40511,0,2374,19.17,7.88,42.22,39.17,54.14,6.69,3.53,26.57,66.67,28415,194.90
40512,0,1695,19.35,7.85,39.8,23.61,70.66,5.72,2.82,24.02,69.23,22515,100.50
40601,2,8270,18.33,9.14,42.5,25.6,56.03,17.87,8.39,40.8,50.98,27716,158.60
40602,0,1867,19.44,8.68,41.19,34.38,56.41,9.21,1.06,27.36,62.01,22038,83.70
40603,0,2789,20.87,8.61,41.48,37.95,54.02,8.03,3.27,28.44,69.75,23953,69.90
40604,0,3163,17.42,7.33,46.79,30.87,61.23,7.9,7.8,30.79,66.77,28987,161.20
40605,0,1224,19.44,9.31,39.33,26.95,44.68,20.57,2.62,23.97,59.81,23123,30.70
40606,0,587,18.91,9.54,37.29,30.73,62.01,7.26,0,16.59,58.1,21142,35.70
40607,1,2217,19.26,7.98,41.94,26.45,66.13,7.42,3.38,29.02,62.62,26399,119.70
40608,0,3046,19.93,8.11,36.45,32.8,58.2,9,3.4,23.46,59.2,22403,43.60
40609,0,2882,19.54,11.14,42.55,30.35,64.55,4.99,3.02,25.57,58,24662,84.00
40610,0,985,22.74,9.14,46.03,33.85,59.74,6.41,0.52,27.72,55.38,21696,35.70
40611,0,1618,21.14,10.07,42.42,46.77,48.46,4.77,1.69,32.46,60.31,21454,35.70
40612,1,3259,20.41,8.01,39.32,29.41,62.24,8.35,3.51,25.59,68,24604,145.80
40613,0,1019,18.84,7.75,33.56,29.88,59.76,10.37,1.11,21.05,70.43,22760,43.60
40614,2,5608,19.42,9.43,47.97,31.42,57.12,11.46,7.92,32.69,58.92,26635,185.70
40615,1,3018,18.32,10.87,38.34,31.35,60.83,7.81,2.34,25.59,60.42,23590,70.20
40616,0,1405,20.36,9.75,41.61,40,52.7,7.3,0.86,30.07,70.26,23451,35.70
40617,0,1320,22.12,10,37.82,36.05,56.55,7.4,2.99,28.73,58.82,24312,35.70
40618,1,3019,18.22,7.22,39.4,27.51,60.75,11.74,1.77,28.7,63.61,24153,107.60
40619,0,1975,19.14,8.96,40.88,28.64,63.62,7.74,1.83,26.91,50.15,21982,48.00
40620,2,3152,18.56,8.63,44.03,28.27,62.07,9.66,7.56,29.17,55.33,24445,103.70
40621,0,2184,20.42,10.62,40.32,22.14,63.93,13.93,2.02,25.34,62.81,22232,43.60
40622,0,2197,19.62,7.01,43.09,26.74,67.91,5.35,7.34,26.35,69.79,27022,148.80
40623,0,1464,20.42,6.22,34.83,32.48,62.97,4.55,2.03,23.62,63.37,23660,97.30
40624,0,4489,20.27,8,42.68,49.68,43.76,6.55,6.24,28.02,74.28,27187,179.60
40625,1,1021,20.57,9.21,38.25,29.67,62.92,7.42,1.91,33.25,68.42,21619,35.70
40626,1,1586,22.32,7.5,40.3,32.32,62.48,5.21,0.84,25.42,57.27,21575,35.70
40627,1,2962,18.6,9.42,38.55,27.47,65.8,6.73,4.07,25.29,64.39,23103,103.70
40701,3,9998,20.7,11.23,44.52,23.89,48.94,26.88,16.57,37.2,53.15,27205,333.00
40702,0,7575,21.48,12.01,42.01,33.45,52.61,13.88,10.96,34.21,67.7,26192,181.50
40703,5,14107,21.1,13.1,43.79,21.7,54.94,22.34,18.98,44.3,51.21,27773,314.00
40704,2,7452,22.03,12.69,50.18,23.22,59.11,17.43,9.69,37.56,52.67,26097,177.10
40705,4,13231,19.98,13.85,46.82,24.02,43.02,31.19,25.79,46.74,49.6,29267,593.70
40706,0,1865,20.75,11.8,37.68,10.08,58.79,31.01,6.93,36.83,47.8,25338,181.50
40707,0,2030,18.67,13.55,45.92,41.18,52.42,6.41,4.3,36.07,64.81,24123,134.70
40708,0,2977,17.87,7.86,40.43,27.56,65.78,6.56,17.13,25.82,64.65,26095,257.30
40709,0,737,22.52,13.84,50.71,17.16,54.69,28.15,1.57,43.49,43.25,26993,114.20
40710,0,2238,16.76,8.09,36.46,28.39,61.98,9.64,8.37,27.76,62.11,23786,166.40
40711,1,9766,18.69,9.25,42.48,35.23,51.18,13.36,12.52,33.26,56.81,25327,221.30
40712,0,728,22.66,14.56,48.62,26.08,57.97,15.52,3.95,39,42.89,27183,114.20
40713,0,5348,19.82,8.73,44.06,36.48,56.4,7.12,11.79,29.13,65.35,27883,245.30
40714,1,4439,17.32,8.02,44.58,31.79,57.97,10.24,13.46,32.45,60.85,25504,220.80
40715,0,2140,18.83,8.55,42.61,33.43,58.93,7.49,9.74,30.62,62.54,26493,221.30
40716,1,1163,19.35,7.82,40.17,27.06,66.58,6.37,4.61,24.73,52.79,23838,171.00
40717,1,2880,18.85,11.63,42.49,21.58,56.3,21.58,10.35,34.39,53.13,23565,289.40
40718,0,1717,24.64,12,46.27,35.93,54.22,9.85,10.74,39.7,67.39,28476,333.00
40719,1,4897,19.4,10.97,42.56,36.2,56.78,7.02,5.68,34.35,62.95,24419,171.00
40720,4,7867,17.85,9.22,43.3,30.32,61.05,8.63,11.73,30.68,62.37,24631,146.40
40801,0,1013,13.92,7.5,39.65,23.15,72.53,4.32,1.56,26.94,66.67,23724,66.60
40802,0,4545,17.82,9.68,45.67,19.79,59.94,18.67,21.76,43.3,62.66,28339,219.10
40804,0,1050,22.1,8.57,39.2,34.66,60.12,5.21,3.06,17.5,65.95,19382,66.10
40805,0,2842,16.47,10.66,43.77,29.25,54.38,16.37,13.15,38.93,58.38,22525,114.30
40806,0,3651,21.34,10.35,38.42,31.93,62.82,5.25,1.43,27.93,71.34,21919,77.70
40807,0,1469,19.74,9.46,38.53,23.08,67.98,8.94,3.1,30.07,63.33,21729,77.70
40808,0,5226,17.39,11.42,43.86,31.31,50.48,17.19,16.6,39.47,53.34,27442,195.70
40809,0,2352,16.88,8.42,38.32,21.45,64.94,13.49,9.58,30.65,64.94,25837,90.40
40810,0,723,17.7,7.19,34.12,34.76,62.23,3,3.07,22.14,68.24,21996,66.10
40811,1,1696,18.34,7.25,35.98,18.41,73.33,8.25,4.15,29.08,66.35,23908,109.30
40812,0,2510,20.8,12.11,41.4,28.35,64.5,7.14,6.64,32.77,67.42,23806,74.00
40813,0,1403,18.03,6.2,38.46,32.99,61.2,5.81,3.05,28.26,68.05,24158,111.10
40814,0,1538,17.3,6.96,36.83,32.55,59.22,8.24,5.28,26.07,73.73,24978,86.00
40815,0,1301,16.99,8.46,30.97,55.39,42.67,1.94,3.54,20.09,75.22,23243,74.00
40816,0,2311,20.29,9.09,36.95,33.74,60.71,5.54,5.32,25,57.14,22103,74.40
40817,0,1670,18.8,9.46,34.59,29.67,63.33,7,6.07,27.75,61,22073,49.00
40818,0,1523,17.14,10.24,45.45,21.51,68.41,10.08,13.61,37.77,58.14,25923,74.00
40820,0,569,18.98,9.67,35.67,28.13,69.79,2.08,1.95,20.87,67.19,25448,74.00
40821,0,1029,20.31,7.29,42.03,41.86,50,8.14,5.32,27.59,73.26,23472,97.50
40822,0,1754,21.21,8.61,36.87,22.94,72.32,4.74,4.15,27.94,75.08,24767,73.30
40823,0,1153,15.87,8.85,33.53,27.85,60.53,11.38,4.88,24.31,70.22,23214,106.10
40824,0,2183,17.45,8.2,34.64,26.66,67.28,6.06,2.36,23.72,67.14,21584,66.10
40825,0,1319,16.98,6.75,35.06,37.01,58.16,4.83,6.5,27.29,67.59,25599,121.50
40826,0,584,15.75,5.99,29.88,33.17,63.82,3.02,2.43,23.44,73.87,22746,104.60
40827,0,3051,18.81,9.44,44.66,30.14,63.62,6.24,7.64,28.54,65.79,25155,129.40
40828,0,1097,23.97,6.93,40.2,32,62.67,5.33,2.16,19.89,69.33,20355,74.40
40829,0,1955,20.66,8.44,42.61,25.22,71.19,3.59,1.68,26.38,62.23,24232,74.00
40830,0,948,21.73,8.33,41.32,30.25,65.74,4.01,2.51,22.07,72.53,25290,170.60
40831,0,3909,17.14,10.08,39.28,25.5,64.99,9.43,5.8,29.57,63.71,24814,97.40
40832,1,3119,21.26,9.14,44.2,38.18,53.35,8.3,8.71,28.68,66.1,28538,175.10
40833,0,1675,17.19,9.97,38.51,29.17,64.83,6,2.31,26.42,71.8,25191,92.00
40834,0,893,17.13,6.16,34.88,15.58,77.27,7.14,3.31,23.19,68.51,21218,57.60
40835,0,4689,18.87,10.19,39.63,26.94,63.59,9.48,9.15,32.46,65.38,23641,74.40
40901,0,645,23.41,7.75,47.78,46.18,44.18,9.64,4.56,29.75,70.28,23958,146.10
40902,0,3834,17.27,10.51,42.36,34.76,56.3,8.94,5.37,32.21,65.24,23230,74.20
40903,0,860,25.47,17.56,51.46,52.65,38.43,8.93,9.33,45.02,70.95,25539,106.00
40904,0,1890,18.2,9.58,40.66,34.37,60.5,5.13,5.15,28.66,60.03,22456,82.00
40905,1,5011,17.76,10.14,43.93,25.13,46.43,27.71,18.87,43.57,44.26,26654,155.50
40906,0,1137,18.47,10.91,48.58,49.7,43.2,7.1,0.98,35.95,65.11,24710,75.40
40907,0,7041,17.28,8.99,41.4,24.35,58.11,17.49,13.41,33.29,45.96,25403,161.20
40908,0,5976,19.39,10.64,44.61,32.63,58.47,8.9,9.08,34.33,63.35,25434,128.40
40909,0,3599,20.78,11.28,42.09,41.34,52.35,6.31,5.17,31.75,66.67,23701,118.00
40910,0,2298,20.15,7.83,42.12,32.65,58.84,8.52,7.53,25.79,59.35,25035,123.90
40911,0,476,16.6,10.92,40,43.96,51.65,4.4,4.92,28.8,74.73,23048,123.90
40912,0,5409,18.03,7.84,36.73,49.05,46.45,4.5,8.28,31.8,67.82,24358,128.10
40913,0,2951,16.71,8.95,34.44,23.5,69.13,7.38,3.53,30.2,60.16,23816,152.80
40914,0,649,19.26,10.63,46.15,55.93,37.08,6.69,3.16,37.54,68.39,23959,74.80
40915,0,1826,19.5,11.28,41.94,48.65,44.34,7.01,3.81,30.61,65.5,23537,124.80
40916,0,376,17.29,9.31,44.66,36.18,56.58,7.24,2,32.24,61.18,22284,75.40
40917,0,2941,17.44,7.89,40.5,18.77,74.14,7.09,8.14,29.83,53.7,24364,164.10
40918,0,2304,19.44,9.98,41.83,53.84,38.16,8,4.58,35.12,62.28,22424,74.80
40919,0,887,19.28,8.57,39.2,35.45,57.86,6.69,2.41,27.33,62.21,21258,82.00
40920,0,1961,19.48,8.92,41.4,33.19,60.06,6.75,2.34,29.61,63.73,24597,86.40
40921,0,838,22.08,10.86,40.08,53.58,39.49,6.93,1.71,34.57,77.83,24053,106.00
40922,1,2934,20.62,8.28,42.21,23.86,65.34,10.8,5.78,30.01,59.32,25917,102.80
40923,0,2356,22.45,14.3,47.73,30.72,49.16,20.12,18.06,44.14,52.77,25954,146.10
41001,0,1259,19.46,8.42,40.85,43.97,51.77,4.26,1.42,29.61,66.19,27000,223.00
41002,1,18271,16.32,8.22,42.27,31.51,50.25,17.5,9.61,36.1,52.95,25796,261.40
41003,0,7444,16.86,6.17,43.63,21.73,60.83,15.48,38.46,32.59,53.56,25620,295.40
41004,0,1161,16.19,5.6,39.31,41.73,56.05,2.22,1.16,20.83,80.74,26872,216.40
41005,6,12184,17.34,9.27,44.25,30.66,51.11,17.93,15.39,36.58,50.41,26803,264.50
41006,1,1455,19.18,7.15,41.89,46.59,49.51,3.9,4.75,22.73,76.8,29107,209.20
41007,2,6571,18.64,8.89,46.97,35.46,51.34,13.04,11.92,34.26,58.48,27906,356.70
41008,2,2085,17.27,6.86,42.81,42.34,54.38,3.28,8.55,25,75,26714,141.70
41009,0,3090,15.73,6.25,40.34,21.76,68.75,9.49,17.29,32.09,67.19,26433,193.30
41010,0,2540,20.94,10.83,46.61,37.53,56.85,5.62,14.96,25.95,67.75,30504,289.80
41011,2,3490,19.6,9.14,47.17,43.34,49.57,7.01,10.88,31.77,71.89,27308,192.40
41012,7,29244,17.72,9.8,44.75,26.61,55.49,16.76,23.27,39,60.91,32756,644.70
41013,0,6318,21.38,11.84,48.56,40.76,50.53,8.61,25.98,31.79,72.02,31759,273.10
41014,1,6865,17.9,8.96,43.14,34.93,55.67,9.41,17.8,32.54,65.12,27548,254.50
41015,0,2090,20.14,8.95,45.88,45.21,49.72,5.07,7.31,21.53,71.27,28307,265.20
41016,0,2121,18.95,9.19,43.79,39.46,57.45,3.09,5.37,32.33,68.59,27959,285.80
41017,2,7931,16.81,8.57,45.45,28.78,57.42,13.52,13.77,34.84,59.47,29152,462.10
41018,0,2045,17.8,7.38,42.62,38.09,55.49,6.43,10.17,27.85,76.02,26006,227.80
41019,1,4187,19.39,8.05,44.67,43.49,51.65,4.86,14.29,23.75,78.29,28329,251.40
41020,3,5240,19.39,6.76,45.38,45.66,48.24,6.1,14.98,25.54,79.19,28446,196.40
41021,7,25345,17.91,9.04,43.88,25.34,56.16,17.95,13.79,36.59,49.92,25833,419.80
41022,0,6215,19.13,10.12,44.29,36.99,55.72,7.29,14.79,27.56,69.92,31976,343.80
41101,0,1288,19.02,7.53,40.48,32.06,62.68,5.26,1.68,26.15,70.33,23385,76.10
41102,0,1545,20.71,5.95,40.04,34.41,59.32,6.27,6.41,22.58,65.77,25048,84.70
41103,2,1879,17.67,10.43,37.88,34.94,56.8,8.26,6.01,28.14,62.99,23571,72.50
41104,0,996,19.28,9.14,37.99,19.7,70.45,9.85,2.87,24.43,62.09,19942,28.00
41105,1,2925,20.89,10.63,42.17,38.17,53.68,8.06,4.26,32.38,55.89,23966,137.20
41106,0,3316,18.7,6.66,43,37.47,56.24,6.29,11.78,26.68,70.68,28646,185.30
41107,0,974,18.07,5.13,33.45,34.37,61.92,3.72,1.64,25.48,70.28,22949,79.50
41108,0,2372,17.58,10.12,35.98,25.92,63.8,10.12,5.79,22.78,62.27,21219,62.00
41109,0,2574,20.9,7.65,47.92,46.98,43.83,9.19,8.71,32.72,57.87,26970,185.80
41110,3,4329,17.97,8.82,48.85,43.27,50.84,5.82,14.57,31.26,60.8,27731,239.60
41111,0,4915,18.88,9.34,46.09,30.29,55.74,13.75,12.4,36.79,56.84,26119,185.80
41112,2,1777,18.96,8.05,42.75,15.67,74.28,10.05,0.88,25.59,62.86,25027,85.30
41113,0,1898,15.33,7.64,34.62,22.92,71.53,5.56,3.57,23.82,64.41,22764,64.90
41114,1,3859,18.42,8.29,43.19,28.07,67.05,4.88,4.84,24.46,64.2,24561,174.50
41115,0,1693,18.37,7.8,38.06,29.17,62.38,8.45,0.56,20.41,69.1,21034,39.10
41116,3,9482,16.25,8.13,40.63,28.59,56.18,15.14,13.9,36.92,55.98,27467,216.00
41117,0,1046,17.59,5.74,38.64,35.38,59.69,4.92,3.71,23.34,66.15,20875,76.10
41118,1,4394,18.87,7.31,40.75,33.73,62.3,3.97,6.27,22.26,73.92,26243,139.30
41119,0,1975,20.41,8.46,38.77,31.53,59.51,8.96,1.14,25.21,67.85,21214,28.00
41120,4,4459,17.11,10.05,47.56,23.94,60.55,15.33,19.99,37.15,52.41,27915,210.20
41121,0,758,21.11,7.12,45.92,42.86,43.93,13.21,1.64,38.16,66.07,21816,68.90
41122,0,949,16.75,9.48,35.34,26.57,60.9,12.54,0.62,23.6,71.64,21498,39.10
41123,0,1687,18.14,8.54,41.19,33.53,61.01,5.46,5.6,27.37,63.16,23057,64.00
41124,1,5476,18.28,9.61,44.24,36.09,54.98,8.73,6.18,31.75,61.76,27055,187.30
41125,1,2879,18.3,8.82,41.45,32.93,52.93,14.13,6.48,25.39,59.78,22563,68.90
41126,0,1540,18.83,6.43,40.74,37.08,58.26,4.45,3.44,22.83,63.77,23305,76.10
41201,0,797,14.18,7.53,31.58,21.8,74.06,4.14,9.8,25.41,63.91,21417,50.80
41202,0,1102,20.05,8.8,42.73,33.86,58.79,7.35,6.97,30.37,63.52,22129,53.10
41203,1,3248,17.73,7.67,41.17,29.54,57.78,12.6,15.91,31.61,69.16,23629,91.30
41204,1,3532,18.57,10.39,40.34,26.92,66.37,6.71,9.31,33.06,60.07,23583,83.20
41205,0,911,16.36,6.15,38.41,31.21,66.67,2.12,7.91,24.44,82.12,23740,75.50
41206,0,484,21.28,11.57,40.82,24.29,71.19,4.52,9.55,25.87,64.41,22488,83.20
41207,0,1444,17.73,9.42,41.49,25,65.37,9.44,5.22,36.25,59.81,23217,73.60
41208,1,1190,17.31,9.83,39.14,30.36,59.15,10.27,6.59,31.72,56.47,24039,73.60
41209,0,2343,18.01,8.79,40.94,21.55,73.77,4.68,8.21,25.67,67.1,24358,160.10
41210,0,661,16.04,9.08,40.1,30.67,65,4.33,3.26,28.99,69,23257,62.60
41211,0,803,17.93,7.22,37.45,26.79,67.29,5.92,0.62,27.38,64.49,22650,68.50
41212,0,1322,18.68,9.83,39.22,26.13,68.47,5.41,4.37,30.55,53.6,22441,53.10
41213,1,2205,19.59,9.48,36.16,19.7,68.47,11.82,4.5,28.81,65.76,22000,63.60
41214,0,2356,19.57,10.82,41.87,30.49,64.85,4.66,5.78,29.44,69.74,23803,125.60
41215,0,2444,19.48,7.73,36.52,19.57,72.65,7.78,6.98,30.54,65.41,22281,69.40
41216,0,327,18.35,9.79,39.22,20.51,70.94,8.55,6.98,20.93,70.94,22318,62.60
41217,0,719,22.67,9.18,45.05,50.87,46.02,3.11,4.28,27.87,69.9,25249,62.60
41218,0,2529,21.08,7.95,42.66,31.52,63.47,5.02,11.31,26.86,74.59,26667,136.60
41219,0,1715,18.19,13.18,46.71,31.52,55.34,12.96,11.65,39.67,62.17,20910,78.20
41220,0,1388,16.64,7.28,41.21,33.26,57.51,9.24,5.18,31.56,61.43,21734,53.10
41221,0,1092,16.21,7.6,36.91,27.71,68.43,3.86,3.35,24.4,75.66,23580,62.40
41222,0,661,21.18,8.17,37.11,17.15,77.74,5.11,8.11,27.8,74.09,22100,73.30
41223,0,1038,21.58,8.57,38.49,23.58,70.73,5.69,5.69,28.61,63.69,23612,52.00
41224,0,1666,19.39,7.92,42.01,21.4,73.18,5.43,4.48,28.25,68.22,22571,48.80
41225,1,12766,17.09,11.15,44.94,22.09,52.54,24.49,18.34,46.54,50.3,26584,256.10
41226,0,526,21.67,12.93,44.03,31.84,62.69,5.47,10.39,32.48,59.2,24844,78.20
41227,0,904,16.37,5.86,33.83,25,67.25,7.75,3.55,21.6,69.37,23456,83.20
41228,0,2218,16.55,6.4,37.34,22.39,71.28,6.33,15.04,29.83,70.54,25091,111.70
41229,0,1230,17.48,7.64,37.6,28.04,66.36,5.61,2.52,24.79,70.56,22317,52.00
41230,0,789,19.9,7.73,43.39,22.94,63.61,13.46,5.03,25.47,71.87,23025,73.60
41231,0,2437,18.05,8.29,36.89,33.81,61.78,4.41,2.28,26.7,67.51,21914,51.40
41232,0,1587,18.15,10.4,44.47,30.91,63.52,5.56,12.29,26.73,70.79,28892,148.30
41233,0,1661,16.86,8.01,38.04,28.1,66.67,5.23,10.7,25.84,70.59,22717,82.60
41234,0,2299,19.57,7.96,36.67,24.26,70.47,5.26,4.59,30.21,61.36,22293,53.10
41235,0,609,16.42,10.67,42.31,18.8,44.44,36.32,3.81,22.88,76.92,23320,62.60
41236,0,574,20.73,6.45,36.08,35.84,57.96,6.19,3.1,29.96,74.34,21498,68.50
41304,1,2284,18.78,8.54,38.02,30.09,61.13,8.77,5.49,28.41,50.61,24879,57.50
41305,0,1199,17.01,6.51,36.89,15.14,75.2,9.66,7.59,31.22,55.35,21816,53.40
41306,0,446,21.52,8.74,38.64,32.54,63.91,3.55,1.19,25.6,65.68,20532,26.00
41307,0,616,15.1,8.28,39.43,27.66,64.89,7.45,2.54,25.42,56.38,19596,53.40
41309,0,2581,20.38,12.82,43.85,35.38,55.27,9.34,5.31,34.08,60.22,24956,32.20
41311,0,421,15.68,6.89,36.07,26.28,62.77,10.95,1.32,20.53,64.23,18531,26.00
41312,0,1547,20.49,9.24,42.06,36.05,57.79,6.16,2.57,26.32,59.6,21184,39.40
41313,0,1528,21.47,9.69,42.48,18.8,71.62,9.57,1.71,28.99,58.46,20974,23.80
41314,0,1071,21.29,7.56,43.46,34.6,59.09,6.06,1.75,32.97,55.3,22667,39.40
41315,1,1376,20.71,8.14,43.4,29.98,60.51,9.51,3.01,33.05,65.27,21389,27.10
41316,0,1707,17.52,10.54,43.35,40.78,52.66,6.56,3.99,23.62,62.77,23124,52.80
41317,2,1542,16.73,6.87,32.96,28.54,60.28,11.18,2.78,25.04,58.68,17864,23.80
41318,0,1512,18.12,12.96,35,33.02,53.36,13.43,4.29,34.59,55.97,24424,36.50
41319,0,481,19.13,9.36,37.24,21.02,72.73,6.25,2.73,24.04,61.36,21243,32.20
41320,1,641,19.5,6.24,33.33,31.84,64.13,4.04,1.3,21.74,68.61,16784,23.80
41321,0,1214,20.18,10.71,41.14,39.03,51.05,9.92,2.1,33.07,54.85,26192,57.50
41322,0,996,20.48,8.23,44.25,25.3,66.87,7.83,1,28.61,45.48,20767,39.40
41323,0,1866,18.49,7.66,35.98,32.17,64.64,3.19,1.91,27.42,64.64,23054,53.30
41324,2,743,17.36,8.61,34.38,28.09,64.42,7.49,2.18,31.41,59.18,20147,26.00
41325,0,1555,19.55,7.46,38.04,39.29,55.08,5.64,4.57,28.66,65.04,22041,32.70
41326,0,1562,20.1,7.68,40.35,27.21,64.46,8.33,2.41,27.56,60.2,19769,32.70
41327,1,1385,18.7,10.61,34.94,26.07,66.54,7.39,1.12,26.92,58.37,19300,26.00
41328,0,1546,19.6,7.05,34.57,14.62,61.99,23.2,6.16,31.65,45.61,20568,38.00
41329,0,1465,19.59,7.24,33.57,26.45,64.53,9.02,2.22,21.67,57.52,19680,26.00
41331,0,1009,19.23,7.93,36.86,35.83,55.08,9.09,2.15,30.55,59.09,22343,46.80
41332,0,3805,20.95,6.99,39.43,26.81,51.42,21.78,8.49,27.02,65.09,25825,63.70
41333,0,521,21.5,5.95,38.26,18.23,75.69,6.08,0.99,26.47,60.77,20979,32.20
41334,0,1790,17.26,8.66,38.63,25.31,65.78,8.91,2.83,33.11,51.52,22806,66.70
41336,0,719,16.27,7.79,37.74,35.89,58.87,5.24,2.2,25.27,75.4,22204,53.40
41337,0,1337,19.9,8.08,38.62,42.69,48.93,8.38,1.29,29.04,74.27,26616,46.80
41338,0,2246,19.86,7.7,37.91,29.6,63.2,7.2,4.41,30.28,57.33,22187,46.30
41341,0,576,22.4,13.54,47.93,42.81,47.4,9.79,1.5,37.45,62.08,21024,27.10
41342,0,2858,21.59,12.6,44.51,39.11,55.88,5.01,2.44,32.22,63.45,23556,27.10
41343,1,3282,20.2,10.63,39.91,38.52,53.11,8.28,4.83,37.78,60.49,24536,46.80
41344,1,5291,20.98,10.24,40.89,28.07,56.45,15.35,11.9,38.89,51.19,26697,88.70
41345,0,1552,21.13,11.21,41.29,29.42,58.53,12.05,1.88,29.22,60.41,24124,29.60
41346,0,1094,20.38,10.05,41.27,31.55,58,10.21,1.34,27.39,65.2,22247,29.60
41401,0,721,18.31,8.6,41.03,27.82,67.34,4.84,5.08,33.56,66.53,22405,49.90
41402,0,5221,18.85,9.44,36.69,30.85,62.76,6.38,8.2,31.97,67.33,22921,81.50
41403,0,2080,19.62,9.33,41,39.68,55.9,4.42,4.98,29.98,78.15,23453,107.60
41404,0,1522,20.96,7.95,41.28,29.23,64.88,5.88,1.97,27.54,69.16,20824,45.90
41405,0,1088,18.2,7.17,37.95,26.78,67.81,5.41,7.38,24.7,68.06,22046,67.60
41406,0,1378,18.36,8.2,37.68,21.67,72.56,5.77,3.49,25.5,71.17,21707,37.60
41407,0,906,25.61,11.48,41.6,19.22,37.23,43.55,5.22,37.23,50.61,20679,36.60
41408,0,1780,20.39,7.19,30.29,31.73,65.11,3.16,2.51,25.15,62.56,21284,35.80
41409,0,2849,20.46,11.44,36.93,30.72,63.29,5.88,3.13,25.66,52.18,15588,51.60
41410,0,1531,21.82,10.65,41.84,42.51,52.79,4.7,4.19,34.06,64.29,15551,73.10
41411,0,1965,20.31,9.77,35.61,27.74,65.13,7,4.99,30.86,57.86,20960,40.00
41412,0,329,14.59,5.78,27.59,21.05,77.89,1.05,0,19,90.53,20497,37.60
41413,0,2575,18.83,8.74,36.93,33.18,60.63,6.19,6.35,27.16,69.51,20431,44.10
41414,0,2324,19.62,9.21,40.76,27.09,54.06,18.85,7.98,30.44,72.59,22818,56.30
41415,0,1576,19.48,7.8,36.54,19.72,70.52,9.76,1.5,23.79,71.31,21787,42.20
41416,0,2012,19.23,9.44,43.24,40.08,55.06,4.86,5.08,32.53,73.85,25453,67.60
41417,0,1569,18.55,10.07,32.88,24.91,70,5.09,4.11,27.91,68.68,19450,43.70
41418,0,3225,19.07,8.62,40.91,38.86,53.25,7.89,5.2,30.56,64.04,23921,71.00
41419,0,2029,17.1,7.64,36.27,28.85,64.97,6.18,3.53,24.69,64.15,22821,55.60
41420,0,1776,18.41,7.88,31.87,15.51,71.72,12.77,3.67,27.18,54.74,16613,40.00
41421,0,1074,20.11,8.94,38.18,31.4,63.92,4.68,4.58,30,65.92,21397,40.90
41422,1,5595,19.25,13.03,43.09,24.85,46.84,27.49,14.61,48.2,52.75,26057,155.70
41423,0,2472,17.84,10.07,36.13,29.28,62.8,7.81,2.91,29.53,59.36,18389,67.60
41424,0,892,17.15,7.96,34.52,32.08,63.29,4.62,4.08,23.99,62.43,22867,43.70
41425,0,1722,19.22,6.45,39.61,38.54,52.5,8.96,9.53,32.39,63.33,25351,71.80
41426,1,2963,18.66,10.43,40.07,28.59,63.26,8.06,5.26,29.05,67.88,22331,45.90
41427,0,615,20.98,9.59,36.31,43.31,51.18,5.51,1.18,33.2,61.02,18620,36.60
41428,0,1155,25.19,8.48,39.82,34.3,58.21,7.48,1.92,28.57,66.53,21599,43.70
41429,0,1534,21.32,9.19,40.44,34.47,57.81,7.72,3.49,30.8,58.17,20615,55.30
41430,0,1955,17.39,12.28,33.64,26.04,64.13,9.83,3.97,29.29,69.11,22713,67.60
41501,0,2166,15.88,6.88,38.91,26.55,65.37,8.08,10.4,25.16,66.38,26590,140.40
41502,0,2302,20.42,7.65,46.08,28.28,65.35,6.37,9.8,22.79,62.42,26469,160.50
41503,0,5868,19.09,11.33,45.2,32.78,51.51,15.47,17.89,38.39,52.74,26617,179.50
41504,1,3460,17.75,8.03,44.76,32.95,59.49,7.47,17.22,29.11,70.04,27742,194.10
41505,0,1961,19.22,9.08,39.28,28.21,62.28,9.51,6.05,22.77,56.89,24137,68.10
41506,1,6674,21.77,10.71,45.96,38.39,52.85,8.65,15.67,31.09,72.44,27490,244.50
41507,0,2636,20.49,11.12,42.4,31.19,56.94,11.88,5.93,31.6,56.16,24295,83.70
41508,0,1240,17.98,8.95,41.78,48.42,45.05,6.53,2.83,24.84,64.19,22302,63.40
41509,0,1678,22.17,8.4,46.54,17.73,53.19,29.08,9.24,32.91,60.82,26630,63.40
41510,0,1633,19.35,6.92,34.65,36.84,56.58,6.58,0.92,25.55,64.91,21440,83.70
41511,0,2359,18.69,8.94,43.81,37.62,53.45,8.93,7.03,30.5,64.41,26240,185.60
41512,1,1670,21.8,12.4,49.2,36.42,52.15,11.42,3.38,34.05,59.27,25173,63.40
41513,0,1494,17.2,6.83,38.95,37.67,56.73,5.61,7.13,29.02,69.06,25106,139.40
41514,0,3235,21.55,10.73,44.4,39.81,51.27,8.92,14.8,28.04,64.32,29462,237.50
41515,0,1317,18,8.35,37.18,32.65,63.27,4.08,4.88,26.17,66.12,25610,139.10
41516,3,9867,19.07,9.99,46.86,40.87,51.13,8,10.06,34.32,70.64,26187,181.60
41517,1,3390,19.76,11.56,42.69,32.14,56.58,11.28,9.03,34.2,62.99,24239,146.30
41518,1,2279,18.78,8.78,38.79,36.68,55.61,7.7,6.83,26.77,59.01,24592,91.10
41521,1,3389,18.15,10.83,44.48,40.48,51.29,8.15,9.03,28.65,68.41,27464,201.40
41522,1,3995,20.95,13.72,43.16,37.92,51.7,10.31,5.14,34.68,59.5,26174,59.80
41601,0,4214,19.41,7.64,42.26,32.37,59.26,8.37,5.18,24.82,72.77,27121,193.10
41602,2,4835,18.24,9.49,41.78,42.94,52.69,4.37,8.61,24.58,71.98,31024,230.20
41603,0,4434,17.05,10.42,42.36,24.38,60.78,14.77,11.42,36.52,53.44,26044,134.80
41604,0,2141,19.62,7.47,41.37,44.37,49.11,6.41,10.44,28.39,74.73,25230,121.20
41605,0,9099,18.65,8.81,43.75,36.11,57.67,6.19,13.52,27.56,68.9,28151,282.40
41606,2,5580,19.71,10.68,41.47,31.01,59.37,9.56,9.4,31.45,64.15,26254,156.60
41607,5,6747,19.31,9.97,46.46,23.3,55.55,20.96,22.88,38.08,56.04,28860,321.30
41608,0,750,23.73,8.93,47.11,36.24,54.01,9.76,9.39,25.45,63.07,26355,156.60
41609,1,5137,19.72,11.56,43.7,39.87,51.42,8.65,17.55,29.63,72.05,30603,219.60
41610,0,973,16.96,8.12,39.66,45.74,47.61,6.65,4.34,25.47,80.85,25681,90.30
41611,1,2428,20.76,12.19,46.4,44.92,45.8,9.16,15.6,35.99,66.12,28825,169.50
41612,0,2741,18.97,6.75,37.53,31.01,65.3,3.68,3.05,24.71,78.81,24749,57.90
41613,0,2247,19.49,8.41,43.89,38.31,53.12,8.57,9.65,33.44,73.68,28227,186.40
41614,0,2904,19.18,9.02,44.9,41.05,48.49,10.36,18.66,27.5,68.11,31842,426.50
41615,0,3254,21.73,8.76,42.56,34.2,56.38,9.42,4.43,30.03,66.13,25938,65.10
41616,0,588,19.73,6.29,33.75,31.58,60.77,7.66,3.86,24.64,69.86,21769,63.70
41617,2,4748,20.22,10.7,46.04,19.98,58.42,21.51,27.87,37.23,55.28,30728,426.50
41618,0,4695,21.77,13.23,50.78,39.73,49.57,10.7,17.62,37.25,72.29,36757,426.50
41619,0,1355,20.52,6.57,42.46,36.13,56.89,6.99,11.64,29.65,72.65,27338,98.00
41620,0,1553,16.55,8.31,40.44,31.48,58.86,9.66,3.21,31.91,62.97,23414,64.50
41621,0,1321,21.65,8.63,47.22,36.27,53.69,10.04,10.83,33.16,63.11,27380,107.80
41622,0,1619,19.77,8.77,38.89,43.41,53.72,2.87,2.82,29.58,70.27,25291,63.70
41623,0,1115,14.8,7.17,36.45,32.24,59.45,8.31,3.27,24.77,68.26,22262,129.60
41624,1,5005,19.32,11.09,48.52,34.59,53.76,11.53,23.2,36.46,54.71,29907,204.30
41626,0,4290,20.37,11.63,47.32,33.36,56.69,9.88,13.55,32.7,69.4,29098,194.70
41627,0,1807,19.76,7.58,41.3,38.65,52.84,8.51,10.65,32.08,63.48,26708,130.30
41628,0,2758,17.98,8.34,37.99,29.9,63.1,7,2.26,26.84,63.52,23479,56.80
41701,0,3441,21.27,10.37,45.23,36.72,54.4,8.79,3.4,35.4,58.62,24442,67.60
41702,1,1672,21.17,8.97,42.76,21.79,55.83,22.03,20.91,41.97,58.51,27123,385.60
41703,1,9289,17.63,9.89,43.71,25.17,56.44,18.08,12.35,38.08,49.34,26176,167.50
41704,0,1205,20.25,8.63,39.07,25.78,64.1,10.12,4.67,30.08,63.61,23235,94.80
41705,1,1873,17.35,7.21,38.46,36.14,56.19,7.67,5.17,25.79,70.06,26191,110.90
41706,0,1148,17.33,7.84,37.28,20.26,68.57,11.17,3.07,24.02,62.86,21233,115.60
41707,0,1951,17.07,6.61,38.99,26.04,70.71,3.25,5.35,22.19,75.59,25924,97.20
41708,0,1004,15.54,7.07,30.48,22.54,65.63,11.83,0.79,23.42,70.99,22165,95.30
41709,0,4965,19.23,9.77,38.23,22.63,69.76,7.62,4.67,30.83,58.84,22507,92.80
41710,0,3868,16.55,9.64,41.08,29.49,58.82,11.68,9.87,35.23,58.17,24906,138.70
41711,0,3123,16.71,7.52,36.88,21.23,73.65,5.12,4.65,24.52,66.16,24867,152.30
41712,0,1288,16.61,8.31,35.48,26.52,65.79,7.69,11.78,26.43,66.19,22838,414.40
41713,0,5252,19.15,10.07,48.46,27.6,55.25,15.93,9.22,39.94,58.48,25472,166.90
41714,1,799,19.15,9.64,45.02,22.22,67.74,10.04,0.65,24.76,72.04,24060,94.80
41715,1,3940,18.76,11.37,42,17.13,46.25,36.51,29.8,46.15,42.72,26233,575.20
41716,1,2617,18.84,9.94,40.89,24.83,67.77,7.4,4.6,26.98,59.79,24705,85.80
41717,0,1156,15.66,9.43,36.28,28.65,64.59,6.76,2.34,25,68.92,22768,92.70
41718,0,1132,19.61,14.66,42.9,34.55,47.15,18.18,9.87,42.04,61.21,25687,414.40
41719,0,1730,17.17,6.36,34.91,25.16,63.06,11.78,11.05,31.95,60.35,24256,254.30
41720,0,1385,22.24,8.81,47.16,35.54,58.84,5.42,14.59,30.61,70.08,25169,94.80
41721,0,1771,16.32,7.74,28.14,21.44,69.07,9.49,8.04,27.93,49.38,20676,128.70
41722,0,4111,18.39,9.24,39.98,22.16,68.24,9.6,5.52,28.97,66.76,24349,86.40
41723,0,1521,18.34,9.34,39.64,31.18,61.76,7.06,7.93,26.31,63.92,22216,95.30
41724,0,680,17.94,9.12,37.76,31.95,65.98,2.07,2.71,24.32,78.01,27205,167.50
41725,0,576,18.92,5.73,39.78,34.2,61.66,4.15,2.78,18.89,78.76,25710,94.80
41726,0,2433,18.08,8.51,37.24,19.24,65.52,15.24,2.16,26.67,68.08,22629,82.80
41727,0,1092,19.14,6.04,36.42,21.75,72.03,6.21,1.96,22.14,68.08,25729,54.40
41728,0,666,19.07,6.76,37.88,26.85,68.06,5.09,0.88,14.04,76.39,24607,94.80
41729,0,529,15.12,5.67,30.77,30.86,64,5.14,5.03,21.89,60,22368,67.60
41730,1,1649,17.16,8.73,42.86,36.51,58.55,4.93,6.43,27.66,71.22,26319,142.10
41731,0,7200,16.99,7.69,40.48,28.81,63.55,7.64,12.86,27.16,68.6,25348,147.80
41732,0,2304,17.71,7.38,43.72,32.9,57.57,9.53,7.59,28.66,65.14,24504,120.70
41733,0,291,21.31,7.22,39.33,23.89,69.91,6.19,0,16.98,73.45,24704,94.80
41734,1,4935,16.94,7.09,39.58,25.26,61.79,12.95,16.92,35.11,53.91,23936,151.80
41735,1,2648,16.43,8.91,38.66,31.64,59.1,9.25,15.56,29.85,67.86,24076,555.20
41736,0,1413,17.41,9.7,44.36,36.7,57.09,6.21,8.03,29.95,69.51,25494,110.30
41737,1,3519,20.29,9.69,45.79,29.32,56.57,14.11,10.68,38.38,63.03,26727,277.00
41738,0,4800,16.21,9.52,43.04,13.8,64.58,21.34,14.88,40.22,54.19,24830,184.90
41739,1,5741,20.08,10.1,42.68,28.2,62.29,9.43,12.62,37.78,69.88,27331,225.30
41740,0,910,19.89,13.08,42.39,37.98,49.77,11.94,10.41,41.2,62.64,27115,306.10
41741,0,1542,19.91,6.87,34.95,22.56,64.3,13.14,2.81,28.78,57.37,24533,142.00
41742,1,4189,16.97,7.11,33.39,27.1,61.85,11.05,17.72,29.17,65.1,23638,429.30
41743,1,5913,19.58,10.49,47.04,20.58,67.96,11.35,15.16,36.91,63.57,25514,180.10
41744,0,1459,18.51,8.57,39.13,15.59,72.05,12.36,3.6,22.48,66.54,24467,83.20
41745,0,1561,19.99,12.49,46.17,30.15,51.73,18.12,14.32,43.46,62.34,27374,414.40
41746,0,12989,18.79,12.39,46.11,13.93,57.27,27.15,22.37,43.74,47.37,28168,291.50
41747,0,5192,16.68,9.3,39.78,26.17,62.48,11.35,9.08,30.76,65.39,24342,89.40
41748,0,950,19.79,9.79,42.55,20.7,71.77,7.53,2.98,21.95,69.09,21297,82.80
41749,0,1630,22.09,11.53,41.8,25.63,54.55,19.82,14.05,40.73,56.82,26422,414.40
41750,0,1997,17.28,11.17,44.4,33.29,58.9,7.81,5.31,30.74,60.64,25013,75.20
41751,0,1665,17.42,9.37,37.47,31.41,59.29,9.29,10.4,26.72,59.94,25474,227.70
41752,1,1274,19.23,8.95,44.96,29.38,65.6,5.01,1.42,26.37,62.87,24056,51.20
41801,0,622,15.27,6.75,34.83,22.79,73.49,3.72,2.14,25.21,73.02,25110,68.10
41802,0,725,17.66,8.83,37.02,32.95,60.85,5.81,1.44,23.47,68.99,22782,90.80
41803,0,2509,19.01,8.93,39.53,26.61,66.15,7.24,6.33,32.47,62.58,24976,108.10
41804,0,4106,19.29,10.11,43.8,31.21,64.84,3.95,5.72,25.49,75.1,27395,275.20
41805,0,2913,15.93,7.62,32.44,30.61,61.47,7.8,6.6,26.01,70.92,23724,186.80
41806,0,2366,18.09,8.5,44.76,33.18,62.85,3.97,5.56,30.14,71.5,27104,134.10
41807,0,1381,19.26,10.07,45.22,33.02,62.79,4.2,6.27,25.63,69.66,24999,160.10
41808,1,6513,18.59,9.44,42.07,32.58,61.22,6.2,15.76,25.4,68.15,28123,279.20
41809,1,1167,14.74,4.46,39.22,31.32,62.36,6.32,4.18,29.7,60.99,27911,303.20
41810,2,3260,19.39,8.53,41.33,43.29,50,6.71,4.21,24.37,77.16,28822,203.10
41811,2,3912,16.21,10.1,45.81,38.26,46.28,15.36,14.69,40.7,61.55,25975,134.10
41812,2,14815,16.96,7.94,41.57,36.91,54.64,8.28,11.31,30.85,63.47,26071,248.10
41813,0,996,18.07,7.13,38.83,36.22,58.38,5.41,1.53,27.04,71.62,27108,118.70
41814,0,1697,17.21,7.9,38.34,44.79,47.05,8.16,5.7,29.42,68.06,25487,89.80
41815,0,1059,18.22,6.52,40.2,31.64,64.08,4.29,4.47,24.07,65.15,25994,160.40
41816,0,2952,19.14,8.43,41.35,23.32,70.44,6.14,6.26,26.82,66.31,26710,152.60
41817,0,2755,16.01,8.6,39.25,26.79,60.49,12.47,5.62,29.79,51.85,26089,180.90
41818,0,1439,17.44,7.09,40.88,35.19,57.3,7.3,5.92,25.91,80.04,28851,247.90
41819,0,2254,15.62,6.39,34.48,34.97,60.54,4.49,8.32,23.68,63.95,26143,201.10
41820,0,5307,19.2,10.25,46.7,39.55,52.86,7.46,8.03,36.28,64.31,24694,130.30
41821,1,2458,17.29,10.05,39.46,43.03,51.39,5.58,8.91,23.25,74.63,22731,134.60
41822,1,2775,17.95,7.93,44.81,32.78,58.22,8.99,15.43,27.91,68.52,26394,258.20
41823,0,5559,18.56,11.85,45.24,28.9,56.78,13.94,11.91,37.6,68.76,30850,343.70
41824,1,3570,17.82,8.15,44.88,42.4,52.37,5.23,5.52,25.43,76.72,26626,233.40
50101,36,157659,16.61,11.06,43.17,11.99,43.75,39.66,20.02,47.11,38.97,29258,1379.30
50201,1,6008,19.11,10.45,34.41,20.75,68.94,10.26,10.98,28.05,60.37,23320,245.70
50202,1,3793,17.32,9.86,41.94,19.67,70.1,10.22,9.5,26.51,65.38,27241,785.60
50203,0,2230,19.06,10.63,34.57,19.43,68.8,11.66,7.03,28.69,49.83,22141,288.50
50204,0,4510,16.03,10.07,38.97,5.82,64.38,29.62,12.6,32.97,48.2,26713,393.50
50205,8,21654,16.94,8.56,39.95,14.46,49.25,34.94,18.87,38.94,50.39,26441,780.20
50206,0,863,20.28,8.81,36.25,30,60.81,9.19,1.51,27.84,69.73,23882,305.00
50207,2,7512,16.31,9.4,34.63,9.1,63.46,27.25,9.93,30.95,47.58,26408,841.10
50208,0,4392,17.94,12.2,42.49,13.69,65.16,21.06,16.26,35.08,59.53,28821,785.60
50209,1,4919,17.26,9.21,40.38,18.29,55.7,25.63,18.59,31.91,60.29,28488,785.60
50210,0,772,21.89,9.84,42.29,19.33,65.95,14.42,7.74,28.75,65.34,24762,280.20
50211,1,1819,17.15,9.24,35.44,28.93,61.79,9.28,3.33,23.15,71.86,24226,305.00
50212,0,1512,16.6,8.86,35.42,18.2,70.31,11.49,5.18,27.71,59.39,25365,393.50
50213,1,2131,16.38,10.18,38.4,8.61,64.7,26.69,8.42,32.47,50.51,27063,841.10
50301,4,4425,18.1,12.47,40.36,13.99,62.44,23.49,17.6,37.02,56.91,31822,1804.20
50302,0,3733,18.78,9.32,41.15,13.35,64.27,22.38,17.97,33.84,53.68,27636,548.00
50303,3,5717,17.49,10.08,40.46,12.95,63.71,23.2,19.24,33.93,53.01,30598,707.70
50304,0,1776,18.47,8.5,40.08,27.36,64.16,8.48,4.58,28.53,68.32,25707,176.40
50305,2,5052,18.8,9.09,43.66,23.66,58.71,17.63,11.43,30.19,65.91,26034,315.30
50306,1,1605,18.94,8.66,38.16,16.49,75.54,7.97,5.32,23.47,72.46,24707,239.70
50307,2,1458,17.7,10.01,41.65,16.01,67.98,16.01,6.51,28.74,66.48,27568,256.30
50308,0,3141,17.57,10.98,42.34,17.11,60.63,22.06,13.82,32.54,58,30594,777.10
50309,0,5453,19.66,11.5,44.14,19.61,53.53,26.66,22.84,39.1,56.68,31962,998.30
50310,1,7134,16.62,10.08,38.51,21.4,62.22,16.33,18.84,29.05,62.67,27150,434.10
50311,0,3143,19.03,7.45,38.09,22.92,68.36,8.72,10.64,24.22,69.74,25197,256.30
50312,1,1731,17.04,8.49,40.6,6.57,44.22,49,18.66,36.86,49,26236,578.20
50313,0,767,16.04,8.87,30.37,18.32,69.47,12.21,4.55,31.17,60.31,23965,270.10
50314,0,7376,18.49,10.64,42.72,17.13,54.73,27.69,24.78,39.21,49.26,28385,711.10
50315,0,2728,19.24,12.72,40.36,14.95,59.53,25.38,18.62,36.96,51.71,27968,711.10
50316,5,4270,17.38,10.35,40.69,20.8,56.91,22.29,17.42,33.39,56.28,29833,494.40
50317,0,5166,19.38,10.36,42.38,23.6,56.1,20.3,20.05,31.12,61.63,27364,509.60
50318,0,472,20.97,6.14,33.56,21.31,66.67,12.02,1.27,17.39,69.95,25572,305.00
50319,1,3625,16.74,10.79,40.06,27.54,56.48,15.88,20.92,32.39,61.28,26780,442.20
50320,0,2742,17.47,9.41,33.25,22.07,70.16,7.77,6.23,27.83,65.09,26167,272.40
50321,1,3714,17.23,8.13,37.74,19.85,62.1,17.88,12.31,26.46,64.5,29800,589.70
50322,0,4108,17.99,7.35,38.67,23.27,66.77,9.96,5.27,26.14,68.82,25580,324.30
50323,2,3538,19.11,11.14,41.01,26.25,55.33,18.33,17.63,36.34,62.08,28608,579.60
50324,1,6657,17.28,7.9,37.88,13.38,65.52,21.04,21.87,33.3,63.57,25386,372.50
50325,1,2552,17.67,8.35,36.28,25.33,63.92,10.75,6.83,24.41,73.84,23739,270.10
50326,0,6058,18.64,9.9,41.65,17.21,52.24,30.48,23.56,36.69,55.29,26133,644.20
50327,0,5036,17.63,8.48,38.48,18.3,61.5,20.21,24.82,33.41,56.28,26208,327.00
50328,0,1291,17.43,8.99,38.29,28.97,52.56,18.46,17.6,32.73,63.59,28662,442.20
50329,1,3227,18.78,7.53,39.45,23.94,64.14,11.92,10.78,25.81,71.36,23963,183.20
50330,0,4042,20.68,11.9,37.68,20.99,55.34,23.36,15.39,40.82,58.21,26174,599.10
50331,0,1144,16.96,6.99,37.13,16.71,61.37,21.92,5.61,23.67,70.41,23913,272.40
50332,1,2035,20.39,7.86,42.78,13.65,53.71,32.64,10.56,33.75,53.12,27006,466.30
50335,2,8194,16.5,6.72,37.76,22.18,60.87,16.95,12.72,29.44,58.47,24645,285.00
50336,2,3748,18.89,11.71,36.03,24.65,58.14,17.07,10.66,35.41,55.31,24807,353.70
50337,3,6229,16.38,8.85,38.62,37.37,52.03,10.56,16.53,30.28,65.08,24937,445.10
50338,8,14413,17.06,8.78,41.74,19.08,51.92,28.91,23.89,34.57,50.02,29101,697.60
50339,4,11708,16.59,9.22,39.63,17.29,64.74,17.9,19.95,32.37,61.01,27857,536.40
50401,2,4705,16.24,8.42,38.11,8.97,49.92,40.95,21.57,33.66,41.53,24429,267.50
50402,1,6677,20.85,11.88,42.81,12.9,50.19,35.89,19.9,39.77,39.99,25937,395.20
50403,1,4009,20.48,13.17,45.69,17.41,48.83,30.37,17.74,45.48,35.8,25750,395.20
50404,2,10743,18.3,11.11,43.74,16.71,49.23,32.84,18.13,37.81,29.91,25637,530.70
50405,0,1745,18.8,9.11,41.54,11.23,57.17,31.61,8.61,28.86,45.94,24564,395.20
50406,1,2682,14.8,6.71,37.78,13.83,68.46,17.57,13.78,29.68,51.18,23018,359.30
50407,0,1507,16.46,8.23,35.77,12.99,58.26,28.57,8.48,33.56,43.6,22227,253.40
50408,0,3106,16.81,6.7,36.75,10.1,56.54,33.02,11.23,31.65,33.45,23825,675.90
50409,0,561,19.07,8.56,28.48,18.91,72.27,8.82,12.95,26.4,50.42,23239,253.40
50410,0,2736,18.42,7.27,38.26,17,68.2,14.69,13.22,27.42,63.27,25915,320.90
50411,0,3843,16.39,6.92,32.18,22.96,54.83,22.03,10.21,26.52,45.35,21533,283.40
50412,0,1490,18.86,10.87,35.86,14.66,67.87,17.47,3.37,31.38,57.03,22203,140.50
50413,0,885,16.95,9.83,32.94,16.86,71.43,11.71,10.37,27.05,58,22514,180.80
50414,1,832,17.31,9.01,36.07,14.89,69.1,16.01,7.96,25.75,50.84,21600,180.80
50415,0,1403,20.96,12.62,44.97,20.52,56.16,22.39,6.58,35.78,40.3,24043,245.30
50416,1,2614,16.18,8.88,36.33,19.07,69.47,11.47,8.16,24.03,61.07,25223,245.30
50417,1,5043,17.15,9.52,37.33,12.04,59.19,28.77,13.41,34.31,46.79,25118,267.50
50418,0,11643,17.32,8.15,40.62,15.36,48.15,35.67,21.91,35.23,38.55,27094,514.60
50419,0,1777,17.28,8.16,38.91,11.51,70.39,17.93,7.82,25.76,52.96,22161,271.50
50420,0,3944,18.61,8.65,40.82,15.51,61.94,22.45,17.12,28.65,50.05,24838,362.60
50421,1,3541,18.67,10.7,44.11,18.44,48.22,32.49,9.71,39.71,28.93,24681,362.60
50422,0,450,16,6.22,27.87,26.77,39.78,33.46,14.05,35.45,33.46,31395,267.50
50423,0,3177,18.67,10.2,39.59,13.15,62.43,24.14,14.97,31.78,49.82,22822,471.80
50424,1,3092,17.85,9.96,41.8,8.31,65.16,26.53,9.76,32.47,51.96,25625,245.30
50425,1,1105,14.57,5.07,29.93,10.14,55.89,33.97,9.28,28.18,47.12,22575,300.00
50501,0,339,19.76,10.03,31,36.59,50.41,13.01,1.75,21.74,69.92,17303,122.90
50502,0,542,18.45,8.49,29.56,31.84,64.18,3.48,2.46,23.15,71.14,19027,60.60
50503,2,2507,19.27,13.68,34.44,38.91,51.13,9.84,5.86,28.73,74.1,23296,122.90
50504,0,1591,21.43,15.27,37.99,11.63,70.1,18.26,9.54,37.1,59.65,24103,134.60
50505,3,490,22.65,11.02,38.81,34.29,57.14,8.57,2.44,34.15,70.95,20336,60.60
50506,0,1060,25.57,10.38,37.82,38.84,53,7.94,6.01,32.52,61.8,21262,76.50
50507,0,768,17.19,11.85,36.11,17.07,68.64,14.29,2.62,30.94,65.16,23122,122.90
50508,0,778,19.15,8.1,31.6,41.16,46.6,11.9,5.76,28.57,60.88,23004,134.00
50509,1,3527,20.81,10.32,38.8,33.99,46.68,19.33,12.85,30.03,60.44,24089,134.00
50510,4,5784,20.45,10.87,37.88,32.9,48.32,18.49,12.89,37.69,60.6,24556,155.20
50511,0,331,19.64,9.67,35,11.98,81.44,6.59,0,21.01,85.03,20703,76.50
50512,0,246,14.63,10.57,27.59,11.89,33.57,53.15,16.35,41.51,25.87,26129,267.50
50513,0,1024,18.46,8.69,35.35,36.47,51.85,11.68,3.74,23.47,64.96,20611,123.60
50514,0,297,18.52,11.45,38.2,25,57.56,17.44,0.9,22.32,55.81,18814,60.60
50515,0,1176,19.05,9.1,33.33,17.84,56.28,25.88,4.8,26.01,63.82,20714,60.60
50601,2,4121,19.17,8.86,37.35,13.86,58.21,27.72,7.38,27.72,47.12,21364,284.80
50602,1,4920,17.07,10.08,39.81,19.05,61.82,19.13,12.37,31.8,53.84,25199,254.30
50603,0,723,15.63,12.31,28.92,13.85,68.62,17.54,3.26,27.08,48.92,22198,632.70
50604,0,746,18.9,8.85,42.13,18.38,62.13,19.49,5.37,30.13,45.59,24922,254.30
50605,0,1230,20.49,8.86,38.38,5.88,59.5,34.62,10.52,28.03,46.83,21514,407.80
50606,1,3158,19.47,9.69,47.89,20.04,47.66,31.88,12.79,41.3,36.45,26325,639.80
50607,0,821,19,10.96,34.85,16.76,57.17,25.88,9.57,29.94,48.04,24491,268.10
50608,0,1288,20.42,10.56,43.06,15.65,66.75,17.6,4.19,33.14,54.03,23047,254.30
50609,1,3582,18.12,8.91,38.91,12.24,67.85,19.83,11.28,27.64,50.21,23518,505.70
50610,0,2107,18.04,13.34,41.07,14.1,58.69,27.07,8.22,30.68,45.87,23258,274.00
50611,0,3667,17.32,9.33,36.63,19.05,60.56,20.29,14.71,33.22,55.72,25215,632.70
50612,2,2265,17.7,9.4,35.62,15.84,61.93,22.14,13.78,34.42,54.1,22914,632.70
50613,2,5723,19.29,9.73,40.38,15.8,58.43,25.71,13.15,32.29,48.53,23052,321.20
50614,1,2685,19.85,9.09,38.36,7.46,55.07,37.09,8.71,30.24,44.55,22408,288.80
50615,0,2860,18.39,7.55,37.83,20.62,68.62,10.77,6.34,27.32,61.54,23336,284.40
50616,3,3863,19.52,10.23,42.87,19.39,65.19,15.19,9.75,27.42,61.08,24504,520.80
50617,0,3084,18.55,9.7,37.23,16.84,62.9,20.17,8.05,28.37,55.97,21248,303.00
50618,2,2881,19.75,8.54,41.98,13.73,44.85,39.88,18.35,41.13,31.19,25995,781.50
50619,8,17299,18.98,9.46,43.92,23.43,57.21,19.06,20.18,37,50.13,25303,449.30
50620,2,1218,17.57,10.1,40.46,20.05,58.49,21.46,13.59,32.69,54.25,22204,249.70
50621,1,1554,17.12,8.37,40.09,12.79,71,16.2,12.13,25.73,51.39,22137,419.80
50622,0,2828,18.49,9.62,37.34,16.33,66.44,17.23,7.15,27.53,60.43,22301,254.30
50623,0,2034,19.52,12.14,39.76,20.25,55.19,24.43,9.12,33.57,58.35,22620,249.70
50624,1,3064,19.19,8.94,39.98,14.35,62.34,23.31,8.11,30.29,57.49,23616,353.50
50625,0,598,16.05,8.36,34.13,29.18,59.23,11.59,9.56,36.47,48.5,20512,632.70
50626,0,1132,20.32,8.57,38.17,26.39,55.18,18.43,12.94,30.5,64.02,21030,268.10
50627,0,416,15.87,8.89,34.96,11.2,59.2,29.6,3.4,18.92,50.4,19749,249.70
50628,5,10227,19.56,10.76,43.36,14.75,48.96,35.53,21.88,42.41,43.96,26043,614.00
60101,55,305314,14.03,8.88,46.22,24.95,42.73,27.08,23.44,47.98,47.15,30166,361.50
60305,0,3170,19.87,11.2,40.72,56.94,38.63,4.43,10.82,31.49,70.9,23835,79.20
60318,0,3670,19.07,9.95,43.73,58.22,35.48,6.3,15.35,34.22,76.1,26130,123.10
60323,0,1561,24.15,14.48,48.5,55.32,39.29,5.39,4.05,42.51,60.25,21497,36.30
60324,1,1896,19.57,11.23,42.96,60.44,35.67,3.89,6.27,33.01,77.17,23369,57.90
60326,0,1675,18.57,8.66,42.69,54.15,42.31,3.54,6.93,28.53,81.69,23987,53.10
60329,1,1271,22.11,10.7,42.52,51.66,45.21,2.94,8.88,29.57,77.1,22153,50.80
60341,0,1649,20.86,8.67,38.75,49.78,46.95,3.27,4.56,25.23,80.09,22694,40.50
60344,4,11757,20.86,12.3,44.46,57.15,32.87,9.72,13.49,40.42,71.73,24770,83.00
60345,2,6154,23.59,12.25,44.57,63.73,31.77,4.49,5.31,32.76,72.83,21248,34.70
60346,2,4090,20.51,11.03,42.86,58.27,36.5,5.23,3.66,29.69,76.73,22315,79.20
60347,1,3000,22.4,12.23,43.59,67.85,28.68,3.39,1.72,28.04,80.22,22266,36.30
60348,1,3671,22.5,10.38,42.55,56.09,38.73,5.12,8.24,29.64,84.95,22702,110.60
60349,4,4421,23.75,11.22,43.03,68.27,27.13,4.55,4.74,28.93,81.59,23621,54.10
60350,1,8783,20.78,10.78,42.8,52.64,41.41,5.95,6.61,33.15,79.55,23690,66.80
60351,1,4297,22.39,12.19,41.43,67.24,28.33,4.37,3.23,33.5,79.36,22944,36.30
60608,2,7299,15.63,7.67,40.72,45.96,44.21,9.42,30.03,32.45,63.21,24643,274.80
60611,1,4220,17.8,10.76,41.89,44.08,50.65,5.27,20.22,27.77,78.44,26216,193.30
60613,2,8279,17.22,9.82,44.14,45.39,41.37,12.98,16.36,39.06,64.55,26048,126.10
60617,1,5533,19.54,9.2,42.75,37.22,56.83,5.89,17.55,30.9,76.72,29775,255.20
60618,0,1610,18.14,10.12,43.35,59.33,36.68,3.67,9.32,26.25,83.57,28608,117.40
60619,0,3803,15.51,10.2,41.62,52.39,37.73,9.8,24.08,29.1,71.29,28739,157.10
60623,1,2883,23.24,10.68,40.25,37.41,56,6.59,10.3,26.82,79.68,23150,182.70
60624,1,9010,13.91,7.01,41.21,37.32,50.09,12.32,30.64,33.51,65.87,24093,189.60
60626,1,3947,21.94,8.59,38.57,53.18,42.45,4.37,6.59,26.8,79.15,26418,97.50
60628,0,2902,20.23,13.3,42.22,58.12,32.89,9,16.52,37.73,73.63,26515,148.40
60629,0,5754,17.36,11.04,47.27,55.44,38.62,5.78,24.45,34.39,75.36,27147,163.60
60632,0,2432,17.15,10.86,43.38,44.62,41.09,13.99,22.45,39.3,57.73,24522,126.10
60639,0,1504,19.02,10.31,37.74,60.26,35.43,4.3,1.69,26.01,85.76,24108,90.50
60641,0,1260,22.86,9.37,45.03,64.8,29.61,5.59,5.64,29.7,83.64,25800,90.50
60642,1,2156,21.85,11.36,42.54,49.37,44.3,6.21,10.85,34.43,75.6,27755,88.60
60645,0,3143,19.98,11.77,35.93,74.24,22.65,3.11,9.18,26.45,82.99,22987,82.30
60646,1,3029,19.87,11.26,41.33,55.9,37.75,6.35,17.27,28.09,83.9,32985,242.70
60647,0,691,20.69,11.14,41.47,75.35,22.57,2.08,0.77,22.78,91.32,23443,90.50
60648,1,2541,20.39,11.89,41.72,53.33,42.56,4.01,10.8,24.46,79.83,29541,164.90
60651,1,2068,20.5,13.25,48.69,48.85,44.23,6.92,12.06,33.3,71.91,23731,81.60
60653,0,4789,19.8,11.86,41.66,65.29,32,2.71,7.13,23.99,82.59,25712,130.90
60654,0,2751,21.63,12.07,42.22,58.88,32.58,8.54,8.63,24.36,80.27,27475,201.70
60655,0,2956,15.46,6.94,43.74,48.96,42.61,8.43,23.9,29.49,74.25,24997,127.10
60656,0,1684,18.11,9.62,40.56,51.28,44.23,4.49,9.12,27.46,76.12,24773,127.10
60659,1,4432,18.43,9.59,44.01,52.93,39.54,7.52,16.68,32.68,71.77,24264,81.60
60660,0,3798,17.48,10.24,38.67,54.24,39.32,6.37,9.36,26.58,77.77,23654,117.20
60661,0,7329,18.88,9.16,40.35,55.56,40.39,4.02,7.49,27.64,76.18,25474,100.10
60662,1,4951,20.42,9.7,45.1,47.97,44.84,7.19,14.71,27.86,78.71,25746,121.80
60663,1,6690,21.67,12.2,48.16,31.34,52.35,16.31,16.68,39.01,60.86,25428,110.00
60664,2,12799,20.11,10.94,44.54,52.24,38.44,9.28,17.55,33.14,76.17,28099,158.80
60665,0,7398,20.09,10.52,42.11,52.96,41.8,5.24,7.55,25.75,82.01,26659,117.40
60666,0,2734,19.53,10.02,40.66,66.06,29.42,4.51,5.84,26.27,85.11,23923,78.30
60667,0,5060,16.28,8.4,41.56,46.92,44.01,8.52,25.29,30.67,75.15,28436,199.30
60668,0,3752,21.35,8.85,42.15,64.41,30.62,4.97,5.14,26.52,84.14,22071,63.00
60669,1,12289,17.99,8.37,42.11,43.81,45.87,10.13,25.56,32.49,73.26,28063,274.40
60670,2,7178,17,8.96,44.75,50.49,42.93,6.58,19.13,32.13,73.32,26334,188.70
61001,0,1615,19.63,13.07,41.67,62.52,31.63,5.85,16.19,28.59,83.91,23427,56.90
61002,0,960,23.44,13.75,44.28,65.4,28.03,6.57,3.46,34.98,71.46,23798,41.80
61007,1,1394,21.09,8.82,39.67,57.19,40.5,2.31,7.89,26.79,84.9,22662,106.80
61008,0,1310,15.73,7.71,36.7,61.15,35.46,3.4,3.47,26.42,74.1,20945,43.50
61012,0,2876,15.33,8.07,40.2,59.11,36.33,4.56,15.12,33.03,70.79,21691,112.00
61013,0,2232,22.18,9.95,39.51,65.68,31.47,2.85,0.78,29.75,78.78,21582,53.00
61016,0,1997,19.83,10.42,43.04,56.05,38.6,5.35,0.97,26.82,74.01,21573,66.50
61017,0,1574,17.98,7.94,37.47,53.5,36.07,10.43,5.09,25.08,80.17,21805,126.70
61019,1,1175,24.09,10.47,45.27,73.58,22.31,4.11,0.81,32.39,82.28,22390,57.90
61020,0,1373,19.52,7.79,46.02,55.14,40.72,4.14,4.44,30.85,74.59,24000,97.20
61021,1,2260,19.96,9.34,45.01,63.87,32.33,3.8,7.54,29.57,72.71,24305,74.90
61024,0,2021,23.26,11.88,43.52,65.68,32.19,2.12,1.01,29.17,81.84,18975,41.80
61027,0,1647,18.46,8.74,43.75,56.18,41.16,2.66,3.25,27.01,84.51,23095,56.90
61030,0,1730,21.91,12.37,39.13,63.99,30.03,5.85,2.9,28.01,81.42,20088,57.90
61032,0,1961,21.47,10.66,40.98,64.64,31.34,4.02,1.2,25.46,82.32,20154,41.80
61033,1,2345,22.22,10.75,47.83,71,27.27,1.74,2.01,30.7,89.5,23171,72.20
61043,1,3959,20.08,8.79,46.01,58.37,38.06,3.57,13.13,29.39,78.38,22021,119.50
61045,1,6524,18.42,8.95,45.29,54.32,35.15,10.53,19.93,38.41,69.36,23812,151.50
61049,0,2410,21.49,10.29,45.97,55.08,36.56,8.26,6.95,37.58,61.44,22226,63.60
61050,0,3144,21.76,11.9,41.36,48.57,46.05,5.3,3.8,30.77,77.26,20616,63.60
61051,1,2811,20.99,9.46,43.3,59.36,36.14,4.5,7.16,32.46,76.61,22955,57.90
61052,1,2928,19.33,9.67,41.97,57.58,38.84,3.49,8.93,29.41,79.8,23881,63.00
61053,1,13517,19.09,9.96,46.32,43.28,43.8,12.74,17.56,41.42,64,24117,165.30
61054,0,3535,20.48,10.69,40.15,60.49,33.04,6.4,4.62,29.46,75.82,20210,49.90
61055,0,1614,18.71,8.86,42.8,61.83,35.07,2.94,7.01,27.24,75.53,23737,56.90
61057,0,2361,20.97,11.35,40.61,61.34,35.16,3.5,4.19,23.76,85.32,20650,43.50
61059,1,5745,18.43,9.71,43.43,41.75,52.11,6.15,14.68,32.92,72.09,24139,128.40
61060,1,4426,20.72,10.66,40.24,64.15,33.03,2.82,3.15,25.7,80.29,20316,48.30
61061,5,6535,19.3,8.4,42.63,64.36,31.89,3.74,7.06,31.05,74.64,23121,62.50
61101,3,3362,27.57,23.23,61.78,28.43,51.36,19.76,7.03,49.97,34.69,27724,38.40
61105,1,1040,21.15,18.37,54.64,28.18,60.16,11.65,14.94,42.24,53.39,26657,38.40
61106,0,1671,18.79,13.7,42.2,53.24,42.38,4.37,7.16,32.1,75.11,24062,67.00
61107,0,1339,20.91,11.05,45.67,46.69,45.56,7.75,6.95,29.73,66.16,24784,66.00
61108,8,24561,18.83,12.3,53.02,22,44.57,30.12,13.77,48.55,43,25973,102.90
61109,0,1656,23.25,14.61,51.38,33.65,53.49,12.86,11.21,38.59,56.98,23748,38.40
61110,2,2346,20.25,13.43,54.43,38.66,42.81,18.53,18.98,46.15,42.65,24292,67.00
61111,1,1553,21.64,12.3,51.73,27.35,66.28,6.38,21.33,32.97,72.32,28376,67.00
61112,2,474,28.9,17.72,53.25,64.23,30,5.77,1.63,36.18,66.92,25161,38.40
61113,1,3027,21.14,11.43,50.57,31.85,54.12,14.03,21.03,40.23,62.81,25479,92.40
61114,0,2306,19.43,13.79,48.12,38.88,52.29,8.83,7.07,34.35,66.86,25766,67.00
61115,1,1816,22.69,12.39,51.55,47.21,43.5,9.28,5.37,36.7,73.47,24520,66.00
61116,1,1417,22.16,10.09,49.42,58,36.91,5.09,7.75,34.29,66.91,26260,67.00
61118,0,945,24.66,17.14,60.96,32.05,48.46,18.97,4.38,45.65,45.64,24341,38.40
61119,0,528,21.78,17.8,50,35.84,44.09,20.07,9.43,44.53,57.35,22511,38.40
61120,2,11030,21.72,14.36,52.61,38.59,49.71,11.21,8.98,42.28,68.98,25587,67.00
61203,1,2745,21.2,10.05,42.09,44.55,45.56,9.06,8.45,30.22,79.48,24762,99.80
61204,3,1913,23.94,16.31,43.25,36.52,51.95,11.26,6.13,43.18,73.49,26195,489.00
61205,0,779,21.18,14.38,48.12,57.14,37.5,5.36,1.92,34.79,64.64,24213,84.30
61206,0,1308,23.55,15.6,48.16,55.97,39.83,4.19,7.21,24.45,78.2,25106,84.30
61207,0,4988,22.19,15.04,43.63,27.14,57.78,14.99,13.03,45.38,67.34,26499,183.50
61213,0,3202,19.24,10.74,43.14,35.77,51.85,12.38,25.66,43.53,56.34,25589,166.60
61215,0,1181,24.64,15.92,43.94,25.53,61.76,12.43,9.36,42,69.92,25513,183.50
61217,0,2451,21.05,10.32,39.05,16.78,65.79,17.43,12.68,30.84,56.42,22983,276.00
61222,0,1684,21.08,15.02,42.24,48.22,46.01,5.77,8.48,26.65,71.31,22694,99.80
61236,1,2910,19.59,11.31,34.62,21.69,55.64,22.66,12.68,32.67,53.62,23241,477.20
61243,0,1476,22.76,10.84,49.76,29.36,55.52,14.95,7.33,44.31,59.25,26342,75.40
61247,2,3297,20.62,13.35,48.85,43.41,42.09,14.1,27.59,42.43,66.53,25028,75.40
61251,1,432,27.55,17.13,52.59,70.19,29.17,0.64,0,34.29,79.49,26998,38.40
61252,1,1226,19.66,10.6,43.34,37.86,51,11.14,9.39,35.17,63.47,24862,99.80
61253,1,4910,21.34,12.99,46.34,32.92,58.3,8.78,11.28,37.11,71.41,25388,84.30
61254,0,1322,19.29,7.49,31.58,32.16,61.34,6.32,13.56,31.11,77.32,22697,166.60
61255,3,4964,22.78,11.64,44.94,32.59,55.73,11,13.39,39.52,72.2,24609,132.30
61256,0,1356,21.09,11.06,47.69,43.15,48.53,8.32,8.03,31.06,73.48,24999,75.40
61257,0,4173,20.49,11.07,41.61,28.68,59.56,11.7,11.74,34.35,69.35,25044,117.70
61258,1,2474,24.49,16.29,51.78,49.88,42.37,7.75,3.45,38.71,72.57,24263,38.40
61259,3,8147,19.96,11.57,48.09,31.26,47.43,20.44,20.94,43.24,53.2,25198,94.10
61260,0,1271,16.13,8.81,35.71,40,49.91,10.09,8.18,31.9,60.68,23010,166.60
61261,0,1975,19.9,9.42,38.99,40.75,52.16,7.09,8.51,29.37,75.24,23882,101.10
61262,2,1891,19.46,11.32,43.25,40.71,51.38,7.91,10.54,35.37,70.62,23195,79.10
61263,0,4960,20.44,12.82,49.42,45.55,42.69,11.5,21.64,39.29,59.58,25393,75.40
61264,0,1797,20.14,13.86,47.61,54.95,35.84,9.21,5.13,36.49,67.92,23469,84.30
61265,3,6572,20.4,11.84,39.82,21.62,47.58,30.42,22.66,42.05,38.01,24784,364.20
61266,0,1461,21.08,10.81,40.27,47.59,45.63,6.78,6.74,26.41,79.22,21579,79.10
61267,0,2714,19.57,14.08,46.51,46.22,41.28,12.5,18.98,42.15,65.7,24110,99.80
61410,1,864,22.34,12.38,39.39,47.75,49.44,2.81,2.55,23.42,75.84,20989,44.80
61413,0,597,20.1,10.22,41.9,40.63,50,9.38,5.58,33.46,62.95,22870,44.90
61425,0,1978,20.68,12.39,40.07,38.88,50.83,10.29,3.96,28.03,76.87,20702,47.90
61428,0,865,24.97,11.45,40.37,41.91,54.11,3.98,7.87,28.86,80.64,21836,47.90
61437,1,1355,23.76,10.26,37.19,45.93,48.28,5.79,7.44,25.24,80.47,21327,47.90
61438,0,3330,23.78,15.17,46.87,29.51,49.08,21.41,15.62,41.97,55.05,26965,87.90
61439,1,4805,21.66,13.07,45.24,37.72,53.02,9.16,8.37,35.48,68.27,22439,44.80
61440,0,2917,21.32,13.23,38.36,41.67,51.85,6.41,2.52,28.88,74.22,20304,44.90
61441,0,1115,21.08,10.31,36.25,27.46,65.49,7.04,4.65,28.7,77,20910,47.90
61442,0,1666,21.97,11.76,38.85,28.87,62.17,8.85,12.41,31.85,58.44,24508,102.40
61443,2,1784,25.39,13.06,46.77,48.91,42.89,8.1,7.95,35.41,59.08,23310,44.80
61444,0,2117,21.02,10.06,41.56,49.82,43.49,6.68,8.21,34.84,71.51,25178,44.90
61445,0,1672,23.56,12.08,39.92,42.84,48.82,8.15,4.89,31.27,69.84,21737,102.40
61446,0,1833,20.57,11.73,41.04,38.01,50.73,10.96,6.65,33.98,64.91,22380,44.90
61611,0,2416,21.48,10.02,42.16,61.76,35.24,3,4.54,26.92,73.27,23909,65.40
61612,0,3232,21.32,9.96,42.97,63.44,31.6,4.96,8.38,30.09,77.09,23798,61.70
61615,0,2226,20.22,10.24,44.03,37.58,57.65,4.77,12.83,30.94,75.76,22159,61.70
61618,1,1682,23.19,12.01,51.13,57.53,33.39,9.08,11.15,39.58,63.18,25206,46.20
61621,0,790,23.29,10.51,41.95,66.67,29.5,3.83,1,26.82,81.42,22212,65.40
61624,0,3257,21.83,9.06,43.36,57.9,37.02,5.08,5.03,25.43,77.81,22509,67.90
61625,5,9547,21.06,13.28,45.44,38.01,49.16,12.77,10.78,41.71,62.97,23857,73.00
61626,0,5894,20.17,11.23,44.64,34.44,55.54,9.92,15.67,34.9,71.28,24328,93.80
61627,0,1640,23.78,13.66,41.05,67.1,29.9,3,1.01,35.01,85.21,22207,41.50
61628,0,1425,23.02,10.11,42.17,74.11,23.82,2.07,2.67,25.71,82.99,20140,31.30
61629,1,1004,26.99,12.25,44.56,75.82,21.7,2.47,0.47,35.28,84.48,23087,41.50
61630,0,1510,24.77,11.46,43.65,65.65,29.47,4.73,2.14,24.67,72.52,21527,31.30
61631,2,9489,22.32,14.46,48.82,48.78,39.72,11.36,11.94,42.17,68.66,24386,65.30
61632,0,2703,23.79,12.76,47.51,60.81,33.48,5.36,17.38,40.41,76.21,22853,65.30
61633,0,4357,20.04,9.23,44.44,55.29,39.21,5.5,6.6,30.06,75.31,24763,77.90
61701,0,2288,17.35,6.86,39.82,53.33,42.22,4.44,7.95,26.6,73.86,22588,80.50
61708,0,1493,21.9,10.11,40.62,55.58,39.47,4.96,3.62,28.6,70.27,21829,34.20
61710,0,1199,20.1,10.01,38.93,37.44,58.53,4.03,5.61,23.09,73.7,21986,45.60
61711,1,848,21.58,10.02,40.08,45.36,47.68,6.95,3.18,19.43,75.83,19284,45.30
61716,0,2997,20.49,8.84,40.66,60.75,34.65,4.6,7.29,28,77,21450,45.70
61719,3,2368,17.78,8.32,45.06,54.45,44.04,1.51,10.63,29.7,76.66,23499,98.40
61727,1,2581,17.44,6.66,45.6,46.77,48.28,4.95,15.26,31.69,69.46,23722,91.50
61728,0,666,20.27,8.86,37.06,42.08,47.08,10.83,0.47,20.75,72.08,19417,37.40
61729,0,2140,19.58,8.55,41.87,63.74,33.68,2.58,1.95,23.6,78.97,23453,96.40
61730,1,2269,17.81,8.2,37.83,53.54,39.79,6.68,3.36,23.86,81.98,24065,88.20
61731,0,1321,20.97,9.31,42.14,54.89,38.25,6.86,5.58,19.38,79.21,21920,77.70
61740,0,2049,20.89,10.54,39.75,23.13,73.5,3.38,1.9,25.57,70.25,22098,45.60
61741,1,1087,23.18,15.46,43.51,54.9,38.4,6.7,5.97,31.74,55.67,21822,34.20
61743,0,688,21.37,15.12,42.57,26.09,66.15,7.76,3.45,34.48,62.42,22125,34.20
61744,0,613,20.55,11.91,35.8,57.84,35.07,7.09,1.29,29.61,67.91,20050,34.20
61745,0,1068,23.13,12.36,44.64,63.16,32.79,4.05,1.44,23.81,73.48,20423,45.30
61746,3,4199,19.2,10.74,41.62,53.88,42.43,3.68,5.27,25.33,73.42,21296,55.70
61748,1,4491,18.3,7.59,38.76,58.15,37.19,4.66,6.48,24.75,77,21310,47.50
61750,2,1904,20.8,9.98,39.93,58.8,37.54,3.65,0.49,19.02,56.48,19952,37.40
61751,0,2427,20.23,9.52,42.3,58.21,37.19,4.6,8.59,23.32,80.28,23405,77.70
61756,2,3992,22.34,9.82,45.07,22.67,69.76,7.44,7.82,28.57,62.79,23526,42.60
61757,0,4941,22,11.31,42.67,49.62,41.65,8.67,5.05,28.33,64.66,21311,37.40
61758,0,1799,17.73,10.51,35.71,18.94,70.75,10.31,4.93,28.87,66.02,21450,45.30
61759,0,1745,18.34,9.8,37.7,59.81,36.3,3.57,5.74,23.57,83.79,19587,27.30
61760,1,11533,17.77,9.36,42.18,47.43,41.27,11.21,22.49,37.57,66.91,25370,98.40
61761,0,1641,21.51,8.04,41.34,62.76,32.96,4.28,7.97,24.23,83.84,24063,47.70
61762,0,2243,20.24,9.81,41.08,49.11,47.09,3.69,3.59,27.78,76.69,20477,38.40
61763,1,4366,20.09,11.8,39.28,54.24,41.65,4.11,6.72,25.02,76.08,21684,47.70
61764,0,3898,19.68,10.39,39.93,61.31,34.04,4.58,6.19,29.82,73.82,22210,50.10
61765,2,5681,17.95,6.88,38.53,47.18,47.85,4.97,7.41,29.08,71.52,22554,59.30
61766,5,12116,19.33,11.46,48.48,42.2,42.39,14.7,16.71,44.36,57,25976,138.10
62007,4,7662,21.3,14.5,49.24,41.96,43.61,14.11,8.83,40.04,60.41,25488,63.90
62008,0,1301,23.14,10.76,44.69,50.92,43.94,5.13,11.58,24.7,80.29,22082,70.20
62010,0,372,26.08,14.25,58.04,25.76,67.04,7.2,7.53,41.18,71.19,27300,89.70
62014,0,2091,17.69,11.81,43.09,41.91,54.58,3.5,7.95,26.43,78.3,26884,98.10
62021,0,426,18.54,14.79,42.97,43.43,53.03,3.54,6.94,31.79,82.83,21468,36.80
62026,0,823,24.06,14.22,47.18,49.27,46.04,4.69,5.59,30.21,71.85,23974,37.30
62032,0,1119,19.75,16.35,45.25,46.76,43.88,9.35,5.66,30.43,70.26,25424,85.70
62034,1,1326,21.42,10.78,40.36,36.79,56.91,6.3,6.8,27.8,78.86,27484,70.20
62036,0,1274,22.84,15.38,45.4,43.72,47.49,8.79,6.07,35.04,65.69,23145,60.30
62038,5,6993,21.35,12.18,52.94,34.36,47.47,16.87,16.23,44.18,61.56,25251,87.40
62039,0,1820,23.35,10.99,46.51,51.67,38.85,9.48,11.88,26.72,72.76,24536,57.90
62040,1,9607,21.7,13.73,50.13,36.14,42.22,19.9,14.96,46.67,55.74,25913,88.20
62041,4,12870,19.23,11.99,48.78,29.34,45.74,23.44,10.16,46.6,51.76,25691,106.60
62042,1,3788,21.99,11.4,39.56,59.47,34.07,6.46,7.29,31.92,75.11,23028,64.40
62043,3,2762,23.35,14.34,48.25,44.45,45.29,10.26,11.68,39.14,67.38,24752,53.80
62044,0,2515,23.46,13.6,44.9,35.13,53.28,11.5,6.64,37.66,74,22158,36.80
62045,1,1995,19.85,10.98,40.6,30.49,65,4.51,6.5,26.05,78.78,25003,84.00
62046,0,2666,21.98,12.12,49.94,48.89,45.87,5.24,5,29.54,80.27,25097,80.20
62047,2,5351,22.43,10.58,48.33,45.85,45.8,8.01,12.04,31.09,73.47,26610,91.50
62048,2,4755,21.37,11.46,44.22,45.43,47.57,7,8.52,28.15,74.71,25179,92.60
62105,0,1561,25.37,17.17,55.09,15.26,67.53,17.05,18.31,35.56,56.33,26913,78.70
62115,3,5438,19.73,12.3,48.87,32.12,55,12.88,10.68,37.24,63.47,24825,68.40
62116,2,3902,23.01,12.99,51.77,40.81,49.72,9.31,11.39,34.59,63.61,24848,71.20
62125,1,2572,20.33,13.26,49.4,47.78,44.22,8,12.34,33.59,67.46,25343,78.70
62128,1,3766,20.21,11.31,48.33,47.29,48.18,4.52,8.38,27.46,71.24,26740,125.40
62131,4,1424,26.69,16.71,56.34,54.01,38.43,7.56,6.92,43.17,77.7,26744,44.80
62132,0,1769,24.25,11.53,48.18,43.53,49.3,7.17,7.61,30.55,70.17,22644,78.70
62135,0,1553,19.83,14.94,45.74,44.87,47.78,7.35,8.23,32.14,69.98,23599,65.50
62138,1,2445,24.21,13.95,51.39,44.55,48.27,7.18,10.1,36.22,72.91,26990,56.60
62139,3,15735,20.69,13.7,52.59,34.27,43.51,21.4,18.63,46,57.05,26894,95.10
62140,1,21907,20.6,12.28,49.76,36.94,42.9,19.12,12.24,41.59,59.5,24888,84.30
62141,3,8149,20.91,13.08,50.64,44.72,44.6,10.41,15.71,37.56,62.74,25989,72.80
62142,1,3547,25.2,15.37,52.54,45.76,40.21,13.64,12.16,43.64,60.4,24701,74.20
62143,2,7819,22.05,17.04,54.74,32.38,45.82,20.76,11.12,45.02,53.28,25579,71.20
62144,2,2249,26.9,15.16,52.25,45.66,47.17,7.17,7.36,41.24,74.62,25061,47.10
62145,2,6412,23.19,14.85,54.63,42.07,44.2,13.47,20.31,39.12,63.09,25997,49.00
62146,1,2879,16.99,10.11,42.82,47.19,45.67,7.14,9.55,33.96,67.1,25184,87.30
62147,1,2159,23.44,14.31,49.61,31.37,57.08,11.33,7.81,36.36,67.27,23684,56.70
62148,0,1791,24.9,13.34,56.02,38.25,51.08,10.67,4.46,33.85,62.11,23751,56.70
62202,0,1672,19.32,9.87,38.04,64.85,30.2,4.95,2.09,27.4,67.92,20769,32.60
62205,0,2195,20.68,9.66,42.54,65.44,32.78,1.78,1.35,23.81,80.88,21730,32.10
62206,0,1087,23.28,13.62,45.75,63.1,32.7,4.19,5.71,39.76,64.15,23978,32.60
62209,0,1304,19.4,8.59,42.38,63.07,29.81,7.13,2.22,27.16,82.51,21124,32.10
62211,0,2677,20.58,10.01,38.96,47.56,44.5,7.84,7.3,31.15,64.26,23518,35.70
62214,1,1856,19.72,9.05,38.78,42.55,50,7.45,0.88,25.95,69.2,21045,52.70
62216,0,1297,23.36,8.48,40.6,63.64,32.81,3.36,4.74,23.72,77.27,22774,22.50
62219,3,6725,20.58,13.03,40.35,44.89,42.94,11.9,9.85,43.13,59.25,26652,73.70
62220,0,2216,19.4,8.66,32.66,50.56,46.1,3.35,1.26,20.61,74.85,22773,46.80
62226,0,1451,17.78,10.96,42.12,63.18,31.96,4.67,2.26,28.25,73.83,22403,32.30
62232,0,1612,20.29,7.94,42.42,57.51,36.9,5.59,4.84,25.23,83.39,21260,24.80
62233,1,3081,21,9.41,38.28,60.93,34.45,4.63,5.13,31.86,72.97,22844,39.00
62235,2,1967,21.81,9.86,40.1,38.35,55.96,5.69,1.46,20.35,74.93,20264,45.70
62242,0,1021,19.49,9.11,43.95,58.79,37.44,3.77,0,19.13,66.08,20295,30.80
62244,0,2321,18.79,10.34,41.73,47.79,45.51,6.7,6.01,33.71,58.79,21980,30.80
62245,0,1416,20.62,11.65,40.36,47.11,47.11,5.59,0.36,22.26,61.64,20633,30.80
62247,0,1342,18.48,9.02,33.16,62.6,32.2,5.2,1.32,23.79,78.8,19399,38.00
62256,0,2224,23.52,12.95,40.16,73.9,23.73,2.25,6.07,32.47,71.09,21751,33.70
62262,0,1370,25.62,9.64,43.06,51.59,39.28,8.92,5.13,23.57,70.28,21459,30.80
62264,2,3978,18.98,9.4,39.71,55.41,41.9,2.63,4.2,30.18,71.04,22548,46.30
62265,0,2005,22.79,9.63,40.6,57.84,39.39,2.77,1.25,28.52,69.7,21900,35.70
62266,0,2324,19.92,10.33,40.86,62.91,33.57,3.51,4.57,27.97,74.07,21108,32.70
62268,2,3247,19.93,8.96,36.08,54.54,40.37,5.09,5.82,26.14,68.45,21797,38.10
62269,0,2103,21.3,9.42,40.41,58.08,39.44,2.47,1.81,27.68,75.18,23180,38.00
62270,0,2119,21.99,7.88,39.1,44.16,53.01,2.83,1.6,18.44,75.28,19672,22.50
62271,1,3842,19.18,9.45,38.7,58.37,37.28,4.34,9.67,32.48,70.36,22710,42.40
62272,0,3030,19.87,9.8,35.87,55.81,40.57,3.62,2.36,28.89,70.38,20829,33.70
62273,1,1823,22.22,10.59,40.54,67.2,29.17,3.49,3.78,29.4,70.56,20841,39.40
62274,0,1511,20.38,8.01,42.92,68.87,26.79,4.34,1.25,35.46,69.81,22133,32.60
62275,0,5890,22.14,10.59,39.55,50.1,41.83,8.02,5.3,26.81,73.3,21734,43.50
62276,0,1397,21.98,10.31,42.01,55.09,39.44,5.48,0.85,28.96,74.65,21219,33.10
62277,0,2611,21.56,10.65,41.71,57.76,38.79,3.45,5.42,28.68,73.08,22435,32.00
62278,2,4591,23.05,11.44,40.86,47.41,48.61,3.98,2.46,24.52,65.53,21088,30.80
62279,1,1386,24.68,11.9,42.86,57.05,32.84,10.12,7.13,28.22,73.63,21325,30.80
62311,0,1356,20.8,9.37,37.86,65.35,31.89,2.76,0.2,22.59,75.59,21240,34.00
62314,0,1387,18.39,7.57,41.47,67.04,30.32,2.64,2.69,21.84,79.85,20574,34.00
62326,1,1696,23.58,13.38,39.8,73.63,23.76,2.61,2.48,31.05,75.96,22310,34.10
62330,0,1588,20.15,10.14,34.18,68.77,27.51,3.72,1.39,26.22,85.11,19203,28.10
62332,2,1499,21.68,9.74,39.15,63.01,35.02,1.96,0.75,21.99,81.01,19687,30.60
62335,0,1162,26.08,13.6,44.11,68.11,29.1,2.79,1.59,28.97,81.42,21837,34.10
62343,0,1360,20.22,15.22,43.18,71.37,25.38,3.24,2.63,24.75,83.02,18502,28.10
62368,0,1193,24.22,12.24,42.82,67.78,29.93,2.29,1.02,28.34,83.8,20568,34.10
62372,0,1265,22.45,9.49,41.42,66.47,29.24,4.29,3.38,28.06,69.4,20004,25.30
62375,1,5232,23.76,12.81,46.01,54.51,37.83,7.41,8.27,36.73,71.93,22950,47.40
62376,3,3220,28.54,15.93,47.62,53.03,36.69,10.28,10.03,43.94,64.7,25733,61.80
62377,3,1779,21.92,11.24,45.28,70.29,26.77,2.81,2.62,24.31,79.71,20990,28.10
62378,2,7146,21.84,12.48,41.81,63.21,31.84,4.89,6.02,32.58,71.79,22074,25.30
62379,10,13495,20.02,10.53,44.22,54.84,35.78,9.23,13.39,36.96,67.45,23866,51.70
62380,2,5969,21.14,10.62,39.04,68.42,28.65,2.89,4.12,23.68,82.3,19323,26.10
62381,1,3200,21.88,9.75,41.43,68.52,27.61,3.87,6.28,26.97,80.98,21485,51.20
62382,1,4574,20.09,9.47,41.73,60.05,35.98,3.97,5.59,26.88,78.32,22210,44.60
62383,0,3503,22.87,12.5,42.17,66.31,29.1,4.52,4.7,37.59,73.29,23631,44.80
62384,0,3142,20.97,9.07,37.68,65.47,32.65,1.8,6.45,26.23,77.46,19871,37.80
62385,0,2513,20.14,8.4,41.31,64.62,32.63,2.75,5.77,21.48,80.72,22850,51.20
62386,1,4950,21.31,9.88,42.41,63.1,33.53,3.37,4.57,24.88,74.97,20960,35.10
62387,1,2350,23.28,11.06,41.95,56.68,39.5,3.82,0.78,23.86,77.19,20040,30.60
62388,1,2884,21.98,11.1,35.81,58.25,38.96,2.79,1.35,27.11,83.04,19938,28.10
62389,0,3795,20.53,9.91,40.79,56.59,40.02,3.39,5.66,27.89,76.56,20773,37.80
62390,0,3400,24.5,11.97,42.36,55.07,42.64,2.29,2.9,27.92,82.99,21115,36.30
70101,21,132499,15.02,10.32,46.18,11.99,27.28,48.37,24.09,48.44,22.61,28939,1088.80
70201,2,3195,17.78,8.89,37.09,19.11,60.34,20.22,22.57,29.53,49.61,22474,172.00
70202,1,4877,16.18,8.32,37.24,22.01,64.33,13.59,26.34,28.24,56.18,24117,310.50
70203,1,11183,16.1,9,39.13,18.57,50.23,30.38,27.38,36.37,43.75,24966,317.00
70204,0,832,17.31,6.61,30.34,14.98,61.54,23.48,15.66,19.08,48.58,25991,172.00
70205,0,889,19.01,8.1,31.44,25.23,60.92,13.85,9.2,27.12,51.69,22011,172.00
70206,0,621,16.75,8.05,31.38,15.31,66.03,18.66,11.07,28.63,59.33,25221,222.90
70207,2,721,20.11,8.6,40.38,25.84,55.81,18.35,15.16,30.87,51.31,25127,222.90
70208,0,4911,16.23,5.97,32.7,17.04,62.24,20.6,22.15,25.32,53.97,21624,160.10
70209,2,3946,18.12,9.53,36.88,25.02,61.74,13.17,22.65,33.17,58.79,28112,382.50
70210,2,667,14.24,8.7,43.94,25.33,60.44,14.22,14.66,25.56,63.56,24638,172.00
70211,2,1380,18.04,7.75,36.68,31.74,58.9,9.36,19.32,28.26,67.12,28317,353.00
70212,1,2263,19.13,10.78,41.93,27.34,60.98,11.55,10.02,28.68,62.64,21810,195.70
70213,1,1460,17.05,8.7,36.93,22.64,61.32,16.04,18.41,33,62.64,25022,359.00
70214,2,2411,19.45,9.17,37.38,17.58,60.97,21.45,23.33,30.05,58.55,23479,240.10
70215,0,2518,17.91,6.99,38.38,23.96,63.08,12.82,24.28,30.87,59.97,23888,325.90
70216,2,1969,15.39,7.97,37.28,26.25,55.52,18.06,21.58,27.16,52.51,24448,394.00
70217,0,1450,19.03,7.1,32.92,12.95,62.95,24.1,15.84,27.99,49.2,22742,160.10
70218,3,1609,17.15,9.01,37.15,28.99,52.29,18.53,14.22,27.75,58.9,22486,162.50
70219,2,2625,19.89,9.79,37.85,19.14,65.52,15.1,16.36,32.03,52.2,24951,194.50
70220,1,3080,16.79,7.63,33.7,13.92,41.33,43.17,18.35,35.94,24.25,22587,473.40
70221,0,1574,15.63,8.32,38.77,21.55,65.48,12.97,23.02,28.05,55.65,25463,194.50
70222,1,2813,18.49,7.96,36.12,29.11,52.81,17.97,17.4,29.39,57.99,23323,206.60
70223,2,3534,14.37,6.4,32.89,18.35,61.35,20.2,20.81,29.28,56.16,20513,185.10
70224,0,2160,17.73,7.64,37.72,32.12,52.05,15.83,15.48,32.51,50.99,21043,172.00
70301,3,7333,18.18,10.39,43.19,18.08,55.37,26.42,36.92,34.95,43.87,29600,1116.10
70302,2,2828,14.67,9.41,37.01,21.35,59.36,18.71,31.58,34.38,54.68,34090,1092.70
70303,1,1829,15.53,8.26,41.98,16,60.8,23,33.25,31.7,56,28221,667.40
70304,1,6361,19.15,10.58,42.66,17.94,56.99,25.01,32.26,34.11,53.03,27785,884.10
70305,0,1261,19.03,7.93,46.11,19.47,61.05,19.47,30.4,30.66,59.47,27147,826.60
70306,2,1478,18.88,10.49,42.43,13.49,59.03,27.48,27.57,36.55,56.49,29454,1065.80
70307,0,1180,16.61,9.66,36.14,21.46,60,18.54,18.52,34.09,59.27,24910,249.40
70308,0,1325,16.08,8.15,39.85,22.22,68.98,8.8,24.39,28.14,67.13,25472,467.30
70309,0,2191,18.26,7.85,45.35,15.65,57.39,26.09,31.64,28.68,46.96,28967,826.60
70310,0,4623,16.98,8.61,36.63,14.88,52.22,32.38,33.81,32.14,44.3,24142,642.30
70311,0,858,16.67,8.74,37.02,23.08,56.86,20.07,16.15,30.59,61.2,29399,826.60
70312,1,4220,18.46,8.91,42.35,18.57,56.06,25.02,31.46,34.33,51.26,30062,1065.80
70313,0,1341,17.9,9.32,34.63,23.95,62.31,13.75,24.64,35.17,55.88,24573,134.40
70314,0,633,17.85,8.85,29.82,20.34,58.9,20.76,14.79,30.89,60.17,21032,184.00
70315,1,1489,16.52,8.46,32.85,17.78,67.11,15.11,20.2,29.41,56,26375,542.20
70317,0,466,16.95,9.66,34.68,48.7,38.96,12.34,23.78,25.61,67.53,22567,134.40
70318,0,1491,14.55,7.98,40.22,7.89,67.7,24.4,27.16,30.86,61,26120,655.10
70319,0,4146,17.99,7.77,41.08,20.93,61.98,16.83,29.4,29.55,57.44,26774,977.10
70320,1,3319,16.69,7.05,41.79,15.01,55.41,28.86,33.33,34.7,47.76,27768,1065.80
70322,0,1675,17.37,8.36,43.66,17.61,63.88,18.51,32.24,28.82,48.98,26794,826.60
70323,0,879,16.38,8.3,37.15,38.92,49.72,11.08,18.9,26.59,66.19,25625,336.10
70325,0,1195,16.15,9.12,37.77,18.24,61.32,20.44,28.77,36.13,45.91,36681,1092.70
70326,1,2550,21.37,9.49,44.12,27.73,57.93,14.15,11.43,35.02,54.89,21538,416.00
70328,1,2000,16.5,8.15,35.18,26.66,55.05,18.29,23.55,30.24,53.83,27667,642.30
70329,1,4720,15.66,12.03,40.67,16.71,63.58,19.71,36.35,31.39,60.02,30536,1168.20
70331,1,2309,17.5,9.48,39.54,18.93,61.55,19.37,27.64,33.02,52.46,30161,1028.30
70332,2,2167,18.78,12.28,42.95,16.7,62.99,20.14,24.95,36.85,50.95,32408,854.40
70333,0,2052,17.2,8.67,38.06,18.28,63.44,18.13,23.11,25.06,52.81,24418,249.40
70334,1,5002,16.43,8.26,36.12,15.02,54.37,30.4,23.96,29.47,37.18,22229,559.80
70335,0,1953,16.74,7.89,33.69,19.6,67.63,12.77,20.31,27.26,62.95,22679,467.30
70336,0,397,19.4,7.56,28.18,14.61,65.73,19.1,6.94,29.45,69.66,24033,134.40
70337,1,3155,16.67,9.48,36.96,12.95,60.83,26.12,31.22,29.63,56.81,26080,542.20
70338,1,1146,15.79,9.95,40.6,21.43,54.22,24.35,33,30.51,45.45,30989,1092.70
70339,0,1124,16.28,8.36,39.81,14.25,68.44,17.32,20.4,33.33,59.78,26853,254.50
70340,1,1308,14.37,8.33,38.44,34.41,49.73,15.86,24.58,32.65,61.02,26572,467.30
70342,0,1384,12.86,6,36.82,27.06,64.95,7.99,24.66,23.42,66.49,27634,341.10
70343,0,1141,15.95,7.89,37.31,21.89,64.86,13.24,18.79,23.45,63.78,28790,604.40
70344,0,1572,18.07,7.95,37.04,23.18,54.3,22.3,27.47,37.14,54.75,27630,409.30
70345,2,1927,16.4,7.89,36.45,16.34,61.63,22.02,31.31,29.06,60.57,26443,667.40
70346,5,9493,16.21,11.62,43.71,14.58,46.43,36.44,26.53,38.65,37.17,28549,1168.20
70347,0,177,22.6,11.3,35.85,32,52,16,2.99,27.94,68,23734,184.00
70348,1,1416,18.71,10.88,40.83,23.18,62.59,14.23,15.66,36.44,60.77,21970,313.00
70349,1,870,18.39,9.2,41.73,11.27,73.24,15.14,9.48,19.76,46.83,24423,134.40
70350,0,1074,15.55,8.75,40.74,24.29,49.43,26.29,22.35,29.84,54,26602,401.50
70351,2,3616,20.52,12.14,41.86,18.3,52.21,28.74,23.87,47.46,36.6,26350,1093.10
70352,0,1352,21.15,11.24,45.48,19.76,58.67,21.57,18.61,29.22,62.5,24655,184.00
70353,1,2299,16.7,11.35,37.63,19.03,65.91,15.06,32.99,28.36,65.77,32081,1092.70
70354,6,14698,15.89,10.53,41.49,14.8,36.8,46.23,32.86,40.45,25.48,26173,1168.20
70355,2,3661,18.22,10.24,40.88,14.63,56.48,28.66,41.32,37.41,45.3,27404,275.70
70356,0,1626,17.16,9.84,40.84,8.9,40.58,50.52,28.28,30.81,43.27,28549,401.50
70357,6,16439,17.06,8.21,37.96,22.32,50.44,26.03,29.68,34.64,51.59,24624,683.60
70358,3,4365,16.4,8.22,38.22,17.2,59.15,23.46,29.28,31.69,48.3,30112,1168.20
70359,1,1391,19.27,8.2,39,23.98,55.67,20.34,25.39,27.79,58.89,26448,275.70
70360,0,1739,18,7.48,44.4,26.27,59.02,14.54,23.85,28.99,56.92,25622,667.40
70361,0,246,14.63,27.64,38.89,19.05,66.67,14.29,12.35,32.93,44.44,23722,542.20
70362,0,531,16.95,9.6,32.88,20.94,63.87,15.18,16.42,28.71,54.97,22441,134.40
70364,2,7339,17.26,12.66,44.33,16.19,55.9,25.92,38.66,37.97,51.2,30829,1065.80
70365,0,4624,18.84,8.3,41.35,23.63,50.68,25.26,42.67,32.06,48.8,26948,741.30
70366,0,793,14.25,6.43,37.17,28.75,58.41,12.84,16.46,30.25,67.58,29759,336.10
70367,4,8138,18.48,10.42,42.77,17.18,41.09,40.44,36.91,39.05,29.97,27407,1042.80
70368,0,1017,15.44,8.85,34.26,22.41,67.23,10.08,12,23.81,65.27,26490,416.00
70369,2,8250,17.22,8.23,40.19,12.54,54.97,32.17,42.51,32.51,46.61,27911,868.90
70401,1,1129,21.97,13.73,47.92,12.58,54.08,33.33,16.43,41.71,55.88,23500,1905.40
70402,1,2698,20.42,11.08,40.5,24.03,56.81,19.15,21.83,38.57,51.84,23059,558.30
70403,0,4551,19.64,11.62,43.84,14.48,64.67,20.6,16.41,37.01,47.13,23640,489.70
70404,1,1980,20.05,9.9,38.55,19.38,62.1,18.52,19.57,36.42,53.09,21293,1735.30
70405,0,1326,18.63,8.37,39.79,17.3,67.87,14.83,20.11,31.04,56.18,25386,312.30
70406,0,5847,19.5,9.89,40.11,22.49,53.55,23.91,21.59,35.44,48.85,22548,391.10
70407,2,1176,19.39,10.03,41.6,23.06,60.38,16.56,20.08,30.95,55.97,21871,391.10
70408,1,1517,22.41,11.87,40.41,17.84,61.72,20.31,21.28,40.08,50,22656,1905.40
70409,8,5206,21.88,12.29,42.81,15.41,52.72,31.72,28.09,44.27,42.64,22613,1044.70
70410,1,4184,17.83,9.39,38.7,21.88,61.11,16.87,21.79,34.2,54.39,23452,388.40
70411,6,8281,22.16,14.76,44.13,10.51,45.79,43.03,28.39,47.76,41.13,25437,2517.10
70412,1,4602,21.51,10.08,42.1,14.71,66.37,18.85,18.45,35.33,52.1,20380,388.40
70413,2,2378,20.77,12.36,44.33,15.93,63.26,20.69,19.71,37.15,46.49,23263,1220.00
70414,0,1761,21.18,15.56,40.45,14.04,67.28,18.68,25.32,47.85,48.6,22549,2665.80
70415,0,837,19.71,8.84,43.44,13.44,56.88,29.69,12.46,31.07,41.56,22200,663.70
70416,4,9891,19.52,10.58,41.17,15.05,58.52,26.14,27.74,41.21,44.31,24628,1220.00
70417,1,1949,18.73,7.95,38.64,20.99,69.85,9.16,13.73,32.63,59.67,21491,663.70
70418,0,921,20.85,7.38,39.16,22.83,69.55,7.61,7.54,29.64,71.65,18397,388.40
70419,0,2085,18.85,10.89,40,12.53,73.32,14.15,16.91,32.56,59.03,23439,663.70
70420,0,3748,21.08,11.23,40.74,20.65,55.78,23.44,18.5,36.72,45.55,22527,500.90
70501,1,2545,21.34,9.31,31.2,12.99,55.43,31.47,27.24,33.69,41.32,21026,503.60
70502,0,1013,15.5,7.6,31.82,20.58,65.59,13.83,13.92,27.89,71.38,27128,579.80
70503,1,3008,17.19,9.24,41.76,20.59,60.29,18.98,26.57,33.36,59.09,26660,420.70
70504,0,1513,18.97,11.43,37,20.08,68.94,10.98,17.11,24.96,63.26,22376,297.30
70505,3,3563,16.11,8.95,35.98,18.62,66.76,14.53,18.02,27.31,65.67,24554,381.70
70506,1,3120,18.04,9.68,43.79,17.86,47.67,34.34,27.5,39.5,45.41,25331,513.00
70508,0,5966,18.34,10.29,42.04,13.95,63.9,22.03,20.11,33.52,54.75,21019,595.60
70509,2,2954,19.13,10.43,43.79,22.37,56.38,21.16,24.85,39.59,44.26,21663,1296.80
70510,2,1623,15.77,9.92,40.26,15.63,68.38,15.81,10.22,31.12,60.57,16978,411.80
70511,3,6029,16.57,10.58,41.6,15.79,59.8,24.35,25.09,33.64,50.23,26020,612.40
70512,1,5088,17.47,9.91,40.63,18.53,63.98,17.42,23.99,35.41,52.32,27242,543.30
70513,8,20212,16.25,8.9,43,13.83,40.3,42.9,27.52,42.87,31.8,24483,1044.30
70514,0,5001,15.36,8.26,35.69,15.17,61.51,23.17,32.29,32.66,49.54,25660,605.90
70515,0,4332,17.43,8.68,42.05,22.82,58.86,18.25,21.66,32.21,54.14,25517,459.80
70516,0,463,14.9,4.1,42.64,27.74,61.31,10.95,28.24,25.29,64.96,26138,579.80
70517,2,3600,18.28,8.25,40.94,18.55,66.17,15.18,24.12,30.82,62.9,25097,739.40
70518,0,2912,17.07,9.07,41.71,12.47,61.19,26.34,21.87,29.26,56.53,20843,411.80
70519,0,726,15.15,6.61,32.66,22.7,62.06,15.25,5.61,29.12,64.18,15176,411.80
70520,2,2542,15.85,6.73,35.34,13.25,57.57,29.02,25.96,36.09,50.47,24224,448.90
70521,1,462,11.04,10.17,48.7,2.2,8.79,89.01,18.18,52.05,15.38,27582,543.30
70522,0,2867,17.89,8.96,37.97,18.66,59.66,21.68,21.32,30.48,54.75,22802,503.60
70523,0,565,15.22,7.79,34.13,20.8,62.39,16.37,4.19,23.15,61.06,16104,350.80
70524,1,1542,19.97,12.91,40.83,20.34,56.92,22.56,19.27,35.69,46.84,21319,569.80
70525,4,2643,18.16,8.7,42.26,25.8,61.01,13.19,23.24,28.53,60.89,24609,482.20
70526,1,3781,19.33,8.36,37.73,18.55,57.31,23.98,23.35,32.68,45.75,21798,624.00
70527,2,3176,18.58,10.04,40.76,22.63,57.29,19.83,17.56,31.85,50.25,21662,297.30
70528,1,1968,18.85,10.01,40.44,31.91,58.26,9.83,16.42,26.05,63.39,26928,579.80
70529,1,2198,20.06,8.33,42.69,17.24,61.58,20.79,24.06,36.53,52.5,19911,350.80
70530,1,4405,18.39,9.99,35.38,22.6,57.59,19.62,16.66,33.98,43.74,20707,329.20
70531,4,14412,16.13,8.42,40.94,13.12,47.74,37.57,30.92,38.63,36.85,24869,696.30
70601,1,397,12.85,6.8,36.75,17.24,62.93,19.83,20.67,20.67,52.59,19309,262.30
70602,0,291,17.87,6.19,40,14.44,67.78,17.78,22.73,27.68,27.78,22412,169.80
70603,0,1056,16.19,6.44,30.99,11.21,37.58,49.39,9.86,27.92,16.36,21060,1467.50
70604,1,3105,17.84,7.31,36.22,14,52.27,33.64,10.03,23.69,52.47,21255,188.70
70605,0,1009,19.23,9.91,35.44,14.01,63.69,22.29,9.02,27.93,43.63,23865,262.30
70606,0,789,16.6,8.87,26.89,8.24,50.18,41.58,17.01,32.2,32.62,22531,306.20
70607,0,1391,16.1,12.87,42.25,17.7,66.03,16.27,12.23,27.83,48.8,25434,262.30
70608,0,1635,16.88,6.3,26.59,12.48,28.45,55.57,17.15,31.43,15.97,28555,806.80
70609,0,2548,18.84,8.32,33.69,7.59,53.33,38.46,15.15,24.1,36.69,22478,231.30
70610,0,456,13.6,9.65,33.83,14.08,62.68,23.24,10,18.13,45.07,18482,169.80
70611,0,632,16.93,8.7,37.3,3.72,53.02,42.79,8.3,21.12,47.91,22512,169.80
70612,0,549,11.84,10.56,36.67,20.63,56.25,23.13,12.66,36.68,43.13,19835,169.80
70613,0,548,17.52,8.76,31.13,19.82,55.95,23.35,18.84,30.19,44.93,21454,416.50
70614,2,7711,17.7,10.4,43.05,14.98,43.83,38.93,26.58,35.38,39.83,25501,307.00
70615,0,1561,19.41,8.07,38.14,9.25,50.09,40.31,24.79,29.86,46.07,19815,214.10
70616,0,1450,18.41,8.21,38.37,13.74,61.45,24.81,15.18,28.17,43.32,24413,565.90
70617,0,2585,17.33,9.13,38.74,20.03,58.32,21.4,20.57,31.14,40.43,20398,214.10
70618,0,799,18.52,10.51,39.84,28.46,53.75,17.79,20.95,21.14,52.57,25921,262.30
70619,0,1879,18.41,8.36,39.78,18.15,55.85,25.6,32.97,30.89,39.52,26717,262.30
70620,0,1354,17.28,9.16,35.42,22.13,55.46,22.4,16.64,32.06,42.9,22909,262.30
70621,0,2319,20.35,10.69,41.15,11.7,42.53,44.72,21.69,36.94,22.99,26431,891.70
70622,0,1766,16.82,9.74,36.35,17.43,69.54,13.03,15.35,25.6,57.22,26218,246.00
70623,0,1249,15.69,6.08,30.66,16.05,57.89,25,18.48,21.74,42.37,22527,231.30
70624,3,1212,15.18,8.99,38.28,7.13,13.33,69.89,16.81,33.53,23.22,24071,1467.50
70625,0,97,13.4,8.25,26.92,10.71,55.36,33.93,7.14,36.36,51.79,10153,214.10
70626,0,584,20.55,7.19,32.56,18.72,67.49,13.79,15.38,23.87,60.59,27766,307.00
70627,0,1197,19.63,8.44,36.78,22.43,59.9,17.66,13.6,21.27,58.47,25469,262.30
70628,0,500,21,9.6,43.45,17,66,17,11.92,24.74,55.5,24085,262.30
70629,0,748,19.12,7.49,40.63,11.31,74.66,14.03,9.97,22.68,62.9,21460,155.70
70630,2,3613,18.74,10.82,41.49,17.01,55.33,27.36,16.97,35.38,48.05,27609,636.40
70701,0,646,17.18,9.13,30.86,18.83,66.37,14.8,20.88,30.12,65.02,22505,122.00
70702,0,914,18.71,9.52,37.22,15.89,71.65,12.46,13.21,31.96,64.8,23152,91.60
70703,0,528,15.53,6.63,30.22,17.13,73.48,9.39,11.98,25.77,74.03,23075,195.40
70704,1,1210,18.68,8.6,27.83,14.94,74.89,10.17,10.07,25.7,77.92,19577,76.60
70705,1,1730,19.83,11.79,37.87,22.36,61.11,16.39,14.31,28.39,57.92,21939,76.60
70706,0,715,23.08,11.89,32.02,8.3,73.52,18.18,10.84,23.11,76.28,18992,108.40
70707,0,2319,19.88,10.18,41.92,20.57,60.47,18.97,17.54,34.88,59.73,23742,161.80
70708,1,865,20.12,11.1,34.4,23.15,67.66,9.2,11.87,32.98,67.36,27147,218.20
70709,0,661,18,13.01,39.67,16,61.2,22.8,12.27,30.11,57.6,18829,72.50
70710,0,905,16.8,9.83,26.96,5.15,73.2,21.65,7.72,19.27,79.04,16977,108.40
70711,0,612,21.73,9.48,37.43,28.33,59.67,12,8.86,36.53,72.67,23388,161.80
70712,0,1111,19.89,8.37,33.85,10.38,60.04,29.36,11.53,28.47,54.53,20338,96.20
70713,0,759,19.37,14.76,29.47,10.18,75.44,14.39,7.04,30.34,62.81,20535,108.40
70714,0,347,15.56,2.59,27.27,22.48,61.24,16.28,9.09,24.06,51.94,23504,81.20
70715,0,731,20.93,11.76,44,18.22,65.99,15.79,35.88,32.24,54.66,24843,81.20
70716,0,12107,21.38,13.51,45.53,13.73,48.15,37.38,29.46,49.4,35.9,26528,299.00
70717,0,4619,18.45,10.18,29.35,16.34,61.2,22.46,28.46,28.28,60.37,20798,96.20
70718,0,865,17.69,10.87,34.98,25.87,59.44,14.69,11.89,33.96,55.59,22596,81.20
70719,3,3415,18.8,11.19,39.44,16.2,67.38,16.42,26.88,33.9,63.86,24942,304.30
70720,1,1485,18.11,9.09,30.75,3.74,16.01,80.25,15.38,28.6,80.46,22862,184.60
70721,0,669,18.68,12.71,31.87,6.94,74.29,18.78,7.48,31.25,45.71,20213,136.10
70723,0,1134,18.43,8.64,30.7,12.23,60.6,27.17,19.01,25.92,62.77,18629,96.20
70724,0,821,21.68,12.79,38.26,21.43,61.83,16.74,12.79,33.33,56.47,20790,140.60
70725,0,295,15.93,7.8,34.88,19.51,63.41,17.07,7.27,26.36,72.36,18755,72.50
70726,0,616,18.67,10.06,29.24,14.68,73.02,12.3,15.56,27.88,68.65,21476,72.50
70727,0,469,20.68,8.1,35.07,14.29,70.86,14.86,6.47,32.67,69.14,21224,72.50
70728,0,2028,20.12,10.55,35.67,13.1,47.58,39.31,21.85,38.91,47.11,21416,108.40
70729,0,809,20.02,9.52,29.02,12.55,76.81,10.65,15.15,27.76,73.38,21054,122.00
70731,0,646,18.27,11.15,39.46,30.36,57.5,12.14,16.12,32.6,66.43,25064,184.60
70732,0,1500,18,10.6,39.61,15.3,69.6,15.09,19.33,24.83,68.76,23999,195.40
70733,0,213,12.68,11.74,27.78,7.87,75.28,16.85,2.63,26.32,73.03,15570,136.10
70734,0,2241,18.07,8.12,34.47,9.21,46.32,44.33,24.42,23.43,59.21,19622,140.60
70735,0,1026,17.45,9.16,30.3,12.06,69.41,18.53,21.96,30.15,63.24,23122,122.00
70801,1,658,25.84,6.23,34.41,18.09,72.35,9.56,6.02,28,63.82,20694,78.20
70802,0,630,19.37,10.16,38.12,15.41,37.16,47.13,9.41,32.82,35.35,20758,174.30
70803,0,665,20.75,11.28,42.39,24.07,59.88,15.74,9.63,36.96,54.01,21535,174.30
70804,1,794,17.25,12.85,39.47,15.54,67.23,17.23,3.98,31.52,52.7,22296,174.30
70805,1,1440,19.65,11.46,46.19,23.29,59.13,17.58,16.64,32.82,60.27,26986,392.90
70806,0,839,19.31,15.49,41.82,21.8,63.32,14.53,6.02,35.98,61.94,25646,370.00
70807,0,2620,22.67,13.66,48.13,18.14,56.57,25.2,12.34,40.42,43.79,21237,414.50
70808,0,882,20.29,9.75,37.55,19.01,58.48,22.51,7.67,30.33,41.81,20783,78.20
70809,0,394,25.13,9.64,40.52,17.71,69.71,12.57,11.11,35.52,56.57,22445,106.60
70810,0,258,22.09,10.85,47.44,25.93,63.89,10.19,0,23,62.04,24418,195.50
70811,0,639,18.47,8.92,37.06,22.61,59.77,17.62,5.08,31.38,54.79,22533,226.00
70812,0,43,9.3,20.93,25,20.83,58.33,20.83,11.11,38.89,25,22790,78.20
70813,0,696,18.1,9.77,37.19,22.22,69.73,8.05,5.75,27.86,65.52,21834,78.20
70814,0,555,19.1,9.91,45.78,22.43,69.63,7.94,3.98,27.75,63.55,26552,174.30
70815,0,89,16.85,15.73,28.57,7.5,80,12.5,3.03,18.18,67.5,19357,78.20
70816,1,1287,20.59,12.12,44.79,18.97,68.3,12.72,11.37,29.8,52.9,24930,289.60
70817,0,386,17.36,12.44,37.96,9.94,60.77,29.28,3.7,34.94,40.88,21476,78.20
70818,0,299,21.07,12.37,47.5,25.18,50.36,24.46,5.65,38.76,51.8,14678,132.00
70819,0,71,15.49,12.68,29.41,13.89,72.22,13.89,0,39.39,69.44,19722,78.20
70820,3,2074,20.06,9.79,46.17,21.61,61.34,17.05,25.54,36.12,54.19,24583,306.00
70821,0,1155,17.4,11,36.67,13.69,51.59,34.47,9.28,36.22,32.27,24805,414.50
70822,0,382,23.56,11.52,43.59,13.1,80,6.9,3.64,29.09,59.31,23651,162.90
70823,0,54,46.3,9.26,66.67,10,80,10,0,40,60,14827,106.60
70824,1,465,21.08,10.32,45.45,19.44,65.28,14.81,6.7,25.26,47.69,20465,195.50
70825,1,93,23.66,9.68,26.92,15.38,78.02,6.59,0,32.43,75.82,21993,78.20
70826,1,1665,18.08,8.23,45.59,22.42,67.27,10.1,10.16,31.27,64.04,24337,306.00
70827,0,424,24.06,8.49,46.28,8.97,77.93,13.1,6.51,29.59,38.62,21857,162.90
70828,5,7308,16.48,10.08,42.43,14.97,52.82,31.58,22.1,40.24,41.7,24853,289.50
70829,1,465,16.34,9.03,31.4,14.79,65.68,19.53,9.89,35.16,48.52,19328,132.00
70830,0,515,19.22,10.29,47.85,31.82,64.05,4.13,5.68,30.74,61.16,22807,106.60
70831,0,643,18.35,7,32.45,16.67,71.71,11.63,2.09,24.28,52.71,19938,78.20
70832,0,1171,17.68,8.37,37.84,12.65,65.57,21.55,9.45,30.72,53.86,20822,226.00
70833,2,1517,19.78,10.35,41.06,23.26,63.69,13.06,11.02,30.75,55.28,19476,162.90
70834,0,279,21.15,10.04,29.87,17.6,70.4,12,2.7,32.74,62.4,27324,106.60
70835,1,999,18.12,9.41,41.02,14.76,71.39,13.86,10.87,32,59.34,29067,289.60
70836,0,1253,21.79,9.18,41.18,27.14,63.47,9.39,6.8,32.86,54.29,21616,195.50
70837,0,239,21.76,13.81,52,16.67,71.11,11.11,3.16,26.53,53.33,18259,132.00
70901,1,2238,21.36,11.8,44.74,21.86,59.38,18.64,13.19,35.89,50.29,21905,393.60
70902,0,1886,17.18,7.26,32.51,23.05,57.12,19.82,21.02,32.47,56.39,20327,607.00
70903,0,383,19.06,6.79,33.33,16.78,57.72,24.83,6.92,20.77,32.21,21540,206.00
70904,1,1135,16.48,9.16,38.72,17.66,52.99,29.34,22.49,31.37,49.7,23088,763.80
70905,1,2610,18.58,9.85,42.38,22.97,60.16,16.87,21.35,30.12,55.25,27262,552.00
70907,0,3560,18.17,8.79,40.76,22.18,47.16,29.87,21.75,36.3,45.85,25413,694.70
70908,0,1422,21.03,10.9,41.58,24.66,46.38,28.45,14.66,30.24,43.62,22473,376.30
70909,0,4317,15.64,9.78,38.32,9.71,52.11,37.82,27.82,31.73,35.9,23513,755.90
70910,1,1504,15.76,7.05,34.82,27.41,54.49,17.44,21.17,27.56,47.34,21699,454.00
70911,0,697,15.21,5.74,32.06,20.1,61.24,18.66,18.32,22.05,56.94,21998,276.20
70912,0,792,17.93,9.97,36.49,17.61,39.94,41.82,13.26,28.81,19.81,22616,206.00
70913,0,480,13.75,6.67,27.94,19.43,58.29,22.27,12.78,24.73,59.72,18444,206.00
70914,0,750,16.67,8.27,32.26,24.83,51.66,23.51,14.8,25.81,57.95,21893,206.00
70915,1,1682,17.24,7.13,34.32,21.85,57.89,20.1,15.7,31.32,54.7,20368,562.70
70916,0,1437,19.28,7.59,36.71,13.47,59.77,26.19,16.67,28.9,48.96,20092,370.90
70917,1,7644,17.18,9.38,42.9,14.65,48.4,35.7,28.58,38.72,36.48,26075,552.00
70918,0,1294,16.92,8.42,36.19,19.5,58.09,22.41,26.19,33.03,45.85,22066,497.10
70920,2,3979,18.77,10.53,37.28,9.63,47.06,43.03,23.43,35.66,33.03,24762,770.60
70921,1,1279,17.12,8.6,39.68,27.59,54.45,17.79,22.14,27.71,72.96,25381,280.20
70922,0,1745,16.96,6.7,32.28,11.54,59.19,29.27,25.1,29.94,38.03,21795,568.30
70923,0,1236,18.69,7.77,36.68,8.31,57.34,34.35,20.64,33.75,41,23663,913.80
70924,0,588,13.1,7.48,27.33,18.52,60.91,20.16,16.36,30.04,44.44,18975,206.00
70925,0,1594,14.18,7.84,36.77,14.32,61.89,23.79,25.16,28.86,45.87,21417,276.20
70926,3,14480,17.45,10.26,42.74,14.2,44.99,39.4,29.41,39.48,39.94,26767,577.80
70927,1,1788,14.88,8.28,32.95,11.81,58.48,29.71,21.31,27.12,42.29,20665,568.30
70928,1,2244,17.34,8.33,43.9,11.35,67.03,21.62,33.3,29.65,50.86,28346,657.40
70929,0,298,20.47,16.78,44.83,24.09,59.09,16.82,7.41,36.03,65.45,18232,393.60
70930,0,842,17.1,9.38,31.95,17.29,60.34,22.03,19.2,32.09,37.97,24725,552.00
70931,0,1916,18.06,8.14,32.45,5.29,58.94,35.77,23.54,31.71,39.23,23207,497.10
70932,0,869,18.87,8.63,30.8,20.84,60.16,19,7.74,26.32,51.45,18850,206.00
70933,0,2298,16.67,7.53,38.55,24.23,52.88,22.89,25.2,30.28,50.6,28075,465.50
70934,0,1913,18.71,8.42,38.22,17.42,43.54,38.03,19.04,28.52,33.24,23919,376.30
70935,0,2025,17.04,7.06,38.78,12.03,60.55,27.02,30.69,31.23,44.18,24128,913.80
70936,1,5479,17.63,8.49,41.47,17.09,61.38,21.45,29.12,30.02,51.49,26645,531.70
70937,0,1830,16.07,7.43,40.39,18.54,55.21,26.25,23.79,35.45,46.67,27976,690.70
70938,0,2570,16.15,7.98,36.16,26.91,52.07,20.92,24.16,24.23,59.37,23820,467.20
70939,1,2224,17.13,8.99,43.68,17.82,60.89,21.12,23.66,31.9,45.71,26168,552.00
70940,2,1757,19.29,13.77,37.14,10.19,41.19,48.41,21.58,36.4,23.78,25834,402.90
70941,1,662,17.37,10.27,30.89,25.71,54.55,19.75,11.88,30.04,58.62,22399,402.90
80101,0,2419,18.35,9.01,41.16,46.26,46.65,7.09,12.33,27.32,63.36,23750,316.40
80102,0,351,13.11,8.55,31.25,12.59,67.13,20.28,6.62,29.41,57.34,22377,441.00
80103,3,15102,17.22,9.99,42.2,14.94,49.1,34.97,22.74,41.21,45.31,25882,605.80
80104,0,2608,16.56,5.98,41.57,23.09,53.49,22.76,20.21,32.58,60.63,23700,441.00
80105,0,754,16.98,9.42,37,11.99,44.48,41.96,10,37,35.02,23686,534.50
80106,0,3447,17.96,8.76,43.47,22.51,54.41,22.97,17.48,34.2,46.87,26379,534.50
80107,0,617,17.99,9.72,41.21,28.57,54.23,17.2,8.68,31.98,64.72,24915,534.50
80108,0,1627,19.85,10.33,41.88,17.52,67.36,15.13,8.88,26.83,50.96,24507,171.50
80109,0,468,13.68,6.41,28.07,22.55,50.55,26.91,9.88,33.33,71.64,21322,171.20
80110,1,1570,21.02,10.25,42.49,17.83,53.62,28.42,10.18,37.54,51.61,26392,229.00
80111,1,1091,18.33,11,38.14,9.76,78.05,12.2,11.62,29.54,56.71,23176,171.50
80112,0,667,20.09,10.79,38.12,14.33,55.97,29.69,8.13,29.62,35.49,27265,171.50
80113,0,1569,17.21,10.2,30.93,6.61,26.58,64.61,21.64,42.72,14.68,32362,2226.60
80114,0,305,15.08,10.16,43.02,17.43,76.15,6.42,4.8,28.8,64.22,30175,335.10
80115,2,3696,16.31,6.98,37.92,17.28,65.23,17.48,17.92,32.01,61.94,23108,536.70
80116,1,6528,16.79,9.19,40.72,22.28,63.62,14.1,18.09,31.05,60.87,23031,441.00
80117,5,4957,18.1,10.97,44.57,22.75,62.68,14.5,20.05,32.63,65.1,28150,764.70
80118,0,903,17.28,8.08,40.16,22.45,56.63,20.92,8.2,30.87,63.52,19803,171.20
80119,0,728,19.51,9.2,41.63,23.65,55.67,20.69,18.97,33.33,58.13,26149,335.10
80120,0,2222,20.34,11.39,40.41,27.75,55.42,16.48,10.79,33.4,52.73,24480,308.70
80121,0,396,16.67,6.57,41.05,6.87,63.36,29.77,17.28,38.27,46.56,21607,171.20
80122,2,4000,19.43,12.5,46.02,12.75,55.55,31.62,19.16,43.31,45.89,26309,548.10
80123,0,849,17.67,8.01,35.92,27.27,59.67,13.05,11.64,24.21,58.28,22471,171.50
80124,0,624,18.59,8.01,32.34,15.83,58.27,25.9,11.67,33.98,59.35,19751,171.20
80125,0,284,16.9,8.8,34.12,20.62,65.98,13.4,9.65,26.32,69.07,22843,335.10
80126,0,2336,18.96,8.56,45.66,23.16,60.75,16.09,15.63,31.83,64.22,26178,441.00
80127,0,745,15.17,8.46,29.67,14.38,69.28,16.34,8.16,25.18,71.57,21856,171.20
80128,0,2257,19.72,10.63,43.47,24.95,56.56,18.39,13.43,36.02,56.1,25606,334.50
80129,0,2828,19.02,9.44,41.26,30.3,59.24,10.36,15.33,31.68,57.12,25780,348.40
80201,0,3338,17.14,7.34,35.41,30.65,58.44,10.92,14.01,30.48,67.34,23674,363.90
80202,0,2705,13.23,7.17,30.88,20.25,57.9,21.85,18.44,29.01,52.96,23014,318.60
80203,0,1905,16.06,8.5,34.12,23.36,60.81,15.7,16.53,29.97,55.44,23057,332.90
80204,0,2034,16.72,9.59,37.69,18.19,56.7,25.11,16.69,33.78,50.21,23532,318.60
80205,0,830,17.11,7.59,37.72,30.4,58.81,10.8,14.03,31.64,72.16,25340,682.80
80206,0,1113,15.9,9.61,31.62,27.21,54.2,18.59,13.15,32.88,61,21036,318.60
80207,6,29476,17.53,10.33,40.38,7.04,33.99,54.45,24.74,45.97,34.59,26189,1045.30
80208,0,598,15.55,9.03,33.92,30.6,67.67,1.72,9.38,23.21,73.71,24517,363.90
80209,0,339,17.99,8.26,34.07,31.07,36.41,32.04,13.04,40.4,49.03,24627,332.90
80210,0,1048,18.23,9.45,37.83,24.19,62.9,12.9,11.37,27.96,68.55,23956,219.90
80211,0,3774,16.64,8.19,34.12,32.13,49.74,18.13,17.6,32.52,64.59,23692,403.30
80212,0,419,19.81,6.68,34.82,15.6,54.61,29.79,8,28,49.65,23178,362.00
80213,0,4080,15.98,8.43,40,32.07,57.19,10.74,18.13,28.83,71.01,23887,781.10
80214,0,1886,14.48,10.66,37.43,26.78,66.72,6.51,9.31,23.47,82.3,18657,580.10
80215,6,13639,17.81,9.07,41.76,17.53,55.41,26.64,25.35,35.95,56.67,25034,808.70
80216,0,2068,15.62,7.69,33.21,17.19,61.1,21.58,15.48,31.91,57.09,21145,161.20
80217,1,8566,16.43,9.15,40.63,23.37,65.12,11.47,18.3,31.3,69.08,23192,785.80
80218,0,6731,17.58,9.84,40.14,20.01,56.28,23.71,21.32,33.61,56.45,22503,848.50
80219,0,1423,18.41,7.87,42.29,23.78,61.77,14.45,11.13,26.57,64.57,23282,429.00
80220,0,1860,17.74,12.26,41.29,23.08,51.28,25.25,22.52,34.11,54.64,25267,848.50
80221,0,1110,18.29,9.64,40.63,13.65,70.75,15.6,16.97,35.89,53.48,20772,219.90
80222,0,1500,21,8.93,42.03,22.77,56.73,20.5,10.46,28.43,57.14,24757,376.70
80223,0,1187,16.34,7.5,38.84,18.57,56.5,24.67,14.23,28.87,58.89,22174,219.90
80224,5,10568,16.31,8.11,40.07,14.26,62.42,23.24,26.62,35.09,61.16,25890,885.90
80225,0,1594,17.5,6.9,34.91,13.89,64.53,21.37,21.28,29.13,51.5,25049,213.60
80226,0,6696,19.82,12.29,47.71,16.44,45.13,35.4,29.35,45.1,48.41,25451,1311.30
80227,0,1303,17.34,8.9,37.43,17.01,59.34,23.65,19.17,34.77,51.04,23122,332.90
80228,0,5077,18.63,10.36,46.62,13.51,48.33,37.81,18.14,42.15,25.91,22479,404.70
80229,0,559,20.39,5.01,42.33,17.58,63.03,19.39,19.07,22.69,50.91,21572,376.70
80230,0,671,15.35,6.56,40.91,31.56,50.82,17.62,14.44,32.49,58.61,21868,318.60
80231,0,1070,15.33,7.48,34.13,23.14,60.11,16.76,11.41,27.36,53.72,19466,161.20
80232,0,485,17.94,7.84,42.57,19.19,64.65,16.16,12.87,26.6,61.62,21656,318.60
80233,0,941,11.16,12.54,37.45,7.51,60.59,31.9,11.75,30.65,54.42,24383,404.70
80234,0,216,17.59,9.72,39.66,12.96,37.96,47.22,23.33,41.05,29.63,26174,404.70
80235,1,3854,17.49,11,41.86,17.03,65.85,16.94,28.08,32.32,69.49,28110,877.70
80236,2,1900,15.37,8.68,31.97,20.56,52.71,26.73,12.3,34.05,60.39,23005,523.30
80237,0,475,14.53,11.37,33.33,23.11,56,20.89,14.29,32.79,68,21773,161.20
80238,0,1854,18.93,8.31,38.63,20.55,56.65,22.45,15.83,26.85,54.06,20410,376.70
80239,0,184,19.02,4.89,41.86,10,44,43,17.5,53.01,34,22212,404.70
80240,4,8954,16.52,9.08,40.28,19.35,59.61,20.86,26.93,34.18,63.79,26124,877.70
80301,4,52108,15.88,9.11,41.02,20.21,53.78,25.1,25.38,38.69,60.23,25254,834.70
80302,7,17432,14.98,8.73,38.95,18.64,59.13,21.83,21.78,34.04,61.8,22415,595.70
80303,4,24603,15.4,8.78,38.96,25.76,53.9,20,24.87,33.62,64.52,22591,712.50
80401,0,7198,16.5,8.1,40.92,28.18,56.51,15.06,26.48,31.32,66.55,22917,787.40
80402,0,445,15.28,7.19,35.11,17.75,66.27,15.98,5.45,20,76.92,22636,383.20
80403,0,154,24.03,5.84,45,26.74,65.12,8.14,10.61,41.79,74.42,15736,383.20
80404,0,36708,15.78,8.78,42.37,15.26,52.24,31.34,28.39,39.3,57.09,23536,848.90
80405,0,6670,16.96,8.76,38.26,25.51,59.38,15.06,16.42,33.95,64.58,22048,527.10
80406,0,768,16.54,6.38,40.18,31.29,56.47,12.23,11.78,25.59,75.9,21975,508.80
80407,4,3332,18.31,9.6,43.97,27.99,63.81,8.2,19.42,28.7,74.51,23803,486.40
80408,0,12405,15.68,8.91,41.98,23.84,57.76,17.86,22.46,34.66,63.84,22940,751.90
80409,2,3073,17.51,8.33,40.27,27.14,58.4,14.46,17.7,32.4,67.32,25120,830.70
80410,0,4956,16.99,7.36,42.19,33.35,57.71,8.94,18.63,29.04,74.79,22773,752.00
80411,0,703,20.48,8.39,38.78,24.05,60.41,15.54,9.71,29.5,58.65,20464,240.50
80412,3,4249,15.23,7.46,39.34,24.71,62.81,12.48,24.27,27.12,74.14,20983,641.20
80413,1,2532,15.44,6.6,39.86,25.06,66.55,8.39,12.73,27.5,76,20123,730.50
80414,0,12157,17.64,10.07,40.92,10.95,68.86,19.93,24.72,33.8,58.14,23460,742.60
80415,0,390,14.62,11.03,38.79,19.58,70.63,9.79,11.76,24.18,67.83,24324,462.90
80416,0,2239,16.48,10.36,43.21,24.03,60.45,14.93,28.65,36.05,60.3,24370,732.10
80417,0,2799,17.79,10.04,40.08,18.75,66.44,14.81,17.49,29.4,64.93,22888,525.70
80418,0,2592,15.63,7.6,39.51,13.23,69.1,17.68,20.67,28.35,60.73,23601,462.90
80419,0,805,17.52,6.71,32.44,22.08,68.45,9.46,11.58,27.01,82.65,23901,462.90
80420,0,2712,16.3,9.22,42.23,15.76,67.58,16.41,26.54,34.57,60.03,23006,732.10
80421,0,622,15.59,9.65,34.41,32.83,59.62,7.55,10.61,22.86,69.81,20260,525.70
80422,0,438,19.86,7.53,40.77,21.23,71.23,7.53,15.64,27.78,63.7,25237,508.80
80423,0,2297,15.63,7.44,42.9,13.7,74.7,11.6,20.93,32.93,65.51,23333,830.70
80424,0,3419,18.25,8.48,44.51,20.24,66.88,12.79,19.06,30.81,72.03,23190,508.80
90101,3,16281,19.04,14.33,41.36,5.85,3.59,39.14,7.38,50.28,0.63,41355,-
90201,3,112675,13.05,7.13,40.99,25.08,15.01,26.39,10.19,47.36,32.21,26757,-
90301,4,98881,14.32,7.88,43.2,8.49,5.65,38.1,10.47,49.8,4.96,30498,-
90401,2,33444,15.28,8.84,42.94,3.51,2.25,47.35,12.18,49.22,1.32,33894,-
90501,3,54581,13.88,6.65,45.39,3.29,2.74,44.32,10.41,51.94,1.48,26334,-
90601,4,31083,14.84,8.17,48.28,8.52,4.46,43.2,10.42,51.45,1.01,30270,-
90701,1,31330,14.76,7.66,49.3,4.15,3.84,59.08,10.32,52.46,1.43,31591,-
90801,2,24242,14.88,8.73,46.81,3.9,3.99,48.7,10.43,51.39,1.39,35697,-
90901,1,41664,13.92,8,46.78,5.69,4.01,45.28,9.34,51.67,1.07,33337,-
91001,14,223190,13.52,7.24,38.69,35.3,23.2,23.61,8.84,43.19,50.23,26429,861.60
91101,9,112149,13.43,6.65,37.77,40.83,20.89,22.13,8.94,40.81,48.8,26138,700.10
91201,5,102393,14.1,7.48,40.35,22.43,27,32.87,10.34,46.88,37.09,27344,882.30
91301,18,56108,16.11,13.7,41.52,24.26,44.16,29.31,18.52,45.25,58.56,37444,1310.80
91401,40,99049,15.82,9.67,42.83,31.93,38.35,23.02,14.3,46.33,63.84,31029,1002.80
91501,2,75902,13.7,6.56,42.9,6.53,9.3,57.7,7.45,49.58,7.67,24218,-
91601,4,102727,14.64,7.6,42.08,23.55,19.74,39.15,10.45,48.59,34.5,27230,972.10
91701,4,56767,14.43,8.33,42.34,32.19,26,31.98,12.6,47.12,52.59,30438,1253.50
91801,10,51376,14.17,9.66,40.57,15.6,21.03,53.42,16.09,49.03,28.6,35529,1722.40
91901,24,76074,15.11,12.8,39.77,24.13,31.15,37.45,15.95,47.67,43.6,35804,1752.30
92001,3,86950,14.11,7.45,41.15,9.73,3.78,27.77,9.79,48.01,5.32,25299,-
92101,39,189551,14.62,8.1,39.48,38.05,33.36,20.83,10.35,42.03,63.53,28353,775.30
92201,67,228158,14.2,7.1,39.57,43.74,35.38,16.3,12.22,38.89,77.29,28934,824.00
92301,40,123714,14.98,10.06,40.34,34.6,37.96,23.83,14.72,40.8,60.38,31833,832.40