"id","name","total_pop","pop_60to74","percent_60to74","pop_75andUp","percent_75andUp","households_no_kids","percent_households_no_kids"
"10101","Eisenstadt",16118,2951,18.31,1598,9.91,1724,41.24
"10201","Rust",1933,420,21.73,300,15.52,245,43.83
"10301","Breitenbrunn am Neusiedler See",1943,463,23.83,323,16.62,293,52.42
"10302","Donnerskirchen",1881,460,24.46,192,10.21,255,46.79
"10303","Großhöflein",2078,461,22.18,178,8.57,293,46.07
"10304","Hornstein",3323,696,20.94,369,11.1,460,47.82
"10305","Klingenbach",1203,267,22.19,114,9.48,147,41.76
"10306","Leithaprodersdorf",1258,234,18.6,111,8.82,128,34.78
"10307","Mörbisch am See",2181,542,24.85,294,13.48,303,44.62
"10308","Müllendorf",1521,287,18.87,137,9.01,199,43.54
"10309","Neufeld an der Leitha",3594,643,17.89,407,11.32,449,44.11
"10310","Oggau am Neusiedler See",1691,415,24.54,212,12.54,231,45.56
"10311","Oslip",1304,327,25.08,138,10.58,187,46.75
"10312","Purbach am Neusiedler See",3053,696,22.8,339,11.1,437,47.97
"10313","Sankt Margarethen im Burgenland",2720,612,22.5,350,12.87,366,44.74
"10314","Schützen am Gebirge",1448,315,21.75,166,11.46,185,41.39
"10315","Siegendorf",3228,623,19.3,385,11.93,413,42.19
"10316","Steinbrunn",2996,512,17.09,318,10.61,358,40.82
"10317","Trausdorf an der Wulka",2143,474,22.12,271,12.65,292,46.2
"10318","Wimpassing an der Leitha",1724,286,16.59,137,7.95,226,44.58
"10319","Wulkaprodersdorf",1938,402,20.74,207,10.68,232,39.39
"10320","Loretto",520,119,22.88,60,11.54,76,51.01
"10321","Stotzing",821,159,19.37,84,10.23,92,38.17
"10322","Zillingtal",1045,242,23.16,78,7.46,147,47.73
"10323","Zagersdorf",1142,246,21.54,135,11.82,148,43.02
"10401","Bocksdorf",790,174,22.03,104,13.16,104,42.98
"10402","Burgauberg-Neudauberg",1434,310,21.62,134,9.34,186,45.37
"10403","Eberau",910,261,28.68,143,15.71,139,51.48
"10404","Gerersdorf-Sulz",1028,273,26.56,140,13.62,142,45.22
"10405","Güssing",3520,815,23.15,549,15.6,448,44.49
"10406","Güttenbach",843,231,27.4,127,15.07,103,40.39
"10407","Heiligenbrunn",710,210,29.58,104,14.65,116,50.88
"10408","Kukmirn",1985,498,25.09,258,13,267,44.5
"10409","Neuberg im Burgenland",943,246,26.09,100,10.6,110,39.15
"10410","Neustift bei Güssing",444,139,31.31,73,16.44,73,55.3
"10411","Olbendorf",1470,402,27.35,173,11.77,185,42.24
"10412","Ollersdorf im Burgenland",955,244,25.55,108,11.31,128,43.99
"10413","Sankt Michael im Burgenland",1007,249,24.73,135,13.41,135,43.69
"10414","Stegersbach",2741,582,21.23,319,11.64,324,42.8
"10415","Stinatz",1193,308,25.82,114,9.56,137,39.03
"10416","Strem",934,227,24.3,198,21.2,135,52.53
"10417","Tobaj",1369,347,25.35,113,8.25,181,43.61
"10418","Hackerberg",383,86,22.45,32,8.36,47,40.87
"10419","Wörterberg",538,121,22.49,47,8.74,63,44.37
"10420","Großmürbisch",232,83,35.78,30,12.93,35,53.03
"10421","Inzenhof",336,89,26.49,35,10.42,41,42.27
"10422","Kleinmürbisch",227,59,25.99,29,12.78,30,42.25
"10423","Tschanigraben",64,24,37.5,7,10.94,10,52.63
"10424","Heugraben",233,62,26.61,32,13.73,31,46.27
"10425","Rohr im Burgenland",369,101,27.37,43,11.65,56,49.56
"10426","Bildein",352,83,23.58,46,13.07,34,34.69
"10427","Rauchwart",478,133,27.82,45,9.41,58,42.03
"10428","Moschendorf",364,106,29.12,55,15.11,57,47.5
"10501","Deutsch Kaltenbrunn",1730,426,24.62,187,10.81,229,43.79
"10502","Eltendorf",900,245,27.22,124,13.78,120,43.17
"10503","Heiligenkreuz im Lafnitztal",1242,301,24.24,167,13.45,187,48.45
"10504","Jennersdorf",4159,1030,24.77,484,11.64,580,47.5
"10505","Minihof-Liebau",1041,260,24.98,108,10.37,142,43.29
"10506","Mogersdorf",1153,261,22.64,124,10.75,146,41.48
"10507","Neuhaus am Klausenbach",879,222,25.26,123,13.99,109,42.08
"10508","Rudersdorf",2241,499,22.27,252,11.24,315,46.32
"10509","Sankt Martin an der Raab",1941,483,24.88,244,12.57,291,47.63
"10510","Weichselbaum",712,207,29.07,85,11.94,109,49.77
"10511","Königsdorf",784,177,22.58,100,12.76,112,47.26
"10512","Mühlgraben",375,118,31.47,29,7.73,41,37.27
"10601","Draßburg",1233,259,21.01,165,13.38,155,45.06
"10602","Forchtenstein",2800,635,22.68,305,10.89,400,46.62
"10603","Hirm",1103,214,19.4,90,8.16,144,44.04
"10604","Loipersbach im Burgenland",1214,249,20.51,138,11.37,145,40.28
"10605","Marz",2074,475,22.9,189,9.11,280,43.14
"10606","Mattersburg",7554,1434,18.98,731,9.68,920,42.42
"10607","Neudörfl",5015,911,18.17,504,10.05,647,46.41
"10608","Pöttelsdorf",754,146,19.36,84,11.14,107,45.92
"10609","Pöttsching",3068,689,22.46,331,10.79,429,47.67
"10610","Rohrbach bei Mattersburg",2684,575,21.42,289,10.77,349,42.87
"10611","Bad Sauerbrunn",2355,460,19.53,277,11.76,269,41.32
"10612","Schattendorf",2360,517,21.91,236,10,311,43.8
"10613","Sieggraben",1253,302,24.1,124,9.9,170,43.7
"10614","Sigleß",1183,227,19.19,157,13.27,180,48.78
"10615","Wiesen",2792,603,21.6,337,12.07,362,43.51
"10616","Antau",846,176,20.8,81,9.57,114,43.51
"10617","Baumgarten",922,195,21.15,127,13.77,121,44.16
"10618","Zemendorf-Stöttera",1320,264,20,130,9.85,164,43.97
"10619","Krensdorf",624,145,23.24,54,8.65,73,39.25
"10701","Andau",2266,603,26.61,311,13.72,345,47.26
"10702","Apetlon",1749,449,25.67,238,13.61,228,42.86
"10703","Bruckneudorf",3108,588,18.92,198,6.37,400,44.89
"10704","Deutsch Jahrndorf",643,152,23.64,84,13.06,85,43.15
"10705","Frauenkirchen",2963,684,23.08,364,12.28,374,44.84
"10706","Gattendorf",1518,276,18.18,134,8.83,172,38.83
"10707","Gols",3937,820,20.83,407,10.34,448,38.59
"10708","Halbturn",1871,452,24.16,259,13.84,233,40.59
"10709","Illmitz",2333,608,26.06,292,12.52,317,44.15
"10710","Jois",1655,366,22.11,155,9.37,200,41.49
"10711","Kittsee",3803,608,15.99,309,8.13,309,30.41
"10712","Mönchhof",2191,486,22.18,242,11.05,280,41.42
"10713","Neusiedl am See",8885,1606,18.08,710,7.99,916,36.57
"10714","Nickelsdorf",1843,410,22.25,195,10.58,236,43.62
"10715","Pama",1284,248,19.31,120,9.35,139,37.98
"10716","Pamhagen",1472,398,27.04,180,12.23,205,44.18
"10717","Parndorf",5362,843,15.72,334,6.23,589,38.2
"10718","Podersdorf am See",2146,532,24.79,277,12.91,257,40.28
"10719","Sankt Andrä am Zicksee",1389,381,27.43,173,12.46,190,45.78
"10720","Tadten",1142,316,27.67,162,14.19,175,47.81
"10721","Wallern im Burgenland",1624,418,25.74,200,12.32,187,36.67
"10722","Weiden am See",2597,570,21.95,283,10.9,319,41.54
"10723","Winden am See",1384,295,21.32,139,10.04,188,45.97
"10724","Zurndorf",2320,517,22.28,294,12.67,280,41.98
"10725","Neudorf",857,160,18.67,72,8.4,90,37.34
"10726","Potzneusiedl",679,128,18.85,70,10.31,76,40
"10727","Edelstal",824,181,21.97,80,9.71,97,40.59
"10801","Deutschkreutz",3140,743,23.66,391,12.45,429,45.21
"10802","Draßmarkt",1381,320,23.17,171,12.38,153,38.06
"10803","Frankenau-Unterpullendorf",1088,300,27.57,152,13.97,139,42.25
"10804","Großwarasdorf",1362,409,30.03,201,14.76,207,50.86
"10805","Horitschon",1807,465,25.73,175,9.68,247,43.18
"10806","Kaisersdorf",595,129,21.68,75,12.61,70,41.42
"10807","Kobersdorf",1878,412,21.94,197,10.49,229,40.75
"10808","Lackenbach",1161,280,24.12,155,13.35,161,48.64
"10809","Lockenhaus",2072,472,22.78,230,11.1,245,41.95
"10810","Lutzmannsburg",842,219,26.01,110,13.06,114,49.14
"10811","Mannersdorf an der Rabnitz",1783,417,23.39,218,12.23,240,45.2
"10812","Markt Sankt Martin",1281,281,21.94,146,11.4,166,43.92
"10813","Neckenmarkt",1675,387,23.1,213,12.72,207,40.75
"10814","Neutal",1140,242,21.23,147,12.89,130,41.27
"10815","Nikitsch",1389,358,25.77,268,19.29,154,41.62
"10816","Oberpullendorf",3337,726,21.76,374,11.21,407,44.53
"10817","Pilgersdorf",1569,408,26,156,9.94,201,42.58
"10818","Piringsdorf",824,194,23.54,93,11.29,107,42.8
"10819","Raiding",916,177,19.32,184,20.09,106,42.23
"10820","Ritzing",911,227,24.92,141,15.48,139,51.67
"10821","Steinberg-Dörfl",1308,303,23.17,152,11.62,171,43.4
"10822","Stoob",1354,284,20.97,134,9.9,177,43.07
"10823","Weppersdorf",1910,393,20.58,231,12.09,214,39.56
"10824","Lackendorf",615,146,23.74,58,9.43,79,42.02
"10825","Unterfrauenhaid",645,155,24.03,53,8.22,70,37.43
"10826","Unterrabnitz-Schwendgraben",615,140,22.76,54,8.78,64,34.97
"10827","Weingraben",348,86,24.71,48,13.79,44,42.31
"10828","Oberloisdorf",798,177,22.18,75,9.4,94,40.17
"10901","Bad Tatzmannsdorf",1658,375,22.62,212,12.79,208,45.61
"10902","Bernstein",2159,534,24.73,301,13.94,278,43.57
"10903","Deutsch Schützen-Eisenberg",1077,300,27.86,175,16.25,156,47.27
"10904","Grafenschachen",1253,271,21.63,107,8.54,127,34.42
"10905","Großpetersdorf",3595,801,22.28,433,12.04,440,42.68
"10906","Hannersdorf",740,183,24.73,103,13.92,106,48.18
"10907","Kemeten",1539,332,21.57,138,8.97,195,42.48
"10908","Kohfidisch",1437,371,25.82,166,11.55,189,43.65
"10909","Litzelsdorf",1151,274,23.81,129,11.21,167,47.04
"10910","Loipersdorf-Kitzladen",1360,245,18.01,92,6.76,151,36.56
"10911","Mariasdorf",1136,275,24.21,112,9.86,141,40.87
"10912","Markt Allhau",2011,418,20.79,200,9.95,231,39.97
"10913","Markt Neuhodis",643,202,31.42,73,11.35,104,52
"10914","Mischendorf",1442,376,26.07,181,12.55,196,44.04
"10915","Oberdorf im Burgenland",978,259,26.48,97,9.92,142,48.46
"10916","Oberschützen",2472,503,20.35,288,11.65,294,41.58
"10917","Oberwart",8060,1584,19.65,866,10.74,860,39.2
"10918","Pinkafeld",5890,1158,19.66,715,12.14,654,40.57
"10919","Rechnitz",3053,700,22.93,413,13.53,336,40.14
"10920","Riedlingsdorf",1691,342,20.22,186,11,208,41.27
"10921","Rotenturm an der Pinka",1447,315,21.77,152,10.5,196,43.85
"10922","Schachendorf",743,181,24.36,90,12.11,85,40.09
"10923","Stadtschlaining",2050,466,22.73,254,12.39,255,43.52
"10924","Unterkohlstätten",970,254,26.19,97,10,117,38.61
"10925","Unterwart",1013,224,22.11,78,7.7,122,41.78
"10926","Weiden bei Rechnitz",786,199,25.32,100,12.72,103,43.1
"10927","Wiesfleck",1205,249,20.66,91,7.55,151,42.06
"10928","Wolfau",1516,319,21.04,128,8.44,160,37.91
"10929","Neustift an der Lafnitz",823,162,19.68,46,5.59,102,39.38
"10930","Jabing",720,179,24.86,83,11.53,107,44.4
"10931","Badersdorf",286,73,25.52,35,12.24,36,42.35
"10932","Schandorf",328,89,27.13,70,21.34,44,51.16
"20101","Klagenfurt am Wörthersee",105256,19666,18.68,11407,10.84,11898,44.09
"20201","Villach",65749,12494,19,7290,11.09,7892,45.68
"20302","Dellach",1185,262,22.11,175,14.77,146,40.78
"20305","Hermagor-Pressegger See",6905,1506,21.81,997,14.44,889,44.45
"20306","Kirchbach",2478,562,22.68,321,12.95,259,37.32
"20307","Kötschach-Mauthen",3320,722,21.75,473,14.25,395,41.58
"20316","St. Stefan im Gailtal",1551,400,25.79,263,16.96,190,42.32
"20320","Gitschtal",1228,290,23.62,165,13.44,153,41.58
"20321","Lesachtal",1274,261,20.49,154,12.09,98,30.25
"20402","Ebenthal in Kärnten",8224,1629,19.81,889,10.81,1049,42.96
"20403","Feistritz im Rosental",2502,522,20.86,351,14.03,320,43.78
"20405","Ferlach",7513,1579,21.02,978,13.02,913,44.36
"20409","Grafenstein",3088,565,18.3,290,9.39,382,41.39
"20412","Keutschach am See",2418,587,24.28,295,12.2,298,42.75
"20414","Köttmannsdorf",3186,652,20.46,378,11.86,434,43.93
"20415","Krumpendorf am Wörthersee",3579,777,21.71,445,12.43,431,44.66
"20416","Ludmannsdorf",1812,440,24.28,187,10.32,194,36.53
"20417","Maria Rain",2732,504,18.45,278,10.18,312,39.59
"20418","Maria Saal",4024,892,22.17,472,11.73,505,41.56
"20419","Maria Wörth",1661,397,23.9,231,13.91,198,47.48
"20421","Moosburg",4667,960,20.57,595,12.75,561,43.25
"20424","Pörtschach am Wörther See",3002,693,23.08,397,13.22,373,45.6
"20425","Poggersdorf",3353,663,19.77,308,9.19,411,40.77
"20428","St. Margareten im Rosental",1087,235,21.62,123,11.32,110,35.03
"20432","Schiefling am Wörthersee",2683,637,23.74,246,9.17,339,42.91
"20435","Techelsberg am Wörther See",2212,507,22.92,231,10.44,263,41.22
"20441","Zell",587,131,22.32,75,12.78,47,31.13
"20442","Magdalensberg",3730,721,19.33,377,10.11,428,38.77
"20501","Althofen",4950,995,20.1,495,10,616,45.8
"20502","Brückl",2734,588,21.51,290,10.61,354,43.6
"20503","Deutsch-Griffen",822,218,26.52,111,13.5,88,40.74
"20504","Eberstein",1227,272,22.17,169,13.77,135,39.94
"20505","Friesach",4852,1089,22.44,698,14.39,582,43.05
"20506","Glödnitz",835,206,24.67,97,11.62,86,38.57
"20508","Gurk",1178,281,23.85,146,12.39,142,41.89
"20509","Guttaring",1498,299,19.96,166,11.08,171,39.68
"20511","Hüttenberg",1274,321,25.2,181,14.21,165,45.96
"20512","Kappel am Krappfeld",1936,382,19.73,207,10.69,234,40.7
"20513","Klein St. Paul",1785,378,21.18,205,11.48,210,42.77
"20515","Liebenfels",3416,670,19.61,328,9.6,380,39.26
"20518","Metnitz",1810,439,24.25,239,13.2,209,38.85
"20519","Micheldorf",959,231,24.09,107,11.16,114,42.54
"20520","Mölbling",1314,272,20.7,110,8.37,138,36.13
"20523","St. Georgen am Längsee",3600,746,20.72,363,10.08,437,40.99
"20527","St. Veit an der Glan",12234,2578,21.07,1511,12.35,1449,44.87
"20530","Straßburg",1964,447,22.76,256,13.03,206,37.94
"20531","Weitensfeld im Gurktal",1982,459,23.16,252,12.71,235,40.31
"20534","Frauenstein",3580,728,20.34,404,11.28,464,41.99
"20601","Bad Kleinkirchheim",1657,418,25.23,234,14.12,205,46.7
"20602","Baldramsdorf",1839,385,20.94,204,11.09,246,42.63
"20603","Berg im Drautal",1224,288,23.53,129,10.54,143,38.96
"20604","Dellach im Drautal",1626,360,22.14,206,12.67,191,41.34
"20605","Großkirchheim",1307,271,20.73,137,10.48,113,31.22
"20607","Flattach",1121,218,19.45,111,9.9,121,36.56
"20608","Gmünd in Kärnten",2554,533,20.87,334,13.08,291,39.97
"20609","Greifenburg",1702,362,21.27,202,11.87,191,38.66
"20610","Heiligenblut am Großglockner",959,198,20.65,139,14.49,111,40.22
"20611","Irschen",1912,424,22.18,186,9.73,226,39.3
"20613","Kleblach-Lind",1161,231,19.9,123,10.59,120,36.47
"20616","Lendorf",1779,358,20.12,154,8.66,216,40.75
"20618","Mallnitz",771,225,29.18,116,15.05,114,49.35
"20619","Malta",1867,414,22.17,189,10.12,219,39.82
"20620","Millstatt am See",3464,855,24.68,472,13.63,483,48.69
"20622","Mörtschach",816,169,20.71,54,6.62,70,31.39
"20624","Mühldorf",1022,194,18.98,154,15.07,99,37.08
"20625","Oberdrauburg",1198,254,21.2,129,10.77,137,40.65
"20627","Obervellach",2154,417,19.36,308,14.3,228,37.13
"20630","Radenthein",5742,1288,22.43,823,14.33,740,44.82
"20631","Rangersdorf",1700,343,20.18,144,8.47,161,33.82
"20632","Rennweg am Katschberg",1650,337,20.42,189,11.45,181,38.19
"20633","Sachsenburg",1333,223,16.73,146,10.95,151,39.02
"20634","Seeboden am Millstätter See",6706,1481,22.08,939,14,822,43.47
"20635","Spittal an der Drau",15341,3403,22.18,1874,12.22,1893,45.31
"20636","Stall",1493,314,21.03,133,8.91,160,37.38
"20637","Steinfeld",1996,444,22.24,258,12.93,227,40.61
"20638","Trebesing",1143,240,21,121,10.59,110,33.33
"20639","Weißensee",759,165,21.74,96,12.65,86,40.76
"20640","Winklern",1185,222,18.73,159,13.42,126,40.13
"20642","Krems in Kärnten",1603,356,22.21,202,12.6,165,35.95
"20643","Lurnfeld",2676,564,21.08,329,12.29,335,43
"20644","Reißeck",2085,483,23.17,265,12.71,283,45.5
"20701","Afritz am See",1480,297,20.07,232,15.68,169,42.68
"20702","Arnoldstein",7157,1457,20.36,738,10.31,877,42.31
"20703","Arriach",1333,310,23.26,166,12.45,169,42.46
"20705","Bad Bleiberg",2141,536,25.04,291,13.59,317,49.76
"20707","Feistritz an der Gail",643,116,18.04,65,10.11,54,29.03
"20708","Feld am See",1042,228,21.88,135,12.96,153,48.42
"20710","Ferndorf",2013,480,23.85,249,12.37,284,46.79
"20711","Finkenstein am Faaker See",9466,1903,20.1,943,9.96,1154,42.06
"20712","Fresach",1239,287,23.16,139,11.22,151,40.81
"20713","Hohenthurn",872,183,20.99,91,10.44,106,43.62
"20719","Nötsch im Gailtal",2340,560,23.93,268,11.45,307,44.43
"20720","Paternion",5778,1254,21.7,711,12.31,749,43.45
"20721","Rosegg",1910,415,21.73,174,9.11,254,43.42
"20722","St. Jakob im Rosental",4357,972,22.31,530,12.16,548,44.12
"20723","Stockenboi",1556,331,21.27,181,11.63,177,39.25
"20724","Treffen am Ossiacher See",4563,967,21.19,728,15.95,581,46.52
"20725","Velden am Wörther See",9183,2123,23.12,1246,13.57,1118,43.93
"20726","Weißenstein",2921,631,21.6,358,12.26,391,44.43
"20727","Wernberg",5662,1155,20.4,589,10.4,716,42.54
"20801","Bleiburg",3983,819,20.56,424,10.65,382,34.48
"20802","Diex",788,159,20.18,78,9.9,70,33.18
"20803","Eberndorf",5989,1305,21.79,683,11.4,693,40.57
"20804","Eisenkappel-Vellach",2218,543,24.48,312,14.07,226,39.79
"20805","Feistritz ob Bleiburg",2241,442,19.72,185,8.26,233,35.46
"20806","Gallizien",1791,403,22.5,181,10.11,194,36.26
"20807","Globasnitz",1576,358,22.72,142,9.01,169,37.56
"20808","Griffen",3391,705,20.79,352,10.38,370,37.99
"20810","Neuhaus",1020,248,24.31,163,15.98,109,37.59
"20812","Ruden",1499,328,21.88,153,10.21,152,35.35
"20813","St. Kanzian am Klopeiner See",4636,1006,21.7,500,10.79,534,41.52
"20815","Sittersdorf",1947,500,25.68,206,10.58,224,40.43
"20817","Völkermarkt",10902,2336,21.43,1182,10.84,1276,40.71
"20901","Bad St. Leonhard im Lavanttal",4244,895,21.09,524,12.35,499,40.64
"20905","Frantschach-St. Gertraud",2394,503,21.01,335,13.99,308,45.36
"20909","Lavamünd",2757,654,23.72,324,11.75,335,41.56
"20911","Preitenegg",891,218,24.47,109,12.23,98,39.04
"20912","Reichenfels",1700,416,24.47,183,10.76,219,43.2
"20913","St. Andrä",9840,2170,22.05,1118,11.36,1171,41.09
"20914","St. Georgen im Lavanttal",1915,403,21.04,163,8.51,212,37.39
"20918","St. Paul im Lavanttal",3144,692,22.01,393,12.5,387,42.07
"20923","Wolfsberg",24961,5284,21.17,2872,11.51,3070,43.18
"21001","Albeck",965,251,26.01,111,11.5,108,41.06
"21002","Feldkirchen in Kärnten",14528,2945,20.27,1659,11.42,1683,42.29
"21003","Glanegg",1780,438,24.61,200,11.24,174,35.95
"21004","Gnesau",1034,207,20.02,113,10.93,107,35.55
"21005","Himmelberg",2329,531,22.8,242,10.39,292,42.01
"21006","Ossiach",724,150,20.72,104,14.36,91,44.83
"21007","Reichenau",1695,412,24.31,203,11.98,198,40.74
"21008","St. Urban",1639,351,21.42,150,9.15,165,40.15
"21009","Steindorf am Ossiacher See",3844,864,22.48,531,13.81,454,43.24
"21010","Steuerberg",1573,360,22.89,146,9.28,163,35.21
"30101","Krems an der Donau",25473,4900,19.24,3013,11.83,2968,46.15
"30201","St. Pölten",59767,10203,17.07,5996,10.03,6877,44.2
"30301","Waidhofen an der Ybbs",11062,2121,19.17,1286,11.63,1244,41.07
"30401","Wiener Neustadt",49156,7609,15.48,4170,8.48,5285,41.32
"30501","Allhartsberg",2218,396,17.85,175,7.89,232,35.53
"30502","Amstetten",24008,4485,18.68,2375,9.89,2848,44.11
"30503","Ardagger",3604,670,18.59,278,7.71,371,35.81
"30504","Aschbach-Markt",3796,675,17.78,328,8.64,424,38.51
"30506","Behamberg",3444,618,17.94,326,9.47,462,44.42
"30507","Biberbach",2348,430,18.31,181,7.71,259,37.59
"30508","Ennsdorf",3303,512,15.5,267,8.08,362,38.68
"30509","Ernsthofen",2315,446,19.27,205,8.86,299,43.78
"30510","Ertl",1246,218,17.5,79,6.34,121,34.47
"30511","Euratsfeld",2805,478,17.04,178,6.35,259,32.33
"30512","Ferschnitz",1865,323,17.32,139,7.45,197,36.41
"30514","Haag",5851,1092,18.66,586,10.02,681,41.52
"30515","Haidershofen",3721,713,19.16,351,9.43,494,43.76
"30516","Hollenstein an der Ybbs",1685,356,21.13,183,10.86,210,43.39
"30517","Kematen an der Ybbs",2698,538,19.94,253,9.38,338,43.95
"30520","Neuhofen an der Ybbs",3086,518,16.79,211,6.84,285,32.24
"30521","Neustadtl an der Donau",2167,397,18.32,180,8.31,240,38.03
"30522","Oed-Oehling",2160,358,16.57,139,6.44,250,39
"30524","Opponitz",880,190,21.59,78,8.86,96,41.74
"30526","St. Georgen am Reith",529,105,19.85,61,11.53,57,36.77
"30527","St. Georgen am Ybbsfelde",2807,476,16.96,255,9.08,291,35.49
"30529","St. Pantaleon-Erla",2707,572,21.13,201,7.43,349,42.98
"30530","St. Peter in der Au",5128,902,17.59,545,10.63,550,37.96
"30531","St. Valentin",9356,1830,19.56,996,10.65,1271,46.88
"30532","Seitenstetten",3355,610,18.18,282,8.41,363,37.85
"30533","Sonntagberg",3661,701,19.15,445,12.16,503,47.1
"30534","Strengberg",2215,401,18.1,174,7.86,242,38.84
"30536","Viehdorf",1368,257,18.79,143,10.45,142,36.13
"30538","Wallsee-Sindelburg",2225,434,19.51,249,11.19,247,40.43
"30539","Weistrach",2455,416,16.95,192,7.82,288,39.94
"30541","Winklarn",1861,355,19.08,144,7.74,235,42.88
"30542","Wolfsbach",2239,399,17.82,161,7.19,225,35.66
"30543","Ybbsitz",3364,689,20.48,328,9.75,374,39.87
"30544","Zeillern",1933,312,16.14,154,7.97,204,36.82
"30601","Alland",2680,548,20.45,264,9.85,319,41.86
"30602","Altenmarkt an der Triesting",2154,417,19.36,227,10.54,241,42.43
"30603","Bad Vöslau",12478,2338,18.74,1570,12.58,1508,43.99
"30604","Baden",25931,5113,19.72,3831,14.77,3097,45.28
"30605","Berndorf",8919,1692,18.97,1002,11.23,1121,45.79
"30607","Ebreichsdorf",12003,2111,17.59,1010,8.41,1507,43.04
"30608","Enzesfeld-Lindabrunn",4315,817,18.93,516,11.96,587,46.96
"30609","Furth an der Triesting",866,170,19.63,78,9.01,101,40.08
"30612","Günselsdorf",1734,363,20.93,158,9.11,237,47.49
"30613","Heiligenkreuz",1597,294,18.41,180,11.27,183,42.66
"30614","Hernstein",1571,336,21.39,183,11.65,235,48.35
"30615","Hirtenberg",2614,394,15.07,210,8.03,278,44.13
"30616","Klausen-Leopoldsdorf",1672,293,17.52,145,8.67,195,41.23
"30618","Kottingbrunn",7451,1467,19.69,811,10.88,1046,46.24
"30620","Leobersdorf",5344,905,16.93,464,8.68,662,44.82
"30621","Mitterndorf an der Fischa",3125,391,12.51,175,5.6,351,38.96
"30623","Oberwaltersdorf",5290,932,17.62,395,7.47,642,41.93
"30625","Pfaffstätten",3502,632,18.05,364,10.39,446,43.13
"30626","Pottendorf",7770,1296,16.68,739,9.51,889,41.02
"30627","Pottenstein",2983,572,19.18,322,10.79,378,44.79
"30629","Reisenberg",1749,364,20.81,158,9.03,235,45.81
"30631","Schönau an der Triesting",2141,403,18.82,175,8.17,279,43.46
"30633","Seibersdorf",1614,329,20.38,149,9.23,213,43.92
"30635","Sooß",1077,208,19.31,120,11.14,151,48.4
"30636","Tattendorf",1456,250,17.17,150,10.3,187,44.95
"30637","Teesdorf",1899,334,17.59,144,7.58,249,44.54
"30639","Traiskirchen",18925,3261,17.23,1761,9.31,2314,43.03
"30641","Trumau",3724,620,16.65,288,7.73,455,43.01
"30645","Weissenbach an der Triesting",1682,330,19.62,188,11.18,196,40.58
"30646","Blumau-Neurißhof",1950,345,17.69,155,7.95,249,46.37
"30701","Au am Leithaberge",950,189,19.89,111,11.68,109,38.79
"30702","Bad Deutsch-Altenburg",1993,374,18.77,217,10.89,258,45.58
"30703","Berg",974,162,16.63,102,10.47,107,37.68
"30704","Bruck an der Leitha",8687,1566,18.03,929,10.69,1015,42.72
"30706","Enzersdorf an der Fischa",3664,663,18.09,333,9.09,484,44.81
"30708","Göttlesbrunn-Arbesthal",1489,309,20.75,136,9.13,194,42.92
"30709","Götzendorf an der Leitha",2227,409,18.37,209,9.38,278,42.51
"30710","Hainburg a.d. Donau",7038,1251,17.77,730,10.37,717,38.22
"30711","Haslau-Maria Ellend",2027,362,17.86,151,7.45,244,40.2
"30712","Höflein",1232,253,20.54,110,8.93,158,43.05
"30713","Hof am Leithaberge",1678,309,18.41,164,9.77,222,44.31
"30715","Hundsheim",668,126,18.86,78,11.68,81,40.7
"30716","Mannersdorf am Leithagebirge",4274,792,18.53,385,9.01,549,45.19
"30718","Petronell-Carnuntum",1260,263,20.87,143,11.35,181,47.26
"30719","Prellenkirchen",1705,326,19.12,191,11.2,214,42.21
"30721","Rohrau",1666,297,17.83,149,8.94,190,38.62
"30722","Scharndorf",1239,258,20.82,144,11.62,164,44.32
"30724","Sommerein",2265,414,18.28,193,8.52,295,43.83
"30726","Trautmannsdorf an der Leitha",2929,599,20.45,331,11.3,387,43.88
"30728","Wolfsthal",1256,195,15.53,87,6.93,102,30.72
"30729","Ebergassing",4372,733,16.77,334,7.64,553,44.52
"30730","Fischamend",5736,934,16.28,557,9.71,687,43.87
"30731","Gramatneusiedl",3700,551,14.89,240,6.49,401,38.15
"30732","Himberg",8324,1354,16.27,849,10.2,1032,44.54
"30733","Klein-Neusiedl",921,147,15.96,95,10.31,124,45.76
"30734","Lanzendorf",1949,334,17.14,157,8.06,235,42.57
"30735","Leopoldsdorf",5613,957,17.05,479,8.53,670,42.16
"30736","Maria-Lanzendorf",2264,451,19.92,278,12.28,284,45.88
"30737","Moosbrunn",1808,373,20.63,167,9.24,238,44.65
"30738","Rauchenwarth",803,122,15.19,59,7.35,96,41.56
"30739","Schwadorf",2405,374,15.55,176,7.32,277,42.23
"30740","Schwechat",21243,3158,14.87,1774,8.35,2529,43.45
"30741","Zwölfaxing",1679,308,18.34,162,9.65,227,45.4
"30801","Aderklaa",236,40,16.95,17,7.2,16,29.09
"30802","Andlersdorf",159,36,22.64,12,7.55,24,48.98
"30803","Angern an der March",3526,723,20.5,361,10.24,491,46.32
"30804","Auersthal",2020,392,19.41,194,9.6,231,39.69
"30805","Bad Pirawarth",1743,363,20.83,162,9.29,225,43.69
"30808","Deutsch-Wagram",9257,1577,17.04,836,9.03,1141,42.85
"30810","Drösing",1119,264,23.59,134,11.97,167,50.45
"30811","Dürnkrut",2224,461,20.73,237,10.66,334,50.23
"30812","Ebenthal",883,183,20.72,80,9.06,109,42.75
"30813","Eckartsau",1370,265,19.34,149,10.88,167,43.95
"30814","Engelhartstetten",2208,448,20.29,213,9.65,284,44.65
"30817","Gänserndorf",12285,2016,16.41,1108,9.02,1381,40.75
"30819","Glinzendorf",360,56,15.56,24,6.67,43,38.74
"30821","Groß-Enzersdorf",12088,2066,17.09,1135,9.39,1483,41.63
"30822","Großhofen",100,16,16,10,10,7,24.14
"30824","Groß-Schweinbarth",1387,276,19.9,118,8.51,196,47.69
"30825","Haringsee",1159,251,21.66,114,9.84,137,40.29
"30826","Hauskirchen",1278,322,25.2,129,10.09,192,50.79
"30827","Hohenau an der March",2746,601,21.89,333,12.13,398,50.7
"30828","Hohenruppersdorf",962,200,20.79,91,9.46,136,46.1
"30829","Jedenspeigen",1112,254,22.84,147,13.22,182,50.7
"30830","Lassee",3010,524,17.41,269,8.94,359,41.17
"30831","Leopoldsdorf im Marchfeld",3027,549,18.14,288,9.51,373,42.78
"30834","Mannsdorf an der Donau",341,75,21.99,39,11.44,38,38.38
"30835","Marchegg",3113,571,18.34,318,10.22,387,43.24
"30836","Markgrafneusiedl",921,178,19.33,82,8.9,121,44.81
"30838","Matzen-Raggendorf",3006,549,18.26,263,8.75,363,42.31
"30841","Neusiedl an der Zaya",1207,288,23.86,127,10.52,190,51.77
"30842","Obersiebenbrunn",1753,328,18.71,152,8.67,239,45.27
"30844","Orth an der Donau",2235,431,19.28,287,12.84,243,40.77
"30845","Palterndorf-Dobermannsdorf",1331,286,21.49,145,10.89,172,43.65
"30846","Parbasdorf",177,29,16.38,18,10.17,13,26.53
"30848","Prottes",1443,282,19.54,154,10.67,205,46.07
"30849","Raasdorf",725,114,15.72,49,6.76,72,38.92
"30850","Ringelsdorf-Niederabsdorf",1286,341,26.52,124,9.64,197,51.98
"30852","Schönkirchen-Reyersdorf",2020,431,21.34,184,9.11,271,44.72
"30854","Spannberg",984,210,21.34,90,9.15,142,46.41
"30856","Strasshof an der Nordbahn",12202,1884,15.44,965,7.91,1377,39.53
"30857","Sulz im Weinviertel",1257,276,21.96,121,9.63,161,43.63
"30858","Untersiebenbrunn",1795,353,19.67,155,8.64,242,45.57
"30859","Velm-Götzendorf",785,189,24.08,85,10.83,130,52.63
"30860","Weikendorf",2068,457,22.1,204,9.86,271,43.99
"30863","Zistersdorf",5487,1159,21.12,703,12.81,743,47.03
"30865","Weiden an der March",997,216,21.66,106,10.63,111,39.5
"30902","Amaliendorf-Aalfang",1095,216,19.73,136,12.42,146,44.38
"30903","Brand-Nagelberg",1427,346,24.25,203,14.23,214,49.54
"30904","Eggern",662,127,19.18,86,12.99,65,35.52
"30906","Eisgarn",702,154,21.94,93,13.25,81,39.13
"30908","Gmünd",5140,1144,22.26,714,13.89,687,49.6
"30909","Großdietmanns",2157,466,21.6,238,11.03,295,44.97
"30910","Bad Großpertholz",1279,311,24.32,155,12.12,171,46.72
"30912","Großschönau",1206,260,21.56,105,8.71,136,38.42
"30913","Moorbad Harbach",680,157,23.09,72,10.59,84,40.78
"30915","Haugschlag",474,105,22.15,67,14.14,66,47.83
"30916","Heidenreichstein",3755,842,22.42,568,15.13,480,44.94
"30917","Hirschbach",573,117,20.42,62,10.82,76,41.76
"30920","Hoheneich",1344,315,23.44,195,14.51,213,50.35
"30921","Kirchberg am Walde",1254,268,21.37,155,12.36,145,40.39
"30925","Litschau",2093,571,27.28,323,15.43,287,49.31
"30929","Reingers",606,129,21.29,71,11.72,65,39.88
"30932","St. Martin",1061,225,21.21,96,9.05,123,40.33
"30935","Schrems",5272,1184,22.46,695,13.18,735,47.85
"30939","Unserfrau-Altweitra",997,191,19.16,109,10.93,109,38.79
"30940","Waldenstein",1176,201,17.09,102,8.67,117,33.91
"30942","Weitra",2563,531,20.72,397,15.49,304,42.58
"31001","Alberndorf im Pulkautal",707,178,25.18,82,11.6,100,46.73
"31008","Göllersdorf",3214,664,20.66,300,9.33,423,45.58
"31009","Grabern",1732,317,18.3,135,7.79,209,39.96
"31014","Guntersdorf",1157,228,19.71,110,9.51,149,43.44
"31015","Hadres",1699,407,23.96,185,10.89,224,44.62
"31016","Hardegg",1305,316,24.21,178,13.64,187,49.21
"31018","Haugsdorf",1591,354,22.25,208,13.07,212,45.01
"31019","Heldenberg",1478,285,19.28,108,7.31,187,41.19
"31021","Hohenwarth-Mühlbach a.M.",1345,316,23.49,156,11.6,199,48.54
"31022","Hollabrunn",12514,2494,19.93,1264,10.1,1483,43.76
"31025","Mailberg",560,133,23.75,81,14.46,79,51.97
"31026","Maissau",1965,425,21.63,251,12.77,278,46.96
"31028","Nappersdorf-Kammersdorf",1191,296,24.85,149,12.51,177,49.72
"31033","Pernersdorf",1067,222,20.81,120,11.25,137,45.82
"31035","Pulkau",1460,319,21.85,208,14.25,201,46.74
"31036","Ravelsbach",1668,343,20.56,209,12.53,220,45.36
"31037","Retz",4189,909,21.7,600,14.32,519,46.63
"31038","Retzbach",995,226,22.71,128,12.86,123,43.77
"31041","Schrattenthal",874,181,20.71,119,13.62,105,40.08
"31042","Seefeld-Kadolz",940,258,27.45,129,13.72,154,56.41
"31043","Sitzendorf an der Schmida",2205,453,20.54,274,12.43,301,47.33
"31051","Wullersdorf",2441,466,19.09,248,10.16,287,40.65
"31052","Zellerndorf",2389,551,23.06,258,10.8,348,47.93
"31053","Ziersdorf",3349,723,21.59,352,10.51,440,43.69
"31101","Altenburg",822,178,21.65,73,8.88,91,39.22
"31102","Brunn an der Wild",862,180,20.88,78,9.05,101,39.76
"31103","Burgschleinitz-Kühnring",1304,302,23.16,115,8.82,155,40.05
"31104","Drosendorf-Zissersdorf",1134,259,22.84,173,15.26,125,38.34
"31105","Eggenburg",3509,751,21.4,497,14.16,473,48.56
"31106","Gars am Kamp",3473,822,23.67,471,13.56,461,46.71
"31107","Geras",1253,268,21.39,154,12.29,152,41.64
"31109","Horn",6492,1326,20.43,821,12.65,795,45.48
"31110","Irnfritz-Messern",1419,283,19.94,138,9.73,152,36.98
"31111","Japons",696,139,19.97,88,12.64,81,39.13
"31113","Langau",676,142,21.01,112,16.57,86,44.79
"31114","Meiseldorf",841,194,23.07,93,11.06,89,36.93
"31117","Pernegg",693,139,20.06,79,11.4,77,38.69
"31119","Röhrenbach",482,116,24.07,60,12.45,58,38.93
"31120","Röschitz",1134,238,20.99,132,11.64,153,46.08
"31121","Rosenburg-Mold",863,162,18.77,104,12.05,100,42.55
"31123","St. Bernhard-Frauenhofen",1279,285,22.28,118,9.23,165,42.2
"31124","Sigmundsherberg",1698,372,21.91,188,11.07,214,42.46
"31129","Weitersfeld",1525,381,24.98,196,12.85,183,41.5
"31130","Straning-Grafenberg",692,165,23.84,87,12.57,98,47.34
"31201","Bisamberg",4875,904,18.54,603,12.37,599,42.09
"31202","Enzersfeld im Weinviertel",1867,344,18.43,204,10.93,267,47.51
"31203","Ernstbrunn",3316,677,20.42,357,10.77,412,42.56
"31204","Großmugl",1613,322,19.96,156,9.67,184,39.07
"31205","Großrußbach",2305,414,17.96,228,9.89,290,43.41
"31206","Hagenbrunn",2411,431,17.88,199,8.25,313,42.76
"31207","Harmannsdorf",4142,832,20.09,429,10.36,561,44.74
"31208","Hausleiten",3843,715,18.61,303,7.88,478,41.6
"31213","Korneuburg",13805,2434,17.63,1290,9.34,1663,44.82
"31214","Langenzersdorf",8194,1630,19.89,1100,13.42,1095,46.36
"31215","Leitzersdorf",1147,246,21.45,107,9.33,169,46.3
"31216","Leobendorf",5265,1094,20.78,526,9.99,687,44.27
"31224","Rußbach",1371,269,19.62,137,9.99,159,38.13
"31226","Sierndorf",3985,798,20.03,373,9.36,520,43.41
"31227","Spillern",2644,455,17.21,210,7.94,342,44.24
"31228","Stetteldorf am Wagram",1065,238,22.35,85,7.98,120,38.46
"31229","Stetten",1388,250,18.01,127,9.15,182,43.96
"31230","Stockerau",17210,3219,18.7,1830,10.63,2178,46
"31234","Niederhollabrunn",1509,297,19.68,146,9.68,197,43.39
"31235","Gerasdorf bei Wien",12158,2188,18,1256,10.33,1561,44.37
"31301","Aggsbach",615,145,23.58,89,14.47,94,49.47
"31302","Albrechtsberg an der Großen Krems",989,217,21.94,103,10.41,112,37.46
"31303","Bergern im Dunkelsteinerwald",1309,288,22,133,10.16,191,47.16
"31304","Dürnstein",816,198,24.26,117,14.34,109,46.19
"31308","Grafenegg",3308,684,20.68,265,8.01,465,46.31
"31309","Furth bei Göttweig",3003,615,20.48,302,10.06,383,44.23
"31310","Gedersdorf",2132,494,23.17,212,9.94,303,45.16
"31311","Gföhl",3848,770,20.01,416,10.81,485,43.26
"31315","Hadersdorf-Kammern",1975,420,21.27,222,11.24,268,46.29
"31319","Jaidhof",1225,220,17.96,95,7.76,110,31.52
"31321","Krumau am Kamp",722,185,25.62,110,15.24,95,43.98
"31322","Langenlois",7477,1428,19.1,892,11.93,925,42.92
"31323","Lengenfeld",1393,303,21.75,136,9.76,172,40.38
"31324","Lichtenau im Waldviertel",2028,408,20.12,204,10.06,212,36.81
"31326","Maria Laach am Jauerling",888,185,20.83,104,11.71,93,34.96
"31327","Mautern an der Donau",3375,729,21.6,489,14.49,449,46.97
"31330","Mühldorf",1225,288,23.51,154,12.57,146,39.67
"31333","Paudorf",2714,579,21.33,277,10.21,352,44.06
"31336","Rastenfeld",1573,329,20.92,148,9.41,179,40.41
"31337","Rohrendorf bei Krems",2107,358,16.99,205,9.73,241,38.62
"31338","Rossatz-Arnsdorf",1046,225,21.51,159,15.2,136,44.16
"31340","St. Leonhard am Hornerwald",1118,244,21.82,113,10.11,124,38.04
"31343","Senftenberg",1917,397,20.71,246,12.83,261,46.52
"31344","Spitz",1526,336,22.02,217,14.22,205,44.76
"31346","Straß im Straßertale",1764,337,19.1,183,10.37,217,41.65
"31347","Stratzing",883,195,22.08,94,10.65,121,44.81
"31350","Weinzierl am Walde",1218,259,21.26,147,12.07,131,36.49
"31351","Weißenkirchen in der Wachau",1359,331,24.36,179,13.17,181,44.04
"31355","Schönberg am Kamp",1836,428,23.31,249,13.56,241,44.88
"31356","Droß",1034,204,19.73,76,7.35,118,38.06
"31401","Annaberg",479,114,23.8,75,15.66,52,40
"31402","Eschenau",1286,233,18.12,136,10.58,161,44.48
"31403","Hainfeld",3755,755,20.11,515,13.72,468,45.79
"31404","Hohenberg",1396,281,20.13,222,15.9,206,52.55
"31405","Kaumberg",1073,231,21.53,103,9.6,150,48.08
"31406","Kleinzell",854,176,20.61,97,11.36,98,41.35
"31407","Lilienfeld",2618,542,20.7,297,11.34,299,42.05
"31408","Mitterbach am Erlaufsee",472,104,22.03,81,17.16,56,45.16
"31409","Ramsau",802,141,17.58,105,13.09,106,46.09
"31410","Rohrbach an der Gölsen",1531,312,20.38,138,9.01,193,43.76
"31411","St. Aegyd am Neuwalde",1791,400,22.33,313,17.48,255,51
"31412","St. Veit an der Gölsen",3848,768,19.96,386,10.03,498,44.03
"31413","Traisen",3385,669,19.76,380,11.23,439,46.9
"31414","Türnitz",1845,421,22.82,269,14.58,243,45.34
"31502","Artstetten-Pöbring",1263,217,17.18,111,8.79,125,33.33
"31503","Bergland",1901,338,17.78,167,8.78,204,36.76
"31504","Bischofstetten",1196,238,19.9,114,9.53,153,43.22
"31505","Blindenmarkt",2795,502,17.96,216,7.73,310,39.19
"31506","Dorfstetten",547,108,19.74,36,6.58,56,34.57
"31507","Dunkelsteinerwald",2408,511,21.22,201,8.35,284,39.5
"31508","Erlauf",1119,204,18.23,114,10.19,133,38.78
"31509","Golling an der Erlauf",1475,279,18.92,146,9.9,204,47.33
"31511","Hofamt Priel",1714,363,21.18,152,8.87,229,43.7
"31513","Hürm",2011,326,16.21,146,7.26,223,36.74
"31514","Kilb",2595,526,20.27,225,8.67,312,41.6
"31515","Kirnberg an der Mank",1114,213,19.12,91,8.17,118,37.11
"31516","Klein-Pöchlarn",1053,211,20.04,117,11.11,127,42.33
"31517","Krummnußbaum",1724,327,18.97,136,7.89,206,42.3
"31519","Leiben",1321,285,21.57,120,9.08,153,42.03
"31520","Loosdorf",3872,781,20.17,325,8.39,494,43.95
"31521","Mank",3346,595,17.78,366,10.94,331,36.41
"31522","Marbach an der Donau",1690,331,19.59,160,9.47,217,42.8
"31523","Maria Taferl",953,194,20.36,66,6.93,96,35.82
"31524","Melk",5725,1110,19.39,664,11.6,674,44.11
"31525","Münichreith-Laimbach",1610,334,20.75,149,9.25,176,36.51
"31527","Neumarkt an der Ybbs",2168,391,18.04,177,8.16,261,43.14
"31528","Nöchling",1017,187,18.39,67,6.59,117,41.79
"31530","Persenbeug-Gottsdorf",2152,459,21.33,190,8.83,286,45.18
"31531","Petzenkirchen",1597,281,17.6,147,9.2,177,38.56
"31533","Pöchlarn",3969,740,18.64,516,13,485,43.3
"31534","Pöggstall",2384,511,21.43,290,12.16,284,41.95
"31535","Raxendorf",1010,219,21.68,80,7.92,101,34.35
"31537","Ruprechtshofen",2332,421,18.05,210,9.01,254,37.3
"31539","St. Leonhard am Forst",3109,587,18.88,290,9.33,362,40.27
"31540","St. Martin-Karlsbach",1634,360,22.03,128,7.83,219,42.86
"31541","St. Oswald",1140,206,18.07,93,8.16,90,29.03
"31542","Schönbühel-Aggsbach",939,232,24.71,100,10.65,117,43.17
"31543","Schollach",1082,207,19.13,71,6.56,115,35.83
"31546","Weiten",1092,231,21.15,106,9.71,126,39.01
"31549","Ybbs an der Donau",5648,1064,18.84,656,11.61,630,41.78
"31550","Zelking-Matzleinsdorf",1198,229,19.12,129,10.77,150,39.89
"31551","Texingtal",1669,298,17.86,149,8.93,176,36.97
"31552","Yspertal",2003,394,19.67,222,11.08,202,36.2
"31553","Emmersdorf an der Donau",1776,371,20.89,171,9.63,222,41.26
"31601","Altlichtenwarth",758,196,25.86,86,11.35,119,50.42
"31603","Asparn an der Zaya",1936,372,19.21,192,9.92,229,40.53
"31604","Bernhardsthal",1585,438,27.63,207,13.06,250,52.74
"31605","Bockfließ",1288,320,24.84,161,12.5,191,50.53
"31606","Drasenhofen",1117,247,22.11,158,14.15,137,43.91
"31608","Falkenstein",559,125,22.36,72,12.88,79,48.17
"31609","Fallbach",794,170,21.41,97,12.22,113,45.93
"31611","Gaubitsch",934,194,20.77,56,6,108,39.42
"31612","Gaweinstal",4124,832,20.17,398,9.65,560,45.6
"31613","Gnadendorf",1162,270,23.24,136,11.7,184,49.73
"31614","Großebersdorf",2316,527,22.75,272,11.74,356,50.86
"31615","Großengersdorf",1549,320,20.66,137,8.84,177,39.25
"31616","Großharras",1066,272,25.52,113,10.6,150,48.54
"31617","Großkrut",1691,359,21.23,162,9.58,229,45.53
"31620","Hausbrunn",898,216,24.05,94,10.47,140,52.83
"31621","Herrnbaumgarten",926,216,23.33,108,11.66,121,42.16
"31622","Hochleithen",1091,253,23.19,117,10.72,181,50.99
"31627","Kreuttal",1467,340,23.18,169,11.52,216,47.58
"31628","Kreuzstetten",1696,367,21.64,167,9.85,244,47.66
"31629","Laa an der Thaya",6280,1265,20.14,734,11.69,748,42.24
"31630","Ladendorf",2321,467,20.12,233,10.04,322,45.48
"31633","Mistelbach",12044,2489,20.67,1315,10.92,1460,44.42
"31634","Neudorf im Weinviertel",1348,297,22.03,104,7.72,167,42.17
"31636","Niederleis",927,200,21.57,72,7.77,129,45.91
"31642","Pillichsdorf",1249,282,22.58,106,8.49,167,44.65
"31644","Poysdorf",5600,1195,21.34,673,12.02,694,44.01
"31645","Rabensburg",1061,277,26.11,144,13.57,163,52.75
"31646","Schrattenberg",842,208,24.7,106,12.59,115,45.63
"31649","Staatz",1923,478,24.86,199,10.35,275,46.69
"31650","Stronsdorf",1535,349,22.74,148,9.64,203,42.65
"31651","Ulrichskirchen-Schleinbach",2653,523,19.71,315,11.87,367,46.22
"31652","Unterstinkenbrunn",560,113,20.18,67,11.96,64,39.75
"31653","Wildendürnbach",1526,333,21.82,146,9.57,169,37.56
"31654","Wilfersdorf",2087,466,22.33,196,9.39,297,46.55
"31655","Wolkersdorf im Weinviertel",7544,1464,19.41,813,10.78,893,42.75
"31658","Ottenthal",529,137,25.9,60,11.34,59,38.82
"31701","Achau",1727,273,15.81,109,6.31,199,42.43
"31702","Biedermannsdorf",3137,669,21.33,398,12.69,448,48.28
"31703","Breitenfurt bei Wien",5998,1206,20.11,997,16.62,847,47.83
"31704","Brunn am Gebirge",12310,1956,15.89,1300,10.56,1443,41.51
"31706","Gaaden",1595,352,22.07,178,11.16,221,44.56
"31707","Gießhübl",2433,383,15.74,268,11.02,265,36.2
"31709","Gumpoldskirchen",4022,685,17.03,406,10.09,480,41.7
"31710","Guntramsdorf",9450,1774,18.77,1038,10.98,1260,47.17
"31711","Hennersdorf",1526,350,22.94,185,12.12,221,48.04
"31712","Hinterbrühl",3895,678,17.41,525,13.48,459,42.07
"31713","Kaltenleutgeben",3299,588,17.82,354,10.73,419,43.11
"31714","Laab im Walde",1093,250,22.87,180,16.47,147,45.51
"31715","Laxenburg",3091,574,18.57,449,14.53,375,44.33
"31716","Maria Enzersdorf",8802,1344,15.27,1425,16.19,1037,42.85
"31717","Mödling",20662,3586,17.36,2642,12.79,2316,42.47
"31718","Münchendorf",3242,578,17.83,295,9.1,424,44.21
"31719","Perchtoldsdorf",14960,2656,17.75,2280,15.24,1812,42.83
"31723","Vösendorf",7706,1236,16.04,675,8.76,945,44.55
"31725","Wiener Neudorf",9647,1761,18.25,1214,12.58,1253,46.65
"31726","Wienerwald",2930,581,19.83,294,10.03,385,44.15
"31801","Altendorf",357,79,22.13,23,6.44,45,41.67
"31802","Aspang-Markt",1804,383,21.23,205,11.36,201,41.19
"31803","Aspangberg-St. Peter",1850,414,22.38,197,10.65,207,39.58
"31804","Breitenau",1558,273,17.52,128,8.22,198,41.42
"31805","Breitenstein",272,62,22.79,42,15.44,48,55.17
"31806","Buchbach",354,64,18.08,50,14.12,53,50.48
"31807","Edlitz",905,205,22.65,98,10.83,108,44.08
"31808","Enzenreith",1942,388,19.98,221,11.38,273,46.59
"31809","Feistritz am Wechsel",1029,216,20.99,125,12.15,125,41.39
"31810","Gloggnitz",5834,1204,20.64,809,13.87,774,48.13
"31811","Grafenbach-St. Valentin",2322,470,20.24,256,11.02,333,49.63
"31812","Grimmenstein",1335,270,20.22,159,11.91,163,45.03
"31813","Grünbach am Schneeberg",1636,343,20.97,198,12.1,217,49.32
"31814","Kirchberg am Wechsel",2519,481,19.09,308,12.23,266,38.05
"31815","Mönichkirchen",622,141,22.67,77,12.38,82,46.59
"31817","Natschbach-Loipersbach",1742,378,21.7,166,9.53,231,44.77
"31818","Neunkirchen",12940,2242,17.33,1268,9.8,1434,41.31
"31820","Otterthal",537,115,21.42,42,7.82,58,36.25
"31821","Payerbach",2103,481,22.87,273,12.98,287,50.53
"31823","Pitten",2967,568,19.14,324,10.92,377,45.42
"31825","Prigglitz",435,99,22.76,43,9.89,50,40.32
"31826","Puchberg am Schneeberg",2701,587,21.73,432,15.99,361,47.94
"31827","Raach am Hochgebirge",323,69,21.36,31,9.6,45,49.45
"31829","Reichenau an der Rax",2473,564,22.81,448,18.12,350,50.72
"31830","St. Corona am Wechsel",396,67,16.92,47,11.87,48,41.74
"31831","St. Egyden am Steinfeld",2308,392,16.98,190,8.23,266,40.67
"31832","Scheiblingkirchen-Thernberg",1956,406,20.76,233,11.91,221,39.39
"31833","Schottwien",669,124,18.54,60,8.97,97,53.3
"31834","Schrattenbach",387,78,20.16,46,11.89,45,40.54
"31835","Schwarzau am Steinfeld",2187,386,17.65,171,7.82,259,43.17
"31836","Schwarzau im Gebirge",620,117,18.87,82,13.23,70,45.16
"31837","Seebenstein",1490,289,19.4,141,9.46,208,47.93
"31838","Semmering",615,135,21.95,92,14.96,56,51.85
"31839","Ternitz",14697,2880,19.6,1801,12.25,1987,47.21
"31840","Thomasberg",1233,230,18.65,138,11.19,125,35.92
"31841","Trattenbach",514,139,27.04,38,7.39,72,47.06
"31842","Bürg-Vöstenhof",158,31,19.62,29,18.35,22,43.14
"31843","Warth",1570,326,20.76,184,11.72,213,46.1
"31844","Wartmannstetten",1616,336,20.79,168,10.4,225,45.09
"31845","Willendorf",993,211,21.25,96,9.67,135,43.97
"31846","Wimpassing im Schwarzatale",1637,299,18.27,165,10.08,194,42.73
"31847","Würflach",1657,338,20.4,194,11.71,217,44.11
"31848","Zöbern",1351,322,23.83,129,9.55,170,42.29
"31849","Höflein an der Hohen Wand",886,199,22.46,108,12.19,135,50.75
"31901","Altlengbach",3265,597,18.28,312,9.56,378,41.31
"31902","Asperhofen",2361,419,17.75,191,8.09,285,40.95
"31903","Böheimkirchen",5294,959,18.11,476,8.99,597,40.39
"31904","Brand-Laaben",1258,284,22.58,112,8.9,152,41.87
"31905","Eichgraben",4794,821,17.13,601,12.54,580,41.82
"31906","Frankenfels",1862,355,19.07,206,11.06,232,41.95
"31907","Gerersdorf",1082,176,16.27,124,11.46,118,38.69
"31909","Hofstetten-Grünau",2693,531,19.72,213,7.91,307,39.16
"31910","Hafnerbach",1668,347,20.8,150,8.99,232,45.05
"31911","Haunoldstein",1207,214,17.73,81,6.71,134,36.31
"31912","Herzogenburg",7990,1562,19.55,918,11.49,970,43.3
"31913","Inzersdorf-Getzersdorf",1696,292,17.22,140,8.25,188,37.98
"31915","Kapelln",1343,261,19.43,117,8.71,164,40.8
"31916","Karlstetten",2250,462,20.53,212,9.42,274,40.77
"31917","Kasten bei Böheimkirchen",1441,242,16.79,128,8.88,144,35.47
"31918","Kirchberg an der Pielach",3117,584,18.74,355,11.39,386,42.65
"31919","Kirchstetten",2292,446,19.46,292,12.74,269,42.83
"31920","Loich",536,100,18.66,74,13.81,72,42.35
"31921","Maria Anzbach",3236,618,19.1,416,12.86,397,42.37
"31922","Markersdorf-Haindorf",2038,432,21.2,165,8.1,265,42.74
"31923","Michelbach",852,152,17.84,88,10.33,119,47.6
"31925","Neidling",1526,302,19.79,162,10.62,191,40.99
"31926","Neulengbach",8675,1717,19.79,870,10.03,980,41.02
"31927","Neustift-Innermanzing",1579,303,19.19,160,10.13,210,45.65
"31928","Nußdorf ob der Traisen",1905,376,19.74,163,8.56,244,42.96
"31929","Ober-Grafendorf",4990,1000,20.04,530,10.62,690,47.23
"31930","Obritzberg-Rust",2387,457,19.15,234,9.8,263,37.79
"31932","Prinzersdorf",1740,309,17.76,138,7.93,209,43.18
"31934","Pyhra",3615,671,18.56,342,9.46,399,38.66
"31935","Rabenstein an der Pielach",2488,485,19.49,221,8.88,297,42.01
"31938","St. Margarethen an der Sierning",1053,211,20.04,97,9.21,128,39.26
"31939","Schwarzenbach an der Pielach",339,68,20.06,49,14.45,44,42.72
"31940","Statzendorf",1402,273,19.47,107,7.63,182,43.44
"31941","Stössing",852,176,20.66,76,8.92,97,40.25
"31943","Traismauer",6481,1207,18.62,597,9.21,780,42.53
"31945","Weinburg",1409,232,16.47,120,8.52,167,39.86
"31946","Perschling",1564,289,18.48,132,8.44,174,38.41
"31947","Wilhelmsburg",6557,1323,20.18,832,12.69,854,46.01
"31948","Wölbling",2436,556,22.82,213,8.74,306,42.92
"31949","Gablitz",5172,957,18.5,730,14.11,660,44.9
"31950","Mauerbach",3665,759,20.71,509,13.89,505,46.37
"31951","Pressbaum",7932,1325,16.7,912,11.5,914,40.21
"31952","Purkersdorf",9970,1766,17.71,1121,11.24,1099,40.3
"31953","Tullnerbach",2938,578,19.67,350,11.91,382,44.06
"31954","Wolfsgraben",1805,352,19.5,176,9.75,211,40.73
"32001","Gaming",2879,630,21.88,419,14.55,424,48.46
"32002","Göstling an der Ybbs",2040,418,20.49,258,12.65,234,39.8
"32003","Gresten",1985,415,20.91,188,9.47,228,40.86
"32004","Gresten-Land",1493,275,18.42,116,7.77,152,35.93
"32005","Lunz am See",1758,383,21.79,249,14.16,242,47.54
"32006","Oberndorf an der Melk",3015,514,17.05,270,8.96,283,33.14
"32007","Puchenstuben",271,83,30.63,27,9.96,28,45.16
"32008","Purgstall an der Erlauf",5359,957,17.86,538,10.04,575,38.36
"32009","Randegg",1826,324,17.74,183,10.02,194,36.47
"32010","Reinsberg",1040,190,18.27,72,6.92,100,33.11
"32011","St. Anton an der Jeßnitz",1132,196,17.31,137,12.1,122,37.54
"32012","St. Georgen an der Leys",1310,272,20.76,102,7.79,142,36.32
"32013","Scheibbs",4198,840,20.01,575,13.7,481,42.72
"32014","Steinakirchen am Forst",2292,420,18.32,204,8.9,236,36.36
"32015","Wang",1370,240,17.52,104,7.59,131,34.03
"32016","Wieselburg",4850,742,15.3,368,7.59,519,41.52
"32017","Wieselburg-Land",3391,598,17.63,304,8.96,394,39.09
"32018","Wolfpassing",1767,256,14.49,133,7.53,157,31.21
"32101","Absdorf",2503,414,16.54,183,7.31,310,43.72
"32104","Atzenbrugg",3493,634,18.15,288,8.25,427,41.66
"32106","Fels am Wagram",2547,461,18.1,205,8.05,305,41.11
"32107","Grafenwörth",3329,647,19.44,440,13.22,420,43.93
"32109","Großriedenthal",975,219,22.46,86,8.82,116,39.73
"32110","Großweikersdorf",3366,642,19.07,368,10.93,442,44.51
"32112","Judenau-Baumgarten",2378,411,17.28,210,8.83,296,41.69
"32114","Kirchberg am Wagram",3840,703,18.31,374,9.74,496,43.36
"32115","Königsbrunn am Wagram",1438,277,19.26,122,8.48,171,39.31
"32116","Königstetten",2521,452,17.93,195,7.74,302,40.43
"32119","Langenrohr",2554,464,18.17,198,7.75,351,44.83
"32120","Michelhausen",4373,637,14.57,277,6.33,533,43.62
"32131","Sieghartskirchen",7813,1474,18.87,799,10.23,1059,44.85
"32132","Sitzenberg-Reidling",2458,475,19.32,264,10.74,312,44.19
"32134","Tulbing",3299,657,19.92,410,12.43,457,46.4
"32135","Tulln an der Donau",16951,3228,19.04,1729,10.2,2103,44.81
"32139","Würmla",1641,298,18.16,156,9.51,201,41.79
"32140","Zeiselmauer-Wolfpassing",2299,434,18.88,296,12.88,297,44.73
"32141","Zwentendorf an der Donau",4190,806,19.24,369,8.81,503,41.16
"32142","St. Andrä-Wördern",7956,1647,20.7,942,11.84,1074,46.23
"32143","Muckendorf-Wipfing",1688,354,20.97,187,11.08,249,48.63
"32144","Klosterneuburg",28152,4869,17.3,3805,13.52,3085,39.76
"32202","Dietmanns",1024,241,23.54,143,13.96,153,50
"32203","Dobersberg",1531,333,21.75,178,11.63,169,37.31
"32206","Gastern",1152,268,23.26,129,11.2,145,41.19
"32207","Groß-Siegharts",2583,609,23.58,342,13.24,334,46.07
"32209","Karlstein an der Thaya",1449,320,22.08,179,12.35,168,41.08
"32210","Kautzen",1074,277,25.79,142,13.22,121,38.91
"32212","Ludweis-Aigen",882,180,20.41,126,14.29,106,41.09
"32214","Pfaffenschlag bei Waidhofen a.d.Thaya",904,184,20.35,94,10.4,91,34.6
"32216","Raabs an der Thaya",2623,627,23.9,440,16.77,340,46.51
"32217","Thaya",1472,298,20.24,147,9.99,181,42.19
"32219","Vitis",2693,520,19.31,280,10.4,298,37.77
"32220","Waidhofen an der Thaya",5236,1143,21.83,663,12.66,603,42.55
"32221","Waidhofen an der Thaya-Land",1287,216,16.78,99,7.69,123,31.87
"32222","Waldkirchen an der Thaya",484,142,29.34,74,15.29,62,43.66
"32223","Windigsteig",956,200,20.92,98,10.25,115,41.37
"32301","Bad Fischau-Brunn",3532,681,19.28,379,10.73,468,46.11
"32302","Bad Schönau",738,165,22.36,105,14.23,82,40
"32304","Ebenfurth",3255,469,14.41,307,9.43,377,42.99
"32305","Eggendorf",5096,942,18.49,623,12.23,758,50.37
"32306","Bad Erlach",3312,580,17.51,374,11.29,398,43.5
"32307","Felixdorf",4575,784,17.14,488,10.67,572,44.1
"32308","Gutenstein",1256,244,19.43,232,18.47,159,48.33
"32309","Hochneukirchen-Gschaidt",1639,335,20.44,158,9.64,188,37.98
"32310","Hochwolkersdorf",982,210,21.38,103,10.49,128,43.1
"32311","Hohe Wand",1457,319,21.89,122,8.37,187,42.5
"32312","Hollenthon",1014,240,23.67,79,7.79,119,40.89
"32313","Katzelsdorf",3162,661,20.9,340,10.75,415,42.17
"32314","Kirchschlag in der Buckligen Welt",2767,606,21.9,342,12.36,314,38.96
"32315","Krumbach",2398,445,18.56,236,9.84,232,35.05
"32316","Lanzenkirchen",4431,789,17.81,370,8.35,531,41.81
"32317","Lichtenegg",1056,186,17.61,109,10.32,125,39.81
"32318","Lichtenwörth",2947,559,18.97,312,10.59,404,47.14
"32319","Markt Piesting",3114,616,19.78,271,8.7,369,41.51
"32320","Matzendorf-Hölles",2148,378,17.6,266,12.38,308,47.02
"32321","Miesenbach",641,140,21.84,73,11.39,78,41.49
"32322","Muggendorf",499,99,19.84,54,10.82,77,49.36
"32323","Pernitz",2547,474,18.61,297,11.66,289,43.33
"32324","Rohr im Gebirge",425,89,20.94,42,9.88,44,37.61
"32325","Bromberg",1164,248,21.31,110,9.45,156,44.19
"32326","Schwarzenbach",932,204,21.89,101,10.84,103,37.73
"32327","Sollenau",5477,969,17.69,614,11.21,689,45.93
"32330","Theresienfeld",4254,567,13.33,371,8.72,502,41.63
"32331","Waidmannsfeld",1474,365,24.76,197,13.36,218,50.11
"32332","Waldegg",1993,363,18.21,234,11.74,262,45.57
"32333","Walpersbach",1230,233,18.94,108,8.78,153,40.48
"32334","Weikersdorf am Steinfelde",1112,238,21.4,93,8.36,138,42.07
"32335","Wiesmath",1543,338,21.91,145,9.4,182,39.48
"32336","Winzendorf-Muthmannsdorf",1859,359,19.31,210,11.3,264,46.64
"32337","Wöllersdorf-Steinabrückl",5094,816,16.02,403,7.91,618,41.7
"32338","Zillingdorf",2080,411,19.76,190,9.13,285,43.78
"32501","Allentsteig",1739,386,22.2,282,16.22,230,47.42
"32502","Arbesbach",1580,305,19.3,175,11.08,169,37.47
"32503","Bärnkopf",328,85,25.91,31,9.45,43,43.43
"32504","Echsenbach",1246,267,21.43,96,7.7,157,40.99
"32505","Göpfritz an der Wild",1743,367,21.06,198,11.36,209,40.74
"32506","Grafenschlag",833,149,17.89,86,10.32,99,38.22
"32508","Groß Gerungs",4459,950,21.31,436,9.78,488,38.33
"32509","Großgöttfritz",1317,270,20.5,116,8.81,131,33.42
"32511","Gutenbrunn",511,115,22.5,74,14.48,61,44.53
"32514","Kirchschlag",621,126,20.29,68,10.95,70,39.33
"32515","Kottes-Purk",1436,333,23.19,155,10.79,176,41.41
"32516","Langschlag",1716,367,21.39,171,9.97,195,39.8
"32517","Martinsberg",1050,239,22.76,120,11.43,119,37.78
"32518","Ottenschlag",1015,225,22.17,147,14.48,125,42.81
"32519","Altmelon",849,170,20.02,86,10.13,94,36.58
"32520","Pölla",915,222,24.26,102,11.15,120,46.15
"32521","Rappottenstein",1736,353,20.33,165,9.5,176,34.78
"32522","Sallingberg",1256,247,19.67,149,11.86,134,36.61
"32523","Schönbach",738,159,21.54,68,9.21,81,38.57
"32524","Schwarzenau",1470,310,21.09,178,12.11,186,43.36
"32525","Schweiggers",2028,380,18.74,197,9.71,223,36.68
"32528","Bad Traunstein",983,202,20.55,91,9.26,97,34.89
"32529","Waldhausen",1188,251,21.13,134,11.28,123,35.76
"32530","Zwettl-Niederösterreich",10771,2422,22.49,1332,12.37,1285,42.24
"40101","Linz",213557,33538,15.7,20753,9.72,24092,46.11
"40201","Steyr",38036,7026,18.47,4456,11.72,4719,47.73
"40301","Wels",65482,10698,16.34,5936,9.07,7251,42.38
"40401","Altheim",5092,1027,20.17,496,9.74,610,42.51
"40402","Aspach",2662,460,17.28,204,7.66,263,34.93
"40403","Auerbach",836,128,15.31,37,4.43,112,44.44
"40404","Braunau am Inn",17604,3298,18.73,1916,10.88,2124,45.12
"40405","Burgkirchen",2757,534,19.37,215,7.8,306,37.45
"40406","Eggelsberg",2959,495,16.73,235,7.94,350,42.37
"40407","Feldkirchen bei Mattighofen",2142,418,19.51,156,7.28,254,40.58
"40408","Franking",1034,210,20.31,93,8.99,132,43.14
"40409","Geretsberg",1193,220,18.44,108,9.05,137,40.41
"40410","Gilgenberg am Weilhart",1327,282,21.25,95,7.16,163,42.12
"40411","Haigermoos",654,116,17.74,54,8.26,74,38.54
"40412","Handenberg",1326,230,17.35,112,8.45,134,34.72
"40413","Helpfau-Uttendorf",3788,660,17.42,263,6.94,459,41.77
"40414","Hochburg-Ach",3379,652,19.3,373,11.04,438,44.06
"40415","Höhnhart",1489,267,17.93,114,7.66,154,36.15
"40416","Jeging",796,128,16.08,53,6.66,84,36.05
"40417","Kirchberg bei Mattighofen",1316,250,19,96,7.29,140,36.94
"40418","Lengau",5144,931,18.1,396,7.7,589,39.72
"40419","Lochen am See",3019,533,17.65,208,6.89,364,41.65
"40420","Maria Schmolln",1473,262,17.79,182,12.36,153,37.14
"40421","Mattighofen",7701,1128,14.65,536,6.96,844,40.5
"40422","Mauerkirchen",2689,476,17.7,247,9.19,302,41.6
"40423","Mining",1307,258,19.74,104,7.96,173,43.14
"40424","Moosbach",1141,186,16.3,81,7.1,107,32.52
"40425","Moosdorf",1727,351,20.32,149,8.63,230,43.4
"40426","Munderfing",3104,572,18.43,255,8.22,326,36.79
"40427","Neukirchen an der Enknach",2339,408,17.44,223,9.53,258,37.89
"40428","Ostermiething",3403,634,18.63,368,10.81,414,42.42
"40429","Palting",1294,221,17.08,86,6.65,166,44.5
"40430","Perwang am Grabensee",1133,177,15.62,82,7.24,140,41.18
"40431","Pfaffstätt",1293,211,16.32,93,7.19,142,38.59
"40432","Pischelsdorf am Engelbach",1780,313,17.58,166,9.33,198,38.15
"40433","Polling im Innkreis",992,189,19.05,92,9.27,102,35.42
"40434","Roßbach",890,193,21.69,73,8.2,103,38.43
"40435","St. Georgen am Fillmannsbach",472,78,16.53,31,6.57,50,38.17
"40436","St. Johann am Walde",2044,441,21.58,170,8.32,269,42.63
"40437","St. Pantaleon",3295,639,19.39,291,8.83,399,42.63
"40438","St. Peter am Hart",2575,471,18.29,232,9.01,318,41.95
"40439","St. Radegund",701,140,19.97,49,6.99,81,41.33
"40440","St. Veit im Innkreis",406,83,20.44,40,9.85,54,43.9
"40441","Schalchen",4173,772,18.5,354,8.48,515,41.73
"40442","Schwand im Innkreis",1063,175,16.46,83,7.81,133,42.09
"40443","Tarsdorf",2123,442,20.82,187,8.81,241,37.83
"40444","Treubach",790,140,17.72,60,7.59,81,38.03
"40445","Überackern",689,171,24.82,59,8.56,119,54.09
"40446","Weng im Innkreis",1457,263,18.05,141,9.68,190,42.79
"40501","Alkoven",6172,1087,17.61,560,9.07,803,44.54
"40502","Aschach an der Donau",2226,400,17.97,245,11.01,263,42.56
"40503","Eferding",4367,742,16.99,494,11.31,481,44.37
"40504","Fraham",2614,449,17.18,228,8.72,319,40.95
"40505","Haibach ob der Donau",1260,245,19.44,122,9.68,148,38.34
"40506","Hartkirchen",3919,862,22,441,11.25,510,44.04
"40507","Hinzenbach",2052,383,18.66,167,8.14,278,43.85
"40508","Prambachkirchen",2996,578,19.29,238,7.94,349,39.3
"40509","Pupping",1861,389,20.9,175,9.4,225,42.21
"40510","St. Marienkirchen an der Polsenz",2348,477,20.32,207,8.82,308,42.66
"40511","Scharten",2374,455,19.17,187,7.88,293,42.22
"40512","Stroheim",1695,328,19.35,133,7.85,203,39.8
"40601","Freistadt",8270,1516,18.33,756,9.14,944,42.5
"40602","Grünbach",1867,363,19.44,162,8.68,229,41.19
"40603","Gutau",2789,582,20.87,240,8.61,336,41.48
"40604","Hagenberg im Mühlkreis",3163,551,17.42,232,7.33,408,46.79
"40605","Hirschbach im Mühlkreis",1224,238,19.44,114,9.31,140,39.33
"40606","Kaltenberg",587,111,18.91,56,9.54,66,37.29
"40607","Kefermarkt",2217,427,19.26,177,7.98,273,41.94
"40608","Königswiesen",3046,607,19.93,247,8.11,324,36.45
"40609","Lasberg",2882,563,19.54,321,11.14,360,42.55
"40610","Leopoldschlag",985,224,22.74,90,9.14,139,46.03
"40611","Liebenau",1618,342,21.14,163,10.07,196,42.42
"40612","Neumarkt im Mühlkreis",3259,665,20.41,261,8.01,379,39.32
"40613","Pierbach",1019,192,18.84,79,7.75,100,33.56
"40614","Pregarten",5608,1089,19.42,529,9.43,791,47.97
"40615","Rainbach im Mühlkreis",3018,553,18.32,328,10.87,332,38.34
"40616","Sandl",1405,286,20.36,137,9.75,171,41.61
"40617","St. Leonhard bei Freistadt",1320,292,22.12,132,10,149,37.82
"40618","St. Oswald bei Freistadt",3019,550,18.22,218,7.22,353,39.4
"40619","Schönau im Mühlkreis",1975,378,19.14,177,8.96,231,40.88
"40620","Tragwein",3152,585,18.56,272,8.63,413,44.03
"40621","Unterweißenbach",2184,446,20.42,232,10.62,250,40.32
"40622","Unterweitersdorf",2197,431,19.62,154,7.01,293,43.09
"40623","Waldburg",1464,299,20.42,91,6.22,147,34.83
"40624","Wartberg ob der Aist",4489,910,20.27,359,8,566,42.68
"40625","Weitersfelden",1021,210,20.57,94,9.21,109,38.25
"40626","Windhaag bei Freistadt",1586,354,22.32,119,7.5,189,40.3
"40627","Bad Zell",2962,551,18.6,279,9.42,330,38.55
"40701","Altmünster",9998,2070,20.7,1123,11.23,1271,44.52
"40702","Bad Goisern am Hallstättersee",7575,1627,21.48,910,12.01,933,42.01
"40703","Bad Ischl",14107,2976,21.1,1848,13.1,1677,43.79
"40704","Ebensee am Traunsee",7452,1642,22.03,946,12.69,1100,50.18
"40705","Gmunden",13231,2644,19.98,1833,13.85,1634,46.82
"40706","Gosau",1865,387,20.75,220,11.8,185,37.68
"40707","Grünau im Almtal",2030,379,18.67,275,13.55,270,45.92
"40708","Gschwandt",2977,532,17.87,234,7.86,361,40.43
"40709","Hallstatt",737,166,22.52,102,13.84,107,50.71
"40710","Kirchham",2238,375,16.76,181,8.09,241,36.46
"40711","Laakirchen",9766,1825,18.69,903,9.25,1191,42.48
"40712","Obertraun",728,165,22.66,106,14.56,106,48.62
"40713","Ohlsdorf",5348,1060,19.82,467,8.73,709,44.06
"40714","Pinsdorf",4439,769,17.32,356,8.02,576,44.58
"40715","Roitham am Traunfall",2140,403,18.83,183,8.55,268,42.61
"40716","St. Konrad",1163,225,19.35,91,7.82,141,40.17
"40717","St. Wolfgang im Salzkammergut",2880,543,18.85,335,11.63,348,42.49
"40718","Traunkirchen",1717,423,24.64,206,12,223,46.27
"40719","Scharnstein",4897,950,19.4,537,10.97,586,42.56
"40720","Vorchdorf",7867,1404,17.85,725,9.22,982,43.3
"40801","Aistersheim",1013,141,13.92,76,7.5,113,39.65
"40802","Bad Schallerbach",4545,810,17.82,440,9.68,543,45.67
"40804","Eschenau im Hausruckkreis",1050,232,22.1,90,8.57,127,39.2
"40805","Gallspach",2842,468,16.47,303,10.66,330,43.77
"40806","Gaspoltshofen",3651,779,21.34,378,10.35,385,38.42
"40807","Geboltskirchen",1469,290,19.74,139,9.46,163,38.53
"40808","Grieskirchen",5226,909,17.39,597,11.42,614,43.86
"40809","Haag am Hausruck",2352,397,16.88,198,8.42,251,38.32
"40810","Heiligenberg",723,128,17.7,52,7.19,72,34.12
"40811","Hofkirchen an der Trattnach",1696,311,18.34,123,7.25,177,35.98
"40812","Kallham",2510,522,20.8,304,12.11,289,41.4
"40813","Kematen am Innbach",1403,253,18.03,87,6.2,160,38.46
"40814","Meggenhofen",1538,266,17.3,107,6.96,165,36.83
"40815","Michaelnbach",1301,221,16.99,110,8.46,118,30.97
"40816","Natternbach",2311,469,20.29,210,9.09,252,36.95
"40817","Neukirchen am Walde",1670,314,18.8,158,9.46,165,34.59
"40818","Neumarkt im Hausruckkreis",1523,261,17.14,156,10.24,200,45.45
"40820","Pötting",569,108,18.98,55,9.67,61,35.67
"40821","Pollham",1029,209,20.31,75,7.29,124,42.03
"40822","Pram",1754,372,21.21,151,8.61,184,36.87
"40823","Rottenbach",1153,183,15.87,102,8.85,111,33.53
"40824","St. Agatha",2183,381,17.45,179,8.2,212,34.64
"40825","St. Georgen bei Grieskirchen",1319,224,16.98,89,6.75,135,35.06
"40826","St. Thomas",584,92,15.75,35,5.99,49,29.88
"40827","Schlüßlberg",3051,574,18.81,288,9.44,410,44.66
"40828","Steegen",1097,263,23.97,76,6.93,123,40.2
"40829","Taufkirchen an der Trattnach",1955,404,20.66,165,8.44,251,42.61
"40830","Tollet",948,206,21.73,79,8.33,119,41.32
"40831","Waizenkirchen",3909,670,17.14,394,10.08,434,39.28
"40832","Wallern an der Trattnach",3119,663,21.26,285,9.14,415,44.2
"40833","Weibern",1675,288,17.19,167,9.97,191,38.51
"40834","Wendling",893,153,17.13,55,6.16,90,34.88
"40835","Peuerbach",4689,885,18.87,478,10.19,529,39.63
"40901","Edlbach",645,151,23.41,50,7.75,86,47.78
"40902","Grünburg",3834,662,17.27,403,10.51,452,42.36
"40903","Hinterstoder",860,219,25.47,151,17.56,123,51.46
"40904","Inzersdorf im Kremstal",1890,344,18.2,181,9.58,235,40.66
"40905","Kirchdorf an der Krems",5011,890,17.76,508,10.14,583,43.93
"40906","Klaus an der Pyhrnbahn",1137,210,18.47,124,10.91,154,48.58
"40907","Kremsmünster",7041,1217,17.28,633,8.99,806,41.4
"40908","Micheldorf in Oberösterreich",5976,1159,19.39,636,10.64,758,44.61
"40909","Molln",3599,748,20.78,406,11.28,444,42.09
"40910","Nußbach",2298,463,20.15,180,7.83,286,42.12
"40911","Oberschlierbach",476,79,16.6,52,10.92,54,40
"40912","Pettenbach",5409,975,18.03,424,7.84,559,36.73
"40913","Ried im Traunkreis",2951,493,16.71,264,8.95,280,34.44
"40914","Rosenau am Hengstpaß",649,125,19.26,69,10.63,84,46.15
"40915","Roßleithen",1826,356,19.5,206,11.28,221,41.94
"40916","St. Pankraz",376,65,17.29,35,9.31,46,44.66
"40917","Schlierbach",2941,513,17.44,232,7.89,337,40.5
"40918","Spital am Pyhrn",2304,448,19.44,230,9.98,274,41.83
"40919","Steinbach am Ziehberg",887,171,19.28,76,8.57,98,39.2
"40920","Steinbach an der Steyr",1961,382,19.48,175,8.92,236,41.4
"40921","Vorderstoder",838,185,22.08,91,10.86,97,40.08
"40922","Wartberg an der Krems",2934,605,20.62,243,8.28,371,42.21
"40923","Windischgarsten",2356,529,22.45,337,14.3,305,47.73
"41001","Allhaming",1259,245,19.46,106,8.42,145,40.85
"41002","Ansfelden",18271,2981,16.32,1501,8.22,2123,42.27
"41003","Asten",7444,1255,16.86,459,6.17,859,43.63
"41004","Eggendorf im Traunkreis",1161,188,16.19,65,5.6,136,39.31
"41005","Enns",12184,2113,17.34,1130,9.27,1501,44.25
"41006","Hargelsberg",1455,279,19.18,104,7.15,191,41.89
"41007","Hörsching",6571,1225,18.64,584,8.89,892,46.97
"41008","Hofkirchen im Traunkreis",2085,360,17.27,143,6.86,268,42.81
"41009","Kematen an der Krems",3090,486,15.73,193,6.25,355,40.34
"41010","Kirchberg-Thening",2540,532,20.94,275,10.83,371,46.61
"41011","Kronstorf",3490,684,19.6,319,9.14,500,47.17
"41012","Leonding",29244,5181,17.72,2866,9.8,3652,44.75
"41013","St. Florian",6318,1351,21.38,748,11.84,926,48.56
"41014","Neuhofen an der Krems",6865,1229,17.9,615,8.96,837,43.14
"41015","Niederneukirchen",2090,421,20.14,187,8.95,306,45.88
"41016","Oftering",2121,402,18.95,195,9.19,275,43.79
"41017","Pasching",7931,1333,16.81,680,8.57,999,45.45
"41018","Piberbach",2045,364,17.8,151,7.38,257,42.62
"41019","Pucking",4187,812,19.39,337,8.05,578,44.67
"41020","St. Marien",5240,1016,19.39,354,6.76,708,45.38
"41021","Traun",25345,4539,17.91,2291,9.04,3014,43.88
"41022","Wilhering",6215,1189,19.13,629,10.12,823,44.29
"41101","Allerheiligen im Mühlkreis",1288,245,19.02,97,7.53,151,40.48
"41102","Arbing",1545,320,20.71,92,5.95,189,40.04
"41103","Baumgartenberg",1879,332,17.67,196,10.43,189,37.88
"41104","Dimbach",996,192,19.28,91,9.14,106,37.99
"41105","Grein",2925,611,20.89,311,10.63,342,42.17
"41106","Katsdorf",3316,620,18.7,221,6.66,430,43
"41107","Klam",974,176,18.07,50,5.13,93,33.45
"41108","Bad Kreuzen",2372,417,17.58,240,10.12,222,35.98
"41109","Langenstein",2574,538,20.9,197,7.65,369,47.92
"41110","Luftenberg an der Donau",4329,778,17.97,382,8.82,638,48.85
"41111","Mauthausen",4915,928,18.88,459,9.34,630,46.09
"41112","Mitterkirchen im Machland",1777,337,18.96,143,8.05,221,42.75
"41113","Münzbach",1898,291,15.33,145,7.64,188,34.62
"41114","Naarn im Machlande",3859,711,18.42,320,8.29,495,43.19
"41115","Pabneukirchen",1693,311,18.37,132,7.8,188,38.06
"41116","Perg",9482,1541,16.25,771,8.13,1060,40.63
"41117","Rechberg",1046,184,17.59,60,5.74,114,38.64
"41118","Ried in der Riedmark",4394,829,18.87,321,7.31,531,40.75
"41119","St. Georgen am Walde",1975,403,20.41,167,8.46,221,38.77
"41120","St. Georgen an der Gusen",4459,763,17.11,448,10.05,605,47.56
"41121","St. Nikola an der Donau",758,160,21.11,54,7.12,90,45.92
"41122","St. Thomas am Blasenstein",949,159,16.75,90,9.48,94,35.34
"41123","Saxen",1687,306,18.14,144,8.54,208,41.19
"41124","Schwertberg",5476,1001,18.28,526,9.61,707,44.24
"41125","Waldhausen im Strudengau",2879,527,18.3,254,8.82,349,41.45
"41126","Windhaag bei Perg",1540,290,18.83,99,6.43,187,40.74
"41201","Andrichsfurt",797,113,14.18,60,7.53,72,31.58
"41202","Antiesenhofen",1102,221,20.05,97,8.8,141,42.73
"41203","Aurolzmünster",3248,576,17.73,249,7.67,387,41.17
"41204","Eberschwang",3532,656,18.57,367,10.39,405,40.34
"41205","Eitzing",911,149,16.36,56,6.15,106,38.41
"41206","Geiersberg",484,103,21.28,56,11.57,60,40.82
"41207","Geinberg",1444,256,17.73,136,9.42,173,41.49
"41208","Gurten",1190,206,17.31,117,9.83,137,39.14
"41209","Hohenzell",2343,422,18.01,206,8.79,287,40.94
"41210","Kirchdorf am Inn",661,106,16.04,60,9.08,79,40.1
"41211","Kirchheim im Innkreis",803,144,17.93,58,7.22,88,37.45
"41212","Lambrechten",1322,247,18.68,130,9.83,151,39.22
"41213","Lohnsburg am Kobernaußerwald",2205,432,19.59,209,9.48,230,36.16
"41214","Mehrnbach",2356,461,19.57,255,10.82,286,41.87
"41215","Mettmach",2444,476,19.48,189,7.73,252,36.52
"41216","Mörschwang",327,60,18.35,32,9.79,40,39.22
"41217","Mühlheim am Inn",719,163,22.67,66,9.18,100,45.05
"41218","Neuhofen im Innkreis",2529,533,21.08,201,7.95,334,42.66
"41219","Obernberg am Inn",1715,312,18.19,226,13.18,220,46.71
"41220","Ort im Innkreis",1388,231,16.64,101,7.28,157,41.21
"41221","Pattigham",1092,177,16.21,83,7.6,117,36.91
"41222","Peterskirchen",661,140,21.18,54,8.17,72,37.11
"41223","Pramet",1038,224,21.58,89,8.57,117,38.49
"41224","Reichersberg",1666,323,19.39,132,7.92,205,42.01
"41225","Ried im Innkreis",12766,2182,17.09,1423,11.15,1458,44.94
"41226","St. Georgen bei Obernberg am Inn",526,114,21.67,68,12.93,70,44.03
"41227","St. Marienkirchen am Hausruck",904,148,16.37,53,5.86,90,33.83
"41228","St. Martin im Innkreis",2218,367,16.55,142,6.4,239,37.34
"41229","Schildorn",1230,215,17.48,94,7.64,138,37.6
"41230","Senftenbach",789,157,19.9,61,7.73,105,43.39
"41231","Taiskirchen im Innkreis",2437,440,18.05,202,8.29,259,36.89
"41232","Tumeltsham",1587,288,18.15,165,10.4,213,44.47
"41233","Utzenaich",1661,280,16.86,133,8.01,186,38.04
"41234","Waldzell",2299,450,19.57,183,7.96,242,36.67
"41235","Weilbach",609,100,16.42,65,10.67,77,42.31
"41236","Wippenham",574,119,20.73,37,6.45,57,36.08
"41304","Altenfelden",2284,429,18.78,195,8.54,246,38.02
"41305","Arnreit",1199,204,17.01,78,6.51,121,36.89
"41306","Atzesberg",446,96,21.52,39,8.74,51,38.64
"41307","Auberg",616,93,15.1,51,8.28,69,39.43
"41309","Haslach an der Mühl",2581,526,20.38,331,12.82,310,43.85
"41311","Hörbich",421,66,15.68,29,6.89,44,36.07
"41312","Hofkirchen im Mühlkreis",1547,317,20.49,143,9.24,188,42.06
"41313","Julbach",1528,328,21.47,148,9.69,195,42.48
"41314","Kirchberg ob der Donau",1071,228,21.29,81,7.56,133,43.46
"41315","Klaffer am Hochficht",1376,285,20.71,112,8.14,171,43.4
"41316","Kleinzell im Mühlkreis",1707,299,17.52,180,10.54,215,43.35
"41317","Kollerschlag",1542,258,16.73,106,6.87,146,32.96
"41318","Lembach im Mühlkreis",1512,274,18.12,196,12.96,140,35
"41319","Lichtenau im Mühlkreis",481,92,19.13,45,9.36,54,37.24
"41320","Nebelberg",641,125,19.5,40,6.24,61,33.33
"41321","Neufelden",1214,245,20.18,130,10.71,137,41.14
"41322","Niederkappel",996,204,20.48,82,8.23,127,44.25
"41323","Niederwaldkirchen",1866,345,18.49,143,7.66,195,35.98
"41324","Oberkappel",743,129,17.36,64,8.61,66,34.38
"41325","Oepping",1555,304,19.55,116,7.46,175,38.04
"41326","Peilstein im Mühlviertel",1562,314,20.1,120,7.68,184,40.35
"41327","Pfarrkirchen im Mühlkreis",1385,259,18.7,147,10.61,138,34.94
"41328","Putzleinsdorf",1546,303,19.6,109,7.05,149,34.57
"41329","Neustift im Mühlkreis",1465,287,19.59,106,7.24,144,33.57
"41331","St. Johann am Wimberg",1009,194,19.23,80,7.93,108,36.86
"41332","St. Martin im Mühlkreis",3805,797,20.95,266,6.99,444,39.43
"41333","St. Oswald bei Haslach",521,112,21.5,31,5.95,57,38.26
"41334","St. Peter am Wimberg",1790,309,17.26,155,8.66,192,38.63
"41336","St. Ulrich im Mühlkreis",719,117,16.27,56,7.79,80,37.74
"41337","St. Veit im Mühlkreis",1337,266,19.9,108,8.08,151,38.62
"41338","Sarleinsbach",2246,446,19.86,173,7.7,240,37.91
"41341","Schwarzenberg am Böhmerwald",576,129,22.4,78,13.54,81,47.93
"41342","Ulrichsberg",2858,617,21.59,360,12.6,373,44.51
"41343","Aigen-Schlägl",3282,663,20.2,349,10.63,354,39.91
"41344","Rohrbach-Berg",5291,1110,20.98,542,10.24,586,40.89
"41345","Helfenberg",1552,328,21.13,174,11.21,185,41.29
"41346","St. Stefan-Afiesl",1094,223,20.38,110,10.05,137,41.27
"41401","Altschwendt",721,132,18.31,62,8.6,80,41.03
"41402","Andorf",5221,984,18.85,493,9.44,536,36.69
"41403","Brunnenthal",2080,408,19.62,194,9.33,253,41
"41404","Diersbach",1522,319,20.96,121,7.95,187,41.28
"41405","Dorf an der Pram",1088,198,18.2,78,7.17,126,37.95
"41406","Eggerding",1378,253,18.36,113,8.2,156,37.68
"41407","Engelhartszell",906,232,25.61,104,11.48,99,41.6
"41408","Enzenkirchen",1780,363,20.39,128,7.19,159,30.29
"41409","Esternberg",2849,583,20.46,326,11.44,298,36.93
"41410","Freinberg",1531,334,21.82,163,10.65,182,41.84
"41411","Kopfing im Innkreis",1965,399,20.31,192,9.77,203,35.61
"41412","Mayrhof",329,48,14.59,19,5.78,24,27.59
"41413","Münzkirchen",2575,485,18.83,225,8.74,281,36.93
"41414","Raab",2324,456,19.62,214,9.21,280,40.76
"41415","Rainbach im Innkreis",1576,307,19.48,123,7.8,171,36.54
"41416","Riedau",2012,387,19.23,190,9.44,256,43.24
"41417","St. Aegidi",1569,291,18.55,158,10.07,144,32.88
"41418","St. Florian am Inn",3225,615,19.07,278,8.62,385,40.91
"41419","St. Marienkirchen bei Schärding",2029,347,17.1,155,7.64,218,36.27
"41420","St. Roman",1776,327,18.41,140,7.88,160,31.87
"41421","St. Willibald",1074,216,20.11,96,8.94,126,38.18
"41422","Schärding",5595,1077,19.25,729,13.03,586,43.09
"41423","Schardenberg",2472,441,17.84,249,10.07,258,36.13
"41424","Sigharting",892,153,17.15,71,7.96,87,34.52
"41425","Suben",1722,331,19.22,111,6.45,162,39.61
"41426","Taufkirchen an der Pram",2963,553,18.66,309,10.43,349,40.07
"41427","Vichtenstein",615,129,20.98,59,9.59,61,36.31
"41428","Waldkirchen am Wesen",1155,291,25.19,98,8.48,135,39.82
"41429","Wernstein am Inn",1534,327,21.32,141,9.19,184,40.44
"41430","Zell an der Pram",1955,340,17.39,240,12.28,183,33.64
"41501","Adlwang",2166,344,15.88,149,6.88,242,38.91
"41502","Aschach an der Steyr",2302,470,20.42,176,7.65,323,46.08
"41503","Bad Hall",5868,1120,19.09,665,11.33,715,45.2
"41504","Dietach",3460,614,17.75,278,8.03,461,44.76
"41505","Gaflenz",1961,377,19.22,178,9.08,229,39.28
"41506","Garsten",6674,1453,21.77,715,10.71,860,45.96
"41507","Großraming",2636,540,20.49,293,11.12,321,42.4
"41508","Laussa",1240,223,17.98,111,8.95,150,41.78
"41509","Losenstein",1678,372,22.17,141,8.4,229,46.54
"41510","Maria Neustift",1633,316,19.35,113,6.92,158,34.65
"41511","Pfarrkirchen bei Bad Hall",2359,441,18.69,211,8.94,308,43.81
"41512","Reichraming",1670,364,21.8,207,12.4,247,49.2
"41513","Rohr im Kremstal",1494,257,17.2,102,6.83,171,38.95
"41514","St. Ulrich bei Steyr",3235,697,21.55,347,10.73,420,44.4
"41515","Schiedlberg",1317,237,18,110,8.35,145,37.18
"41516","Sierning",9867,1882,19.07,986,9.99,1334,46.86
"41517","Ternberg",3390,670,19.76,392,11.56,403,42.69
"41518","Waldneukirchen",2279,428,18.78,200,8.78,256,38.79
"41521","Wolfern",3389,615,18.15,367,10.83,447,44.48
"41522","Weyer",3995,837,20.95,548,13.72,489,43.16
"41601","Alberndorf in der Riedmark",4214,818,19.41,322,7.64,532,42.26
"41602","Altenberg bei Linz",4835,882,18.24,459,9.49,600,41.78
"41603","Bad Leonfelden",4434,756,17.05,462,10.42,510,42.36
"41604","Eidenberg",2141,420,19.62,160,7.47,266,41.37
"41605","Engerwitzdorf",9099,1697,18.65,802,8.81,1179,43.75
"41606","Feldkirchen an der Donau",5580,1100,19.71,596,10.68,661,41.47
"41607","Gallneukirchen",6747,1303,19.31,673,9.97,866,46.46
"41608","Goldwörth",750,178,23.73,67,8.93,114,47.11
"41609","Gramastetten",5137,1013,19.72,594,11.56,655,43.7
"41610","Haibach im Mühlkreis",973,165,16.96,79,8.12,115,39.66
"41611","Hellmonsödt",2428,504,20.76,296,12.19,316,46.4
"41612","Herzogsdorf",2741,520,18.97,185,6.75,307,37.53
"41613","Kirchschlag bei Linz",2247,438,19.49,189,8.41,280,43.89
"41614","Lichtenberg",2904,557,19.18,262,9.02,396,44.9
"41615","Oberneukirchen",3254,707,21.73,285,8.76,403,42.56
"41616","Ottenschlag im Mühlkreis",588,116,19.73,37,6.29,54,33.75
"41617","Ottensheim",4748,960,20.22,508,10.7,646,46.04
"41618","Puchenau",4695,1022,21.77,621,13.23,685,50.78
"41619","Reichenau im Mühlkreis",1355,278,20.52,89,6.57,169,42.46
"41620","Reichenthal",1553,257,16.55,129,8.31,182,40.44
"41621","St. Gotthard im Mühlkreis",1321,286,21.65,114,8.63,187,47.22
"41622","Schenkenfelden",1619,320,19.77,142,8.77,182,38.89
"41623","Sonnberg im Mühlkreis",1115,165,14.8,80,7.17,121,36.45
"41624","Steyregg",5005,967,19.32,555,11.09,705,48.52
"41626","Walding",4290,874,20.37,499,11.63,600,47.32
"41627","Zwettl an der Rodl",1807,357,19.76,137,7.58,209,41.3
"41628","Vorderweißenbach",2758,496,17.98,230,8.34,299,37.99
"41701","Ampflwang im Hausruckwald",3441,732,21.27,357,10.37,441,45.23
"41702","Attersee am Attersee",1672,354,21.17,150,8.97,192,42.76
"41703","Attnang-Puchheim",9289,1638,17.63,919,9.89,1084,43.71
"41704","Atzbach",1205,244,20.25,104,8.63,134,39.07
"41705","Aurach am Hongar",1873,325,17.35,135,7.21,215,38.46
"41706","Berg im Attergau",1148,199,17.33,90,7.84,126,37.28
"41707","Desselbrunn",1951,333,17.07,129,6.61,223,38.99
"41708","Fornach",1004,156,15.54,71,7.07,89,30.48
"41709","Frankenburg am Hausruck",4965,955,19.23,485,9.77,541,38.23
"41710","Frankenmarkt",3868,640,16.55,373,9.64,435,41.08
"41711","Gampern",3123,522,16.71,235,7.52,340,36.88
"41712","Innerschwand am Mondsee",1288,214,16.61,107,8.31,132,35.48
"41713","Lenzing",5252,1006,19.15,529,10.07,710,48.46
"41714","Manning",799,153,19.15,77,9.64,104,45.02
"41715","Mondsee",3940,739,18.76,448,11.37,436,42
"41716","Neukirchen an der Vöckla",2617,493,18.84,260,9.94,314,40.89
"41717","Niederthalheim",1156,181,15.66,109,9.43,119,36.28
"41718","Nußdorf am Attersee",1132,222,19.61,166,14.66,133,42.9
"41719","Oberhofen am Irrsee",1730,297,17.17,110,6.36,170,34.91
"41720","Oberndorf bei Schwanenstadt",1385,308,22.24,122,8.81,199,47.16
"41721","Oberwang",1771,289,16.32,137,7.74,139,28.14
"41722","Ottnang am Hausruck",4111,756,18.39,380,9.24,469,39.98
"41723","Pfaffing",1521,279,18.34,142,9.34,174,39.64
"41724","Pilsbach",680,122,17.94,62,9.12,74,37.76
"41725","Pitzenberg",576,109,18.92,33,5.73,72,39.78
"41726","Pöndorf",2433,440,18.08,207,8.51,264,37.24
"41727","Puchkirchen am Trattberg",1092,209,19.14,66,6.04,118,36.42
"41728","Pühret",666,127,19.07,45,6.76,75,37.88
"41729","Redleiten",529,80,15.12,30,5.67,48,30.77
"41730","Redlham",1649,283,17.16,144,8.73,210,42.86
"41731","Regau",7200,1223,16.99,554,7.69,848,40.48
"41732","Rüstorf",2304,408,17.71,170,7.38,303,43.72
"41733","Rutzenham",291,62,21.31,21,7.22,35,39.33
"41734","St. Georgen im Attergau",4935,836,16.94,350,7.09,515,39.58
"41735","St. Lorenz",2648,435,16.43,236,8.91,295,38.66
"41736","Schlatt",1413,246,17.41,137,9.7,185,44.36
"41737","Schörfling am Attersee",3519,714,20.29,341,9.69,462,45.79
"41738","Schwanenstadt",4800,778,16.21,457,9.52,544,43.04
"41739","Seewalchen am Attersee",5741,1153,20.08,580,10.1,700,42.68
"41740","Steinbach am Attersee",910,181,19.89,119,13.08,103,42.39
"41741","Straß im Attergau",1542,307,19.91,106,6.87,151,34.95
"41742","Tiefgraben",4189,711,16.97,298,7.11,399,33.39
"41743","Timelkam",5913,1158,19.58,620,10.49,796,47.04
"41744","Ungenach",1459,270,18.51,125,8.57,171,39.13
"41745","Unterach am Attersee",1561,312,19.99,195,12.49,193,46.17
"41746","Vöcklabruck",12989,2440,18.79,1609,12.39,1537,46.11
"41747","Vöcklamarkt",5192,866,16.68,483,9.3,586,39.78
"41748","Weißenkirchen im Attergau",950,188,19.79,93,9.79,120,42.55
"41749","Weyregg am Attersee",1630,360,22.09,188,11.53,186,41.8
"41750","Wolfsegg am Hausruck",1997,345,17.28,223,11.17,250,44.4
"41751","Zell am Moos",1665,290,17.42,156,9.37,181,37.47
"41752","Zell am Pettenfirst",1274,245,19.23,114,8.95,165,44.96
"41801","Aichkirchen",622,95,15.27,42,6.75,62,34.83
"41802","Bachmanning",725,128,17.66,64,8.83,77,37.02
"41803","Bad Wimsbach-Neydharting",2509,477,19.01,224,8.93,285,39.53
"41804","Buchkirchen",4106,792,19.29,415,10.11,562,43.8
"41805","Eberstalzell",2913,464,15.93,222,7.62,266,32.44
"41806","Edt bei Lambach",2366,428,18.09,201,8.5,316,44.76
"41807","Fischlham",1381,266,19.26,139,10.07,189,45.22
"41808","Gunskirchen",6513,1211,18.59,615,9.44,828,42.07
"41809","Holzhausen",1167,172,14.74,52,4.46,120,39.22
"41810","Krenglbach",3260,632,19.39,278,8.53,415,41.33
"41811","Lambach",3912,634,16.21,395,10.1,470,45.81
"41812","Marchtrenk",14815,2513,16.96,1177,7.94,1762,41.57
"41813","Neukirchen bei Lambach",996,180,18.07,71,7.13,113,38.83
"41814","Offenhausen",1697,292,17.21,134,7.9,189,38.34
"41815","Pennewang",1059,193,18.22,69,6.52,123,40.2
"41816","Pichl bei Wels",2952,565,19.14,249,8.43,356,41.35
"41817","Sattledt",2755,441,16.01,237,8.6,312,39.25
"41818","Schleißheim",1439,251,17.44,102,7.09,177,40.88
"41819","Sipbachzell",2254,352,15.62,144,6.39,230,34.48
"41820","Stadl-Paura",5307,1019,19.2,544,10.25,701,46.7
"41821","Steinerkirchen an der Traun",2458,425,17.29,247,10.05,279,39.46
"41822","Steinhaus",2775,498,17.95,220,7.93,367,44.81
"41823","Thalheim bei Wels",5559,1032,18.56,659,11.85,703,45.24
"41824","Weißkirchen an der Traun",3570,636,17.82,291,8.15,486,44.88
"50101","Salzburg",157659,26182,16.61,17439,11.06,16767,43.17
"50201","Abtenau",6008,1148,19.11,628,10.45,588,34.41
"50202","Adnet",3793,657,17.32,374,9.86,471,41.94
"50203","Annaberg-Lungötz",2230,425,19.06,237,10.63,215,34.57
"50204","Golling an der Salzach",4510,723,16.03,454,10.07,484,38.97
"50205","Hallein",21654,3669,16.94,1853,8.56,2361,39.95
"50206","Krispl",863,175,20.28,76,8.81,91,36.25
"50207","Kuchl",7512,1225,16.31,706,9.4,720,34.63
"50208","Oberalm",4392,788,17.94,536,12.2,518,42.49
"50209","Puch bei Hallein",4919,849,17.26,453,9.21,533,40.38
"50210","Rußbach am Paß Gschütt",772,169,21.89,76,9.84,96,42.29
"50211","St. Koloman",1819,312,17.15,168,9.24,185,35.44
"50212","Scheffau am Tennengebirge",1512,251,16.6,134,8.86,147,35.42
"50213","Bad Vigaun",2131,349,16.38,217,10.18,235,38.4
"50301","Anif",4425,801,18.1,552,12.47,475,40.36
"50302","Anthering",3733,701,18.78,348,9.32,444,41.15
"50303","Bergheim",5717,1000,17.49,576,10.08,628,40.46
"50304","Berndorf bei Salzburg",1776,328,18.47,151,8.5,208,40.08
"50305","Bürmoos",5052,950,18.8,459,9.09,640,43.66
"50306","Dorfbeuern",1605,304,18.94,139,8.66,182,38.16
"50307","Ebenau",1458,258,17.7,146,10.01,177,41.65
"50308","Elixhausen",3141,552,17.57,345,10.98,384,42.34
"50309","Elsbethen",5453,1072,19.66,627,11.5,671,44.14
"50310","Eugendorf",7134,1186,16.62,719,10.08,808,38.51
"50311","Faistenau",3143,598,19.03,234,7.45,355,38.09
"50312","Fuschl am See",1731,295,17.04,147,8.49,190,40.6
"50313","Göming",767,123,16.04,68,8.87,65,30.37
"50314","Grödig",7376,1364,18.49,785,10.64,883,42.72
"50315","Großgmain",2728,525,19.24,347,12.72,295,40.36
"50316","Hallwang",4270,742,17.38,442,10.35,492,40.69
"50317","Henndorf am Wallersee",5166,1001,19.38,535,10.36,637,42.38
"50318","Hintersee",472,99,20.97,29,6.14,50,33.56
"50319","Hof bei Salzburg",3625,607,16.74,391,10.79,413,40.06
"50320","Köstendorf",2742,479,17.47,258,9.41,256,33.25
"50321","Koppl",3714,640,17.23,302,8.13,408,37.74
"50322","Lamprechtshausen",4108,739,17.99,302,7.35,464,38.67
"50323","Mattsee",3538,676,19.11,394,11.14,406,41.01
"50324","Neumarkt am Wallersee",6657,1150,17.28,526,7.9,702,37.88
"50325","Nußdorf am Haunsberg",2552,451,17.67,213,8.35,271,36.28
"50326","Oberndorf bei Salzburg",6058,1129,18.64,600,9.9,708,41.65
"50327","Obertrum am See",5036,888,17.63,427,8.48,543,38.48
"50328","Plainfeld",1291,225,17.43,116,8.99,139,38.29
"50329","St. Georgen bei Salzburg",3227,606,18.78,243,7.53,374,39.45
"50330","St. Gilgen",4042,836,20.68,481,11.9,399,37.68
"50331","Schleedorf",1144,194,16.96,80,6.99,124,37.13
"50332","Seeham",2035,415,20.39,160,7.86,249,42.78
"50335","Straßwalchen",8194,1352,16.5,551,6.72,873,37.76
"50336","Strobl",3748,708,18.89,439,11.71,365,36.03
"50337","Thalgau",6229,1020,16.38,551,8.85,675,38.62
"50338","Wals-Siezenheim",14413,2459,17.06,1266,8.78,1671,41.74
"50339","Seekirchen am Wallersee",11708,1942,16.59,1079,9.22,1286,39.63
"50401","Altenmarkt im Pongau",4705,764,16.24,396,8.42,500,38.11
"50402","Bad Hofgastein",6677,1392,20.85,793,11.88,789,42.81
"50403","Bad Gastein",4009,821,20.48,528,13.17,472,45.69
"50404","Bischofshofen",10743,1966,18.3,1194,11.11,1314,43.74
"50405","Dorfgastein",1745,328,18.8,159,9.11,211,41.54
"50406","Eben im Pongau",2682,397,14.8,180,6.71,283,37.78
"50407","Filzmoos",1507,248,16.46,124,8.23,147,35.77
"50408","Flachau",3106,522,16.81,208,6.7,308,36.75
"50409","Forstau",561,107,19.07,48,8.56,45,28.48
"50410","Goldegg",2736,504,18.42,199,7.27,308,38.26
"50411","Großarl",3843,630,16.39,266,6.92,336,32.18
"50412","Hüttau",1490,281,18.86,162,10.87,142,35.86
"50413","Hüttschlag",885,150,16.95,87,9.83,83,32.94
"50414","Kleinarl",832,144,17.31,75,9.01,88,36.07
"50415","Mühlbach am Hochkönig",1403,294,20.96,177,12.62,179,44.97
"50416","Pfarrwerfen",2614,423,16.18,232,8.88,267,36.33
"50417","Radstadt",5043,865,17.15,480,9.52,511,37.33
"50418","St. Johann im Pongau",11643,2016,17.32,949,8.15,1328,40.62
"50419","St. Martin am Tennengebirge",1777,307,17.28,145,8.16,207,38.91
"50420","St. Veit im Pongau",3944,734,18.61,341,8.65,460,40.82
"50421","Schwarzach im Pongau",3541,661,18.67,379,10.7,419,44.11
"50422","Untertauern",450,72,16,28,6.22,34,27.87
"50423","Wagrain",3177,593,18.67,324,10.2,350,39.59
"50424","Werfen",3092,552,17.85,308,9.96,372,41.8
"50425","Werfenweng",1105,161,14.57,56,5.07,88,29.93
"50501","Göriach",339,67,19.76,34,10.03,31,31
"50502","Lessach",542,100,18.45,46,8.49,47,29.56
"50503","Mariapfarr",2507,483,19.27,343,13.68,239,34.44
"50504","Mauterndorf",1591,341,21.43,243,15.27,166,37.99
"50505","Muhr",490,111,22.65,54,11.02,52,38.81
"50506","Ramingstein",1060,271,25.57,110,10.38,118,37.82
"50507","St. Andrä im Lungau",768,132,17.19,91,11.85,78,36.11
"50508","St. Margarethen im Lungau",778,149,19.15,63,8.1,67,31.6
"50509","St. Michael im Lungau",3527,734,20.81,364,10.32,402,38.8
"50510","Tamsweg",5784,1183,20.45,629,10.87,600,37.88
"50511","Thomatal",331,65,19.64,32,9.67,35,35
"50512","Tweng",246,36,14.63,26,10.57,16,27.59
"50513","Unternberg",1024,189,18.46,89,8.69,105,35.35
"50514","Weißpriach",297,55,18.52,34,11.45,34,38.2
"50515","Zederhaus",1176,224,19.05,107,9.1,110,33.33
"50601","Bramberg am Wildkogel",4121,790,19.17,365,8.86,440,37.35
"50602","Bruck an der Großglocknerstraße",4920,840,17.07,496,10.08,555,39.81
"50603","Dienten am Hochkönig",723,113,15.63,89,12.31,59,28.92
"50604","Fusch an der Großglocknerstraße",746,141,18.9,66,8.85,91,42.13
"50605","Hollersbach im Pinzgau",1230,252,20.49,109,8.86,147,38.38
"50606","Kaprun",3158,615,19.47,306,9.69,419,47.89
"50607","Krimml",821,156,19,90,10.96,84,34.85
"50608","Lend",1288,263,20.42,136,10.56,152,43.06
"50609","Leogang",3582,649,18.12,319,8.91,391,38.91
"50610","Lofer",2107,380,18.04,281,13.34,239,41.07
"50611","Maishofen",3667,635,17.32,342,9.33,374,36.63
"50612","Maria Alm am Steinernen Meer",2265,401,17.7,213,9.4,218,35.62
"50613","Mittersill",5723,1104,19.29,557,9.73,651,40.38
"50614","Neukirchen am Großvenediger",2685,533,19.85,244,9.09,300,38.36
"50615","Niedernsill",2860,526,18.39,216,7.55,314,37.83
"50616","Piesendorf",3863,754,19.52,395,10.23,493,42.87
"50617","Rauris",3084,572,18.55,299,9.7,331,37.23
"50618","Saalbach-Hinterglemm",2881,569,19.75,246,8.54,330,41.98
"50619","Saalfelden am Steinernen Meer",17299,3284,18.98,1637,9.46,2151,43.92
"50620","St. Martin bei Lofer",1218,214,17.57,123,10.1,142,40.46
"50621","Stuhlfelden",1554,266,17.12,130,8.37,186,40.09
"50622","Taxenbach",2828,523,18.49,272,9.62,298,37.34
"50623","Unken",2034,397,19.52,247,12.14,229,39.76
"50624","Uttendorf",3064,588,19.19,274,8.94,359,39.98
"50625","Viehhofen",598,96,16.05,50,8.36,57,34.13
"50626","Wald im Pinzgau",1132,230,20.32,97,8.57,129,38.17
"50627","Weißbach bei Lofer",416,66,15.87,37,8.89,43,34.96
"50628","Zell am See",10227,2000,19.56,1100,10.76,1192,43.36
"60101","Graz",305314,42836,14.03,27107,8.88,34329,46.22
"60305","Frauental an der Laßnitz",3170,630,19.87,355,11.2,375,40.72
"60318","Lannach",3670,700,19.07,365,9.95,471,43.73
"60323","Pölfing-Brunn",1561,377,24.15,226,14.48,210,48.5
"60324","Preding",1896,371,19.57,213,11.23,241,42.96
"60326","Sankt Josef (Weststeiermark)",1675,311,18.57,145,8.66,222,42.69
"60329","Sankt Peter im Sulmtal",1271,281,22.11,136,10.7,162,42.52
"60341","Wettmannstätten",1649,344,20.86,143,8.67,198,38.75
"60344","Deutschlandsberg",11757,2452,20.86,1446,12.3,1450,44.46
"60345","Eibiswald",6154,1452,23.59,754,12.25,816,44.57
"60346","Groß Sankt Florian",4090,839,20.51,451,11.03,519,42.86
"60347","Sankt Martin im Sulmtal",3000,672,22.4,367,12.23,401,43.59
"60348","Sankt Stefan ob Stainz",3671,826,22.5,381,10.38,471,42.55
"60349","Bad Schwanberg",4421,1050,23.75,496,11.22,574,43.03
"60350","Stainz",8783,1825,20.78,947,10.78,1088,42.8
"60351","Wies",4297,962,22.39,524,12.19,522,41.43
"60608","Feldkirchen bei Graz",7299,1141,15.63,560,7.67,840,40.72
"60611","Gössendorf",4220,751,17.8,454,10.76,532,41.89
"60613","Gratkorn",8279,1426,17.22,813,9.82,1024,44.14
"60617","Hart bei Graz",5533,1081,19.54,509,9.2,696,42.75
"60618","Haselsdorf-Tobelbad",1610,292,18.14,163,10.12,215,43.35
"60619","Hausmannstätten",3803,590,15.51,388,10.2,467,41.62
"60623","Kainbach bei Graz",2883,670,23.24,308,10.68,285,40.25
"60624","Kalsdorf bei Graz",9010,1253,13.91,632,7.01,1018,41.21
"60626","Kumberg",3947,866,21.94,339,8.59,457,38.57
"60628","Laßnitzhöhe",2902,587,20.23,386,13.3,331,42.22
"60629","Lieboch",5754,999,17.36,635,11.04,761,47.27
"60632","Peggau",2432,417,17.15,264,10.86,285,43.38
"60639","Sankt Bartholomä",1504,286,19.02,155,10.31,174,37.74
"60641","Sankt Oswald bei Plankenwarth",1260,288,22.86,118,9.37,172,45.03
"60642","Sankt Radegund bei Graz",2156,471,21.85,245,11.36,268,42.54
"60645","Semriach",3143,628,19.98,370,11.77,327,35.93
"60646","Stattegg",3029,602,19.87,341,11.26,374,41.33
"60647","Stiwoll",691,143,20.69,77,11.14,90,41.47
"60648","Thal",2541,518,20.39,302,11.89,310,41.72
"60651","Übelbach",2068,424,20.5,274,13.25,298,48.69
"60653","Vasoldsberg",4789,948,19.8,568,11.86,602,41.66
"60654","Weinitzen",2751,595,21.63,332,12.07,342,42.22
"60655","Werndorf",2956,457,15.46,205,6.94,367,43.74
"60656","Wundschuh",1684,305,18.11,162,9.62,204,40.56
"60659","Deutschfeistritz",4432,817,18.43,425,9.59,584,44.01
"60660","Dobl-Zwaring",3798,664,17.48,389,10.24,423,38.67
"60661","Eggersdorf bei Graz",7329,1384,18.88,671,9.16,863,40.35
"60662","Fernitz-Mellach",4951,1011,20.42,480,9.7,685,45.1
"60663","Frohnleiten",6690,1450,21.67,816,12.2,916,48.16
"60664","Gratwein-Straßengel",12799,2574,20.11,1400,10.94,1678,44.54
"60665","Hitzendorf",7398,1486,20.09,778,10.52,942,42.11
"60666","Nestelbach bei Graz",2734,534,19.53,274,10.02,333,40.66
"60667","Raaba-Grambach",5060,824,16.28,425,8.4,611,41.56
"60668","Sankt Marein bei Graz",3752,801,21.35,332,8.85,486,42.15
"60669","Seiersberg-Pirka",12289,2211,17.99,1028,8.37,1490,42.11
"60670","Premstätten",7178,1220,17,643,8.96,908,44.75
"61001","Allerheiligen bei Wildon",1615,317,19.63,211,13.07,195,41.67
"61002","Arnfels",960,225,23.44,132,13.75,120,44.28
"61007","Empersdorf",1394,294,21.09,123,8.82,169,39.67
"61008","Gabersdorf",1310,206,15.73,101,7.71,138,36.7
"61012","Gralla",2876,441,15.33,232,8.07,320,40.2
"61013","Großklein",2232,495,22.18,222,9.95,258,39.51
"61016","Heimschuh",1997,396,19.83,208,10.42,263,43.04
"61017","Hengsberg",1574,283,17.98,125,7.94,169,37.47
"61019","Kitzeck im Sausal",1175,283,24.09,123,10.47,158,45.27
"61020","Lang",1373,268,19.52,107,7.79,191,46.02
"61021","Lebring-Sankt Margarethen",2260,451,19.96,211,9.34,316,45.01
"61024","Oberhaag",2021,470,23.26,240,11.88,262,43.52
"61027","Ragnitz",1647,304,18.46,144,8.74,210,43.75
"61030","Sankt Andrä-Höch",1730,379,21.91,214,12.37,198,39.13
"61032","Sankt Johann im Saggautal",1961,421,21.47,209,10.66,250,40.98
"61033","Sankt Nikolai im Sausal",2345,521,22.22,252,10.75,331,47.83
"61043","Tillmitsch",3959,795,20.08,348,8.79,525,46.01
"61045","Wagna",6524,1202,18.42,584,8.95,837,45.29
"61049","Ehrenhausen an der Weinstraße",2410,518,21.49,248,10.29,325,45.97
"61050","Gamlitz",3144,684,21.76,374,11.9,390,41.36
"61051","Gleinstätten",2811,590,20.99,266,9.46,365,43.3
"61052","Heiligenkreuz am Waasen",2928,566,19.33,283,9.67,363,41.97
"61053","Leibnitz",13517,2581,19.09,1346,9.96,1733,46.32
"61054","Leutschach an der Weinstraße",3535,724,20.48,378,10.69,418,40.15
"61055","Sankt Georgen an der Stiefing",1614,302,18.71,143,8.86,208,42.8
"61057","Schwarzautal",2361,495,20.97,268,11.35,294,40.61
"61059","Wildon",5745,1059,18.43,558,9.71,721,43.43
"61060","Sankt Veit in der Südsteiermark",4426,917,20.72,472,10.66,536,40.24
"61061","Straß in Steiermark",6535,1261,19.3,549,8.4,815,42.63
"61101","Eisenerz",3362,927,27.57,781,23.23,582,61.78
"61105","Kalwang",1040,220,21.15,191,18.37,153,54.64
"61106","Kammern im Liesingtal",1671,314,18.79,229,13.7,203,42.2
"61107","Kraubath an der Mur",1339,280,20.91,148,11.05,190,45.67
"61108","Leoben",24561,4625,18.83,3021,12.3,3354,53.02
"61109","Mautern in Steiermark",1656,385,23.25,242,14.61,242,51.38
"61110","Niklasdorf",2346,475,20.25,315,13.43,356,54.43
"61111","Proleb",1553,336,21.64,191,12.3,254,51.73
"61112","Radmer",474,137,28.9,84,17.72,82,53.25
"61113","Sankt Michael in Obersteiermark",3027,640,21.14,346,11.43,447,50.57
"61114","Sankt Peter-Freienstein",2306,448,19.43,318,13.79,333,48.12
"61115","Sankt Stefan ob Leoben",1816,412,22.69,225,12.39,282,51.55
"61116","Traboch",1417,314,22.16,143,10.09,214,49.42
"61118","Vordernberg",945,233,24.66,162,17.14,153,60.96
"61119","Wald am Schoberpaß",528,115,21.78,94,17.8,72,50
"61120","Trofaiach",11030,2396,21.72,1584,14.36,1672,52.61
"61203","Aigen im Ennstal",2745,582,21.2,276,10.05,338,42.09
"61204","Altaussee",1913,458,23.94,312,16.31,218,43.25
"61205","Altenmarkt bei Sankt Gallen",779,165,21.18,112,14.38,115,48.12
"61206","Ardning",1308,308,23.55,204,15.6,183,48.16
"61207","Bad Aussee",4988,1107,22.19,750,15.04,592,43.63
"61213","Gröbming",3202,616,19.24,344,10.74,371,43.14
"61215","Grundlsee",1181,291,24.64,188,15.92,145,43.94
"61217","Haus",2451,516,21.05,253,10.32,271,39.05
"61222","Lassing",1684,355,21.08,253,15.02,204,42.24
"61236","Ramsau am Dachstein",2910,570,19.59,329,11.31,279,34.62
"61243","Selzthal",1476,336,22.76,160,10.84,209,49.76
"61247","Trieben",3297,680,20.62,440,13.35,445,48.85
"61251","Wildalpen",432,119,27.55,74,17.13,71,52.59
"61252","Wörschach",1226,241,19.66,130,10.6,153,43.34
"61253","Admont",4910,1048,21.34,638,12.99,665,46.34
"61254","Aich",1322,255,19.29,99,7.49,114,31.58
"61255","Bad Mitterndorf",4964,1131,22.78,578,11.64,631,44.94
"61256","Gaishorn am See",1356,286,21.09,150,11.06,196,47.69
"61257","Irdning-Donnersbachtal",4173,855,20.49,462,11.07,506,41.61
"61258","Landl",2474,606,24.49,403,16.29,378,51.78
"61259","Liezen",8147,1626,19.96,943,11.57,1080,48.09
"61260","Michaelerberg-Pruggern",1271,205,16.13,112,8.81,125,35.71
"61261","Mitterberg-Sankt Martin",1975,393,19.9,186,9.42,223,38.99
"61262","Öblarn",1891,368,19.46,214,11.32,234,43.25
"61263","Rottenmann",4960,1014,20.44,636,12.82,724,49.42
"61264","Sankt Gallen",1797,362,20.14,249,13.86,249,47.61
"61265","Schladming",6572,1341,20.4,778,11.84,696,39.82
"61266","Sölk",1461,308,21.08,158,10.81,180,40.27
"61267","Stainach-Pürgg",2714,531,19.57,382,14.08,347,46.51
"61410","Mühlen",864,193,22.34,107,12.38,104,39.39
"61413","Niederwölz",597,120,20.1,61,10.22,75,41.9
"61425","St. Peter am Kammersberg",1978,409,20.68,245,12.39,232,40.07
"61428","Schöder",865,216,24.97,99,11.45,109,40.37
"61437","Krakau",1355,322,23.76,139,10.26,151,37.19
"61438","Murau",3330,792,23.78,505,15.17,442,46.87
"61439","Neumarkt in der Steiermark",4805,1041,21.66,628,13.07,641,45.24
"61440","Oberwölz",2917,622,21.32,386,13.23,328,38.36
"61441","Ranten",1115,235,21.08,115,10.31,120,36.25
"61442","Sankt Georgen am Kreischberg",1666,366,21.97,196,11.76,190,38.85
"61443","Sankt Lambrecht",1784,453,25.39,233,13.06,246,46.77
"61444","Scheifling",2117,445,21.02,213,10.06,261,41.56
"61445","Stadl-Predlitz",1672,394,23.56,202,12.08,190,39.92
"61446","Teufenbach-Katsch",1833,377,20.57,215,11.73,206,41.04
"61611","Krottendorf-Gaisfeld",2416,519,21.48,242,10.02,320,42.16
"61612","Ligist",3232,689,21.32,322,9.96,425,42.97
"61615","Mooskirchen",2226,450,20.22,228,10.24,280,44.03
"61618","Rosental an der Kainach",1682,390,23.19,202,12.01,249,51.13
"61621","Sankt Martin am Wöllmißberg",790,184,23.29,83,10.51,99,41.95
"61624","Stallhofen",3257,711,21.83,295,9.06,428,43.36
"61625","Voitsberg",9547,2011,21.06,1268,13.28,1187,45.44
"61626","Bärnbach",5894,1189,20.17,662,11.23,770,44.64
"61627","Edelschrott",1640,390,23.78,224,13.66,195,41.05
"61628","Geistthal-Södingberg",1425,328,23.02,144,10.11,194,42.17
"61629","Hirschegg-Pack",1004,271,26.99,123,12.25,131,44.56
"61630","Kainach bei Voitsberg",1510,374,24.77,173,11.46,213,43.65
"61631","Köflach",9489,2118,22.32,1372,14.46,1350,48.82
"61632","Maria Lankowitz",2703,643,23.79,345,12.76,363,47.51
"61633","Söding-Sankt Johann",4357,873,20.04,402,9.23,572,44.44
"61701","Albersdorf-Prebuch",2288,397,17.35,157,6.86,272,39.82
"61708","Fischbach",1493,327,21.9,151,10.11,184,40.62
"61710","Floing",1199,241,20.1,120,10.01,146,38.93
"61711","Gasen",848,183,21.58,85,10.02,101,40.08
"61716","Markt Hartmannsdorf",2997,614,20.49,265,8.84,359,40.66
"61719","Hofstätten an der Raab",2368,421,17.78,197,8.32,319,45.06
"61727","Ludersdorf-Wilfersdorf",2581,450,17.44,172,6.66,352,45.6
"61728","Miesenbach bei Birkfeld",666,135,20.27,59,8.86,73,37.06
"61729","Mitterdorf an der Raab",2140,419,19.58,183,8.55,278,41.87
"61730","Mortantsch",2269,404,17.81,186,8.2,255,37.83
"61731","Naas",1321,277,20.97,123,9.31,177,42.14
"61740","Puch bei Weiz",2049,428,20.89,216,10.54,250,39.75
"61741","Ratten",1087,252,23.18,168,15.46,134,43.51
"61743","Rettenegg",688,147,21.37,104,15.12,86,42.57
"61744","St. Kathrein am Hauenstein",613,126,20.55,73,11.91,63,35.8
"61745","Sankt Kathrein am Offenegg",1068,247,23.13,132,12.36,150,44.64
"61746","St. Margarethen an der Raab",4199,806,19.2,451,10.74,524,41.62
"61748","Sinabelkirchen",4491,822,18.3,341,7.59,521,38.76
"61750","Strallegg",1904,396,20.8,190,9.98,232,39.93
"61751","Thannhausen",2427,491,20.23,231,9.52,316,42.3
"61756","Anger",3992,892,22.34,392,9.82,562,45.07
"61757","Birkfeld",4941,1087,22,559,11.31,632,42.67
"61758","Fladnitz an der Teichalm",1799,319,17.73,189,10.51,185,35.71
"61759","Gersdorf an der Feistritz",1745,320,18.34,171,9.8,193,37.7
"61760","Gleisdorf",11533,2049,17.77,1079,9.36,1360,42.18
"61761","Gutenberg",1641,353,21.51,132,8.04,210,41.34
"61762","Ilztal",2243,454,20.24,220,9.81,267,41.08
"61763","Passail",4366,877,20.09,515,11.8,511,39.28
"61764","Pischelsdorf am Kulm",3898,767,19.68,405,10.39,448,39.93
"61765","Sankt Ruprecht an der Raab",5681,1020,17.95,391,6.88,633,38.53
"61766","Weiz",12116,2342,19.33,1388,11.46,1567,48.48
"62007","Fohnsdorf",7662,1632,21.3,1111,14.5,1063,49.24
"62008","Gaal",1301,301,23.14,140,10.76,181,44.69
"62010","Hohentauern",372,97,26.08,53,14.25,65,58.04
"62014","Kobenz",2091,370,17.69,247,11.81,259,43.09
"62021","Pusterwald",426,79,18.54,63,14.79,55,42.97
"62026","Sankt Georgen ob Judenburg",823,198,24.06,117,14.22,117,47.18
"62032","Sankt Peter ob Judenburg",1119,221,19.75,183,16.35,143,45.25
"62034","Seckau",1326,284,21.42,143,10.78,155,40.36
"62036","Unzmarkt-Frauenburg",1274,291,22.84,196,15.38,163,45.4
"62038","Zeltweg",6993,1493,21.35,852,12.18,1036,52.94
"62039","Lobmingtal",1820,425,23.35,200,10.99,260,46.51
"62040","Judenburg",9607,2085,21.7,1319,13.73,1319,50.13
"62041","Knittelfeld",12870,2475,19.23,1543,11.99,1645,48.78
"62042","Obdach",3788,833,21.99,432,11.4,430,39.56
"62043","Pöls-Oberkurzheim",2762,645,23.35,396,14.34,386,48.25
"62044","Pölstal",2515,590,23.46,342,13.6,317,44.9
"62045","Sankt Marein-Feistritz",1995,396,19.85,219,10.98,244,40.6
"62046","Sankt Margarethen bei Knittelfeld",2666,586,21.98,323,12.12,408,49.94
"62047","Spielberg",5351,1200,22.43,566,10.58,798,48.33
"62048","Weißkirchen in Steiermark",4755,1016,21.37,545,11.46,646,44.22
"62105","Breitenau am Hochlantsch",1561,396,25.37,268,17.17,265,55.09
"62115","Krieglach",5438,1073,19.73,669,12.3,779,48.87
"62116","Langenwang",3902,898,23.01,507,12.99,614,51.77
"62125","Pernegg an der Mur",2572,523,20.33,341,13.26,372,49.4
"62128","Sankt Lorenzen im Mürztal",3766,761,20.21,426,11.31,564,48.33
"62131","Spital am Semmering",1424,380,26.69,238,16.71,231,56.34
"62132","Stanz im Mürztal",1769,429,24.25,204,11.53,264,48.18
"62135","Turnau",1553,308,19.83,232,14.94,204,45.74
"62138","Aflenz",2445,592,24.21,341,13.95,369,51.39
"62139","Bruck an der Mur",15735,3255,20.69,2156,13.7,2241,52.59
"62140","Kapfenberg",21907,4513,20.6,2691,12.28,3049,49.76
"62141","Kindberg",8149,1704,20.91,1066,13.08,1225,50.64
"62142","Mariazell",3547,894,25.2,545,15.37,528,52.54
"62143","Mürzzuschlag",7819,1724,22.05,1332,17.04,1200,54.74
"62144","Neuberg an der Mürz",2249,605,26.9,341,15.16,349,52.25
"62145","Sankt Barbara im Mürztal",6412,1487,23.19,952,14.85,1057,54.63
"62146","Sankt Marein im Mürztal",2879,489,16.99,291,10.11,358,42.82
"62147","Thörl",2159,506,23.44,309,14.31,320,49.61
"62148","Tragöß-Sankt Katharein",1791,446,24.9,239,13.34,307,56.02
"62202","Bad Blumau",1672,323,19.32,165,9.87,186,38.04
"62205","Buch-St. Magdalena",2195,454,20.68,212,9.66,291,42.54
"62206","Burgau",1087,253,23.28,148,13.62,140,45.75
"62209","Ebersdorf",1304,253,19.4,112,8.59,164,42.38
"62211","Friedberg",2677,551,20.58,268,10.01,300,38.96
"62214","Greinbach",1856,366,19.72,168,9.05,216,38.78
"62216","Großsteinbach",1297,303,23.36,110,8.48,162,40.6
"62219","Hartberg",6725,1384,20.58,876,13.03,723,40.35
"62220","Hartberg Umgebung",2216,430,19.4,192,8.66,211,32.66
"62226","Lafnitz",1451,258,17.78,159,10.96,179,42.12
"62232","Ottendorf an der Rittschein",1612,327,20.29,128,7.94,210,42.42
"62233","Pinggau",3081,647,21,290,9.41,343,38.28
"62235","Pöllauberg",1967,429,21.81,194,9.86,249,40.1
"62242","Sankt Jakob im Walde",1021,199,19.49,93,9.11,138,43.95
"62244","Sankt Johann in der Haide",2321,436,18.79,240,10.34,275,41.73
"62245","Sankt Lorenzen am Wechsel",1416,292,20.62,165,11.65,180,40.36
"62247","Schäffern",1342,248,18.48,121,9.02,125,33.16
"62256","Stubenberg",2224,523,23.52,288,12.95,253,40.16
"62262","Wenigzell",1370,351,25.62,132,9.64,183,43.06
"62264","Bad Waltersdorf",3978,755,18.98,374,9.4,465,39.71
"62265","Dechantskirchen",2005,457,22.79,193,9.63,242,40.6
"62266","Feistritztal",2324,463,19.92,240,10.33,295,40.86
"62268","Grafendorf bei Hartberg",3247,647,19.93,291,8.96,350,36.08
"62269","Großwilfersdorf",2103,448,21.3,198,9.42,259,40.41
"62270","Hartl",2119,466,21.99,167,7.88,262,39.1
"62271","Ilz",3842,737,19.18,363,9.45,430,38.7
"62272","Kaindorf",3030,602,19.87,297,9.8,306,35.87
"62273","Bad Loipersdorf",1823,405,22.22,193,10.59,225,40.54
"62274","Neudau",1511,308,20.38,121,8.01,182,42.92
"62275","Pöllau",5890,1304,22.14,624,10.59,702,39.55
"62276","Rohr bei Hartberg",1397,307,21.98,144,10.31,184,42.01
"62277","Rohrbach an der Lafnitz",2611,563,21.56,278,10.65,332,41.71
"62278","Vorau",4591,1058,23.05,525,11.44,563,40.86
"62279","Waldbach-Mönichwald",1386,342,24.68,165,11.9,180,42.86
"62311","Edelsbach bei Feldbach",1356,282,20.8,127,9.37,156,37.86
"62314","Eichkögl",1387,255,18.39,105,7.57,180,41.47
"62326","Halbenrain",1696,400,23.58,227,13.38,199,39.8
"62330","Jagerberg",1588,320,20.15,161,10.14,161,34.18
"62332","Kapfenstein",1499,325,21.68,146,9.74,184,39.15
"62335","Klöch",1162,303,26.08,158,13.6,161,44.11
"62343","Mettersdorf am Saßbach",1360,275,20.22,207,15.22,171,43.18
"62368","Tieschen",1193,289,24.22,146,12.24,158,42.82
"62372","Unterlamm",1265,284,22.45,120,9.49,152,41.42
"62375","Bad Gleichenberg",5232,1243,23.76,670,12.81,691,46.01
"62376","Bad Radkersburg",3220,919,28.54,513,15.93,410,47.62
"62377","Deutsch Goritz",1779,390,21.92,200,11.24,254,45.28
"62378","Fehring",7146,1561,21.84,892,12.48,871,41.81
"62379","Feldbach",13495,2702,20.02,1421,10.53,1693,44.22
"62380","Gnas",5969,1262,21.14,634,10.62,700,39.04
"62381","Kirchbach-Zerlach",3200,700,21.88,312,9.75,399,41.43
"62382","Kirchberg an der Raab",4574,919,20.09,433,9.47,588,41.73
"62383","Mureck",3503,801,22.87,438,12.5,423,42.17
"62384","Paldau",3142,659,20.97,285,9.07,344,37.68
"62385","Pirching am Traubenberg",2513,506,20.14,211,8.4,328,41.31
"62386","Riegersburg",4950,1055,21.31,489,9.88,651,42.41
"62387","Sankt Anna am Aigen",2350,547,23.28,260,11.06,305,41.95
"62388","Sankt Peter am Ottersbach",2884,634,21.98,320,11.1,308,35.81
"62389","Sankt Stefan im Rosental",3795,779,20.53,376,9.91,463,40.79
"62390","Straden",3400,833,24.5,407,11.97,455,42.36
"70101","Innsbruck",132499,19902,15.02,13676,10.32,14369,46.18
"70201","Arzl im Pitztal",3195,568,17.78,284,8.89,339,37.09
"70202","Haiming",4877,789,16.18,406,8.32,524,37.24
"70203","Imst",11183,1801,16.1,1007,9,1183,39.13
"70204","Imsterberg",832,144,17.31,55,6.61,71,30.34
"70205","Jerzens",889,169,19.01,72,8.1,83,31.44
"70206","Karres",621,104,16.75,50,8.05,59,31.38
"70207","Karrösten",721,145,20.11,62,8.6,86,40.38
"70208","Längenfeld",4911,797,16.23,293,5.97,451,32.7
"70209","Mieming",3946,715,18.12,376,9.53,413,36.88
"70210","Mils bei Imst",667,95,14.24,58,8.7,87,43.94
"70211","Mötz",1380,249,18.04,107,7.75,146,36.68
"70212","Nassereith",2263,433,19.13,244,10.78,270,41.93
"70213","Obsteig",1460,249,17.05,127,8.7,147,36.93
"70214","Oetz",2411,469,19.45,221,9.17,262,37.38
"70215","Rietz",2518,451,17.91,176,6.99,279,38.38
"70216","Roppen",1969,303,15.39,157,7.97,211,37.28
"70217","St. Leonhard im Pitztal",1450,276,19.03,103,7.1,134,32.92
"70218","Sautens",1609,276,17.15,145,9.01,172,37.15
"70219","Silz",2625,522,19.89,257,9.79,271,37.85
"70220","Sölden",3080,517,16.79,235,7.63,277,33.7
"70221","Stams",1574,246,15.63,131,8.32,176,38.77
"70222","Tarrenz",2813,520,18.49,224,7.96,298,36.12
"70223","Umhausen",3534,508,14.37,226,6.4,325,32.89
"70224","Wenns",2160,383,17.73,165,7.64,232,37.72
"70301","Absam",7333,1333,18.18,762,10.39,919,43.19
"70302","Aldrans",2828,415,14.67,266,9.41,282,37.01
"70303","Ampass",1829,284,15.53,151,8.26,220,41.98
"70304","Axams",6361,1218,19.15,673,10.58,782,42.66
"70305","Baumkirchen",1261,240,19.03,100,7.93,172,46.11
"70306","Birgitz",1478,279,18.88,155,10.49,185,42.43
"70307","Ellbögen",1180,196,16.61,114,9.66,120,36.14
"70308","Flaurling",1325,213,16.08,108,8.15,155,39.85
"70309","Fritzens",2191,400,18.26,172,7.85,302,45.35
"70310","Fulpmes",4623,785,16.98,398,8.61,474,36.63
"70311","Gnadenwald",858,143,16.67,75,8.74,87,37.02
"70312","Götzens",4220,779,18.46,376,8.91,518,42.35
"70313","Gries am Brenner",1341,240,17.9,125,9.32,125,34.63
"70314","Gries im Sellrain",633,113,17.85,56,8.85,51,29.82
"70315","Grinzens",1489,246,16.52,126,8.46,137,32.85
"70317","Gschnitz",466,79,16.95,45,9.66,43,34.68
"70318","Hatting",1491,217,14.55,119,7.98,181,40.22
"70319","Inzing",4146,746,17.99,322,7.77,495,41.08
"70320","Kematen in Tirol",3319,554,16.69,234,7.05,387,41.79
"70322","Kolsass",1675,291,17.37,140,8.36,217,43.66
"70323","Kolsassberg",879,144,16.38,73,8.3,94,37.15
"70325","Lans",1195,193,16.15,109,9.12,122,37.77
"70326","Leutasch",2550,545,21.37,242,9.49,315,44.12
"70328","Mieders",2000,330,16.5,163,8.15,197,35.18
"70329","Mils",4720,739,15.66,568,12.03,534,40.67
"70331","Mutters",2309,404,17.5,219,9.48,257,39.54
"70332","Natters",2167,407,18.78,266,12.28,253,42.95
"70333","Navis",2052,353,17.2,178,8.67,236,38.06
"70334","Neustift im Stubaital",5002,822,16.43,413,8.26,506,36.12
"70335","Oberhofen im Inntal",1953,327,16.74,154,7.89,188,33.69
"70336","Obernberg am Brenner",397,77,19.4,30,7.56,31,28.18
"70337","Oberperfuss",3155,526,16.67,299,9.48,336,36.96
"70338","Patsch",1146,181,15.79,114,9.95,136,40.6
"70339","Pettnau",1124,183,16.28,94,8.36,129,39.81
"70340","Pfaffenhofen",1308,188,14.37,109,8.33,138,38.44
"70342","Polling in Tirol",1384,178,12.86,83,6,148,36.82
"70343","Ranggen",1141,182,15.95,90,7.89,125,37.31
"70344","Reith bei Seefeld",1572,284,18.07,125,7.95,150,37.04
"70345","Rinn",1927,316,16.4,152,7.89,203,36.45
"70346","Rum",9493,1539,16.21,1103,11.62,1137,43.71
"70347","St. Sigmund im Sellrain",177,40,22.6,20,11.3,19,35.85
"70348","Scharnitz",1416,265,18.71,154,10.88,158,40.83
"70349","Schmirn",870,160,18.39,80,9.2,111,41.73
"70350","Schönberg im Stubaital",1074,167,15.55,94,8.75,121,40.74
"70351","Seefeld in Tirol",3616,742,20.52,439,12.14,391,41.86
"70352","Sellrain",1352,286,21.15,152,11.24,186,45.48
"70353","Sistrans",2299,384,16.7,261,11.35,254,37.63
"70354","Hall in Tirol",14698,2336,15.89,1548,10.53,1571,41.49
"70355","Steinach am Brenner",3661,667,18.22,375,10.24,419,40.88
"70356","Telfes im Stubai",1626,279,17.16,160,9.84,194,40.84
"70357","Telfs",16439,2804,17.06,1350,8.21,1705,37.96
"70358","Thaur",4365,716,16.4,359,8.22,472,38.22
"70359","Trins",1391,268,19.27,114,8.2,163,39
"70360","Tulfes",1739,313,18,130,7.48,226,44.4
"70361","Unterperfuss",246,36,14.63,68,27.64,21,38.89
"70362","Vals",531,90,16.95,51,9.6,48,32.88
"70364","Völs",7339,1267,17.26,929,12.66,907,44.33
"70365","Volders",4624,871,18.84,384,8.3,550,41.35
"70366","Wattenberg",793,113,14.25,51,6.43,84,37.17
"70367","Wattens",8138,1504,18.48,848,10.42,979,42.77
"70368","Wildermieming",1017,157,15.44,90,8.85,99,34.26
"70369","Zirl",8250,1421,17.22,679,8.23,961,40.19
"70370","Matrei am Brenner",3561,671,18.84,411,11.54,455,44.05
"70401","Aurach bei Kitzbühel",1129,248,21.97,155,13.73,150,47.92
"70402","Brixen im Thale",2698,551,20.42,299,11.08,307,40.5
"70403","Fieberbrunn",4551,894,19.64,529,11.62,559,43.84
"70404","Going am Wilden Kaiser",1980,397,20.05,196,9.9,207,38.55
"70405","Hochfilzen",1326,247,18.63,111,8.37,152,39.79
"70406","Hopfgarten im Brixental",5847,1140,19.5,578,9.89,649,40.11
"70407","Itter",1176,228,19.39,118,10.03,146,41.6
"70408","Jochberg",1517,340,22.41,180,11.87,179,40.41
"70409","Kirchberg in Tirol",5206,1139,21.88,640,12.29,595,42.81
"70410","Kirchdorf in Tirol",4184,746,17.83,393,9.39,457,38.7
"70411","Kitzbühel",8281,1835,22.16,1222,14.76,951,44.13
"70412","Kössen",4602,990,21.51,464,10.08,549,42.1
"70413","Oberndorf in Tirol",2378,494,20.77,294,12.36,293,44.33
"70414","Reith bei Kitzbühel",1761,373,21.18,274,15.56,178,40.45
"70415","St. Jakob in Haus",837,165,19.71,74,8.84,106,43.44
"70416","St. Johann in Tirol",9891,1931,19.52,1046,10.58,1109,41.17
"70417","St. Ulrich am Pillersee",1949,365,18.73,155,7.95,211,38.64
"70418","Schwendt",921,192,20.85,68,7.38,103,39.16
"70419","Waidring",2085,393,18.85,227,10.89,242,40
"70420","Westendorf",3748,790,21.08,421,11.23,420,40.74
"70501","Alpbach",2545,543,21.34,237,9.31,215,31.2
"70502","Angath",1013,157,15.5,77,7.6,91,31.82
"70503","Bad Häring",3008,517,17.19,278,9.24,352,41.76
"70504","Brandenberg",1513,287,18.97,173,11.43,165,37
"70505","Breitenbach am Inn",3563,574,16.11,319,8.95,372,35.98
"70506","Brixlegg",3120,563,18.04,302,9.68,381,43.79
"70508","Ebbs",5966,1094,18.34,614,10.29,705,42.04
"70509","Ellmau",2954,565,19.13,308,10.43,356,43.79
"70510","Erl",1623,256,15.77,161,9.92,186,40.26
"70511","Kirchbichl",6029,999,16.57,638,10.58,713,41.6
"70512","Kramsach",5088,889,17.47,504,9.91,581,40.63
"70513","Kufstein",20212,3284,16.25,1799,8.9,2256,43
"70514","Kundl",5001,768,15.36,413,8.26,494,35.69
"70515","Langkampfen",4332,755,17.43,376,8.68,524,42.05
"70516","Mariastein",463,69,14.9,19,4.1,55,42.64
"70517","Münster",3600,658,18.28,297,8.25,434,40.94
"70518","Niederndorf",2912,497,17.07,264,9.07,360,41.71
"70519","Niederndorferberg",726,110,15.15,48,6.61,65,32.66
"70520","Radfeld",2542,403,15.85,171,6.73,252,35.34
"70521","Rattenberg",462,51,11.04,47,10.17,56,48.7
"70522","Reith im Alpbachtal",2867,513,17.89,257,8.96,300,37.97
"70523","Rettenschöss",565,86,15.22,44,7.79,57,34.13
"70524","Scheffau am Wilden Kaiser",1542,308,19.97,199,12.91,178,40.83
"70525","Schwoich",2643,480,18.16,230,8.7,336,42.26
"70526","Söll",3781,731,19.33,316,8.36,398,37.73
"70527","Thiersee",3176,590,18.58,319,10.04,366,40.76
"70528","Angerberg",1968,371,18.85,197,10.01,241,40.44
"70529","Walchsee",2198,441,20.06,183,8.33,260,42.69
"70530","Wildschönau",4405,810,18.39,440,9.99,427,35.38
"70531","Wörgl",14412,2325,16.13,1214,8.42,1609,40.94
"70601","Faggen",397,51,12.85,27,6.8,43,36.75
"70602","Fendels",291,52,17.87,18,6.19,32,40
"70603","Fiss",1056,171,16.19,68,6.44,88,30.99
"70604","Fließ",3105,554,17.84,227,7.31,335,36.22
"70605","Flirsch",1009,194,19.23,100,9.91,101,35.44
"70606","Galtür",789,131,16.6,70,8.87,57,26.89
"70607","Grins",1391,224,16.1,179,12.87,169,42.25
"70608","Ischgl",1635,276,16.88,103,6.3,117,26.59
"70609","Kappl",2548,480,18.84,212,8.32,250,33.69
"70610","Kaunerberg",456,62,13.6,44,9.65,45,33.83
"70611","Kaunertal",632,107,16.93,55,8.7,69,37.3
"70612","Kauns",549,65,11.84,58,10.56,55,36.67
"70613","Ladis",548,96,17.52,48,8.76,47,31.13
"70614","Landeck",7711,1365,17.7,802,10.4,926,43.05
"70615","Nauders",1561,303,19.41,126,8.07,172,38.14
"70616","Pettneu am Arlberg",1450,267,18.41,119,8.21,165,38.37
"70617","Pfunds",2585,448,17.33,236,9.13,289,38.74
"70618","Pians",799,148,18.52,84,10.51,98,39.84
"70619","Prutz",1879,346,18.41,157,8.36,222,39.78
"70620","Ried im Oberinntal",1354,234,17.28,124,9.16,130,35.42
"70621","St. Anton am Arlberg",2319,472,20.35,248,10.69,272,41.15
"70622","Schönwies",1766,297,16.82,172,9.74,193,36.35
"70623","See",1249,196,15.69,76,6.08,107,30.66
"70624","Serfaus",1212,184,15.18,109,8.99,129,38.28
"70625","Spiss",97,13,13.4,8,8.25,7,26.92
"70626","Stanz bei Landeck",584,120,20.55,42,7.19,56,32.56
"70627","Strengen",1197,235,19.63,101,8.44,135,36.78
"70628","Tobadill",500,105,21,48,9.6,63,43.45
"70629","Tösens",748,143,19.12,56,7.49,91,40.63
"70630","Zams",3613,677,18.74,391,10.82,419,41.49
"70701","Abfaltersbach",646,111,17.18,59,9.13,54,30.86
"70702","Ainet",914,171,18.71,87,9.52,99,37.22
"70703","Amlach",528,82,15.53,35,6.63,42,30.22
"70704","Anras",1210,226,18.68,104,8.6,91,27.83
"70705","Assling",1730,343,19.83,204,11.79,192,37.87
"70706","Außervillgraten",715,165,23.08,85,11.89,65,32.02
"70707","Dölsach",2319,461,19.88,236,10.18,280,41.92
"70708","Gaimberg",865,174,20.12,96,11.1,86,34.4
"70709","Hopfgarten in Defereggen",661,119,18,86,13.01,73,39.67
"70710","Innervillgraten",905,152,16.8,89,9.83,62,26.96
"70711","Iselsberg-Stronach",612,133,21.73,58,9.48,64,37.43
"70712","Kals am Großglockner",1111,221,19.89,93,8.37,109,33.85
"70713","Kartitsch",759,147,19.37,112,14.76,61,29.47
"70714","Lavant",347,54,15.56,9,2.59,27,27.27
"70715","Leisach",731,153,20.93,86,11.76,88,44
"70716","Lienz",12107,2589,21.38,1636,13.51,1422,45.53
"70717","Matrei in Osttirol",4619,852,18.45,470,10.18,373,29.35
"70718","Nikolsdorf",865,153,17.69,94,10.87,85,34.98
"70719","Nußdorf-Debant",3415,642,18.8,382,11.19,383,39.44
"70720","Oberlienz",1485,269,18.11,135,9.09,127,30.75
"70721","Obertilliach",669,125,18.68,85,12.71,58,31.87
"70723","Prägraten am Großvenediger",1134,209,18.43,98,8.64,97,30.7
"70724","St. Jakob in Defereggen",821,178,21.68,105,12.79,88,38.26
"70725","St. Johann im Walde",295,47,15.93,23,7.8,30,34.88
"70726","St. Veit in Defereggen",616,115,18.67,62,10.06,50,29.24
"70727","Schlaiten",469,97,20.68,38,8.1,47,35.07
"70728","Sillian",2028,408,20.12,214,10.55,193,35.67
"70729","Strassen",809,162,20.02,77,9.52,65,29.02
"70731","Thurn",646,118,18.27,72,11.15,73,39.46
"70732","Tristach",1500,270,18,159,10.6,181,39.61
"70733","Untertilliach",213,27,12.68,25,11.74,15,27.78
"70734","Virgen",2241,405,18.07,182,8.12,222,34.47
"70735","Heinfels",1026,179,17.45,94,9.16,80,30.3
"70801","Bach",658,170,25.84,41,6.23,64,34.41
"70802","Berwang",630,122,19.37,64,10.16,69,38.12
"70803","Biberwier",665,138,20.75,75,11.28,78,42.39
"70804","Bichlbach",794,137,17.25,102,12.85,90,39.47
"70805","Breitenwang",1440,283,19.65,165,11.46,200,46.19
"70806","Ehenbichl",839,162,19.31,130,15.49,92,41.82
"70807","Ehrwald",2620,594,22.67,358,13.66,360,48.13
"70808","Elbigenalp",882,179,20.29,86,9.75,98,37.55
"70809","Elmen",394,99,25.13,38,9.64,47,40.52
"70810","Forchach",258,57,22.09,28,10.85,37,47.44
"70811","Grän",639,118,18.47,57,8.92,63,37.06
"70812","Gramais",43,4,9.3,9,20.93,3,25
"70813","Häselgehr",696,126,18.1,68,9.77,74,37.19
"70814","Heiterwang",555,106,19.1,55,9.91,76,45.78
"70815","Hinterhornbach",89,15,16.85,14,15.73,8,28.57
"70816","Höfen",1287,265,20.59,156,12.12,172,44.79
"70817","Holzgau",386,67,17.36,48,12.44,41,37.96
"70818","Jungholz",299,63,21.07,37,12.37,38,47.5
"70819","Kaisers",71,11,15.49,9,12.68,5,29.41
"70820","Lechaschau",2074,416,20.06,203,9.79,283,46.17
"70821","Lermoos",1155,201,17.4,127,11,110,36.67
"70822","Musau",382,90,23.56,44,11.52,51,43.59
"70823","Namlos",54,25,46.3,5,9.26,12,66.67
"70824","Nesselwängle",465,98,21.08,48,10.32,65,45.45
"70825","Pfafflar",93,22,23.66,9,9.68,7,26.92
"70826","Pflach",1665,301,18.08,137,8.23,217,45.59
"70827","Pinswang",424,102,24.06,36,8.49,56,46.28
"70828","Reutte",7308,1204,16.48,737,10.08,827,42.43
"70829","Schattwald",465,76,16.34,42,9.03,38,31.4
"70830","Stanzach",515,99,19.22,53,10.29,78,47.85
"70831","Steeg",643,118,18.35,45,7,61,32.45
"70832","Tannheim",1171,207,17.68,98,8.37,126,37.84
"70833","Vils",1517,300,19.78,157,10.35,186,41.06
"70834","Vorderhornbach",279,59,21.15,28,10.04,23,29.87
"70835","Wängle",999,181,18.12,94,9.41,121,41.02
"70836","Weißenbach am Lech",1253,273,21.79,115,9.18,154,41.18
"70837","Zöblen",239,52,21.76,33,13.81,39,52
"70901","Achenkirch",2238,478,21.36,264,11.8,289,44.74
"70902","Aschau im Zillertal",1886,324,17.18,137,7.26,171,32.51
"70903","Brandberg",383,73,19.06,26,6.79,35,33.33
"70904","Bruck am Ziller",1135,187,16.48,104,9.16,127,38.72
"70905","Buch in Tirol",2610,485,18.58,257,9.85,328,42.38
"70907","Eben am Achensee",3560,647,18.17,313,8.79,406,40.76
"70908","Finkenberg",1422,299,21.03,155,10.9,168,41.58
"70909","Fügen",4317,675,15.64,422,9.78,471,38.32
"70910","Fügenberg",1504,237,15.76,106,7.05,156,34.82
"70911","Gallzein",697,106,15.21,40,5.74,67,32.06
"70912","Gerlos",792,142,17.93,79,9.97,81,36.49
"70913","Gerlosberg",480,66,13.75,32,6.67,38,27.94
"70914","Hainzenberg",750,125,16.67,62,8.27,70,32.26
"70915","Hart im Zillertal",1682,290,17.24,120,7.13,162,34.32
"70916","Hippach",1437,277,19.28,109,7.59,152,36.71
"70917","Jenbach",7644,1313,17.18,717,9.38,891,42.9
"70918","Kaltenbach",1294,219,16.92,109,8.42,135,36.19
"70920","Mayrhofen",3979,747,18.77,419,10.53,394,37.28
"70921","Pill",1279,219,17.12,110,8.6,148,39.68
"70922","Ramsau im Zillertal",1745,296,16.96,117,6.7,163,32.28
"70923","Ried im Zillertal",1236,231,18.69,96,7.77,135,36.68
"70924","Rohrberg",588,77,13.1,44,7.48,44,27.33
"70925","Schlitters",1594,226,14.18,125,7.84,164,36.77
"70926","Schwaz",14480,2527,17.45,1485,10.26,1666,42.74
"70927","Schwendau",1788,266,14.88,148,8.28,170,32.95
"70928","Stans",2244,389,17.34,187,8.33,288,43.9
"70929","Steinberg am Rofan",298,61,20.47,50,16.78,39,44.83
"70930","Strass im Zillertal",842,144,17.1,79,9.38,77,31.95
"70931","Stumm",1916,346,18.06,156,8.14,183,32.45
"70932","Stummerberg",869,164,18.87,75,8.63,77,30.8
"70933","Terfens",2298,383,16.67,173,7.53,261,38.55
"70934","Tux",1913,358,18.71,161,8.42,206,38.22
"70935","Uderns",2025,345,17.04,143,7.06,216,38.78
"70936","Vomp",5479,966,17.63,465,8.49,649,41.47
"70937","Weer",1830,294,16.07,136,7.43,206,40.39
"70938","Weerberg",2570,415,16.15,205,7.98,273,36.16
"70939","Wiesing",2224,381,17.13,200,8.99,280,43.68
"70940","Zell am Ziller",1757,339,19.29,242,13.77,179,37.14
"70941","Zellberg",662,115,17.37,68,10.27,59,30.89
"80101","Bartholomäberg",2419,444,18.35,218,9.01,277,41.16
"80102","Blons",351,46,13.11,30,8.55,30,31.25
"80103","Bludenz",15102,2600,17.22,1509,9.99,1685,42.2
"80104","Bludesch",2608,432,16.56,156,5.98,313,41.57
"80105","Brand",754,128,16.98,71,9.42,74,37
"80106","Bürs",3447,619,17.96,302,8.76,423,43.47
"80107","Bürserberg",617,111,17.99,60,9.72,68,41.21
"80108","Dalaas",1627,323,19.85,168,10.33,201,41.88
"80109","Fontanella",468,64,13.68,30,6.41,32,28.07
"80110","Gaschurn",1570,330,21.02,161,10.25,184,42.49
"80111","Innerbraz",1091,200,18.33,120,11,111,38.14
"80112","Klösterle",667,134,20.09,72,10.79,77,38.12
"80113","Lech",1569,270,17.21,160,10.2,120,30.93
"80114","Lorüns",305,46,15.08,31,10.16,37,43.02
"80115","Ludesch",3696,603,16.31,258,6.98,405,37.92
"80116","Nenzing",6528,1096,16.79,600,9.19,750,40.72
"80117","Nüziders",4957,897,18.1,544,10.97,648,44.57
"80118","Raggal",903,156,17.28,73,8.08,102,40.16
"80119","St. Anton im Montafon",728,142,19.51,67,9.2,87,41.63
"80120","St. Gallenkirch",2222,452,20.34,253,11.39,255,40.41
"80121","St. Gerold",396,66,16.67,26,6.57,39,41.05
"80122","Schruns",4000,777,19.43,500,12.5,485,46.02
"80123","Silbertal",849,150,17.67,68,8.01,88,35.92
"80124","Sonntag",624,116,18.59,50,8.01,54,32.34
"80125","Stallehr",284,48,16.9,25,8.8,29,34.12
"80126","Thüringen",2336,443,18.96,200,8.56,316,45.66
"80127","Thüringerberg",745,113,15.17,63,8.46,62,29.67
"80128","Tschagguns",2257,445,19.72,240,10.63,273,43.47
"80129","Vandans",2828,538,19.02,267,9.44,335,41.26
"80201","Alberschwende",3338,572,17.14,245,7.34,312,35.41
"80202","Andelsbuch",2705,358,13.23,194,7.17,218,30.88
"80203","Au",1905,306,16.06,162,8.5,173,34.12
"80204","Bezau",2034,340,16.72,195,9.59,199,37.69
"80205","Bildstein",830,142,17.11,63,7.59,86,37.72
"80206","Bizau",1113,177,15.9,107,9.61,92,31.62
"80207","Bregenz",29476,5166,17.53,3046,10.33,3009,40.38
"80208","Buch",598,93,15.55,54,9.03,58,33.92
"80209","Damüls",339,61,17.99,28,8.26,31,34.07
"80210","Doren",1048,191,18.23,99,9.45,115,37.83
"80211","Egg",3774,628,16.64,309,8.19,346,34.12
"80212","Eichenberg",419,83,19.81,28,6.68,39,34.82
"80213","Fußach",4080,652,15.98,344,8.43,452,40
"80214","Gaißau",1886,273,14.48,201,10.66,207,37.43
"80215","Hard",13639,2429,17.81,1237,9.07,1613,41.76
"80216","Hittisau",2068,323,15.62,159,7.69,186,33.21
"80217","Höchst",8566,1407,16.43,784,9.15,958,40.63
"80218","Hörbranz",6731,1183,17.58,662,9.84,759,40.14
"80219","Hohenweiler",1423,262,18.41,112,7.87,170,42.29
"80220","Kennelbach",1860,330,17.74,228,12.26,218,41.29
"80221","Krumbach",1110,203,18.29,107,9.64,128,40.63
"80222","Langen bei Bregenz",1500,315,21,134,8.93,182,42.03
"80223","Langenegg",1187,194,16.34,89,7.5,127,38.84
"80224","Lauterach",10568,1724,16.31,857,8.11,1178,40.07
"80225","Lingenau",1594,279,17.5,110,6.9,148,34.91
"80226","Lochau",6696,1327,19.82,823,12.29,853,47.71
"80227","Mellau",1303,226,17.34,116,8.9,131,37.43
"80228","Mittelberg",5077,946,18.63,526,10.36,606,46.62
"80229","Möggers",559,114,20.39,28,5.01,69,42.33
"80230","Reuthe",671,103,15.35,44,6.56,72,40.91
"80231","Riefensberg",1070,164,15.33,80,7.48,100,34.13
"80232","Schnepfau",485,87,17.94,38,7.84,63,42.57
"80233","Schoppernau",941,105,11.16,118,12.54,97,37.45
"80234","Schröcken",216,38,17.59,21,9.72,23,39.66
"80235","Schwarzach",3854,674,17.49,424,11,468,41.86
"80236","Schwarzenberg",1900,292,15.37,165,8.68,156,31.97
"80237","Sibratsgfäll",475,69,14.53,54,11.37,41,33.33
"80238","Sulzberg",1854,351,18.93,154,8.31,197,38.63
"80239","Warth",184,35,19.02,9,4.89,18,41.86
"80240","Wolfurt",8954,1479,16.52,813,9.08,997,40.28
"80301","Dornbirn",52108,8277,15.88,4748,9.11,5689,41.02
"80302","Hohenems",17432,2611,14.98,1522,8.73,1844,38.95
"80303","Lustenau",24603,3789,15.4,2161,8.78,2620,38.96
"80401","Altach",7198,1188,16.5,583,8.1,827,40.92
"80402","Düns",445,68,15.28,32,7.19,46,35.11
"80403","Dünserberg",154,37,24.03,9,5.84,18,45
"80404","Feldkirch",36708,5793,15.78,3222,8.78,4142,42.37
"80405","Frastanz",6670,1131,16.96,584,8.76,704,38.26
"80406","Fraxern",768,127,16.54,49,6.38,88,40.18
"80407","Göfis",3332,610,18.31,320,9.6,430,43.97
"80408","Götzis",12405,1945,15.68,1105,8.91,1422,41.98
"80409","Klaus",3073,538,17.51,256,8.33,356,40.27
"80410","Koblach",4956,842,16.99,365,7.36,597,42.19
"80411","Laterns",703,144,20.48,59,8.39,76,38.78
"80412","Mäder",4249,647,15.23,317,7.46,489,39.34
"80413","Meiningen",2532,391,15.44,167,6.6,287,39.86
"80414","Rankweil",12157,2145,17.64,1224,10.07,1410,40.92
"80415","Röns",390,57,14.62,43,11.03,45,38.79
"80416","Röthis",2239,369,16.48,232,10.36,261,43.21
"80417","Satteins",2799,498,17.79,281,10.04,319,40.08
"80418","Schlins",2592,405,15.63,197,7.6,290,39.51
"80419","Schnifis",805,141,17.52,54,6.71,73,32.44
"80420","Sulz",2712,442,16.3,250,9.22,326,42.23
"80421","Übersaxen",622,97,15.59,60,9.65,64,34.41
"80422","Viktorsberg",438,87,19.86,33,7.53,53,40.77
"80423","Weiler",2297,359,15.63,171,7.44,284,42.9
"80424","Zwischenwasser",3419,624,18.25,290,8.48,426,44.51
"90101","Wien-Innere Stadt",16281,3100,19.04,2333,14.33,1593,41.36
"90201","Wien-Leopoldstadt",112675,14701,13.05,8033,7.13,10474,40.99
"90301","Wien-Landstraße",98881,14157,14.32,7789,7.88,10014,43.2
"90401","Wien-Wieden",33444,5109,15.28,2957,8.84,3265,42.94
"90501","Wien-Margareten",54581,7578,13.88,3631,6.65,5466,45.39
"90601","Wien-Mariahilf",31083,4612,14.84,2539,8.17,3349,48.28
"90701","Wien-Neubau",31330,4624,14.76,2399,7.66,3527,49.3
"90801","Wien-Josefstadt",24242,3606,14.88,2117,8.73,2497,46.81
"90901","Wien-Alsergrund",41664,5799,13.92,3332,8,4371,46.78
"91001","Wien-Favoriten",223190,30166,13.52,16149,7.24,20561,38.69
"91101","Wien-Simmering",112149,15060,13.43,7459,6.65,10653,37.77
"91201","Wien-Meidling",102393,14433,14.1,7661,7.48,9751,40.35
"91301","Wien-Hietzing",56108,9038,16.11,7686,13.7,5835,41.52
"91401","Wien-Penzing",99049,15670,15.82,9577,9.67,10536,42.83
"91501","Wien-Rudolfsheim-Fünfhaus",75902,10400,13.7,4980,6.56,7297,42.9
"91601","Wien-Ottakring",102727,15039,14.64,7806,7.6,10125,42.08
"91701","Wien-Hernals",56767,8190,14.43,4727,8.33,5741,42.34
"91801","Wien-Währing",51376,7279,14.17,4962,9.66,4993,40.57
"91901","Wien-Döbling",76074,11495,15.11,9736,12.8,7203,39.77
"92001","Wien-Brigittenau",86950,12266,14.11,6480,7.45,8222,41.15
"92101","Wien-Floridsdorf",189551,27716,14.62,15354,8.1,18980,39.48
"92201","Wien-Donaustadt",228158,32388,14.2,16199,7.1,23316,39.57
"92301","Wien-Liesing",123714,18538,14.98,12450,10.06,12924,40.34
